:020000040800F2
:1000000078D000204102000849D10008B1C700089B
:1000100045D10008E90A0008D13F010800000000AE
:1000200000000000000000000000000095D500085E
:100030007D0F00080000000091D5000831D60008AF
:100040005B0200085B0200085B0200085B0200081C
:100050005B0200085B020008810F00085B020008D9
:100060005B0200088D0F0008990F00085B02000872
:10007000310D0008410D00085B020008510D000819
:100080005B0200085B0200085B0200085B020008DC
:10009000ED0A0008FD0A00085B020008A50F000831
:1000A0005B0200085B0200085B0200085B020008BC
:1000B0005B0200085B02000839D800085B020008F8
:1000C0005B0200085B0200085B0200085B0200089C
:1000D0005B0200089DF500085B020008ADF5000812
:1000E0005B0200085B0200085B0200085B0200087C
:1000F0005B0200085B0200085B0200085B0200086C
:100100005B0200085B02000849D800085B02000897
:100110005B0200085B0200085B0200085B0200084B
:100120005B020008610D0008710D0008810D0008D8
:100130005B0200085B0200085B0200085B0200082B
:100140000D0B00081D0B00085B020008CDD1000854
:10015000910D0008A10D0008B10D0008BDF50008C3
:100160005B0200085B0200085B0200085B020008FB
:100170005B0200085B0200085B0200080000000050
:100180005B0200085B02000800F002F800F046F88D
:100190000AA090E8000C82448344AAF10107DA45E2
:1001A00001D100F03BF8AFF2090EBAE80F0013F0EE
:1001B000010F18BFFB1A43F001031847B096010066
:1001C000D0960100103A24BF78C878C1FAD85207F7
:1001D00024BF30C830C144BF04680C6070470000C1
:1001E0000023002400250026103A28BF78C1FBD840
:1001F000520728BF30C148BF0B6070471FB518F0C9
:1002000021FE9DE8030000F05BFA00F017F88DE88E
:100210000F0000F01BF91FBD10B510BD00F059FB19
:100220001146FFF7EBFF18F035FD00F0A7FB03B414
:10023000FFF7F2FF03BC00F021FA000000F09FBAC4
:100240000948804709480047FEE7FEE7FEE7FEE76A
:10025000FEE7FEE7FEE7FEE7FEE7FEE704480549A6
:10026000054A064B7047000025D8000889010008A0
:100270007830002078D0002078800020788000201E
:1002800053EA020C00F069802DE9F04B4FF00006B4
:10029000002B1FBFB3FA83F503FA05F424FA05F621
:1002A0005E4012BF1643B2FA82F502FA05F4C5F1B8
:1002B00020051EBF22FA05FC44EA0C04203556EA4C
:1002C000044C4FEA144418BF641C4FF000084FF070
:1002D0000009904271EB030C39D3002919BFB1FA20
:1002E00081F701FA07F6B0FA80F700FA07F6C7F1CE
:1002F00020071EBF20FA07FC46EA0C062037B6FB93
:10030000F4FCA7EB0507103F07F01F0BCBF120060D
:100310002CFA06F60CFA0BFB44BFB3460026202F3E
:10032000A4BF5E464FF0000B5BEA060C08BF4FF01F
:10033000010B19EB0B0948EB0608ABFB027C06FB33
:1003400002CC0BFB03CCC01B71EB0C01C1E70B46CD
:10035000024641464846BDE8F08B13B54FF0000019
:100360004FF00001AFF30080BDE81C407047032A46
:1003700040F2308010F0030C00F0158011F8013BC2
:10038000BCF1020F624498BF11F801CB00F8013BA9
:1003900038BF11F8013BA2F1040298BF00F801CB6D
:1003A00038BF00F8013B11F0030300F01C81083A4C
:1003B000C0F0088051F8043B083A51F804CBA0E89B
:1003C0000810F5E7121D5CBF51F8043B40F8043BF0
:1003D000AFF30080D20724BF11F8013B11F801CB25
:1003E00048BF11F8012B24BF00F8013B00F801CBF6
:1003F00048BF00F8012B70474FF0000200B51346CC
:1004000094469646203922BFA0E80C50A0E80C5034
:10041000B1F12001BFF4F7AF090728BFA0E80C50E5
:1004200048BF0CC05DF804EB890028BF40F8042BDE
:1004300008BF704748BF20F8022B11F0804F18BF4B
:1004400000F8012B704770477047704770B5064C35
:100450007C44064D7D4403E0206820448047241DF1
:10046000AC42F9D170BD000038940100389401000D
:1004700070B5064600F008F9056806F10B0020F09B
:100480000704B4429CBF002070BD2B466A68BAB115
:100490001068A04210D304F1080188423CBF5068A4
:1004A000586007D35168101941601168091B016039
:1004B00058601460101D70BD13465268002AE7D1C1
:1004C0002146284600F0E8F80028DED170BD70B55E
:1004D0000446051F00F0D8F80068002C14BF4468DB
:1004E00070BD002C18BFAC423CBF20466468F8D3F6
:1004F00001680A18AA4218BF456003D12A68054658
:100500001144016028684119A1421CBF6C6070BD94
:100510006168696021680844286070BD2DE9F04772
:1005200091460C46804600F0AFF80768604234EA16
:10053000000001D1042C02D20520BDE8F087601E26
:1005400040F0070609F10B0020F007054D459CBF60
:100550000020BDE8F0873B467A6882B31468101D1E
:10056000404206EA000C644525D9A4EB0C00854204
:1005700021D8BCF1000F0BD0104601686244A1EBFA
:100580000C01116041685160C0F800C0586003461A
:10059000116805F10800814205D35019491B01601B
:1005A00015605860034652F8040F58600020C8F8E0
:1005B0000020BDE8F08713465268002ACED12946B4
:1005C000384600F069F80028C5D10620BDE8F0875C
:1005D00010B5002000F0AAF8FFF71EFEBDE810409D
:1005E000012000F04BB810B5203AC0F00B80B1E804
:1005F0001850A0E81850B1E81850A0E81850203A58
:10060000BFF4F5AF5FEA027C24BFB1E81850A0E860
:10061000185044BF18C918C0BDE810405FEA827C7A
:1006200024BF51F8043B40F8043B08BF7047D20791
:1006300028BF31F8023B48BF11F8012B28BF20F832
:10064000023B48BF00F8012B7047000080E8FF1F05
:10065000C0F834D0C0F838E0C0F83CE04FF00000FB
:10066000704700BF80EC200B704700BF80EC200B70
:10067000704700BFC0EC200B7047000001491820F4
:10068000ABBEFEE7260002000048704710010020C4
:10069000704770477047704738B504460A460020D7
:1006A0006946AFF30080002808BF38BD02460099B4
:1006B000204600F049F9012038BD012000F084B93E
:1006C000F8B5AFF30080054600200C46102000BFAF
:1006D0000646A819A0420DD9324669460020AFF35C
:1006E0000080070008BF00F06FF90098A04218BF13
:1006F0000546C419FFF7C8FF05600746F01D20F046
:1007000007004619284600F00AF8B44208BFF8BDB1
:10071000A21B31463868BDE8F84000F015B9002149
:100720000160C0E9011070471020704710B500F05B
:1007300033F9BDE8104000F02AB94FF00002042957
:10074000C0F0128010F0030C3FF458AECCF1040C52
:10075000BCF1020F18BF00F8012BA8BF20F8022B34
:10076000A1EB0C01FFF74ABE5FEAC17C24BF00F891
:10077000012B00F8012B48BF00F8012B70472DE931
:10078000FE4F00274FF48074BA4620468DF8007063
:10079000FFF76EFE5FEA000801D100F015F921466F
:1007A000404600F084F8060009D04FF0010B4546A2
:1007B000C14616F8014B8FB15C2C16D01CE008F135
:1007C00008004146C8F800000020C8F80400D8F826
:1007D00000402070012003B0BDE8F08F222C01D032
:1007E000272C0FD12746BA462CE03078222807D094
:1007F0005C2805D0272803D0BC4203D1002721E084
:10080000761C04464CB12FB9202C06D0A4F1090067
:10081000042802D905F8014BCBE74D4502D1BAF1C6
:10082000000F0FD052464946002005F8010B6846DC
:10083000AFF300809DF8000068B14D464FF0000A0C
:100840000BF1010B002CB4D14FEA8B00FFF710FE27
:10085000040002D004E0A946F0E7002000F0B4F85C
:1008600000264046C4F8008005E010F8011B11B9CD
:10087000761C44F82600A842F7D32146002044F80D
:1008800026003046A7E7000086469EE8FF1FDEF8F8
:1008900034D0DEF83CE0704790EC200B704700BF8E
:1008A00090EC200B704700BFD0EC200B70471CB5BC
:1008B0000446CDE9000169461520ABBE08B1002011
:1008C0001CBD20461CBD00000048704708010020E8
:1008D00070477546FFF7F8FFAE4605006946534678
:1008E00020F00700854618B020B5FFF7B7FCBDE83B
:1008F00020404FF000064FF000074FF000084FF087
:10090000000BAC46ACE8C009ACE8C009ACE8C009D3
:10091000ACE8C00921F007018D4670477047704769
:1009200070B5A0FB0140B4F1805170F1000024BF0C
:10093000002070BD2046FFF79BFD05001CBF21462F
:10094000FFF7FBFE284670BD034640688C46002832
:1009500018BF88423CBF03464068F8D31868184463
:10096000884207D00CF1030020F00700001D411A57
:10097000521A0146081D0A60FFF7A9BD10B50446CA
:10098000AFF300802046BDE81040FFF750BC0028C0
:1009900001D0FFF773BE704710B5002102A000F030
:1009A00059F8012010BD0000534947414252543AC2
:1009B0002041626E6F726D616C207465726D696E3C
:1009C0006174696F6E00000010B500F05DF8BDE85D
:1009D0001040FFF7DCBF000030B44FF0013C50F88E
:1009E000042B51F8043BCCFA52F4D51A20D1FCB9AF
:1009F00050F8042B51F8043BCCFA52F4D51A17D115
:100A0000B4B950F8042B51F8043BCCFA52F4D51A7F
:100A10000ED16CB950F8042B51F8043BCCFA52F4C7
:100A2000D51A05D1002CDAD030BC4FF00000704749
:100A300029BAB1FA81F111F01801D1F120008440F6
:100A4000F2D1CA40CB4012F0FF0213F0FF0330BCDA
:100A5000D01A704770B505460C460A2000E06D1CA0
:100A600000F03AF835B128780028F8D102E0641C8B
:100A700000F032F814B120780028F8D1BDE87040B9
:100A80000A2000F029B8000010B5012805D0002187
:100A900003A0FFF7DFFF012010BD09A1F8E7000068
:100AA00053494752544D454D3A204F7574206F6657
:100AB0002068656170206D656D6F727900000000BF
:100AC0003A2048656170206D656D6F727920636FA3
:100AD000727275707465640008B569468DF800001F
:100AE0000320ABBE08BD0000FFE7FEE780B542F281
:100AF000E410C2F2000000F075FD80BD80B542F246
:100B0000E410C2F2000000F06DFD80BD80B542F23D
:100B10000C20C2F2000000F065FD80BD80B542F2FD
:100B20000C20C2F2000000F05DFD80BD80B58AB0EF
:100B30000A460346099008910998006846F2004168
:100B4000C4F2000188420792069316D1FFE7099884
:100B500040F28011C2F2000108600898886209988A
:100B600000210591059A059B13F046FF09980C2179
:100B7000059A059B13F040FF19E00998006846F6B6
:100B80000001C4F20001884210D1FFE7099840F249
:100B9000C411C2F2000108600898886209987021A7
:100BA00000220492049B13F027FFFFE7FFE7099858
:100BB00001F0F6F9DDF824E002210390704600F020
:100BC0002DFA09994FF0100E02900846714600F078
:100BD00025FA01900AB080BDB0B590B09C4696460B
:100BE0000C4605460F90ADF83A100D92ADF8323034
:100BF000BDF83A0006900020079008900990BDF8D3
:100C000032000A900F980D9A06A905ABCDF810C0D6
:100C1000CDF80CE00294019500F02EFA10B0B0BDB2
:100C200080B587B013468C4686468DF81B0005912B
:100C3000ADF812209DF81B00014623280393CDF840
:100C400008C0CDF804E000911DD80099DFE801F05C
:100C500012131415161B1B1B1B1B1B1B1B1B1B1B07
:100C60001B1B1B1B1B1B1B1B1B1B1B1B1B1B1B1BD4
:100C70001718191A08E007E006E005E004E003E0B1
:100C800002E001E000E0FFE7002007B080BD0000C7
:100C90000020704780B584B041F60870C2F20000B1
:100CA00041F2E841C2F200010022039002920FF0EB
:100CB000B7F840F6E841C2F20001039A01901046ED
:100CC0000FF08AF802990090084604B080BD000039
:100CD00080B588B00A46034607900691079941F609
:100CE0000870C2F200000590049203930FF074F8AC
:100CF0000599029008460FF009F800210190084676
:100D000008B080BD80B586B013468C4686460590F7
:100D100004918DF80F2000208DF80E009DF90E0033
:100D20000293CDF804C0CDF800E006B080BD00000D
:100D300080B542F27440C2F2000001F0A5FA80BD15
:100D400080B542F23420C2F2000001F09DFA80BD6D
:100D500080B542F29420C2F2000001F095FA80BD05
:100D600080B542F2D440C2F2000001F08DFA80BD9D
:100D700080B542F2F420C2F2000001F085FA80BD95
:100D800080B542F25430C2F2000001F07DFA80BD1D
:100D900080B542F2B430C2F2000001F075FA80BDB5
:100DA00080B542F23450C2F2000001F06DFA80BD0D
:100DB00080B542F21440C2F2000001F065FA80BD35
:100DC00084B0014603900398007810384AF6AB22AD
:100DD000CAF6AA22A0FB020212090292029A49F262
:100DE0003C13C0F601039A5C039BDA65029A042A5D
:100DF0000191009007D3FFE703980168042262F392
:100E00000901816506E00398016840F2FF329143D1
:100E10008165FFE70398806D04B0704787B0014695
:100E2000069000208DF817000698806A04900698B6
:100E300080690028039122D1FFE7049803280290DB
:100E40001BD80299DFE801F0020D02180698C06A6B
:100E5000C001002804D5FFE701208DF81700FFE747
:100E60000CE00698C06AB0F1C07F04D1FFE7012012
:100E70008DF81700FFE701E000E0FFE745E0069886
:100E80008069B0F5005F25D1FFE704980328019041
:100E90001ED80199DFE801F00206021101208DF849
:100EA000170016E00698C06AC001002804D5FFE7C5
:100EB00001208DF81700FFE70BE00698C06AB0F13B
:100EC000C07F04D1FFE701208DF81700FFE700E0A5
:100ED000FFE719E004980328009004D3FFE7009887
:100EE000032804D00EE001208DF817000BE00698CF
:100EF000C06AC001002804D5FFE701208DF8170063
:100F0000FFE700E0FFE7FFE7FFE79DF8170007B006
:100F100070470000B0B588B09C4696460C46054622
:100F2000079006910592049307980068016821F4E0
:100F300080210160049807990968486007988068D3
:100F40004028CDF80CC0CDF808E00194009509D1F7
:100F5000FFE7059807990968886006980799096866
:100F6000C86008E00698079909688860059807999D
:100F70000968C860FFE708B0B0BD00007047000016
:100F800080B5012001F024FF80BD000080B508205D
:100F900001F01EFF80BD000080B5102001F018FF99
:100FA00080BD000080B5202001F012FF80BD000050
:100FB00072B6FFE7FEE7000080B584B047F6102068
:100FC000C1F6FF700068039047F61420C1F6FF7069
:100FD0000068029047F61820C1F6FF700068019083
:100FE00001980399084403900398002813D0FFE761
:100FF000039840F2D801C2F200018A1C0823009134
:1010000011461A460BF0D6FB0298009912310422C1
:101010000BF0D0FBFFE704B080BD000086B00A46AD
:10102000034604900391049890F820008DF80B007B
:101030009DF80B0001280192009305D0FFE79DF871
:101040000B0002280AD1FFE70398049909684A694E
:101050001043486100208DF8170008E00498416AA9
:1010600041F48021416201208DF81700FFE79DF8CF
:10107000170006B070470000B0B58CB09C4696468D
:101080000C4605460A900991089207930A9890F831
:1010900020008DF817000A9800688068049009986D
:1010A00080680028CDF80CC0CDF808E001940095C8
:1010B00001D1FFE700E0FFE79DF81700012806D007
:1010C000FFE79DF81700022840F08280FFE79DF8B7
:1010D0001300400700280CD4FFE79DF81300000719
:1010E000002806D4FFE79DF81300C006002866D547
:1010F000FFE70498C0F3016006900698012101FA09
:1011000000F0079908600998806800280DD1FFE772
:1011100009980168C06840EA41500A990968069A2E
:1011200001EB0211C1F880010EE009984168826864
:10113000C06842EAC10108430A990968069A01EBAE
:101140000211C1F88001FFE7099800690A9909684E
:10115000069A01EB0211C1F884010998007D01286B
:101160000CD1FFE70A980068069900EB0110D0F84F
:10117000841141F48071C0F88411FFE70898406839
:101180000A990968069A01EB0211C1F88C010898C6
:1011900000680A990968069A01EB0211C1F88801F2
:1011A0000A980068069900EB0110D0F8801141F010
:1011B0000101C0F8801100208DF82F0011E00A987D
:1011C000416A41F40011416201208DF82F0008E0CE
:1011D0000A98416A41F48021416201208DF82F0074
:1011E000FFE79DF82F000CB0B0BD000088B00A46A4
:1011F000034606900591069890F820008DF80B00A4
:101200009DF80B0001280192009306D0FFE79DF89E
:101210000B00022840F0B880FFE746F20040C4F21D
:10122000000003900398D0F8001241F00101C0F8CB
:1012300000120398D0F8001221F47C51C0F800127B
:101240000598406A0399D1F8002242EA0020C1F8CB
:1012500000020598406900F01F00012101FA00F02A
:10126000049004980399D1F81C2222EA0000C1F8E6
:101270001C020598C06900281FD1FFE70498039954
:10128000D1F80C2222EA0000C1F80C0205988188EE
:10129000C268406941EA0241039A02EBC000C0F80B
:1012A0004012059801888268406941EA0241039A28
:1012B00002EBC000C0F84412FFE70598C06901289E
:1012C0001ED1FFE704980399D1F80C221043C1F80E
:1012D0000C02059881880268406941EA0241039A3C
:1012E00002EBC000C0F8401205988189826840690D
:1012F00041EA0241039A02EBC000C0F84412FFE742
:1013000005988069002809D1FFE704980399D1F86E
:10131000042222EA0000C1F8040207E004980399BD
:10132000D1F804221043C1F80402FFE705980069D0
:10133000002809D1FFE704980399D1F8142222EA82
:101340000000C1F8140207E004980399D1F81422B0
:101350001043C1F81402FFE70598006A012808D17C
:10136000FFE704980399D1F81C221043C1F81C022E
:10137000FFE70398D0F8001221F00101C0F8001235
:1013800000208DF81F0008E00698416A41F4802192
:10139000416201208DF81F00FFE79DF81F0008B093
:1013A0007047000082B001460190009102B0704782
:1013B000B0B58AB09C4696460C4605460890079103
:1013C00006920593089890F820008DF813009DF878
:1013D00013000128CDF80CC0CDF808E00194009569
:1013E00006D0FFE79DF81300022840F0ED80FFE7EC
:1013F0000798002811D1FFE708980068C06810F02E
:10140000030F09D1FFE70898416A41F400114162D6
:1014100001208DF82700E0E010E0089800680069DE
:1014200010F0030F09D1FFE70898416A41F4001159
:10143000416201208DF82700CFE0FFE7089800689F
:10144000079900EB0110D0F8B00100F004000699F4
:1014500088600698806800280BD1FFE7089800682C
:10146000079900EB0110D0F8B001400D0699086013
:101470000AE008980068079900EB0110D0F8B00165
:10148000C00806994860FFE708980068079900EBD4
:101490000110D0F8B00100F002000699C860089869
:1014A0000068079900EB0110D0F8B40100F00F00BC
:1014B000082804D3FFE70698082101610BE008988B
:1014C0000068079900EB0110D0F8B40100F00F009C
:1014D00006990861FFE708980068079900EB01107A
:1014E000D0F8B401C0F30720069988610898006815
:1014F000079900EB0110D0F8B401000C069948617F
:1015000008980068079900EB0110D0F8B801059918
:10151000087008980068079900EB0110D0F8B8012E
:10152000000A0599487008980068079900EB0110B7
:10153000D0F8B801000C05998870089800680799E0
:1015400000EB0110D0F8B801000E0599C87008989A
:101550000068079900EB0110D0F8BC0105990871EB
:1015600008980068079900EB0110D0F8BC01000A48
:101570000599487108980068079900EB0110D0F8A8
:10158000BC01000C0599887108980068079900EB68
:101590000110D0F8BC01000E0599C8710798002809
:1015A00007D1FFE708980068C16841F02001C160D9
:1015B00006E008980068016941F020010161FFE739
:1015C00000208DF8270008E00898416A41F4802146
:1015D000416201208DF82700FFE79DF827000AB03F
:1015E000B0BD000080B58AB0014609900020089087
:1015F000099800684069079009980068406806905B
:10160000099800688068059009980068C06804908F
:101610000998006800690390099800688069029041
:101620009DF81C00C0070028019100F09780FFE79B
:101630009DF81400C00700282BD0FFE70998006828
:10164000012181609DF814008007002804D5FFE780
:10165000099800F0F5FC1BE09DF8140040070028F5
:1016600005D5FFE7089840F4006008900FE09DF86A
:1016700014000007002805D5FFE7089840F48050C3
:10168000089003E0099800F0D5FCFFE7FFE7FFE7CB
:10169000FFE79DF81500C00700282CD0FFE7099848
:1016A00000684FF4807181609DF815008007002864
:1016B00004D5FFE7099800F0CFFC1BE09DF815006A
:1016C0004007002805D5FFE7089840F4005008902F
:1016D0000FE09DF815000007002805D5FFE70898E2
:1016E00040F48040089003E0099800F0AFFCFFE769
:1016F000FFE7FFE7FFE79DF81600C00700282CD0A2
:10170000FFE7099800684FF4803181609DF816006A
:101710008007002804D5FFE7099800F0A9FC1BE02A
:101720009DF816004007002805D5FFE7089840F40B
:10173000004008900FE09DF816000007002805D52E
:10174000FFE7089840F48030089003E0099800F023
:1017500089FCFFE7FFE7FFE7FFE7FFE79DF81C00D5
:101760000007002810D5FFE79DF81000C0060028EC
:1017700009D5FFE7089840F40070089009980068C0
:101780001021C160FFE7FFE79DF81C00400700281B
:101790000FD5FFE79DF810000007002808D5FFE7E8
:1017A000099800680821C160099800F05BFBFFE719
:1017B000FFE79DF81C00800700280CD5FFE709987B
:1017C0000068C06810F0030F04D0FFE7099800F02C
:1017D0004FFBFFE7FFE79DF81C004006002810D5EF
:1017E000FFE79DF80C00C006002809D5FFE7089820
:1017F00040F4806008900998006810210161FFE7BB
:10180000FFE79DF81C00800600280FD5FFE79DF834
:101810000C000007002808D5FFE709980068082198
:101820000161099800F06AFBFFE7FFE79DF81C00E3
:10183000C00600280CD5FFE709980068006910F081
:10184000030F04D0FFE7099800F05EFBFFE7FFE716
:101850009DF81E00800700280FD5FFE79DF81800AF
:10186000C006002808D5FFE70998006810214160EC
:10187000099800F08FFBFFE7FFE79DF81E00C00707
:1018800000280FD0FFE79DF818000007002808D5B2
:10189000FFE70998006808214160099800F0EEFB15
:1018A000FFE7FFE79DF81D000006002840F18F804C
:1018B000FFE79DF818004007002840F18380FFE70C
:1018C0009DF81D00C00700280BD0FFE79DF8080019
:1018D000C007002805D0FFE7089840F001000890F5
:1018E000FFE79DF81D00800700280BD5FFE79DF856
:1018F00008008007002805D5FFE7089840F002009F
:101900000890FFE79DF81D00400700280BD5FFE772
:101910009DF808004007002805D5FFE7089840F02B
:1019200004000890FFE79DF81D000007002848D537
:10193000FFE79DF8080010F0700F42D0FFE7029813
:1019400000F0700001461028009114D0FFE70098C5
:10195000202815D0FFE70098302816D0FFE7009820
:10196000402817D0FFE70098502818D0FFE70098CC
:10197000602819D01DE0089840F00800089019E090
:10198000089840F01000089014E0089840F02000FB
:1019900008900FE0089840F0400008900AE008988E
:1019A00040F08000089005E0089840F480700890AE
:1019B00000E0FFE709980068816921F0700181610A
:1019C000FFE7FFE70998006804214160FFE70898F6
:1019D000002809D0FFE7089809994A6A104348622D
:1019E0000998FFF7DFFCFFE70AB080BD80B584B03F
:1019F0000146029002980028009104D1FFE70120DF
:101A00008DF80F00E6E0029890F82000002804D13D
:101A1000FFE7029800F048F9FFE7029800680168C4
:101A200041F00101016001F0FBFB0190FFE702982A
:101A30000068406810F0010F17D1FFE701F0F0FBDC
:101A4000DDF804E0A0EB0E000B280DD3FFE70298B1
:101A5000416A41F4003141620298052180F820106A
:101A600001208DF80F00B5E0E1E7029800680168F9
:101A700021F00201016001F0D3FB0190FFE7029821
:101A80000068406810F0020F17D0FFE701F0C8FBB4
:101A9000DDF804E0A0EB0E000B280DD3FFE7029861
:101AA000416A41F4003141620298052180F820101A
:101AB00001208DF80F008DE0E1E70298007E0128FB
:101AC00007D1FFE702980068016841F080010160DA
:101AD00006E002980068016821F080010160FFE7DC
:101AE0000298407E012807D1FFE70298006801684C
:101AF00041F04001016006E002980068016821F0B1
:101B000040010160FFE70298807E012807D1FFE7CE
:101B100002980068016841F02001016006E0029827
:101B20000068016821F020010160FFE70298C07E93
:101B3000012807D1FFE702980068016821F0100131
:101B4000016006E002980068016841F01001016040
:101B5000FFE70298007F012807D1FFE7029800689D
:101B6000016841F00801016006E002980068016820
:101B700021F008010160FFE70298407F012807D1AA
:101B8000FFE702980068016841F00401016006E087
:101B900002980068016821F004010160FFE70298E3
:101BA000016842688368D0F80CC043EA0C03D0F89F
:101BB00010C043EA0C0340691843013A1043C8615E
:101BC0000298002141620298012280F820208DF8BD
:101BD0000F10FFE79DF80F0004B080BD80B582B004
:101BE000014601900198006846F20042C4F20002EA
:101BF0009042009122D1FFE740F2F010C2F20000C3
:101C00000168013901600068002809D1FFE743F647
:101C10004000C4F20200016821F000710160FFE79A
:101C200040F60040C4F20200032100F0A5FF14209A
:101C300001F0F6FE152001F0F3FE33E00198006894
:101C400046F60001C4F2000188422AD1FFE743F6BC
:101C50004000C4F20200016821F08061016040F29E
:101C6000F010C2F20000016801390160006800282C
:101C700009D1FFE743F64000C4F20200016821F0F9
:101C800000710160FFE740F20040C4F202006021F1
:101C900000F072FF402001F0C3FE412001F0C0FEC1
:101CA000FFE7FFE702B080BD80B598B0014617900E
:101CB00000201690159014901390129017980068B9
:101CC00046F20042C4F2000290420C9155D1FFE767
:101CD00040F2F010C2F200000168013101600068BA
:101CE000012813D1FFE7FFE70020119043F64000E1
:101CF000C4F20200016841F000710160006800F068
:101D00000070119011980B90FFE7FFE7FFE70020AC
:101D1000109043F63000C4F20200016841F008015F
:101D20000160006800F00800109010980A90FFE72A
:101D30000320129002211391002114911590092083
:101D4000169040F60040C4F2020012AA0991114612
:101D500001F05CF8142008900999099A01F07CFEC2
:101D6000089801F069FE152007900999099A01F079
:101D700073FE079801F060FE72E01798006846F65F
:101D80000001C4F20001884269D1FFE7FFE70020AB
:101D90000F9043F64000C4F20200016841F08061F8
:101DA0000160006800F080600F900F980690FFE7D8
:101DB00040F2F010C2F200000168013101600068D9
:101DC000012813D1FFE7FFE700200E9043F6400003
:101DD000C4F20200016841F000710160006800F087
:101DE00000700E900E980590FFE7FFE7FFE70020D8
:101DF0000D9043F63000C4F20200016841F0020188
:101E00000160006800F002000D900D980490FFE75B
:101E1000602012900220139000201490032115914D
:101E20000921169140F20041C4F2020112AA039066
:101E30000846114600F0EAFF402002900399039AF9
:101E400001F00AFE029801F0F7FD4120019003998C
:101E5000039A01F001FE019801F0EEFDFFE7FFE7B4
:101E600018B080BD82B001460190009102B0704769
:101E700080B588B0014607900798006846F2004296
:101E8000C4F200029042069116D1FFE7079840F293
:101E90008011C2F200010A1D01F120034FF0000C75
:101EA000059161460492FFF783FA05998A6A049BBB
:101EB0000390184690471FE00798006846F6000117
:101EC000C4F20001884216D1FFE7079840F2C4111E
:101ED000C2F200010A1D01F120034FF0000C029133
:101EE00061460192FFF764FA02998A6A019B0090A9
:101EF00018469047FFE7FFE708B080BD82B0014673
:101F00000190009102B0704780B588B001460790FB
:101F10000798006846F20042C4F20002904206911F
:101F200016D1FFE7079840F28011C2F200010A1DA6
:101F300001F120034FF0010C059161460492FFF777
:101F400037FA05998A6A049B0390184690471FE068
:101F50000798006846F60001C4F20001884216D1D5
:101F6000FFE7079840F2C411C2F200010A1D01F117
:101F700020034FF0010C029161460192FFF718FA1D
:101F800002998A6A019B009018469047FFE7FFE795
:101F900008B080BD82B001460190009102B0704748
:101FA00080B584B001460290029890F82000012884
:101FB000009132D1FFE70298022180F820100298A8
:101FC0000068016821F00101016001F029F9019028
:101FD000FFE702980068406810F0010F17D0FFE794
:101FE00001F01EF9DDF804E0A0EB0E000B280DD384
:101FF000FFE70298416A41F40031416202980521ED
:1020000080F8201001208DF80F000FE0E1E7029822
:10201000002141628DF80F1008E00298416A41F4F6
:102020000021416201208DF80F00FFE79DF80F00AD
:1020300004B080BD82B001460190009102B07047AB
:1020400082B001460190009102B0704782B0014613
:102050000190009102B0704782B00146019000915A
:1020600002B0704782B001460190009102B0704703
:1020700082B001460190009102B0704782B00146E3
:102080000190009102B0704780B586B0014604907F
:102090000498806D0390019101F0C2F802900498B9
:1020A00090F8350002280DD0FFE7049880214165A3
:1020B000FFE70498002180F83410FFE701208DF835
:1020C00017005BE004980068016821F016010160C8
:1020D00004980068416921F0800141610498006C16
:1020E000002805D1FFE70498806C002807D0FFE79F
:1020F00004980068016821F008010160FFE7049876
:102100000068016821F001010160FFE704980068A0
:10211000006810F0010F1BD0FFE701F081F8DDF837
:1021200008E0A0EB0E00062811D3FFE70498202159
:1021300041650498032180F83510FFE704980021D9
:1021400080F83410FFE703208DF8170016E0DDE774
:102150000498C06D3F2101FA00F00399886004984B
:10216000012180F83510FFE70498002180F8341031
:10217000FFE7FFE700208DF81700FFE79DF8170045
:1021800006B080BD83B001460190019890F83500FB
:102190000228009107D0FFE70198802141650120C6
:1021A0008DF80B000EE00198052180F8351001989C
:1021B0000068016821F001010160FFE700208DF84F
:1021C0000B00FFE79DF80B0003B0704780B586B0A9
:1021D0000146049004980028029104D1FFE70120F1
:1021E0008DF817004BE0049890F83500022804D1D0
:1021F000FFE702208DF8170041E0049800680168AD
:1022000021F0010101600498006800210160049838
:102210000068416004980068816004980068C160AB
:1022200004980068016104980068212242610498C2
:102230000191FEF7C5FD039004980199C1630498CC
:10224000016404984164049881640498C16404980A
:1022500001650498C06D3F2202FA00F0039A906075
:1022600004984165049880F83510FFE70498002130
:1022700080F83410FFE700208DF81700FFE79DF885
:10228000170006B080BD000080B588B001460790F9
:102290000020059040F22000C2F20000006848F2E1
:1022A000B512C1F64E32A0FB0202920A0492079ABE
:1022B000926D0392039A12680692069A079BDB6D51
:1022C0004FF0080C0CFA03F31A42029101901BD054
:1022D000FFE707980068006810F0040F13D0FFE7CD
:1022E00007980068016821F0040101600798C06D3B
:1022F000082101FA00F0039988600798416D41F0C8
:1023000001014165FFE7FFE706980799C96D0122C2
:1023100002FA01F1084215D0FFE70798006840690A
:1023200010F0800F0DD0FFE70798C06D012101FA72
:1023300000F0039988600798416D41F00201416502
:10234000FFE7FFE706980799C96D042202FA01F139
:10235000084215D0FFE707980068006810F0020FE8
:102360000DD0FFE70798C06D042101FA00F0039932
:1023700088600798416D41F004014165FFE7FFE780
:1023800006980799C96D102202FA01F108424BD054
:10239000FFE707980068006810F0080F43D0FFE7D8
:1023A0000798C06D102101FA00F003998860079822
:1023B0000068006810F4802F1CD0FFE707980068C1
:1023C000006810F4002F0AD1FFE70798006C00287E
:1023D00004D0FFE70798016C8847FFE709E00798FA
:1023E000806C002804D0FFE70798816C8847FFE7DE
:1023F000FFE717E007980068006810F4807F07D1B6
:10240000FFE707980068016821F008010160FFE715
:102410000798006C002804D0FFE70798016C8847F4
:10242000FFE7FFE7FFE7FFE706980799C96D20225E
:1024300002FA01F1084200F09580FFE70798006872
:10244000006810F0100F00F08C80FFE70798C06D57
:10245000202101FA00F003998860079890F8350070
:10246000052838D1FFE707980068016821F01601B8
:10247000016007980068416921F080014161079877
:10248000006C002805D1FFE70798806C002807D072
:10249000FFE707980068016821F008010160FFE785
:1024A0000798C06D3F2101FA00F0039988600798F2
:1024B000012180F83510FFE70798002180F83410DB
:1024C000FFE70798006D002804D0FFE70798016D2B
:1024D0008847FFE781E007980068006810F4802FC4
:1024E0001CD0FFE707980068006810F4002F0AD19D
:1024F000FFE70798406C002804D0FFE70798416C7D
:102500008847FFE709E00798C06B002804D0FFE781
:102510000798C16B8847FFE7FFE721E0079800684D
:10252000006810F4807F11D1FFE707980068016808
:1025300021F0100101600798012180F83510FFE7B4
:102540000798002180F83410FFE7FFE70798C06B79
:10255000002804D0FFE70798C16B8847FFE7FFE733
:10256000FFE7FFE70798406D002836D0FFE70798A0
:10257000406D10F0010F26D0FFE70798052180F885
:10258000351007980068016821F001010160FFE73C
:102590000598013005900499884201D9FFE707E0CA
:1025A000FFE707980068006810F0010FF0D1FFE71F
:1025B0000798012180F83510FFE70798002180F87F
:1025C0003410FFE7FFE70798C06C002804D0FFE74E
:1025D0000798C16C8847FFE7FFE708B080BD00009F
:1025E00080B586B00146049000200390009100F071
:1025F00017FE02900498002804D1FFE701208DF80F
:102600001700AAE00498406A002801D0FFE7FFE71E
:102610000498022180F83510FFE70498002180F823
:102620003410FFE704980068016821F0010101609F
:10263000FFE704980068006810F0010F14D0FFE76E
:1026400000F0EEFDDDF808E0A0EB0E0006280AD34E
:10265000FFE70498202141650498032180F8351094
:102660008DF8171079E0E4E704980068006803909B
:10267000039848F23F01CFF21001084003900498FC
:1026800041688268C368D0F810C01143194341EA19
:102690000C014269114382691143C2691143006A06
:1026A00008430399084303900498406A042808D11A
:1026B000FFE70498C16A006B08430399084303903D
:1026C000FFE7039804990968086004980068406966
:1026D0000390039820F0070003900498406A039940
:1026E000084303900498406A04281CD1FFE704982B
:1026F000806A0399084303900498C06A002811D0A7
:10270000FFE70498FEF78AFB00280AD0FFE7049849
:10271000402141650498012180F835108DF817108B
:102720001BE0FFE7FFE703980499096848610498F4
:10273000FEF746FB01900498C06D3F2101FA00F0BE
:102740000199886004980021416504984FF0010EBA
:1027500080F835E08DF81710FFE79DF8170006B0F8
:1027600080BD000080B58EB013468C4686460C9026
:102770008DF82F100A9200208DF827000493CDF8D1
:102780000CC0CDF808E000F04BFD07900C9890F8D5
:10279000350002280DD0FFE70C9880214165FFE746
:1027A0000C98002180F83410FFE701208DF83700E5
:1027B000F5E00C980068006810F4807F08D0FFE70F
:1027C0000C984FF48071416501208DF83700E6E0E8
:1027D0009DF82F00002807D1FFE70C98C06D20213D
:1027E00001FA00F0089006E00C98C06D102101FA83
:1027F00000F00890FFE70C98806D05900598006840
:102800000690FFE70698089900220842019207D136
:10281000FFE70C98406D012121EA00000190FFE7DD
:102820000198C00700286CD0FFE70A980130002803
:1028300021D0FFE70A9800280BD0FFE700F0F0FC5A
:10284000DDF81CE0A0EB0E00DDF828E0704511D9A2
:10285000FFE70C98202141650C98012180F8351084
:10286000FFE70C98002180F83410FFE703208DF873
:10287000370094E0FFE705980068069006980C99E9
:10288000C96D082202FA01F108420DD0FFE70C9849
:10289000416D41F0010141650C98C06D082101FABC
:1028A00000F005998860FFE706980C99C96D012230
:1028B00002FA01F108420DD0FFE70C98416D41F09A
:1028C000020141650C98C06D012101FA00F00599E3
:1028D0008860FFE706980C99C96D042202FA01F19D
:1028E00008420DD0FFE70C98416D41F004014165AD
:1028F0000C98C06D042101FA00F005998860FFE78B
:1029000080E70C98406D002825D0FFE70C98406DBB
:1029100010F0010F1ED0FFE70C98FFF7B5FBDDF8B4
:1029200030E0DEF85CE0302101FA0EF1DDF814E071
:10293000CEF808100C994FF0010E81F835E00090A8
:10294000FFE70C98002180F83410FFE701208DF894
:10295000370024E0FFE79DF82F00002812D1FFE7A1
:102960000C98C06D302101FA00F0059988600C9830
:10297000012180F83510FFE70C98002180F8341011
:10298000FFE707E00C98C06D102101FA00F00599EF
:102990008860FFE79DF827008DF83700FFE79DF876
:1029A00037000EB080BD0000B0B58AB09C46964698
:1029B0000C460546089007910692059300208DF875
:1029C0001300CDF80CC0CDF808E001940095FFE7A6
:1029D000089890F83400012804D1FFE702208DF810
:1029E00027002EE00898012180F83410FFE7FFE768
:1029F000089890F83500012814D1FFE708980221C3
:102A000080F8351008980021416508980799069AC2
:102A1000059BFEF77FFA08980068016841F0010104
:102A2000016009E0FFE70898002180F83410FFE713
:102A300002208DF81300FFE79DF813008DF82700A2
:102A4000FFE79DF827000AB0B0BD0000B0B58CB01C
:102A50009C4696460C4605460A90099108920793B3
:102A600000208DF81B000A98806D0590CDF810C0ED
:102A7000CDF80CE002940195FFE70A9890F8340035
:102A8000012804D1FFE702208DF82F0047E00A98C3
:102A9000012180F83410FFE7FFE70A9890F835002D
:102AA00001282DD1FFE70A98022180F835100A98F5
:102AB000002141650A980999089A079BFEF72AFAAE
:102AC0000A98C06D3F2101FA00F0059988600A98C4
:102AD0000068016841F0160101600A98006C002846
:102AE00007D0FFE70A980068016841F0080101601B
:102AF000FFE70A980068016841F00101016009E000
:102B0000FFE70A98002180F83410FFE702208DF8D3
:102B10001B00FFE79DF81B008DF82F00FFE79DF8D5
:102B20002F000CB0B0BD000080B584B0014603900A
:102B3000009100F075FB029003980190019801301C
:102B4000002809D0FFE740F2FC00C2F20000007844
:102B5000019908440190FFE7FFE700F061FBDDF811
:102B600008E0A0EB0E00DDF804E0704501D2FFE7BD
:102B7000F3E704B080BD000090B00A4603460F9012
:102B80000E9100200C900B900A900D9009920893E2
:102B9000FFE70D980F2800F21081FFE70D98012143
:102BA00001FA00F00C900E980C9908400B900B98CD
:102BB0000C99884240F0FC80FFE70D9820F003005C
:102BC00043F60801C4F2010140580A900D9800F044
:102BD000030080000F2101FA00F00A9908400A90D2
:102BE0000A980F990022C4F202029142079003D181
:102BF000FFE7002006905EE00F9840F20041C4F22B
:102C00000201884203D1FFE70120059050E00F98B0
:102C100040F60001C4F20201884203D1FFE702201E
:102C2000049042E00F9840F60041C4F2020188424D
:102C300003D1FFE70320039034E00F9841F2000135
:102C4000C4F20201884203D1FFE70420029026E08B
:102C50000F9841F20041C4F20201884203D1FFE71C
:102C60000520019018E00F9841F60001C4F202011E
:102C7000884203D1FFE7062000900AE00F9841F652
:102C80000041C4F202010822884208BF07220092D4
:102C9000FFE700980190FFE701980290FFE7029894
:102CA0000390FFE703980490FFE704980590FFE77F
:102CB00005980690FFE70698C0B20D9901F0030150
:102CC000890088400799814239D1FFE70B9843F684
:102CD0000041C4F201010A6822EA000008600B9872
:102CE00043F60441C4F201010A6822EA00000860C8
:102CF0000B9843F60C41C4F201010A6822EA000075
:102D000008600B9843F60841C4F201010A6822EA00
:102D1000000008600D9800F0030080000F2101FA08
:102D200000F00A900A980D9921F0030143F6080279
:102D3000C4F201028B5823EA00008850FFE70D9887
:102D40004000032101FA00F00F9A136823EA000003
:102D500010600D9800F0070292000F2303FA02F2B0
:102D60000F9B4FF6FC7CC7F6FF7C0CEA5000184422
:102D7000036A23EA020202620D98400001FA00F0A1
:102D80000F9AD36823EA0000D0600D98012202FA5E
:102D900000F00F9A536823EA000050600D9840003D
:102DA00001FA00F00F998A6822EA00008860FFE7C4
:102DB000FFE70D9801300D90EBE610B07047000072
:102DC00082B00146ADF80600009102B070470000E5
:102DD00080B582B00146ADF8060043F61440C4F257
:102DE00001000068BDF80620104200910CD0FFE7FA
:102DF000BDF8060043F61441C4F201010860BDF8B5
:102E00000600FFF7DDFFFFE702B080BD91B00A4684
:102E1000034610900F9100200D900C900B900E9097
:102E200009920893FFE70E980F2800F2D581FFE77B
:102E30000E98012101FA00F00D900F9800680D998D
:102E400008400C900C980D99884240F0C081FFE733
:102E50000F98406800F00300012807D0FFE70F98A3
:102E6000406800F0030002282FD1FFE71098806827
:102E70000B900E984000032101FA00F00B9921EA13
:102E800000000B900F98C0680E99490088400B997C
:102E900008430B900B9810998860109840680B902D
:102EA0000E98012101FA00F00B9921EA00000B9025
:102EB0000F984068C0F300100E9988400B990843A2
:102EC0000B900B9810994860FFE70F98406800F04E
:102ED0000300032818D0FFE71098C0680B900E98E5
:102EE0004000032101FA00F00B9921EA00000B9049
:102EF0000F9880680E99490088400B9908430B9001
:102F00000B981099C860FFE70F98406800F0030025
:102F1000022828D1FFE710980E994FF6FC72C7F6E9
:102F2000FF7202EA51010844006A0B900E9800F00B
:102F3000070080000F2101FA00F00B9921EA000040
:102F40000B900F9800690E9901F0070189008840E5
:102F50000B9908430B900B9810990E9B02EA5302B1
:102F600011440862FFE7109800680B900E9840002B
:102F7000032101FA00F00B9921EA00000B900F9851
:102F8000406800F003000E99490088400B990843FF
:102F90000B900B98109908600F9880798007002893
:102FA00000F01481FFE7FFE700200A9043F6440099
:102FB000C4F20200016841F480410160006800F43D
:102FC00080400A900A980790FFE70E9820F00300CF
:102FD00043F60801C4F2010140580B900E9800F02E
:102FE000030080000F2101FA00F00B9921EA000094
:102FF0000B9010980021C4F20201884203D1FFE730
:10300000002006905EE0109840F20041C4F20201F8
:10301000884203D1FFE70120059050E0109840F668
:103020000001C4F20201884203D1FFE702200490AC
:1030300042E0109840F60041C4F20201884203D1F8
:10304000FFE70320039034E0109841F20001C4F23E
:103050000201884203D1FFE70420029026E0109885
:1030600041F20041C4F20201884203D1FFE705208A
:10307000019018E0109841F60001C4F20201884264
:1030800003D1FFE7062000900AE0109841F60041C6
:10309000C4F202010822884208BF07220092FFE71B
:1030A00000980190FFE701980290FFE702980390D3
:1030B000FFE703980490FFE704980590FFE7059861
:1030C0000690FFE70698C0B20E9901F0030189004F
:1030D00088400B9908430B900B980E9921F003013F
:1030E00043F60802C4F20102885043F60840C4F2D5
:1030F000010000680B900C980B9921EA00000B90DE
:103100000F988079C006002805D5FFE70C980B9929
:1031100008430B90FFE70B9843F60841C4F2010106
:10312000086043F60C40C4F2010000680B900C9854
:103130000B9921EA00000B900F98807980060028F7
:1031400005D5FFE70C980B9908430B90FFE70B9808
:1031500043F60C41C4F20101086043F60440C4F296
:10316000010000680B900C980B9921EA00000B906D
:103170000F9880798007002805D5FFE70C980B99F8
:1031800008430B90FFE70B9843F60441C4F201019A
:10319000086043F60040C4F2010000680B900C98F0
:1031A0000B9921EA00000B900F988079C007002846
:1031B00005D0FFE70C980B9908430B90FFE70B989D
:1031C00043F60041C4F201010860FFE7FFE7FFE7B3
:1031D0000E9801300E9026E611B0704780B585B08C
:1031E00013468C4686460490ADF80E108DF80D20DF
:1031F0009DF80D0000280293CDF804C0CDF800E042
:1032000005D0FFE7BDF80E000499886105E0BDF820
:103210000E00000404998861FFE705B080BD00003E
:1032200043F27000C2F200000068704740F2FC00F8
:10323000C2F200000078704740F20010C2F20000B5
:103240000068704780B584B001460290029800285B
:10325000019104D1FFE701208DF80F0042E00298B0
:1032600090F84100002808D1FFE70298002180F87B
:103270004010029808F064FEFFE70298242180F8CD
:10328000411002980068C16821F40051C1600298A1
:103290000BF05CFF02980068016921F49041016124
:1032A00002980068416921F022014161029800689A
:1032B000416941F00801416102980068C16841F428
:1032C0000051C16002980021416402984FF0200E25
:1032D00080F841E0029880F842E0029841638DF85E
:1032E0000F10FFE79DF80F0004B080BD80B590B0CF
:1032F00001460E900E9800280B9104D1FFE70120A3
:103300008DF83F004FE10E9890F83D00002808D15D
:10331000FFE70E98002180F83C100E9800F048F965
:10332000FFE70E98242180F83D100E980068016890
:1033300021F0010101600E980068016841F400412C
:1033400001600E980068016821F40041016002F0FC
:1033500029F80C900E98406848F2A061C0F2010173
:1033600088420BD8FFE70C9848F28041C0F21E015A
:103370000022884238BF01220A920AE00C9840F6E7
:103380000011C0F23D010022884238BF01220A929A
:10339000FFE70A98012804D1FFE701208DF83F00DC
:1033A00001E10C984DF68361C4F21B31A0FB0101D1
:1033B000890C0D910E990968496821F03F010D9A19
:1033C00011430E9A126851600E990968096A21F03A
:1033D0003F010E9A526848F2A063C0F201039A427C
:1033E0000990089104D8FFE70D98013007900FE08D
:1033F0000D984FF49671484344F6D351C1F26201DF
:10340000A0FB0101012202EB911106900791FFE759
:103410000798089908430E9A126810620E9800687F
:10342000C0694CF6FF7290430E9A526848F2A0634E
:10343000C0F201039A4205901FD8FFE70C980138AB
:103440000E9949684900B0FBF1F001306FF31F306D
:10345000032803D8FFE7042004900BE00C98013800
:103460000E9949684900B0FBF1F001306FF31F304D
:103470000490FFE7049803904FE00E9880680028BE
:103480000DD1FFE70C9801380E99496801EB410115
:10349000B0FBF1F001306FF31F3002900DE00C989B
:1034A00001380E99496819225143B0FBF1F00130FF
:1034B000042161F31F300290FFE702980005002805
:1034C00003D1FFE70120019024E00E9880680028D6
:1034D0000DD1FFE70C9801380E99496801EB4101C5
:1034E000B0FBF1F001306FF31F3000900DE00C984D
:1034F00001380E99496819225143B0FBF1F00130AF
:10350000042161F31F300090FFE7009840F4004071
:103510000190FFE701980390FFE70398059908439E
:103520000E9A1268D0610E980068006820F0C00002
:103530000E9A1368D2F81CC0126A42EA0C021043B9
:1035400018600E980068806848F2FF3290430E9A27
:103550001368D2F80CC0126942EA0C02104398605A
:103560000E980068C06820F0FF000E9A1368D2F829
:1035700014C0926942EA0C021043D8600E980068A9
:10358000026842F0010202600E98002202640E9866
:10359000202380F83D300E9802630E9880F83E207C
:1035A0008DF83F20FFE79DF83F0010B080BD000080
:1035B00080B592B001461190002010900F900E90AF
:1035C0000D900C901198006845F60042C4F200027C
:1035D0009042089140F0B780FFE7FFE700200B9092
:1035E00043F63000C4F20200016841F004010160BA
:1035F000006800F004000B900B980790FFE7FFE7CE
:1036000000200A9043F63000C4F20200016841F045
:1036100001010160006800F001000A900A9806901C
:10362000FFE74FF400700C9012200D9001210E91D5
:1036300003220F920423109340F6000CC4F2020CF4
:103640000DF1300E0590604604917146CDF80CE006
:1036500002930192FFF7DAFB4FF480700C9005980B
:103660000D9004990E91019A0F92029B10930020E5
:10367000C4F202000399FFF7C9FBFFE7002009909D
:1036800043F64000C4F20200016841F40001016009
:10369000006800F40000099009980090FFE742F2EA
:1036A0003420C2F2000046F24001C4F2020101607F
:1036B0004FF0C061416000218160C1604FF48062C1
:1036C000026141618161C16101624162FEF788FF6F
:1036D000002803D0FFE7FDF76BFCFFE7FFE7119839
:1036E00042F23421C2F20001816311988863FFE73E
:1036F00042F29420C2F2000046F27001C4F20201CC
:1037000001604FF0C0614160402181600021C160D3
:103710004FF48062026141618161C1610162416275
:10372000FEF75EFF002803D0FFE7FDF741FCFFE74F
:10373000FFE7119842F29421C2F20001416311980F
:103740008863FFE7FFE712B080BD000040F2FC0095
:10375000C2F20000007843F27001C2F200010A6870
:10376000104408607047000080B582B043F6004006
:10377000C4F20200016841F400710160016841F483
:1037800080610160016841F480710160032000F0F4
:1037900087F90F2000F006F8019000F0A5F800204E
:1037A00002B080BD80B584B00146029040F2200096
:1037B000C2F20000006840F2FC02C2F2000212787D
:1037C0004FF47A73B3FBF2F2B0FBF2F0019102F026
:1037D00063FB002804D0FFE701208DF80F0018E0FC
:1037E00002980F280DD8FFE702994FF0FF30002212
:1037F00000F032F9029840F20011C2F200010860B4
:1038000003E001208DF80F0003E000208DF80F0089
:10381000FFE79DF80F0004B080BD000080B586B0C2
:103820000A460346049003910498002802920193EB
:1038300004D1FFE701208DF8170050E0049890F8BC
:103840004100002808D1FFE70498002180F84010CB
:10385000049808F075FBFFE70498242180F84110D4
:1038600004980068C16821F40051C16004980BF00D
:103870006DFC04980068016921F4006101610498FD
:103880000068416921F02A014161049800680169DA
:1038900041F48041016104980068016921F0200130
:1038A0000161039804990968D1F810E040EA0E001C
:1038B000086104980068C16841F40051C16004982F
:1038C0000021416404984FF0200E80F841E00498F4
:1038D00080F842E0049841638DF81710FFE79DF8E7
:1038E000170006B080BD000084B0FFE70020039001
:1038F00043F64400C4F20200016841F480410160D3
:10390000006800F48040039003980190FFE7FFE710
:103910000020029043F64000C4F20200016841F02A
:1039200080510160006800F0805002900298009081
:10393000FFE704B07047000080B588B013468C469E
:10394000864606908DF81710049206980028039377
:10395000CDF808C0CDF804E004D1FFE701208DF8D0
:103960001F0059E0069890F84100002808D1FFE7B1
:103970000698002180F84010069808F0E1FAFFE769
:103980000698242180F8411006980068C16821F447
:103990000051C16006980BF0D9FB069800680169D8
:1039A00021F49041016106980068416921F02A01E3
:1039B000416106980068016921F00F0101619DF8DD
:1039C000170006990968D1F810E040EA0E00086176
:1039D00006980068C16821F40061C16004980699E6
:1039E0000968D1F80CE040EA0E00C860069800684B
:1039F000C16841F40051C1600698002141640698F5
:103A00004FF0200E80F841E0069880F842E00698DA
:103A100041638DF81F10FFE79DF81F0008B080BDBF
:103A200080B582B001468DF807009DF9070000912E
:103A300014F0ECFC02B080BD80B582B001468DF878
:103A400007009DF90700009114F000FD02B080BD51
:103A500080B514F017FD80BD80B58AB013468C4642
:103A600086468DF82700089107920020069005935E
:103A7000CDF810C0CDF80CE014F004FD06900698C7
:103A80000899079A9DF92730029309F05FFB029984
:103A900001900846019914F0FDFC0AB080BD0000B9
:103AA00080B582B0014601900198009114F018FD94
:103AB00002B080BD84B00A46034603908DF80B1017
:103AC0000192009304B0704784B00A460346039005
:103AD000ADF80A10BDF80A00039909684862002091
:103AE0000192009304B0704780B587B013468C46AE
:103AF000864606908DF81710ADF8142006980068D9
:103B0000406A03909DF8170000280293CDF804C086
:103B1000CDF800E009D1FFE7BDF81400039941EAB0
:103B2000004006990968886233E006980068806A58
:103B3000039901EB1040039000208DF81300FFE77C
:103B40009DF813009DF817100139884213D2FFE742
:103B5000069800689DF8131000EB8100D0F804016E
:103B6000039901EB10400390FFE79DF8130001302B
:103B70008DF81300E4E7BDF81400039941EA004012
:103B8000069909689DF8172001EB8201C1F8000130
:103B9000FFE7002007B080BD80B584B001460390E8
:103BA0000398D0F8E00402910DF05EFA019004B0A1
:103BB00080BD000080B586B00A46034605908DF8AA
:103BC00013100598D0F8E0149DF813C00CEBCC0E40
:103BD00000EB8E00006A039008466146DDF80CC0D9
:103BE0000292624601930DF041F8009006B080BD4C
:103BF00080B586B00A46034605908DF813100598E7
:103C0000D0F8E0149DF813C00CEBCC0E00EB8E0046
:103C1000D0F86002039008466146DDF80CC00292BD
:103C2000624601930DF00EF9009006B080BD0000D1
:103C300080B584B00146029002980028019104D119
:103C4000FFE701208DF80F0019E00298032180F8AA
:103C500095140298006810F083F8002804D0FFE75C
:103C600001208DF80F000AE0029801F08FF8029809
:103C70004FF0000E80F895E48DF80FE0FFE79DF817
:103C80000F0004B080BD000080B584B001460390F1
:103C90000398D0F8E00402910DF0EEF9019004B021
:103CA00080BD000080B586B00A46034605908DF8B9
:103CB00013109DF8130000060028029201930CD502
:103CC000FFE705989DF8131001F00F0101EBC1010A
:103CD00000EB8100143003900CE005989DF8131060
:103CE00001F00F0101EBC10100EB810000F515703F
:103CF0000390FFE70598006803990FF029F98DF804
:103D000012009DF8120006B080BD000080B588B09A
:103D10000A46034606908DF817109DF81700000616
:103D20000028039202930FD5FFE706989DF817101D
:103D300001F00F0101EBC10100EB81001430049090
:103D40000498012141700FE006989DF8171001F0CA
:103D50000F0101EBC10100EB810000F5157004902B
:103D6000049800214170FFE79DF8170000F00F0054
:103D700004990870FFE7069890F89404012804D18C
:103D8000FFE702208DF81F0015E00698012180F85A
:103D90009414FFE7FFE70698006804990EF03CFBD7
:103DA0000190FFE70698002180F89414FFE70020B7
:103DB0008DF81F00FFE79DF81F0008B080BD0000D0
:103DC00080B588B00A46034606908DF817109DF816
:103DD000170000F00F0006990979884203920293B8
:103DE00004D9FFE701208DF81F004EE09DF8170071
:103DF000000600280FD5FFE706989DF8171001F080
:103E00000F0101EBC10100EB810014300490049814
:103E1000012141700FE006989DF8171001F00F0185
:103E200001EBC10100EB810000F5157004900498CE
:103E300000214170FFE70498002181709DF8170070
:103E400000F00F0004990870FFE7069890F89404BA
:103E5000012804D1FFE702208DF81F0015E0069825
:103E6000012180F89414FFE7FFE7069800680499A1
:103E70000EF0ACFD0190FFE70698002180F8941445
:103E8000FFE700208DF81F00FFE79DF81F0008B036
:103E900080BD000080B588B00A46034606908DF8C4
:103EA000171004920393FFE7069890F894040128F2
:103EB00004D1FFE702208DF81F0025E006980121BC
:103EC00080F89414FFE7FFE79DF81700000600282C
:103ED0000AD5FFE7069800689DF8171001F00F015A
:103EE0000FF012F9029005E0069800680FF0D0F884
:103EF0000190FFE7FFE70698002180F89414FFE7A0
:103F000000208DF81F00FFE79DF81F0008B080BD5E
:103F100084B00A46034603908DF80B1003989DF871
:103F20000B1001F00F0101EBC10100EB8100D0F893
:103F300068020192009304B070470000B0B58AB0E7
:103F40009C4696460C46054608908DF81F10ADF825
:103F50001C208DF81B3000208DF81A009DF81F00E2
:103F600000060028CDF810C0CDF80CE002940195B1
:103F70000FD5FFE708989DF81F1001F00F0101EB26
:103F8000C10100EB810014300590059801214170BA
:103F90000FE008989DF81F1001F00F0101EBC1011F
:103FA00000EB810000F51570059005980021417027
:103FB000FFE79DF81F0000F00F0005990870BDF89D
:103FC0001C006FF3DF20059988609DF81B000599A0
:103FD000087105984078002804D0FFE7059801781B
:103FE0004183FFE79DF81B00022804D1FFE70598F5
:103FF00000214171FFE7FFE7089890F89404012839
:1040000004D1FFE702208DF8270016E0089801216F
:1040100080F89414FFE7FFE70898006805990EF010
:10402000B1F80090FFE70898002180F89414FFE7AA
:104030009DF81A008DF82700FFE79DF827000AB0C9
:10404000B0BD0000B0B58CB09C4696460C46054607
:104050000B908DF82B10099208930B989DF82B105C
:1040600001F00F0101EBC10100EB810000F51570BB
:10407000079009980799C8600898079908610798F8
:1040800000214161079841709DF82B0000F00F005E
:10409000079908700B9880790128CDF818C0CDF8E1
:1040A00014E00494039504D1FFE709980799C861C7
:1040B000FFE70B980168079A80790290084611463D
:1040C000029A0EF033FD0021019008460CB0B0BDFD
:1040D00080B58AB00A46034608908DF81F109DF8F7
:1040E0001F0000F00F000899097988420592049397
:1040F00004D9FFE701208DF827005EE09DF81F003E
:10410000000600280FD5FFE708989DF81F1001F062
:104110000F0101EBC10100EB8100143006900698FD
:10412000012141700DE008989DF81F1001EBC101BD
:1041300000EB810000F51570069006980021417093
:10414000FFE70698012181709DF81F0000F00F0025
:1041500006990870FFE7089890F89404012804D1A4
:10416000FFE702208DF8270027E00898012180F85A
:104170009414FFE7FFE70898006806990EF07AFCB0
:104180009DF81F100907002903900CD1FFE708983C
:10419000016800F29C4280790290084602990EF074
:1041A000BBFB0190FFE7FFE70898002180F894141B
:1041B000FFE700208DF82700FFE79DF827000AB0F1
:1041C00080BD0000B0B58CB09C4696460C460546B6
:1041D0000B908DF82B10099208930B989DF82B10DB
:1041E00001F00F0101EBC10100EB810014300790D9
:1041F00009980799C86008980799086107980021ED
:1042000041610798012141709DF82B0000F00F00DB
:10421000079908700B9880790128CDF818C0CDF85F
:1042200014E00494039504D1FFE709980799C86145
:10423000FFE70B980168079A8079029008461146BB
:10424000029A0EF073FC0021019008460CB0B0BD3C
:1042500080B59CB001461B901B9800681A901A9874
:1042600019901B98006811910EF0BAFF002840F0D9
:104270002984FFE71B9800680FF066FB002802D135
:10428000FFE700F01FBC1998D0F80808C0F30D2014
:104290001B99C1F8D4041B9800680FF055FB10F06F
:1042A000020F07D0FFE71B980068416901F0020187
:1042B0004161FFE71B9800680FF046FB10F0100FFC
:1042C00065D0FFE71B980068816921F010018161CA
:1042D0001A98006A12901B98129901F00F0101EBD5
:1042E000C10100EB810000F515701890129800F4E0
:1042F000F0100221B1EB504F25D1FFE7BDF8480087
:1043000047F6F07108421DD0FFE71A981899C9685E
:10431000129AC2F30A120FF027FB129947F6F072B5
:104320001140DDF860E0DEF80C3003EB1111CEF83F
:104330000C1012991140189A536903EB1111516135
:104340001090FFE71CE0129800F4F0100621B1EB8A
:10435000504F13D1FFE71A981B9901F29C41082294
:104360000FF002FB129947F6F0721140189AD2F83A
:1043700014E00EEB111151610F9000E0FFE7FFE731
:104380001B980068816941F010018161FFE71B986B
:1043900000680FF0D9FA10F4002F00F0A380FFE7B7
:1043A000002014901B9800680FF072FA1690FFE737
:1043B0001698002800F09580FFE79DF85800C00788
:1043C000002800F08780FFE71B9800689DF85010D8
:1043D0000FF09EFA15901598C00700280DD0FFE742
:1043E0001998149900EB41100121C0F8081B1B9883
:1043F000149908F03FFF0E90FFE71598000700287A
:104400000DD5FFE71998149900EB41100821C0F869
:10441000081B1B98149908F0E1FE0D90FFE7159812
:10442000C006002808D5FFE71998149900EB411041
:104430001021C0F8081BFFE71598800700282DD52C
:10444000FFE71A98406910F0800F08D0FFE719982D
:10445000D0F8041841F48061C0F80418FFE71B98F5
:10446000149901EBC10100EB810000F51570189063
:104470001898C078012809D1FFE718980021C17069
:104480001B989DF8501000F033FBFFE71998149922
:1044900000EB41100221C0F8081BFFE715988006C9
:1044A000002808D5FFE71998149900EB4110202146
:1044B000C0F8081BFFE715988004002809D5FFE71E
:1044C0001998149900EB41104FF40051C0F8081BE3
:1044D000FFE7FFE7149801301490169840081690F3
:1044E00066E7FFE71B9800680FF02EFA10F4802FA4
:1044F00000F0CA80FFE71B9800680FF0B5F916902E
:1045000000201490FFE71698002800F0BC80FFE719
:104510009DF85800C007002800F0AE80FFE71B9808
:1045200000689DF850100FF0C7F915901598C00756
:10453000002845D0FFE7149800F00F00012101FA90
:1045400000F013901398199AD2F8343823EA000037
:10455000C2F834081998149A00EB4210C0F80819F0
:104560001B988079012825D1FFE71B98149901EB4E
:10457000C10100EB8100C169026A11440162149813
:10458000002816D1FFE71B98149901EBC10100EB3D
:104590008100406A00280CD1FFE71B98016800F2F7
:1045A0009C4201200C9008460C990EF0B5F90B9036
:1045B000FFE7FFE71B989DF85010FFF7FBFAFFE7B6
:1045C00015980007002808D5FFE71998149900EB03
:1045D00041100821C0F80819FFE71598C006002807
:1045E00008D5FFE71998149900EB41101021C0F885
:1045F0000819FFE715984006002808D5FFE7199825
:10460000149900EB41104021C0F80819FFE71598F4
:104610008007002824D5FFE71A9814990EF074FD3E
:104620001B99DDF850E00EEBCE0E01EB8E0114313C
:1046300018911899C97801290A9009D1FFE71898AB
:104640000021C1701B989DF8501000F03DFAFFE763
:104650001998149900EB41100221C0F80819FFE7DE
:1046600015980006002806D5FFE71B98149908F056
:10467000EFFE0990FFE7FFE71498013014901698B9
:10468000400816903FE7FFE71B9800680FF05CF9C1
:1046900010F0004F20D0FFE71998D0F8041821F04F
:1046A0000101C0F804181B9890F8CC04012808D127
:1046B000FFE71B98002180F8CC141B98FFF7FAF94C
:1046C00003E01B9800F010FCFFE71B9800684169AD
:1046D00001F000414161FFE71B9800680FF034F9D9
:1046E00010F4006F12D0FFE71998D0F8080810F006
:1046F000010F04D0FFE71B9800F0EEFCFFE71B98CA
:104700000068416901F400614161FFE71B9800689E
:104710000FF01AF910F4805F00F08C80FFE7199811
:10472000D0F8041821F00101C0F804181B980068A3
:1047300010210EF0E9FC002117910890FFE717986F
:104740001B990979884231D2FFE71998179900EB34
:1047500041104FF67F31C0F808191998179A00EBED
:104760004210D0F8002922F40012C0F8002919984C
:10477000179A00EB4210C0F8081B1998179900EB24
:104780004110D0F8001B21F40011C0F8001B19984B
:10479000179900EB4110D0F8001B41F00061C0F800
:1047A000001BFFE7179801301790C8E71998D0F859
:1047B0001C1841F00111C0F81C181B98C07B002880
:1047C0000FD0FFE71998D0F8841841F00B01C0F81A
:1047D00084181998D0F8441841F00B01C0F8441817
:1047E0000FE01998D0F8141842F22B021143C0F8C8
:1047F00014181998D0F8101841F00B01C0F81018CF
:10480000FFE71998D0F8001821F4FE61C0F80018ED
:104810001B98016800F29C4280790790084607992E
:104820000EF07AF81B9909684A6902F480524A61CD
:104830000690FFE71B9800680FF086F810F4005F01
:104840002CD0FFE71B9800680DF010FDDDF86CE040
:10485000DEF800E0059070460EF098FCDDF86CE0A4
:104860008EF807001B980068049000F095FDDDF8B5
:104870006CE09EF80720DDF810E003907046039985
:104880000FF086F91B990290084600F0FDFA1B987C
:104890000068416901F400514161FFE71B9800681D
:1048A0000FF052F810F0080F0CD0FFE71B9800F043
:1048B00029FB1B980068D0F814E00EF0080EC0F831
:1048C00014E0FFE71B9800680FF03EF810F0800F2F
:1048D00026D0FFE71A98816921F0800181610120CB
:1048E0001490FFE714981B990979884217D2FFE7C3
:1048F0001B98149901EBC10100EB810090F857025D
:10490000012807D1FFE71B989DF85010FFF7CAF95F
:104910000190FFE7FFE7149801301490E2E7FFE70A
:104920001B9800680FF010F810F4801F3CD0FFE7D0
:1049300001201490FFE714981B99097988422CD222
:10494000FFE71998149900EB4110D0F80009129074
:104950001B98149901EBC10100EB8100007E012836
:1049600016D1FFE71298C00F002811D0FFE71B985F
:10497000149901EBC10100EB81000121C1751B9865
:10498000149941F08001C9B2FFF78CF90090FFE75C
:10499000FFE7149801301490CDE71B980068416937
:1049A00001F480114161FFE71B9800680EF0CCFF15
:1049B00010F4001F55D0FFE701201490FFE7149872
:1049C0001B990979884245D2FFE71998149900EBA1
:1049D0004110D0F8000B12901B98149901EBC10103
:1049E00000EB810090F8580201282ED1FFE71298C1
:1049F000C00F002829D0FFE7129800F480301B99DF
:104A0000D1F8D41401F00101B1EB104F1DD1FFE733
:104A10001B98149901EBC10100EB8100012180F882
:104A200057121A98816941F0800181611A98406992
:104A300010F0800F08D1FFE71998D0F8041841F45E
:104A40000071C0F8041805E0FFE7FFE71498013093
:104A50001490B4E71B980068416901F400114161AA
:104A6000FFE71B9800680EF06FFF10F0804F0CD02E
:104A7000FFE71B98FFF790F81B980068D0F814E048
:104A80000EF0804EC0F814E0FFE71B9800680EF0AF
:104A90005BFF10F0040F14D0FFE71B98006840681C
:104AA000129012984007002804D5FFE71B98FFF7E3
:104AB000EBF8FFE712981B9909684A6810434860B1
:104AC000FFE7FFE71CB080BD80B586B00A4603460D
:104AD00005908DF813100598D0F8E0049DF8131098
:104AE000039202930CF0A0FB019006B080BD000081
:104AF00080B586B00A46034605908DF813100598D8
:104B0000D0F8E0049DF81310039202930CF0CEFB52
:104B1000019006B080BD000010B592B00146109023
:104B200010980028059104D1FFE701208DF8470077
:104B300027E1109800680F90109890F895040028CD
:104B400008D1FFE71098002180F89414109800F025
:104B50003DF9FFE71098032180F895140F98B0F104
:104B6000A04F04D1FFE7109800218171FFE7109852
:104B700000680DF08FFEDDF840E0DEF800109EF8D2
:104B800010208DF83420DEF80420DEF80830DEF83E
:104B90000CE0CDF830E00B930A920A9A0B9BDDF8FB
:104BA00030E0DDF834C06C46C4F800C0049008461C
:104BB00011461A4673460DF071FB002808D0FFE736
:104BC0001098022180F8951401208DF84700D8E054
:104BD0001098006800210EF02BFF002808D0FFE796
:104BE0001098022180F8951401208DF84700C8E044
:104BF00000208DF83B00FFE79DF83B0010990979F4
:104C0000884241DAFFE710989DF83B1001EBC101A3
:104C100000EB8100012141759DF83B00109900EBEC
:104C2000C00201EB820108759DF83B00109900EB72
:104C3000C00201EB8201C88510989DF83B1001EB82
:104C4000C10100EB81000021017610989DF83B2006
:104C500002EBC20200EB8200C16110989DF83B207C
:104C600002EBC20200EB8200016210989DF83B202B
:104C700002EBC20200EB82004162FFE79DF83B00BD
:104C800001308DF83B00B7E700208DF83B00FFE7CF
:104C90009DF83B001099097988423EDAFFE71098A9
:104CA0009DF83B1001EBC10100EB8100002180F871
:104CB00055129DF83B00109A00EBC00302EB8302F3
:104CC00082F8540210989DF83B2002EBC20200EBE0
:104CD000820080F8581210989DF83B2002EBC20227
:104CE00000EB8200C0F85C1210989DF83B2002EBAC
:104CF000C20200EB8200C0F8601210989DF83B20C1
:104D000002EBC20200EB8200C0F86412FFE79DF8DC
:104D10003B0001308DF83B00BAE710980168027C37
:104D20008DF8242042688368C06808900793069233
:104D30000698079A089BDDF824C0EE46CEF800C01E
:104D40000390084603990DF041FC002808D0FFE7C6
:104D50001098022180F8951401208DF8470010E08A
:104D60001098002141741098012280F89524109821
:104D7000006802910DF012FC02998DF84710019025
:104D8000FFE79DF8470012B010BD000080B582B06B
:104D90000146019001980068B0F1A04F009113D135
:104DA000FFE743F63400C4F20200016821F08001FD
:104DB00001600020C4F202004FF4C051FDF7DCFE98
:104DC0004320FEF72DFEFFE702B080BD80B58EB018
:104DD00001460D9000200C900B900A9009900890CD
:104DE0000D980068B0F1A04F05914AD1FFE7FFE7A9
:104DF0000020079043F63000C4F20200016841F041
:104E000001010160006800F001000790079804901C
:104E1000FFE74FF4C05008900220099000200A904C
:104E200003200B900A200C900020C4F2020008A975
:104E3000FDF7ECFFFFE743F63400C4F2020001681F
:104E400041F080010160FFE70020069043F6440036
:104E5000C4F20200016841F480410160006800F47E
:104E60008040069006980390FFE7FFE7432000216B
:104E700002900191019AFEF7EFFD0298FEF7DCFD2A
:104E8000FFE70EB080BD000080B586B001460590FA
:104E900001208DF813000598C0790028039104D1F2
:104EA000FFE700208DF813000CE00598C079022878
:104EB00004D1FFE701208DF8130002E0FCF778F839
:104EC000FFE7FFE70598D0F8E0049DF813100CF019
:104ED00025FB0599D1F8E014029008460CF084FAFD
:104EE000019006B080BD000080B584B001460390FB
:104EF0000398D0F8E00402910CF0D8FA019004B0C5
:104F000080BD000080B584B0014603900398D0F8BE
:104F1000E00402910CF0DEFA019004B080BD0000C4
:104F200080B586B00A46034604908DF80F100292B1
:104F30000193FFE7049890F89404012804D1FFE757
:104F400002208DF817001AE00498012180F89414CB
:104F5000FFE7FFE79DF80F00049948740498006884
:104F60009DF80F100EF0DCFD0090FFE70498002183
:104F700080F89414FFE700208DF81700FFE79DF8F4
:104F8000170006B080BD000080B584B001460390D4
:104F90000398D0F8E02400F29C4002901046029A58
:104FA000019111460CF0ECFA009004B080BD0000B5
:104FB00080B586B001460490049800680390029181
:104FC000FFE7049890F89404012804D1FFE7022039
:104FD0008DF817002DE00498012180F89414FFE764
:104FE000FFE70398C06810F0400F0BD0FFE704986C
:104FF000407B012806D1FFE70398816B41F48031A3
:105000008163FFE7049800680EF036F8DDF810E0E1
:10501000DEF800E0019070460DF0A8FA0090FFE77E
:105020000498002180F89414FFE700208DF8170001
:10503000FFE79DF8170006B080BD000080B588B07E
:10504000014606900698006805900491FFE70698CF
:1050500090F89404012804D1FFE702208DF81F0086
:1050600036E00698012180F89414FFE7FFE70698E0
:1050700000680DF00FFCDDF818E0DEF800E00390AA
:1050800070460DF08BFADDF818E0DEF800E0102134
:10509000029070460EF038F80599C96811F0400F7B
:1050A00001900BD0FFE70698407B012806D1FFE76F
:1050B0000598816B21F480318163FFE7FFE7069853
:1050C000002180F89414FFE700208DF81F00FFE70F
:1050D0009DF81F0008B080BD80B584B001460390E4
:1050E0000398D0F8E00402910CF0F4FA03990968EF
:1050F000D1F800EE4EF0010EC1F800EE0399C97A26
:105100000029019009D0FFE74EF61050CEF20000C2
:10511000016841F006010160FFE704B080BD0000B6
:1051200080B588B00A460346069005910698002887
:105130000392029304D1FFE701208DF81F0026E1BE
:10514000059843F60041C4F20201096801F0070125
:10515000884212D9FFE7059843F60041C4F20201E4
:105160000870086800F007000599884204D0FFE73E
:1051700001208DF81F000AE1FFE70698006880070C
:1051800000282AD5FFE7069800684007002809D5BF
:10519000FFE743F60800C4F20200016841F4E05161
:1051A0000160FFE7069800680007002809D5FFE7BF
:1051B00043F60800C4F20200016841F46041016056
:1051C000FFE743F60800C4F20200016821F0F00195
:1051D000069A926811430160FFE706980068C007CD
:1051E000002870D0FFE706984068012811D1FFE73A
:1051F00043F60000C4F20200006800F40030002111
:10520000B1EB504F04D1FFE701208DF81F00BEE045
:105210002CE006984068022805D0FFE70698406811
:10522000032811D1FFE743F60000C4F20200006832
:1052300000F000700021B1EB506F04D1FFE70120B6
:105240008DF81F00A3E010E043F60000C4F2020056
:10525000006800F002000021B1EB500F04D1FFE71D
:1052600001208DF81F0092E0FFE7FFE743F60800FA
:10527000C4F20200016821F00301069A526811434A
:105280000160FDF7CDFF0490FFE743F60800C4F28C
:105290000200006800F00C0006994968B0EB810F2D
:1052A00010D0FFE7FDF7BCFFDDF810E0A0EB0E002B
:1052B00041F2893E704504D3FFE703208DF81F00BB
:1052C00065E0E2E7FFE7059843F60041C4F202011A
:1052D000096801F00701884212D2FFE7059843F6FA
:1052E0000041C4F202010870086800F00700059947
:1052F000884204D0FFE701208DF81F0047E0FFE758
:1053000006980068400700280CD5FFE743F6080020
:10531000C4F20200016821F4E051069AD2681143F8
:105320000160FFE706980068000700280DD5FFE739
:1053300043F60800C4F20200016821F46041069AB5
:10534000126941EAC2010160FFE700F053F843F639
:10535000080EC4F2020EDEF800E0CEF3031E49F29E
:105360002411C0F6010111F80E10C84040F22001CE
:10537000C2F20001086040F20010C2F200000068B2
:10538000FEF710FA00218DF81F100190FFE79DF83D
:105390001F0008B080BD000040F22000C2F20000F3
:1053A0000068704780B5FFF7F7FF43F6080EC4F2B8
:1053B000020EDEF800E0CEF3822E49F23411C0F680
:1053C000010111F80E10C84080BD000080B5FFF744
:1053D000E3FF43F6080EC4F2020EDEF800E0CEF35F
:1053E000423E49F23411C0F6010111F80E10C840D6
:1053F00080BD000080B586B0002005900490039029
:10540000029043F60800C4F20200006800F00C00AD
:1054100001460028019108D0FFE7019804280AD02E
:10542000FFE7019808280CD04FE042F20040C0F29C
:10543000F40002904FE041F60030C0F2B700029055
:1054400049E043F60400C4F20200016801F03F01A4
:105450000591006810F4800F13D0FFE743F60400B5
:10546000C4F202000068C0F3881041F60031C0F2B7
:10547000B701A0FB0101059A0023FAF701FF049090
:1054800012E043F60400C4F202000068C0F3881082
:1054900042F20041C0F2F401A0FB0101059A002391
:1054A000FAF7EEFE0490FFE743F60400C4F20200B0
:1054B000006800F44030022101EBD03003900498E2
:1054C0000399B0FBF1F0029005E042F20040C0F217
:1054D000F4000290FFE7029806B080BD80B588B066
:1054E0000146069006980028019104D1FFE70120AB
:1054F0008DF81F006EE306980068C007002800F0D2
:10550000AB80FFE743F60800C4F20200006800F039
:105510000C00042813D0FFE743F60800C4F2020091
:10552000006800F00C0008281FD1FFE743F60400D4
:10553000C4F20200006810F4800F16D0FFE743F6B3
:105540000000C4F20200006800F400300021B1EB5A
:10555000504F09D0FFE706984068002804D1FFE7C4
:1055600001208DF81F0035E375E0FFE706984068DD
:10557000B0F5803F09D1FFE743F60000C4F2020016
:10558000016841F48031016020E006984068B0F580
:10559000A02F0DD1FFE743F60000C4F2020001681E
:1055A00041F480210160016841F4803101600CE028
:1055B00043F60000C4F20200016821F4803101606A
:1055C000016821F480210160FFE7FFE7FFE706980B
:1055D000406800281FD0FFE7FDF722FE0590FFE797
:1055E00043F60000C4F20200006800F4003000211D
:1055F000B1EB504F0ED1FFE7FDF712FEDDF814E0DE
:10560000A0EB0E00652804D3FFE703208DF81F00F0
:10561000E0E2E5E71EE0FDF703FE0590FFE743F655
:105620000000C4F20200006800F400300021B1EB79
:10563000504F0ED0FFE7FDF7F3FDDDF814E0A0EBCF
:105640000E00652804D3FFE703208DF81F00C1E298
:10565000E5E7FFE7FFE7FFE7069800688007002817
:1056600040F19B80FFE743F60800C4F202000068A7
:1056700010F00C0F13D0FFE743F60800C4F202004D
:10568000006800F00C0008282CD1FFE743F6040066
:10569000C4F20200006810F4800F23D1FFE743F644
:1056A0000000C4F20200006800F002000021B1EB2B
:1056B000500F09D0FFE70698C068012804D0FFE723
:1056C00001208DF81F0085E243F60000C4F20200BD
:1056D000016821F0F801069A126941EAC2010160ED
:1056E000FFE759E00698C068002830D0FFE70020A7
:1056F000C4F2472001210160FDF792FD0590FFE70C
:1057000043F60000C4F20200006800F0020000212D
:10571000B1EB500F0ED1FFE7FDF782FDDDF814E08D
:10572000A0EB0E00032804D3FFE703208DF81F0031
:1057300050E2E5E743F60000C4F20200016821F000
:10574000F801069A126941EAC201016023E00020D3
:10575000C4F2472000210160FDF762FD0590FFE7DC
:1057600043F60000C4F20200006800F002000021CD
:10577000B1EB500F0ED0FFE7FDF752FDDDF814E05E
:10578000A0EB0E00032804D3FFE703208DF81F00D1
:1057900020E2E5E7FFE7FFE7FFE70698006800077C
:1057A000002850D5FFE706984069002825D0FFE77C
:1057B00040F68060C4F2472001210160FDF730FD12
:1057C0000590FFE743F67400C4F20200006800F0A1
:1057D00002000021B1EB500F0ED1FFE7FDF720FDD5
:1057E000DDF814E0A0EB0E00032804D3FFE703204C
:1057F0008DF81F00EEE1E5E724E040F68060C4F29A
:10580000472000210160FDF70BFD0590FFE743F6FF
:105810007400C4F20200006800F002000021B1EB45
:10582000500F0ED0FFE7FDF7FBFCDDF814E0A0EB16
:105830000E00032804D3FFE703208DF81F00C9E101
:10584000E5E7FFE7FFE7069800684007002840F11A
:10585000D680FFE700208DF80F0043F64000C4F229
:105860000200006810F0805F16D1FFE7FFE700201C
:10587000029043F64000C4F20200016841F08051FA
:105880000160006800F08050029002980090FFE7ED
:1058900001208DF80F00FFE747F20000C4F200007E
:1058A000006810F4807F24D1FFE747F20000C4F2C3
:1058B0000000016841F480710160FDF7B1FC0590C2
:1058C000FFE747F20000C4F20000006810F4807F98
:1058D0000ED1FFE7FDF7A4FCDDF814E0A0EB0E000D
:1058E000032804D3FFE703208DF81F0072E1E8E7E7
:1058F000FFE7FFE706988068012809D1FFE743F634
:105900007000C4F20200016841F0010101601FE073
:105910000698806805280DD1FFE743F67000C4F2B1
:105920000200016841F004010160016841F00101D9
:1059300001600CE043F67000C4F20200016821F03F
:1059400001010160016821F004010160FFE7FFE748
:10595000FFE706988068002821D0FFE7FDF760FC8C
:105960000590FFE743F67000C4F20200006800F003
:1059700002000021B1EB500F10D1FFE7FDF750FC02
:10598000DDF814E0A0EB0E0041F2893E704504D32F
:10599000FFE703208DF81F001CE1E3E720E0FDF79F
:1059A0003FFC0590FFE743F67000C4F20200006878
:1059B00000F002000021B1EB500F10D0FFE7FDF71F
:1059C0002FFCDDF814E0A0EB0E0041F2893E70459B
:1059D00004D3FFE703208DF81F00FBE0E3E7FFE7B8
:1059E0009DF80F00012809D1FFE743F64000C4F2FB
:1059F0000200016821F080510160FFE7FFE706988F
:105A00008069002800F0E280FFE743F60800C4F256
:105A10000200006800F00C00082800F08B80FFE70F
:105A200006988069022860D1FFE76020C4F2472011
:105A300000210160FDF7F4FB0590FFE743F600004D
:105A4000C4F20200006800F000700021B1EB506F5A
:105A50000ED0FFE7FDF7E4FBDDF814E0A0EB0E004D
:105A6000032804D3FFE703208DF81F00B2E0E5E729
:105A70000698C169026A436AD0F828C0114341EA16
:105A800083114FEACC324FF6FF739A43A2F580326E
:105A90001143C06A41EA006043F60401C4F2020106
:105AA00008606020C4F2472001210160FDF7B8FBC7
:105AB0000590FFE743F60000C4F20200006800F022
:105AC00000700021B1EB506F0ED1FFE7FDF7A8FB8E
:105AD000DDF814E0A0EB0E00032804D3FFE7032059
:105AE0008DF81F0076E0E5E723E06020C4F2472050
:105AF00000210160FDF794FB0590FFE743F60000ED
:105B0000C4F20200006800F000700021B1EB506F99
:105B10000ED0FFE7FDF784FBDDF814E0A0EB0E00EC
:105B2000032804D3FFE703208DF81F0052E0E5E7C8
:105B3000FFE74AE006988069012804D1FFE70120C9
:105B40008DF81F0046E043F60400C4F2020000682E
:105B5000049006988069012831D0FFE7049800F48A
:105B600080000699C969884229D1FFE7049800F0AE
:105B70003F000699096A884221D1FFE7049847F659
:105B8000C07108400699496AB0EB811F17D1FFE741
:105B9000049800F440300699896AC9034FF6FF72F1
:105BA0009143A1F58031884209D1FFE7049800F0C4
:105BB00070600699C96AB0EB016F04D0FFE701205D
:105BC0008DF81F0006E0FFE7FFE7FFE700208DF8F4
:105BD0001F00FFE79DF81F0008B080BD80B584B0AE
:105BE0000146029002980028019104D1FFE70120AC
:105BF0008DF80F0072E00298406A00280CD1FFE790
:105C000002984068B0F5827F01D1FFE703E0029877
:105C10000021C161FFE705E00298002101610298BF
:105C20004161FFE7029800218162029890F85100DB
:105C3000002808D1FFE70298002180F85010029850
:105C400000F050F8FFE70298022180F85110029806
:105C50000068016821F04001016002980168426813
:105C60008368D0F80CC002F4827203F404431A4330
:105C70000CF400631A43036903F002031A434369F7
:105C800003F001031A43836903F400731A43C369E1
:105C900003F038031A43036A03F080031A43806A4F
:105CA00000F40050104308600298418B01F0040199
:105CB0000268406A00F010000843506002980068D3
:105CC000C16921F40061C161029800214165029817
:105CD000012280F851208DF80F10FFE79DF80F008A
:105CE00004B080BD80B592B00146119000201090A4
:105CF0000F900E900D900C901198006843F20002E6
:105D0000C4F201029042089140F0C380FFE7FFE730
:105D100000200B9043F64400C4F20200016841F4F5
:105D200080510160006800F480500B900B98079040
:105D3000FFE7FFE700200A9043F63000C4F20200BC
:105D4000016841F002010160006800F002000A9061
:105D50000A980690FFE7FFE70020099043F630001D
:105D6000C4F20200016841F001010160006800F026
:105D70000100099009980590FFE718200C90022077
:105D80000D9001210E9103220F920523109340F2F2
:105D9000004CC4F2020C0DF1300E049060460391E9
:105DA0007146CDF808E001930092FDF72FF88020AE
:105DB0000C9004980D9003990E91009A0F92019BFC
:105DC00010930020C4F202000299FDF71FF842F27E
:105DD000F420C2F2000046F24041C4F20201016028
:105DE0004FF0C061416000218160C1604FF480626A
:105DF000026141618161C1614FF44032026204225B
:105E00004262009A8262C1620163FCF7E9FB0028EA
:105E100003D0FFE7FBF7CCF8FFE7FFE7119842F26A
:105E2000F421C2F20001C16411988863FFE742F2D5
:105E30005430C2F2000046F25841C4F2020101603F
:105E40004FF0C0614160402181600021C1604FF48A
:105E50008062026141618161C1614FF4003202627E
:105E60000422426203228262C1620163FCF7B8FB32
:105E7000002803D0FFE7FBF79BF8FFE7FFE7119847
:105E800042F25431C2F20001816411988863FFE745
:105E9000FFE712B080BD000080B582B001460190DE
:105EA0000198009107F096FB02B080BD80B582B0EA
:105EB00001468DF8070000208DF8060040F2FC0036
:105EC000C2F2000000789DF807209042009121D096
:105ED000FFE740F2FC00C2F2000001788DF80510E7
:105EE0009DF80710017040F20010C2F20000006837
:105EF000FDF758FC8DF806009DF80600002808D034
:105F0000FFE79DF8050040F2FC01C2F200010870B5
:105F1000FFE7FFE79DF8060002B080BD82B00146B2
:105F20000190009102B0704782B00146019000914B
:105F300002B0704782B001460190009102B07047F4
:105F400086B00A4603460490039100200290019215
:105F50000093FFE7049890F83C00012804D1FFE784
:105F600002208DF8170044E00498012180F83C10CD
:105F7000FFE7FFE7029820F0FF000399C968084394
:105F80000290029820F440700399896808430290B7
:105F9000029820F4806003994968084302900298AF
:105FA00020F400600399096808430290029820F4E5
:105FB00080500399096908430290029820F4005028
:105FC0000399496908430290029820F4804003999C
:105FD000C969084302900298049909684864FFE778
:105FE0000498002180F83C10FFE700208DF817008E
:105FF000FFE79DF8170006B07047000080B587B036
:1060000013468C4686460590049103920293CDF880
:1060100004C0CDF800E0FFE7059890F83C000128A7
:1060200004D1FFE702208DF81B005FE005980121F5
:1060300080F83C10FFE7FFE7049800280CD0FFE74A
:106040000498102808D0FFE70498202804D0FFE720
:10605000049830280DD1FFE705980068816821F089
:10606000700181600498059909688A681043886006
:10607000FFE705980068416841F00101416005981B
:106080000068416821F0040141600398059909689E
:106090004A68104348600598406B4DF65901C0F6B8
:1060A0000001C1630598406B4DF67D01C0F600010B
:1060B00001640598406B4DF66551C0F60001C1645E
:1060C00005980068C16821F02001C160059800684A
:1060D000C16841F40051C160FFE70598002180F8D4
:1060E0003C10FFE700208DF81B00FFE79DF81B0028
:1060F00007B080BD87B00A4603460590049101921F
:106100000093FFE7059890F83C00012804D1FFE7D1
:1061100002208DF81B007EE00598012180F83C10DC
:10612000FFE7FFE70598022180F83D100598006819
:10613000406803900598006880680290039820F0FA
:106140007000039004980068039908430390039833
:10615000059909684860059800680021C4F20101AA
:1061600088423CD0FFE705980068B0F1804F36D0F8
:10617000FFE70598006840F20041C4F20001884240
:106180002DD0FFE70598006840F60001C4F2000139
:10619000884224D0FFE70598006840F60041C4F229
:1061A000000188421BD0FFE70598006840F20041DB
:1061B000C4F20101884212D0FFE70598006844F25A
:1061C0000001C4F20101884209D0FFE70598006888
:1061D00041F60001C4F2000188420ED1FFE70298A7
:1061E00020F08000029004984068029908430290D1
:1061F0000298059909688860FFE70598012180F8F1
:106200003D10FFE70598002180F83C10FFE70020D3
:106210008DF81B00FFE79DF81B0007B070470000DA
:1062200080B584B00146029002980028019104D103
:10623000FFE701208DF80F0043E0029890F83D0041
:10624000002808D1FFE70298002180F83C1002984E
:1062500000F03CF8FFE70298022180F83D10029818
:1062600050F8041B00900846009907F019FB0298AB
:10627000012180F84610FFE70298012180F83E10C6
:10628000029880F83F10029880F84010029880F839
:106290004110FFE7FFE70298012180F842100298C1
:1062A00080F84310029880F84410029880F8451056
:1062B000FFE70298012180F83D1000208DF80F00C3
:1062C000FFE79DF80F0004B080BD000080B58EB0E0
:1062D00001460D900D9800680022C4F20102904220
:1062E000079113D1FFE7FFE700200C9043F644002D
:1062F000C4F20200016841F001010160006800F091
:1063000001000C900C980690FFE785E00D9800685E
:1063100040F20041C4F20001884213D1FFE7FFE7D9
:1063200000200B9043F64000C4F20200016841F0E7
:1063300002010160006800F002000B900B980590CC
:10634000FFE768E00D98006840F60001C4F2000124
:1063500088421CD1FFE7FFE700200A9043F6400087
:10636000C4F20200016841F004010160006800F01D
:1063700004000A900A980490FFE71E2001210022E1
:106380000390FDF769FB0398FDF756FB42E00D987B
:10639000006840F60041C4F2000188421CD1FFE7CA
:1063A000FFE70020099043F64000C4F202000168B4
:1063B00041F008010160006800F0080009900998A8
:1063C0000290FFE73220012100220190FDF744FBFB
:1063D0000198FDF731FB1CE00D98006844F2004184
:1063E000C4F20101884213D1FFE7FFE700200890C3
:1063F00043F64400C4F20200016841F40031016038
:10640000006800F40030089008980090FFE7FFE76C
:10641000FFE7FFE7FFE7FFE70EB080BD80B58AB07A
:1064200013468C46864608900791ADF81A200898C6
:1064300090F83D0002280493CDF80CC0CDF808E098
:1064400004D1FFE702208DF82700ACE0089890F80F
:106450003D00012813D1FFE70798002805D0FFE78A
:10646000BDF81A00002804D1FFE701208DF82700AD
:1064700099E00898022180F83D10FFE703E0012031
:106480008DF827008FE0FFE70898006A4DF6096154
:10649000C0F60001C1630898006A4DF63961C0F684
:1064A000000101640898006A4DF66551C0F60001CC
:1064B000C16408980168006A079A2C31BDF81A3047
:1064C00001911146019AFCF7C1FA002804D0FFE7B8
:1064D00001208DF8270066E008980068C16841F443
:1064E0008071C160089800680021C4F201018842EF
:1064F0003CD0FFE708980068B0F1804F36D0FFE746
:106500000898006840F20041C4F2000188422DD092
:10651000FFE70898006840F60001C4F200018842D5
:1065200024D0FFE70898006840F60041C4F200015B
:1065300088421BD0FFE70898006840F20041C4F28F
:106540000101884212D0FFE70898006844F2000178
:10655000C4F20101884209D0FFE70898006841F6BB
:106560000001C4F20001884212D1FFE708980068D8
:10657000806800F0070005900598062807D0FFE71F
:1065800008980068016841F001010160FFE706E03A
:1065900008980068016841F001010160FFE70020F0
:1065A0008DF82700FFE79DF827000AB080BD0000A6
:1065B00084B001460290029890F83D0001280091B5
:1065C00004D0FFE701208DF80F006AE00298022155
:1065D00080F83D1002980068C16841F00101C16077
:1065E000029800680021C4F2010188423CD0FFE714
:1065F00002980068B0F1804F36D0FFE7029800683B
:1066000040F20041C4F2000188422DD0FFE7029819
:10661000006840F60001C4F20001884224D0FFE780
:106620000298006840F60041C4F2000188421BD085
:10663000FFE70298006840F20041C4F2010188427D
:1066400012D0FFE70298006844F20001C4F2010191
:10665000884209D0FFE70298006841F60001C4F2C1
:106660000001884212D1FFE702980068806800F0BC
:10667000070001900198062807D0FFE702980068FC
:10668000016841F001010160FFE706E0029800683F
:10669000016841F001010160FFE700208DF80F0063
:1066A000FFE79DF80F0004B07047000080B58EB082
:1066B0000A4603460C900B9100208DF82B0008929F
:1066C0000793FFE70C9890F83C00012804D1FFE7FE
:1066D00002208DF83700BBE00C98012180F83C10B7
:1066E000FFE7FFE70C98022180F83D100C98006846
:1066F00080680990099820F077000990099820F4A3
:106700007F40099009980C99096888600B98006887
:106710000028069000F08280FFE7069810287DD0C0
:10672000FFE70698202879D0FFE70698302875D033
:10673000FFE70698402861D0FFE7069850283DD033
:10674000FFE70698602849D0FFE7069870280BD02D
:10675000FFE70698B0F5805F05D0FFE70698B0F533
:10676000005F19D061E064E00C9800680B994A68FA
:106770008B68C96805911946059B07F091FB0C9839
:10678000006880680990099840F07700099009989E
:106790000C99096888604CE00C9800680B994A686D
:1067A0008B68C96804911946049B07F079FB0C9823
:1067B0000068816841F4804181603AE00C9800688B
:1067C0000B994A68C96803911146039A07F024FFA0
:1067D0000C980068502107F089FB2AE00C980068AB
:1067E0000B994A68C96802911146029A07F0DEFFC8
:1067F0000C980068602107F079FB1AE00C9800689B
:106800000B994A68C96801911146019A07F004FF83
:106810000C980068402107F069FB0AE00C980068BA
:106820000B99096807F062FB03E001208DF82B004B
:10683000FFE70C98012180F83D10FFE70C9800213C
:1068400080F83C10FFE79DF82B008DF83700FFE73C
:106850009DF837000EB080BD80B58CB013468C46D5
:1068600086460A900991089200208DF81F00069331
:10687000CDF814C0CDF810E0FFE70A9890F83C007E
:10688000012804D1FFE702208DF82F00B1E00A981B
:10689000012180F83C10FFE7FFE70A98022180F809
:1068A0003D10099840680028039004D0FFE7039842
:1068B000012807D025E00A980068816821F47F410B
:1068C000816022E00998C06800280ED0FFE70A988E
:1068D000012180F83D10FFE70A98002180F83C1064
:1068E000FFE701208DF82F0083E00A9800680999DE
:1068F0008A68CB68096902911946029B07F0D0FAB1
:1069000003E001208DF81F00FFE79DF81F0000281D
:1069100060D1FFE708980C28019059D80199DFE869
:1069200001F0075757571B5757572F5757574300D3
:1069300009980068002807D0FFE70A980068816975
:1069400041F08001816106E00A980068816921F0C8
:1069500080018161FFE73CE009980068002807D0CA
:10696000FFE70A980068816941F40041816106E00F
:106970000A980068816921F400418161FFE728E0FD
:1069800009980068002807D0FFE70A980068C169E5
:1069900041F08001C16106E00A980068C16921F0F8
:1069A0008001C161FFE714E009980068002807D062
:1069B000FFE70A980068C16941F40041C16106E03F
:1069C0000A980068C16921F40041C161FFE700E055
:1069D000FFE7FFE70A98012180F83D10FFE70A98DA
:1069E000002180F83C10FFE79DF81F008DF82F0074
:1069F000FFE79DF82F000CB080BD0000F0B58DB012
:106A0000DDF84CC0DDF848E01C4615460E4607464A
:106A10000B900A910992089300208DF81F000B98A3
:106A200090F8460002280694059504960397CDF841
:106A300008C0CDF804E004D1FFE702208DF8330050
:106A40005FE10B9890F84600012812D1FFE7089803
:106A5000002808D1FFE71298002804D0FFE70120A2
:106A60008DF833004DE10B98022180F84610FFE7C6
:106A700000E0FFE7FFE70998B0F5807F009022D0A3
:106A8000FFE70098B0F5007F42D0FFE70098B0F52F
:106A9000806F62D0FFE70098B0F5006F00F0828051
:106AA000FFE70098B0F5805F00F0A180FFE7009855
:106AB000B0F5005F00F0C080FFE70098B0F5804FB0
:106AC00000F0DF8002E10B98006A4DF60961C0F624
:106AD0000001C1630B98006A4DF63961C0F60001F0
:106AE00001640B98006A4DF66551C0F60001C1645F
:106AF0000B980168006A4C31089A139BFBF7A6FFBC
:106B0000002804D0FFE701208DF83300F9E0E1E030
:106B10000B98406A4DF6BD21C0F60001C1630B9889
:106B2000406A4DF6A131C0F6000101640B98406A3D
:106B30004DF66551C0F60001C1640B980168406ACA
:106B40004C31089A139BFBF781FF002804D0FFE724
:106B500001208DF83300D4E0BCE00B98806A4DF63C
:106B6000BD21C0F60001C1630B98806A4DF6A131CA
:106B7000C0F6000101640B98806A4DF66551C0F6BD
:106B80000001C1640B980168806A4C31089A139B1C
:106B9000FBF75CFF002804D0FFE701208DF83300ED
:106BA000AFE097E00B98C06A4DF6BD21C0F600013A
:106BB000C1630B98C06A4DF6A131C0F600010164B3
:106BC0000B98C06A4DF66551C0F60001C1640B9880
:106BD0000168C06A4C31089A139BFBF737FF002805
:106BE00004D0FFE701208DF833008AE072E00B98B3
:106BF000006B4DF6BD21C0F60001C1630B98006B20
:106C00004DF6A131C0F6000101640B98006B4DF602
:106C10006551C0F60001C1640B980168006B4C31EE
:106C2000089A139BFBF712FF002804D0FFE701200E
:106C30008DF8330065E04DE00B98406B4DF659013F
:106C4000C0F60001C1630B98406B4DF67D01C0F6A4
:106C5000000101640B98406B4DF66551C0F60001D0
:106C6000C1640B980168406B4C31089A139BFBF789
:106C7000EDFE002804D0FFE701208DF8330040E04E
:106C800028E00B98806B4DF65561C0F60001C1639A
:106C90000B98806B4DF68561C0F6000101640B987E
:106CA000806B4DF66551C0F60001C1640B98016818
:106CB000806B4C31089A139BFBF7C8FE002804D068
:106CC000FFE701208DF833001BE003E001208DF881
:106CD0001F00FFE79DF81F0000280DD1FFE70A986D
:106CE000129908430B990968886409980B990968F7
:106CF000CA681043C860FFE79DF81F008DF8330095
:106D0000FFE79DF833000DB0F0BD0000F0B595B081
:106D1000DDF86CC0DDF868E01C4615460E460746F7
:106D2000139012911192109300208DF83F00139848
:106D300090F8460002280E940D950C960B97CDF80E
:106D400028C0CDF824E004D1FFE702208DF85300DD
:106D500074E1139890F84600012812D1FFE71098CB
:106D6000002808D1FFE71A98002804D0FFE7012087
:106D70008DF8530062E11398022180F84610FFE776
:106D800000E0FFE7FFE71198B0F5807F089022D080
:106D9000FFE70898B0F5007F45D0FFE70898B0F509
:106DA000806F68D0FFE70898B0F5006F00F08B8027
:106DB000FFE70898B0F5805F00F0AD80FFE7089826
:106DC000B0F5005F00F0CF80FFE70898B0F5804F86
:106DD00000F0F18017E11398006A4DF60961C0F6E2
:106DE0000001C1631398006A4DF63961C0F60001D5
:106DF00001641398006A4DF66551C0F60001C16444
:106E000013980168006A109A4C311B9B0791114638
:106E1000079AFBF71BFE002804D0FFE701208DF83E
:106E200053000BE1F3E01398406A4DF61D41C0F6A4
:106E30000001C1631398406A4DF6E941C0F60001B4
:106E400001641398406A4DF66551C0F60001C164B3
:106E500013980168406A109A4C311B9B06911146A9
:106E6000069AFBF7F3FD002804D0FFE701208DF818
:106E70005300E3E0CBE01398806A4DF61D41C0F665
:106E80000001C1631398806A4DF6E941C0F6000124
:106E900001641398806A4DF66551C0F60001C16423
:106EA00013980168806A109A4C311B9B059111461A
:106EB000059AFBF7CBFD002804D0FFE701208DF8F1
:106EC0005300BBE0A3E01398C06A4DF61D41C0F625
:106ED0000001C1631398C06A4DF6E941C0F6000194
:106EE00001641398C06A4DF66551C0F60001C16493
:106EF00013980168C06A109A4C311B9B049111468B
:106F0000049AFBF7A3FD002804D0FFE701208DF8C9
:106F1000530093E07BE01398006B4DF61D41C0F6E3
:106F20000001C1631398006B4DF6E941C0F6000102
:106F300001641398006B4DF66551C0F60001C16401
:106F400013980168006B109A4C311B9B03911146FA
:106F5000039AFBF77BFD002804D0FFE701208DF8A2
:106F600053006BE053E01398406B4DF65901C0F6A7
:106F70000001C1631398406B4DF67D01C0F600011E
:106F800001641398406B4DF66551C0F60001C16471
:106F900013980168406B109A4C311B9B029111466B
:106FA000029AFBF753FD002804D0FFE701208DF87B
:106FB000530043E02BE01398806B4DF65561C0F60B
:106FC0000001C1631398806B4DF68561C0F6000126
:106FD00001641398806B4DF66551C0F60001C164E1
:106FE00013980168806B109A4C311B9B01911146DC
:106FF000019AFBF72BFD002804D0FFE701208DF854
:1070000053001BE003E001208DF83F00FFE79DF8EF
:107010003F0000280DD1FFE712981A9908431399F1
:1070200009688864119813990968CA681043C86090
:10703000FFE79DF83F008DF85300FFE79DF85300F0
:1070400015B0F0BD2DE9F0438DB0DDF850C09E467F
:1070500014460D4606460C900B910A9209930C9823
:107060000B990A9A099B149F4FF0010808EB172807
:10707000E946C9F80480C9F80070CDF81CE0069410
:1070800005950496CDF80CC0FFF7B8FC8DF82300E9
:107090009DF823000DB0BDE8F08300002DE9F0431A
:1070A0008DB0DDF850C09E4614460D4606460C9045
:1070B0000B910A9209930C980B990A9A099B149FB9
:1070C0004FF0010808EB1728E946C9F80480C9F811
:1070D0000070CDF81CE0069405950496CDF80CC020
:1070E000FFF714FE8DF823009DF823000DB0BDE8D6
:1070F000F083000080B58AB00A46034608900791E5
:10710000089800280392029304D1FFE701208DF82C
:1071100027008CE0089890F83D00002808D1FFE790
:107120000898002180F83C10089800F085F8FFE7E7
:107130000898022180F83D1008980068816844F2A0
:10714000070291438160089850F8041B019008469B
:10715000019906F0A5FB08980068806806900898D9
:1071600000688069059008980068006A0490079894
:107170000068069908430690059840F20331884359
:10718000059007988168806941EA002005990843C5
:107190000590059840F60C418843059005984FF2FC
:1071A000F001884305900798C168C06941EA002052
:1071B00005990843059007980169006A090141EAA9
:1071C0000030059908430590049820F022000490AF
:1071D000049820F08800049007984168406941EACB
:1071E000001004990843049006980899096888607B
:1071F00005980899096888610498089909680862DF
:107200000898012180F84610089880F83E100898E8
:1072100080F83F10089880F84210089880F84310D2
:10722000089880F83D1000208DF82700FFE79DF8B2
:1072300027000AB080BD000082B001460190009195
:1072400002B0704780B588B00A46034606900591A3
:10725000069890F83E008DF81300069890F83F00CD
:107260008DF81200069890F842008DF811000698EB
:1072700090F843008DF810000598002803920293BF
:1072800017D1FFE79DF81300012805D1FFE79DF80E
:107290001100012804D0FFE701208DF81F007AE0DB
:1072A0000698022180F83E10069880F84210FFE709
:1072B00042E00598042817D1FFE79DF81200012845
:1072C00005D1FFE79DF81000012804D0FFE7012059
:1072D0008DF81F005FE00698022180F83F100698A5
:1072E00080F84310FFE726E09DF8130001280FD136
:1072F000FFE79DF8120001280AD1FFE79DF8110071
:10730000012805D1FFE79DF81000012804D0FFE710
:1073100001208DF81F003EE00698022180F83E1003
:10732000069880F83F10069880F84210069880F87A
:107330004310FFE7FFE7FFE705980028019004D01E
:10734000FFE70198042807D00DE0069800680021A7
:10735000012206F08DFB14E006980068042101224A
:1073600006F086FB0DE006980068002101220092DD
:1073700006F07EFB069800680421009A06F078FB70
:10738000FFE706980068016841F0010101600020F4
:107390008DF81F00FFE79DF81F0008B080BD0000BA
:1073A00070B58EB0DDF848C09E4614460D460646C0
:1073B0000C900B910A920993ADF822C00C9890F8AA
:1073C0003E008DF821000C9890F83F008DF82000C9
:1073D0000C9890F842008DF81F000C9890F843002C
:1073E0008DF81E000B980028CDF818E00594049540
:1073F000039634D1FFE79DF82100022805D0FFE76E
:107400009DF81F00022804D1FFE702208DF8370005
:1074100097E19DF8210001281BD1FFE79DF81F008F
:10742000012816D1FFE70A98002805D0FFE7BDF82C
:107430002200002804D1FFE701208DF8370080E109
:107440000C98022180F83E100C9880F84210FFE75B
:1074500003E001208DF8370073E1FFE78AE00B9825
:10746000042834D1FFE79DF82000022805D0FFE76B
:107470009DF81E00022804D1FFE702208DF8370096
:107480005FE19DF8200001281BD1FFE79DF81E0059
:10749000012816D1FFE70998002805D0FFE7BDF8BD
:1074A0002200002804D1FFE701208DF8370048E1D1
:1074B0000C98022180F83F100C9880F84310FFE7E9
:1074C00003E001208DF837003BE1FFE751E09DF834
:1074D000210002280FD0FFE79DF8200002280AD0E3
:1074E000FFE79DF81F00022805D0FFE79DF81E006A
:1074F000022804D1FFE702208DF8370021E19DF832
:10750000210001282FD1FFE79DF8200001282AD172
:10751000FFE79DF81F00012825D1FFE79DF81E0019
:10752000012820D1FFE70A98002809D0FFE7099831
:10753000002805D0FFE7BDF82200002804D1FFE7AE
:1075400001208DF83700FCE00C98022180F83E10F5
:107550000C9880F83F100C9880F842100C9880F836
:107560004310FFE703E001208DF83700E9E0FFE773
:10757000FFE7FFE70B980028029004D0FFE702988E
:10758000042838D06FE00C98406A4DF6BD21C0F653
:107590000001C1630C98406A4DF6A131C0F60001AC
:1075A00001640C98406A4DF66551C0F60001C16453
:1075B0000C980168406A34310A9ABDF82230FBF712
:1075C00045FA002804D0FFE701208DF83700B8E025
:1075D0000C980068C16841F40071C1600C980068A3
:1075E0000021012206F044FA0C980068016841F07D
:1075F00001010160A1E00C98806A4DF6BD21C0F642
:107600000001C1630C98806A4DF6A131C0F60001FB
:1076100001640C98806A4DF66551C0F60001C164A2
:107620000C980168806A3831099ABDF82230FBF75E
:107630000DFA002804D0FFE701208DF8370080E024
:107640000C980068C16841F48061C1600C980068C2
:107650000421012206F00CFA0C980068016841F040
:107660000101016069E00C98406A4DF6BD21C0F649
:107670000001C1630C98406A4DF6A131C0F60001CB
:1076800001640C98406A4DF66551C0F60001C16472
:107690000C980168406A34310A9ABDF82230FBF731
:1076A000D5F9002804D0FFE701208DF8370048E025
:1076B0000C98806A4DF6BD21C0F60001C1630C989C
:1076C000806A4DF6A131C0F6000101640C98806A11
:1076D0004DF66551C0F60001C1640C980168806ADE
:1076E0003831099ABDF82230FBF7B0F9002804D0F0
:1076F000FFE701208DF8370023E00C980068C1688F
:1077000041F40071C1600C980068C16841F4806167
:10771000C1600C98006800210122019206F0A8F9CE
:107720000C9800680421019A06F0A2F90C980068F0
:10773000016841F001010160FFE700208DF837008A
:10774000FFE79DF837000EB070BD000080B588B02F
:107750000A46034606900591069890F83E008DF87B
:107760001300069890F83F008DF81200069890F8E4
:1077700042008DF81100069890F843008DF8100033
:10778000059800280392029317D1FFE79DF8130094
:10779000012805D1FFE79DF81100012804D0FFE77B
:1077A00001208DF81F0092E00698022180F83E101B
:1077B000069880F84210FFE742E00598042817D1A8
:1077C000FFE79DF81200012805D1FFE79DF81000A2
:1077D000012804D0FFE701208DF81F0077E006980C
:1077E000022180F83F10069880F84310FFE726E05A
:1077F0009DF8130001280FD1FFE79DF81200012822
:107800000AD1FFE79DF81100012805D1FFE79DF897
:107810001000012804D0FFE701208DF81F0056E07A
:107820000698022180F83E10069880F83F100698CE
:1078300080F84210069880F84310FFE7FFE7FFE763
:1078400005980028019004D0FFE7019804280DD086
:1078500019E0069800680021012206F009F906984F
:107860000068C16841F00201C16026E00698006826
:107870000421012206F0FCF806980068C16841F076
:107880000401C16019E006980068002101220092FD
:1078900006F0EEF8069800680421009A06F0E8F871
:1078A00006980068C16841F00201C160069800684E
:1078B000C16841F00401C160FFE7069800680168F3
:1078C00041F00101016000208DF81F00FFE79DF8E5
:1078D0001F0008B080BD000080B58EB00A46034688
:1078E0000D900C910C9800280B920A93099004D0EB
:1078F000FFE70998042808D00EE00D9800680021E1
:107900000891089A06F0B4F814E00D980068042174
:10791000002206F0ADF80DE00D98006800210791F7
:10792000079A06F0A5F80D9800680421079A06F05A
:107930009FF8FFE7FFE70D980068006A41F2111118
:10794000084210D1FFE70D980068006A40F24441F8
:10795000084207D1FFE70D980068016821F0010196
:107960000160FFE7FFE7FFE70C98002804D0FFE77E
:107970000C98042853D1FFE70C98002805D1FFE7A5
:107980000D98012180F83E101FE00C98042806D1C4
:10799000FFE70D98012180F83F10069112E00C9846
:1079A000082806D1FFE70D98012180F840100591C5
:1079B00005E00D98012180F841100591FFE7059839
:1079C0000690FFE706980490FFE70C98002805D181
:1079D000FFE70D98012180F842101FE00C98042861
:1079E00006D1FFE70D98012180F84310039112E0C2
:1079F0000C98082806D1FFE70D98012180F8441063
:107A0000029105E00D98012180F845100291FFE7F1
:107A100002980390FFE703980190FFE70DE00D98AF
:107A2000012180F83E100D9880F83F100D9880F8E5
:107A300042100D9880F84310FFE700200EB080BD83
:107A400080B590B00A4603460F900E910E9800281C
:107A50000D920C9313D1FFE70F98006800210B9152
:107A60000B9A06F005F80F980068C16821F40071C0
:107A7000C1600F98406AFAF785FB0A903BE00E98C8
:107A8000042812D1FFE70F9800680421002205F0B6
:107A9000EFFF0F980068C16821F48061C1600F9802
:107AA000806AFAF76FFB099024E00F9800680021C4
:107AB0000891089A05F0DCFF0F9800680421089AE5
:107AC00005F0D6FF0F980068C16821F40071C1600D
:107AD0000F980068C16821F48061C1600F98406A06
:107AE000FAF750FB0F99896A07900846FAF74AFBA4
:107AF0000690FFE7FFE7FFE70F980068006A41F292
:107B00001111084210D1FFE70F980068006A40F297
:107B10004441084207D1FFE70F980068016821F04F
:107B200001010160FFE7FFE7FFE70E98002804D09E
:107B3000FFE70E98042853D1FFE70E98002805D1DF
:107B4000FFE70F98012180F83E101FE00E980428EF
:107B500006D1FFE70F98012180F83F10059112E050
:107B60000E98082806D1FFE70F98012180F84010F1
:107B7000049105E00F98012180F841100491FFE77E
:107B800004980590FFE705980390FFE70E980028FA
:107B900005D1FFE70F98012180F842101FE00E98F1
:107BA000042806D1FFE70F98012180F843100291C5
:107BB00012E00E98082806D1FFE70F98012180F8FF
:107BC0004410019105E00F98012180F845100191C2
:107BD000FFE701980290FFE702980090FFE70DE0B1
:107BE0000F98012180F83E100F9880F83F100F98F1
:107BF00080F842100F9880F84310FFE7002010B083
:107C000080BD000080B58CB00A4603460B900A91F7
:107C10000A980028099208930ED1FFE70B98006894
:107C200000210791079A05F023FF0B980068C168AF
:107C300021F00201C1602BE00A9804280DD1FFE772
:107C40000B9800680421002205F012FF0B980068D1
:107C5000C16821F00401C16019E00B98006800219F
:107C60000691069A05F004FF0B9800680421069A15
:107C700005F0FEFE0B980068C16821F00201C160AA
:107C80000B980068C16821F00401C160FFE7FFE7BD
:107C9000FFE70B980068006A41F21111084210D109
:107CA000FFE70B980068006A40F24441084207D1A0
:107CB000FFE70B980068016821F001010160FFE710
:107CC000FFE7FFE70A98002804D0FFE70A98042896
:107CD00053D1FFE70A98002805D1FFE70B9801214F
:107CE00080F83E101FE00A98042806D1FFE70B98A1
:107CF000012180F83F10059112E00A98082806D16A
:107D0000FFE70B98012180F84010049105E00B98E3
:107D1000012180F841100491FFE704980590FFE7E6
:107D200005980390FFE70A98002805D1FFE70B9814
:107D3000012180F842101FE00A98042806D1FFE7CD
:107D40000B98012180F84310029112E00A9808284C
:107D500006D1FFE70B98012180F84410019105E05E
:107D60000B98012180F845100191FFE701980290DE
:107D7000FFE702980090FFE70DE00B98012180F8E3
:107D80003E100B9880F83F100B9880F842100B982B
:107D900080F84310FFE700200CB080BD82B00146A0
:107DA0000190009102B0704782B0014601900091AD
:107DB00002B0704782B001460190009102B0704756
:107DC00080B58CB013468C4686460A90099108927D
:107DD00000208DF81F000693CDF814C0CDF810E0F8
:107DE000FFE70A9890F83C00012804D1FFE7022041
:107DF0008DF82F0091E00A98012180F83C10FFE7F0
:107E0000FFE7089800281AD1FFE70A980068099947
:107E10000A684B68C968039111461A46039B06F02D
:107E20002DFC0A980068816921F00C018161099894
:107E300080680A9909688A691043886162E0089835
:107E400004281BD1FFE70A98006809990A684B6863
:107E5000C968029111461A46029B06F0D9FC0A989D
:107E60000068816921F440618161099880680A99FC
:107E700009688A6942EA0020886142E00898082877
:107E80001AD1FFE70A98006809990A684B68C9681F
:107E9000019111461A46019B06F0FCFC0A98006805
:107EA000C16921F00C01C161099880680A990968CB
:107EB000CA691043C86123E008980C281BD1FFE76A
:107EC0000A98006809990A684B68C96800911146C8
:107ED0001A46009B06F020FD0A980068C16921F44B
:107EE0004061C161099880680A990968CA6942EAD3
:107EF0000020C86103E001208DF81F00FFE7FFE7C5
:107F0000FFE7FFE7FFE70A98002180F83C10FFE752
:107F10009DF81F008DF82F00FFE79DF82F000CB093
:107F200080BD000080B584B0014602900298002810
:107F3000019104D1FFE701208DF80F0043E0029882
:107F400090F83D00002808D1FFE70298002180F852
:107F50003C10029800F03CF8FFE70298022180F8FC
:107F60003D10029850F8041B00900846009905F057
:107F700097FC0298012180F84610FFE70298012142
:107F800080F83E10029880F83F10029880F8401068
:107F9000029880F84110FFE7FFE70298012180F87E
:107FA0004210029880F84310029880F8441002981A
:107FB00080F84510FFE70298012180F83D1000206D
:107FC0008DF80F00FFE79DF80F0004B080BD0000A2
:107FD00082B001460190009102B0704780B594B024
:107FE0000A46034612901191119800280E920D93A3
:107FF00005D1FFE7129890F83E000C901CE0119814
:10800000042805D1FFE7129890F83F000B9010E08C
:108010001198082805D1FFE7129890F840000A90BF
:1080200004E0129890F841000A90FFE70A980B903C
:10803000FFE70B980C90FFE70C988DF83F00119824
:10804000002805D1FFE7129890F8420009901CE043
:108050001198042805D1FFE7129890F84300089082
:1080600010E01198082805D1FFE7129890F8440015
:10807000079004E0129890F845000790FFE70798F2
:108080000890FFE708980990FFE709988DF83E00EF
:108090009DF83F00012805D1FFE79DF83E0001282B
:1080A00004D0FFE701208DF84F00B8E011980028B8
:1080B00005D1FFE71298022180F83E101FE01198C9
:1080C000042806D1FFE71298022180F83F1006919C
:1080D00012E01198082806D1FFE71298022180F8D3
:1080E0004010059105E01298022180F84110059199
:1080F000FFE705980690FFE706980490FFE71198C0
:10810000002805D1FFE71298022180F842101FE0F5
:108110001198042806D1FFE71298022180F8431035
:10812000039112E01198082806D1FFE71298022166
:1081300080F84410029105E01298022180F8451061
:108140000291FFE702980390FFE703980190FFE791
:10815000129800681199012205F08AFC12980068B3
:108160000021C4F2010188423CD0FFE71298006868
:10817000B0F1804F36D0FFE71298006840F200411E
:10818000C4F2000188422DD0FFE71298006840F643
:108190000001C4F20001884224D0FFE71298006871
:1081A00040F60041C4F2000188421BD0FFE712985C
:1081B000006840F20041C4F20101884212D0FFE79A
:1081C0001298006844F20001C4F20101884209D00B
:1081D000FFE71298006841F60001C4F200018842EE
:1081E00012D1FFE712980068806800F00700109035
:1081F0001098062807D0FFE712980068016841F040
:1082000001010160FFE706E012980068016841F093
:1082100001010160FFE700208DF84F00FFE79DF8A6
:108220004F0014B080BD0000B0B598B09C46964693
:108230000C460546169015911492ADF84E3000206C
:108240008DF84D0015980028CDF840C0CDF83CE0E1
:108250000E940D9505D1FFE7169890F83E000C900E
:108260001CE01598042805D1FFE7169890F83F0008
:108270000B9010E01598082805D1FFE7169890F8A4
:1082800040000A9004E0169890F841000A90FFE739
:108290000A980B90FFE70B980C90FFE70C988DF86D
:1082A00047001598002805D1FFE7169890F842007E
:1082B00009901CE01598042805D1FFE7169890F85E
:1082C0004300089010E01598082805D1FFE716989C
:1082D00090F84400079004E0169890F84500079045
:1082E000FFE707980890FFE708980990FFE70998CB
:1082F0008DF846009DF84700022805D0FFE79DF85D
:108300004600022804D1FFE702208DF85F009AE1C1
:108310009DF84700012866D1FFE79DF84600012837
:1083200061D1FFE71498002805D0FFE7BDF84E00A3
:10833000002804D1FFE701208DF85F0083E1159844
:10834000002805D1FFE71698022180F83E101FE0B3
:108350001598042806D1FFE71698022180F83F10EF
:10836000069112E01598082806D1FFE71698022119
:1083700080F84010059105E01698022180F8411020
:108380000591FFE705980690FFE706980490FFE740
:108390001598002805D1FFE71698022180F84210B1
:1083A0001FE01598042806D1FFE71698022180F8EF
:1083B0004310039112E01598082806D1FFE716989C
:1083C000022180F84410029105E01698022180F8FD
:1083D00045100291FFE702980390FFE70398019090
:1083E000FFE7FFE703E001208DF85F002BE1FFE7E7
:1083F000169800681599012205F03AFB15980C288B
:10840000009000F2BA800099DFE801F007B7B7B733
:1084100033B7B7B75FB7B7B78B001698406A4DF65A
:10842000BD21C0F60001C1631698406A4DF6A13126
:10843000C0F6000101641698406A4DF66551C0F619
:108440000001C16416980168406A3431149ABDF87D
:108450004E30FAF7FBFA002804D0FFE701208DF830
:108460005F00F0E016980068C16841F40071C160D7
:1084700087E01698806A4DF6BD21C0F60001C16301
:108480001698806A4DF6A131C0F600010164169875
:10849000806A4DF66551C0F60001C1641698016806
:1084A000806A3831149ABDF84E30FAF7CFFA0028B6
:1084B00004D0FFE701208DF85F00C4E01698006843
:1084C000C16841F48061C1605BE01698C06A4DF6F6
:1084D000BD21C0F60001C1631698C06A4DF6A131F6
:1084E000C0F6000101641698C06A4DF66551C0F6E9
:1084F0000001C16416980168C06A3C31149ABDF845
:108500004E30FAF7A3FA002804D0FFE701208DF8D7
:108510005F0098E016980068C16841F40061C1608E
:108520002FE01698006B4DF6BD21C0F60001C16327
:108530001698006B4DF6A131C0F600010164169843
:10854000006B4DF66551C0F60001C16416980168D4
:10855000006B4031149ABDF84E30FAF777FA0028D4
:1085600004D0FFE701208DF85F006CE016980068EA
:10857000C16841F48051C16003E001208DF84D00D5
:10858000FFE7169800680021C4F2010188423CD040
:10859000FFE716980068B0F1804F36D0FFE71698D5
:1085A000006840F20041C4F2000188422DD0FFE78C
:1085B0001698006840F60001C4F20001884224D0F9
:1085C000FFE71698006840F60041C4F200018842B7
:1085D0001BD0FFE71698006840F20041C4F2010189
:1085E000884212D0FFE71698006844F20001C4F2F6
:1085F0000101884209D0FFE71698006841F60001A2
:10860000C4F20001884212D1FFE716980068806822
:1086100000F0070012901298062807D0FFE716987E
:108620000068016841F001010160FFE706E016986B
:108630000068016841F001010160FFE79DF84D000D
:108640008DF85F00FFE79DF85F0018B0B0BD000037
:1086500080B596B00A4603461490139100208DF819
:108660004B00139800280F920E9305D1FFE7149842
:1086700090F83E000D901CE01398042805D1FFE708
:10868000149890F83F000C9010E01398082805D13A
:10869000FFE7149890F840000B9004E0149890F8CD
:1086A00041000B90FFE70B980C90FFE70C980D90A2
:1086B000FFE70D988DF843001398002805D1FFE7D8
:1086C000149890F842000A901CE01398042805D1F1
:1086D000FFE7149890F84300099010E013980828D9
:1086E00005D1FFE7149890F84400089004E014982E
:1086F00090F845000890FFE708980990FFE709986F
:108700000A90FFE70A988DF842009DF8430001287F
:1087100005D1FFE79DF84200012804D0FFE70120C2
:108720008DF85700EDE01398002805D1FFE7149865
:10873000022180F83E101FE01398042806D1FFE7BD
:108740001498022180F83F10079112E0139808282E
:1087500006D1FFE71498022180F84010069105E049
:108760001498022180F841100691FFE706980790BF
:10877000FFE707980590FFE71398002805D1FFE76A
:108780001498022180F842101FE01398042806D1A3
:10879000FFE71498022180F84310049112E0139827
:1087A000082806D1FFE71498022180F844100391AD
:1087B00005E01498022180F845100391FFE7039823
:1087C0000490FFE704980290FFE713980C280190AB
:1087D00025D80199DFE801F0072323230E23232363
:1087E000152323231C0014980068C16841F002017E
:1087F000C16018E014980068C16841F00401C160CC
:1088000011E014980068C16841F00801C1600AE0F5
:1088100014980068C16841F01001C16003E00120B4
:108820008DF84B00FFE79DF84B00002864D1FFE76F
:10883000149800681399012205F01AF91498006839
:108840000021C4F2010188423CD0FFE7149800687F
:10885000B0F1804F36D0FFE71498006840F2004135
:10886000C4F2000188422DD0FFE71498006840F65A
:108870000001C4F20001884224D0FFE71498006888
:1088800040F60041C4F2000188421BD0FFE7149873
:10889000006840F20041C4F20101884212D0FFE7B3
:1088A0001498006844F20001C4F20101884209D022
:1088B000FFE71498006841F60001C4F20001884205
:1088C00012D1FFE714980068806800F0070011904B
:1088D0001198062807D0FFE714980068016841F056
:1088E00001010160FFE706E014980068016841F0AB
:1088F00001010160FFE7FFE79DF84B008DF857008D
:10890000FFE79DF8570016B080BD000080B58AB023
:108910000A460346099008910998006808994FF0A3
:10892000000C07926246069305F0A2F8FFE709984B
:108930000068006A41F21111084210D1FFE709985E
:108940000068006A40F24441084207D1FFE70998F5
:108950000068016821F001010160FFE7FFE7FFE720
:108960000898002805D1FFE70998012180F83E10FA
:108970001FE00898042806D1FFE70998012180F834
:108980003F10059112E00898082806D1FFE70998E2
:10899000012180F84010049105E00998012180F838
:1089A00041100491FFE704980590FFE705980390B4
:1089B000FFE70898002805D1FFE70998012180F812
:1089C00042101FE00898042806D1FFE7099801210A
:1089D00080F84310029112E00898082806D1FFE7BA
:1089E0000998012180F84410019105E009980121BE
:1089F00080F845100191FFE701980290FFE7029887
:108A00000090FFE700200AB080BD000080B592B062
:108A10000A4603461190109100208DF83F001199ED
:108A20000968DDF840C00E9008466146DDF838C0A0
:108A30000D9262460C9305F01BF810980C280B90D1
:108A400039D80B99DFE801F0073737371337373755
:108A50001F3737372B0011980068C16821F4007167
:108A6000C1601198406AF9F78DFB0A9027E01198D0
:108A70000068C16821F48061C1601198806AF9F7CB
:108A800081FB09901BE011980068C16821F4006126
:108A9000C1601198C06AF9F775FB08900FE0119852
:108AA0000068C16821F48051C1601198006BF9F72A
:108AB00069FB079003E001208DF83F00FFE79DF878
:108AC0003F0000286DD1FFE7FFE711980068006ABA
:108AD00041F21111084210D1FFE711980068006AB5
:108AE00040F24441084207D1FFE71198006801684D
:108AF00021F001010160FFE7FFE7FFE71098002880
:108B000005D1FFE71198012180F83E101FE0109871
:108B1000042806D1FFE71198012180F83F10069143
:108B200012E01098082806D1FFE71198012180F87B
:108B30004010059105E01198012180F84110059140
:108B4000FFE705980690FFE706980490FFE7109866
:108B5000002805D1FFE71198012180F842101FE09D
:108B60001098042806D1FFE71198012180F84310DE
:108B7000039112E01098082806D1FFE7119801210F
:108B800080F84410029105E01198012180F8451009
:108B90000291FFE702980390FFE703980190FFE737
:108BA000FFE79DF83F0012B080BD000080B58CB09B
:108BB0000A4603460B900A9100208DF827000A9878
:108BC0000C2808920793069025D80699DFE801F053
:108BD000072323230E232323152323231C000B9871
:108BE0000068C16821F00201C16018E00B980068BC
:108BF000C16821F00401C16011E00B980068C168F0
:108C000021F00801C1600AE00B980068C16821F0FA
:108C10001001C16003E001208DF82700FFE79DF8F7
:108C20002700002873D1FFE70B9800680A990022FB
:108C300004F01EFFFFE70B980068006A41F2111173
:108C4000084210D1FFE70B980068006A40F24441E7
:108C5000084207D1FFE70B980068016821F0010185
:108C60000160FFE7FFE7FFE70A98002805D1FFE76B
:108C70000B98012180F83E101FE00A98042806D1C5
:108C8000FFE70B98012180F83F10059112E00A9848
:108C9000082806D1FFE70B98012180F840100491C5
:108CA00005E00B98012180F841100491FFE704983A
:108CB0000590FFE705980390FFE70A98002805D183
:108CC000FFE70B98012180F842101FE00A98042862
:108CD00006D1FFE70B98012180F84310029112E0C2
:108CE0000A98082806D1FFE70B98012180F8441064
:108CF000019105E00B98012180F845100191FFE7F3
:108D000001980290FFE702980090FFE7FFE79DF8C7
:108D100027000CB080BD000080B584B001460390F0
:108D200003980068C0680290039800680069019089
:108D3000019880070028009124D5FFE7029880075A
:108D400000281ED5FFE7039800686FF0020101615B
:108D500003980121017703980068806910F0030FE0
:108D600004D0FFE70398FFF71FF806E0039800F030
:108D700097F9039801F078FCFFE703980021017749
:108D8000FFE7FFE701984007002824D5FFE7029896
:108D9000400700281ED5FFE7039800686FF0040124
:108DA000016103980221017703980068806910F43B
:108DB000407F04D0FFE70398FEF7F6FF06E0039834
:108DC00000F06EF9039801F04FFCFFE703980021D3
:108DD0000177FFE7FFE701980007002824D5FFE7A8
:108DE0000298000700281ED5FFE7039800686FF07F
:108DF0000801016103980421017703980068C069A4
:108E000010F0030F04D0FFE70398FEF7CDFF06E054
:108E1000039800F045F9039801F026FCFFE703985A
:108E200000210177FFE7FFE70198C006002824D55D
:108E3000FFE70298C00600281ED5FFE703980068E8
:108E40006FF0100101610398082101770398006811
:108E5000C06910F4407F04D0FFE70398FEF7A4FF39
:108E600006E0039800F01CF9039801F0FDFBFFE712
:108E7000039800210177FFE7FFE70198C00700286A
:108E80000FD0FFE70298C007002809D0FFE703983A
:108E900000686FF001010161039802F03BFAFFE7FF
:108EA000FFE70198000600280FD5FFE702980006AB
:108EB000002809D5FFE7039800686FF08001016181
:108EC0000398FDF72BF8FFE7FFE70198400600281D
:108ED0000FD5FFE702984006002809D5FFE7039861
:108EE00000686FF040010161039802F0A9FBFFE701
:108EF000FFE70198800600280FD5FFE7029880065B
:108F0000002809D5FFE7039800686FF02001016190
:108F10000398FDF709F8FFE7FFE704B080BD000004
:108F200080B58CB001460B9000200A900990089003
:108F3000079006900B9800680022C4F2010290424C
:108F4000039124D1FFE7FFE70020059043F63000AE
:108F5000C4F20200016841F010010160006800F0F5
:108F60001000059005980290FFE74FF4005006901E
:108F70000220079000200890099001200A9041F2F9
:108F80000000C4F2020006A9F9F740FF2CE00B989C
:108F9000006844F20041C4F20101884223D1FFE796
:108FA000FFE70020049043F63000C4F2020001689D
:108FB00041F020010160006800F020000490049856
:108FC0000190FFE7402006900220079000210891C1
:108FD000099003200A9041F20040C4F2020006A961
:108FE000F9F714FFFFE7FFE70CB080BD80B58AB04A
:108FF00013468C46864608900791069200208DF80D
:1090000017000493CDF80CC0CDF808E0FFE70898EE
:1090100090F83C00012804D1FFE702208DF82700DA
:109020003AE00898012180F83C10FFE7FFE7069836
:109030000C28019021D80199DFE801F0071F1F1FBC
:109040000D1F1F1F131F1F1F190008980068079985
:1090500005F074F815E008980068079905F0E8F83D
:109060000FE008980068079905F060F909E0089892
:109070000068079905F0D8F903E001208DF8170082
:10908000FFE7FFE70898002180F83C10FFE79DF814
:1090900017008DF82700FFE79DF827000AB080BD74
:1090A00082B001460190009102B0704780B584B053
:1090B0000146029002980028019104D1FFE70120A7
:1090C0008DF80F0043E0029890F83D00002808D189
:1090D000FFE70298002180F83C10029800F03CF86D
:1090E000FFE70298022180F83D10029850F8041B17
:1090F00000900846009904F0D3FB0298012180F803
:109100004610FFE70298012180F83E10029880F88F
:109110003F10029880F84010029880F84110FFE755
:10912000FFE70298012180F84210029880F843106E
:10913000029880F84410029880F84510FFE70298E2
:10914000012180F83D1000208DF80F00FFE79DF809
:109150000F0004B080BD000082B001460190009174
:1091600002B0704780B58EB00A4603460C900B9152
:109170000B9800280992089305D1FFE70C9890F806
:109180003E0007901CE00B98042805D1FFE70C98DF
:1091900090F83F00069010E00B98082805D1FFE7F3
:1091A0000C9890F84000059004E00C9890F841006D
:1091B0000590FFE705980690FFE706980790FFE700
:1091C0000798012804D0FFE701208DF83700B2E0AE
:1091D0000B98002805D1FFE70C98022180F83E107B
:1091E0001FE00B98042806D1FFE70C98022180F8B5
:1091F0003F10049112E00B98082806D1FFE70C9865
:10920000022180F84010039105E00C98022180F8BB
:1092100041100391FFE703980490FFE70498029040
:10922000FFE70C9800680B990122019204F020FCE2
:109230000C98006801990022C4F20102904200914A
:109240000CD0FFE70C9800684FF60041CBF6FE719A
:109250000844B0FA80F040090090FFE70098C0078A
:10926000002807D0FFE70C980068416C41F40041EA
:109270004164FFE70C9800680021C4F201018842B4
:109280003CD0FFE70C980068B0F1804F36D0FFE784
:109290000C98006840F20041C4F2000188422DD0D1
:1092A000FFE70C98006840F60001C4F20001884214
:1092B00024D0FFE70C98006840F60041C4F200019A
:1092C00088421BD0FFE70C98006840F20041C4F2CE
:1092D0000101884212D0FFE70C98006844F20001B7
:1092E000C4F20101884209D0FFE70C98006841F6FA
:1092F0000001C4F20001884212D1FFE70C98006817
:10930000806800F007000A900A98062807D0FFE757
:109310000C980068016841F001010160FFE706E078
:109320000C980068016841F001010160FFE700202E
:109330008DF83700FFE79DF837000EB080BD0000C4
:10934000B0B59AB09C4696460C46054618901791C3
:109350001692ADF8563000208DF855001798002869
:10936000CDF84CC0CDF848E01194109505D1FFE739
:10937000189890F83E000F901CE01798042805D12B
:10938000FFE7189890F83F000E9010E01798082813
:1093900005D1FFE7189890F840000D9004E0189868
:1093A00090F841000D90FFE70D980E90FFE70E98A2
:1093B0000F90FFE70F98022804D1FFE702208DF8F5
:1093C0006700C7E11798002805D1FFE7189890F8C3
:1093D0003E000C901CE01798042805D1FFE7189870
:1093E00090F83F000B9010E01798082805D1FFE790
:1093F000189890F840000A9004E0189890F84100FE
:109400000A90FFE70A980B90FFE70B980C90FFE794
:109410000C98012838D1FFE71698002805D0FFE7FF
:10942000BDF85600002804D1FFE701208DF8670041
:1094300090E11798002805D1FFE71898022180F8DD
:109440003E101FE01798042806D1FFE71898022164
:1094500080F83F10099112E01798082806D1FFE71D
:109460001898022180F84010089105E01898022110
:1094700080F841100891FFE708980990FFE70998E4
:109480000790FFE7FFE703E001208DF8670061E147
:10949000FFE717980C28069000F2C6800699DFE8CF
:1094A00001F007C3C3C336C3C3C365C3C3C39400BA
:1094B0001898406A4DF61D41C0F60001C163189826
:1094C000406A4DF6E941C0F6000101641898406A0F
:1094D0004DF66551C0F60001C16418980168406AF4
:1094E000169A3431BDF8563005911146059AF9F7B0
:1094F000ADFA002804D0FFE701208DF8670029E1CC
:1095000018980068C16841F40071C16090E0189833
:10951000806A4DF61D41C0F60001C1631898806A4B
:109520004DF6E941C0F6000101641898806A4DF6D5
:109530006551C0F60001C16418980168806A169AE6
:109540003831BDF8563004911146049AF9F77EFA85
:10955000002804D0FFE701208DF86700FAE0189892
:109560000068C16841F48061C16061E01898C06A18
:109570004DF61D41C0F60001C1631898C06A4DF652
:10958000E941C0F6000101641898C06A4DF66551C2
:10959000C0F60001C16418980168C06A169A3C318F
:1095A000BDF8563003911146039AF9F74FFA002897
:1095B00004D0FFE701208DF86700CBE01898006821
:1095C000C16841F40061C16032E01898006B4DF64B
:1095D0001D41C0F60001C1631898006B4DF6E941CA
:1095E000C0F6000101641898006B4DF66551C0F695
:1095F0000001C16418980168006B169A4031BDF8EB
:10960000563002911146029AF9F720FA002804D048
:10961000FFE701208DF867009CE018980068C1689A
:1096200041F48051C16003E001208DF85500FFE74F
:109630009DF85500002840F08880FFE718980068E2
:1096400017990122019204F013FA18980068019901
:109650000022C4F20102904200910CD0FFE718985A
:1096600000684FF60041CBF6FE710844B0FA80F076
:1096700040090090FFE70098C007002807D0FFE7E7
:1096800018980068416C41F400414164FFE7189864
:1096900000680021C4F2010188423CD0FFE718981D
:1096A0000068B0F1804F36D0FFE71898006840F2AC
:1096B0000041C4F2000188422DD0FFE718980068ED
:1096C00040F60001C4F20001884224D0FFE7189858
:1096D000006840F60041C4F2000188421BD0FFE759
:1096E0001898006840F20041C4F20101884212D08B
:1096F000FFE71898006844F20001C4F201018842B3
:1097000009D0FFE71898006841F60001C4F2000193
:10971000884212D1FFE718980068806800F00700BF
:1097200014901498062807D0FFE71898006801687D
:1097300041F001010160FFE706E018980068016848
:1097400041F001010160FFE7FFE79DF855008DF84A
:109750006700FFE79DF867001AB0B0BD80B590B014
:109760000A4603460E900D9100208DF833000D98A7
:1097700000280A92099305D1FFE70E9890F83E0061
:1097800008901CE00D98042805D1FFE70E9890F88A
:109790003F00079010E00D98082805D1FFE70E98CC
:1097A00090F84000069004E00E9890F84100069072
:1097B000FFE706980790FFE707980890FFE70898EB
:1097C000012804D0FFE701208DF83F00E8E00D9864
:1097D000002805D1FFE70E98022180F83E101FE017
:1097E0000D98042806D1FFE70E98022180F83F105B
:1097F000059112E00D98082806D1FFE70E98022186
:1098000080F84010049105E00E98022180F8411084
:109810000491FFE704980590FFE705980390FFE7A0
:109820000D980C28029025D80299DFE801F0072353
:1098300023230E232323152323231C000E980068C3
:10984000C16841F00201C16018E00E980068C1686B
:1098500041F00401C16011E00E980068C16841F058
:109860000801C1600AE00E980068C16841F010016B
:10987000C16003E001208DF83300FFE79DF833005D
:10988000002840F08880FFE70E9800680D990122BB
:10989000019204F0EDF80E98006801990022C4F2DC
:1098A0000102904200910CD0FFE70E9800684FF63D
:1098B0000041CBF6FE710844B0FA80F040090090F8
:1098C000FFE70098C007002807D0FFE70E98006860
:1098D000416C41F400414164FFE70E9800680021AB
:1098E000C4F2010188423CD0FFE70E980068B0F155
:1098F000804F36D0FFE70E98006840F20041C4F276
:10990000000188422DD0FFE70E98006840F6000164
:10991000C4F20001884224D0FFE70E98006840F6A8
:109920000041C4F2000188421BD0FFE70E98006896
:1099300040F20041C4F20101884212D0FFE70E98C4
:10994000006844F20001C4F20101884209D0FFE737
:109950000E98006841F60001C4F20001884212D15D
:10996000FFE70E980068806800F007000B900B98E6
:10997000062807D0FFE70E980068016841F0010152
:109980000160FFE706E00E980068016841F0010100
:109990000160FFE7FFE79DF833008DF83F00FFE728
:1099A0009DF83F0010B080BD80B588B00A460346E0
:1099B000079006910798006806994FF0000C0592F1
:1099C0006246049304F054F80798006801210022CD
:1099D000C4F20102904203910CD0FFE7079800689F
:1099E0004FF60041CBF6FE710844B0FA80F0400912
:1099F0000390FFE70398C00700281BD0FFE7FFE7AD
:109A000007980068006A41F21111084210D1FFE77F
:109A100007980068006A40F24441084207D1FFE716
:109A200007980068416C21F400414164FFE7FFE7BB
:109A3000FFE7FFE7FFE707980068006A41F21111AE
:109A4000084210D1FFE707980068006A40F24441DD
:109A5000084207D1FFE707980068016821F001017B
:109A60000160FFE7FFE7FFE70698002805D1FFE761
:109A70000798012180F83E101FE00698042806D1BF
:109A8000FFE70798012180F83F10029112E0069845
:109A9000082806D1FFE70798012180F840100191BE
:109AA00005E00798012180F841100191FFE7019836
:109AB0000290FFE702980090FFE7002008B080BD09
:109AC00080B58EB00A4603460D900C9100208DF8AB
:109AD0002F000C980C280A920993089039D80899FD
:109AE000DFE801F007373737133737371F37373796
:109AF0002B000D980068C16821F40071C1600D98B9
:109B0000406AF8F73FFB079027E00D980068C168AE
:109B100021F48061C1600D98806AF8F733FB0690EC
:109B20001BE00D980068C16821F40061C1600D98C8
:109B3000C06AF8F727FB05900FE00D980068C16830
:109B400021F48051C1600D98006BF8F71BFB049065
:109B500003E001208DF82F00FFE79DF82F0000287B
:109B600040F08180FFE70D9800680C99002203F017
:109B70007FFF0D98006801210022C4F2010290428B
:109B800003910CD0FFE70D9800684FF60041CBF62B
:109B9000FE710844B0FA80F040090390FFE7039893
:109BA000C00700281BD0FFE7FFE70D980068006A98
:109BB00041F21111084210D1FFE70D980068006AC8
:109BC00040F24441084207D1FFE70D980068416C1C
:109BD00021F400414164FFE7FFE7FFE7FFE7FFE70C
:109BE0000D980068006A41F21111084210D1FFE798
:109BF0000D980068006A40F24441084207D1FFE72F
:109C00000D980068016821F001010160FFE7FFE79E
:109C1000FFE70C98002805D1FFE70D98012180F897
:109C20003E101FE00C98042806D1FFE70D98012193
:109C300080F83F10029112E00C98082806D1FFE747
:109C40000D98012180F84010019105E00D98012147
:109C500080F841100191FFE701980290FFE7029818
:109C60000090FFE7FFE79DF82F000EB080BD0000D9
:109C700080B58AB00A4603460990089100208DF805
:109C80001F0008980C2806920593049025D8049983
:109C9000DFE801F0072323230E23232315232323A7
:109CA0001C0009980068C16821F00201C16018E039
:109CB00009980068C16821F00401C16011E00998A9
:109CC0000068C16821F00801C1600AE009980068D5
:109CD000C16821F01001C16003E001208DF81F0070
:109CE000FFE79DF81F00002840F08180FFE70998FA
:109CF00000680899002203F0BBFE09980068012162
:109D00000022C4F20102904203910CD0FFE70998AF
:109D100000684FF60041CBF6FE710844B0FA80F0BF
:109D200040090390FFE70398C00700281BD0FFE716
:109D3000FFE709980068006A41F21111084210D14A
:109D4000FFE709980068006A40F24441084207D1E1
:109D5000FFE709980068416C21F400414164FFE786
:109D6000FFE7FFE7FFE7FFE709980068006A41F2B5
:109D70001111084210D1FFE709980068006A40F20B
:109D80004441084207D1FFE709980068016821F0C3
:109D900001010160FFE7FFE7FFE70898002805D110
:109DA000FFE70998012180F83E101FE00898042879
:109DB00006D1FFE70998012180F83F10029112E0D7
:109DC0000898082806D1FFE70998012180F840107B
:109DD000019105E00998012180F841100191FFE708
:109DE00001980290FFE702980090FFE7FFE79DF8D7
:109DF0001F000AB080BD0000B0B596B09C469646E4
:109E00000C460546149013911292119300208DF880
:109E10004300129811998842CDF820C0CDF81CE07B
:109E20000694059500F0B980FFE7FFE7149890F8D5
:109E30003C00012804D1FFE702208DF85700B0E074
:109E40001498012180F83C10FFE7FFE714980221E5
:109E500080F83D10139800680990139840680A90A4
:109E6000139880680B901398C0680C901398006941
:109E70000E90139840690F9012980028049004D017
:109E8000FFE70498042806D00BE01498006809A99D
:109E900004F054F909E01498006809A904F0C8F91D
:109EA00003E001208DF84300FFE79DF84300002800
:109EB00064D1FFE711980028039004D0FFE70398CE
:109EC00004282BD055E01498006813998A69CB694F
:109ED000096A029111461A46029B04F0CFFB1498BE
:109EE0000068816921F00C01816114980068816823
:109EF00021F07001816014980068816841F0500180
:109F0000816014980068816821F0070181601498CD
:109F10000068816841F0060181602EE014980068B5
:109F200013998A69CB69096A019111461A46019B06
:109F300004F06EFC14980068816921F4406181612D
:109F400014980068816821F070018160149800689D
:109F5000816841F06001816014980068816821F097
:109F60000701816014980068816841F006018160F2
:109F700003E001208DF84300FFE7FFE7149801217B
:109F800080F83D10FFE71498002180F83C10FFE7AF
:109F90009DF843008DF8570003E001208DF857002D
:109FA000FFE79DF8570016B0B0BD000080B586B041
:109FB0000A460346049003910498002802920193F4
:109FC00004D1FFE701208DF817003EE0049890F8D7
:109FD0003D00002808D1FFE70498002180F83C10DC
:109FE000049800F037F8FFE70498022180F83D104C
:109FF000049850F8041B00900846009903F050FCA8
:10A0000004980068016821F0080101600398049930
:10A010000968D1F800E040EA0E00086004980121C8
:10A0200080F84610049880F83E10049880F83F109D
:10A03000049880F84210049880F84310049880F83F
:10A040003D1000208DF81700FFE79DF8170006B0BF
:10A0500080BD000082B001460190009102B07047BF
:10A0600080B588B00A46034606900591069890F898
:10A070003E008DF81300069890F83F008DF812000E
:10A08000069890F842008DF81100069890F8430069
:10A090008DF810009DF813000128039202930FD150
:10A0A000FFE79DF8120001280AD1FFE79DF8110093
:10A0B000012805D1FFE79DF81000012804D0FFE733
:10A0C00001208DF81F003FE00698022180F83E1025
:10A0D000069880F83F10069880F84210069880F89D
:10A0E00043100698006800210122019203F0C0FC91
:10A0F000069800680421019A03F0BAFC06980068EB
:10A1000001990022C4F20102904200910CD0FFE7B5
:10A11000069800684FF60041CBF6FE710844B0FA8D
:10A1200080F040090090FFE70098C007002807D0A2
:10A13000FFE706980068416C41F400414164FFE785
:10A1400000208DF81F00FFE79DF81F0008B080BDBC
:10A1500080B588B00A46034606900591069890F8A7
:10A160003E008DF81300069890F83F008DF812001D
:10A17000069890F842008DF81100069890F8430078
:10A180008DF810009DF813000128039202930FD15F
:10A19000FFE79DF8120001280AD1FFE79DF81100A2
:10A1A000012805D1FFE79DF81000012804D0FFE742
:10A1B00001208DF81F004BE00698022180F83E1028
:10A1C000069880F83F10069880F84210069880F8AC
:10A1D000431006980068C16841F00201C16006980A
:10A1E0000068C16841F00401C16006980068002160
:10A1F0000122019203F03CFC069800680421019AB8
:10A2000003F036FC0698006801990022C4F20102AE
:10A21000904200910CD0FFE7069800684FF600418D
:10A22000CBF6FE710844B0FA80F040090090FFE7D9
:10A230000098C007002807D0FFE706980068416C27
:10A2400041F400414164FFE700208DF81F00FFE763
:10A250009DF81F0008B080BD80B586B00A46034651
:10A26000059004910598006800210391DDF80CC069
:10A2700002926246019303F0FBFB059800680421FB
:10A28000039A03F0F5FB0598006801210022C4F24F
:10A290000102904200910CD0FFE7059800684FF64C
:10A2A0000041CBF6FE710844B0FA80F040090090FE
:10A2B000FFE70098C00700281BD0FFE7FFE70598DD
:10A2C0000068006A41F21111084210D1FFE70598B9
:10A2D0000068006A40F24441084207D1FFE7059850
:10A2E0000068416C21F400414164FFE7FFE7FFE7AC
:10A2F000FFE7FFE705980068006A41F21111084284
:10A3000010D1FFE705980068006A40F24441084216
:10A3100007D1FFE705980068016821F0010101609D
:10A32000FFE7FFE7FFE70598012180F83E10059859
:10A3300080F83F10059880F84210059880F8431087
:10A34000002006B080BD000080B586B00A460346F6
:10A350000590049105980068C16821F00201C16070
:10A3600005980068C16821F00401C1600598006883
:10A3700000210391DDF80CC002926246019303F0C4
:10A3800077FB059800680421039A03F071FB059898
:10A39000006801210022C4F20102904200910CD019
:10A3A000FFE7059800684FF60041CBF6FE710844C0
:10A3B000B0FA80F040090090FFE70098C00700283D
:10A3C0001BD0FFE7FFE705980068006A41F2111112
:10A3D000084210D1FFE705980068006A40F2444146
:10A3E000084207D1FFE705980068416C21F400415D
:10A3F0004164FFE7FFE7FFE7FFE7FFE70598006835
:10A40000006A41F21111084210D1FFE70598006877
:10A41000006A40F24441084207D1FFE7059800680E
:10A42000016821F001010160FFE7FFE7FFE7059800
:10A43000012180F83E10059880F83F10059880F8BB
:10A440004210059880F84310002006B080BD00003F
:10A4500080B58AB013468C468646089007910692CE
:10A4600000208DF817000493CDF80CC0CDF808E05B
:10A47000FFE7089890F83C00012804D1FFE702208C
:10A480008DF827008FE00898012180F83C10FFE745
:10A49000FFE706980C28019000F276800199DFE82A
:10A4A00001F007737373227373733D7373735800F2
:10A4B00008980068079903F041FE089800688169D0
:10A4C00041F00801816108980068816921F0040168
:10A4D00081610798006908990968D1F818E040EA95
:10A4E0000E00886154E008980068079903F0A0FE08
:10A4F00008980068816941F40061816108980068EA
:10A50000816921F48061816107980069089909686F
:10A51000D1F818E04EEA0020886139E00898006818
:10A52000079903F003FF08980068C16941F008012A
:10A53000C16108980068C16921F00401C1610798F0
:10A54000006908990968D1F81CE040EA0E00C8616A
:10A550001EE008980068079903F066FF08980068F5
:10A56000C16941F40061C16108980068C16921F4C2
:10A570008061C1610798006908990968D1F81CE0F9
:10A580004EEA0020C86103E001208DF81700FFE7C4
:10A59000FFE70898002180F83C10FFE79DF81700BE
:10A5A0008DF82700FFE79DF827000AB080BD000066
:10A5B00080B584B00146029002980028019104D130
:10A5C000FFE701208DF80F0043E0029890F83D006E
:10A5D000002808D1FFE70298002180F83C1002987B
:10A5E00000F03CF8FFE70298022180F83D10029845
:10A5F00050F8041B00900846009903F051F90298A6
:10A60000012180F84610FFE70298012180F83E10F2
:10A61000029880F83F10029880F84010029880F865
:10A620004110FFE7FFE70298012180F842100298ED
:10A6300080F84310029880F84410029880F8451082
:10A64000FFE70298012180F83D1000208DF80F00EF
:10A65000FFE79DF80F0004B080BD000082B0014606
:10A660000190009102B0704782B0014601900091C4
:10A6700002B0704782B001460190009102B070476D
:10A6800080B58EB00A4603460C900B910B980028BB
:10A690000992089305D1FFE70C9890F83E000790C7
:10A6A0001CE00B98042805D1FFE70C9890F83F00B8
:10A6B000069010E00B98082805D1FFE70C9890F859
:10A6C0004000059004E00C9890F841000590FFE7E9
:10A6D00005980690FFE706980790FFE7079801287E
:10A6E00004D0FFE701208DF83700B2E00B98002876
:10A6F00005D1FFE70C98022180F83E101FE00B986F
:10A70000042806D1FFE70C98022180F83F1004913D
:10A7100012E00B98082806D1FFE70C98022180F878
:10A720004010039105E00C98022180F8411003913C
:10A73000FFE703980490FFE704980290FFE70C9866
:10A7400000680B990122019203F092F90C980068BD
:10A7500001990022C4F20102904200910CD0FFE75F
:10A760000C9800684FF60041CBF6FE710844B0FA31
:10A7700080F040090090FFE70098C007002807D04C
:10A78000FFE70C980068416C41F400414164FFE729
:10A790000C9800680021C4F2010188423CD0FFE718
:10A7A0000C980068B0F1804F36D0FFE70C98006835
:10A7B00040F20041C4F2000188422DD0FFE70C981E
:10A7C000006840F60001C4F20001884224D0FFE78F
:10A7D0000C98006840F60041C4F2000188421BD08A
:10A7E000FFE70C98006840F20041C4F20101884282
:10A7F00012D0FFE70C98006844F20001C4F2010196
:10A80000884209D0FFE70C98006841F60001C4F2C5
:10A810000001884212D1FFE70C980068806800F0C0
:10A8200007000A900A98062807D0FFE70C980068EE
:10A83000016841F001010160FFE706E00C98006843
:10A84000016841F001010160FFE700208DF8370049
:10A85000FFE79DF837000EB080BD0000B0B59AB09C
:10A860009C4696460C460546189017911692ADF8F0
:10A87000563000208DF8550017980028CDF84CC0B0
:10A88000CDF848E01194109505D1FFE7189890F89D
:10A890003E000F901CE01798042805D1FFE7189898
:10A8A00090F83F000E9010E01798082805D1FFE7B8
:10A8B000189890F840000D9004E0189890F8410026
:10A8C0000D90FFE70D980E90FFE70E980F90FFE7B1
:10A8D0000F98022804D1FFE702208DF86700C7E136
:10A8E0001798002805D1FFE7189890F83E000C90C3
:10A8F0001CE01798042805D1FFE7189890F83F004E
:10A900000B9010E01798082805D1FFE7189890F8E9
:10A9100040000A9004E0189890F841000A90FFE780
:10A920000A980B90FFE70B980C90FFE70C98012812
:10A9300038D1FFE71698002805D0FFE7BDF856008C
:10A94000002804D1FFE701208DF8670090E11798F7
:10A95000002805D1FFE71898022180F83E101FE07B
:10A960001798042806D1FFE71898022180F83F10B5
:10A97000099112E01798082806D1FFE718980221DC
:10A9800080F84010089105E01898022180F84110E5
:10A990000891FFE708980990FFE709980790FFE7FB
:10A9A000FFE703E001208DF8670061E1FFE71798FA
:10A9B0000C28069000F2C6800699DFE801F007C374
:10A9C000C3C336C3C3C365C3C3C394001898406AE6
:10A9D0004DF61D41C0F60001C1631898406A4DF65E
:10A9E000E941C0F6000101641898406A4DF66551CE
:10A9F000C0F60001C16418980168406A169A3431A3
:10AA0000BDF8563005911146059AF8F71FF8002851
:10AA100004D0FFE701208DF8670029E1189800684D
:10AA2000C16841F40071C16090E01898806A4DF6E9
:10AA30001D41C0F60001C1631898806A4DF6E941D6
:10AA4000C0F6000101641898806A4DF66551C0F6A1
:10AA50000001C16418980168806A169A3831BDF8FF
:10AA6000563004911146049AF7F7F0FF002804D0FD
:10AA7000FFE701208DF86700FAE018980068C168C8
:10AA800041F48061C16061E01898C06A4DF61D41D3
:10AA9000C0F60001C1631898C06A4DF6E941C0F6DE
:10AAA000000101641898C06A4DF66551C0F60001B6
:10AAB000C16418980168C06A169A3C31BDF85630D6
:10AAC00003911146039AF7F7C1FF002804D0FFE76E
:10AAD00001208DF86700CBE018980068C16841F448
:10AAE0000061C16032E01898006B4DF61D41C0F660
:10AAF0000001C1631898006B4DF6E941C0F60001F2
:10AB000001641898006B4DF66551C0F60001C164F0
:10AB100018980168006B169A4031BDF856300291C2
:10AB20001146029AF7F792FF002804D0FFE70120B0
:10AB30008DF867009CE018980068C16841F4805166
:10AB4000C16003E001208DF85500FFE79DF8550036
:10AB5000002840F08880FFE71898006817990122C4
:10AB6000019202F085FF1898006801990022C4F252
:10AB70000102904200910CD0FFE7189800684FF650
:10AB80000041CBF6FE710844B0FA80F04009009015
:10AB9000FFE70098C007002807D0FFE71898006873
:10ABA000416C41F400414164FFE7189800680021BE
:10ABB000C4F2010188423CD0FFE718980068B0F168
:10ABC000804F36D0FFE71898006840F20041C4F289
:10ABD000000188422DD0FFE71898006840F6000178
:10ABE000C4F20001884224D0FFE71898006840F6BC
:10ABF0000041C4F2000188421BD0FFE718980068AA
:10AC000040F20041C4F20101884212D0FFE71898D7
:10AC1000006844F20001C4F20101884209D0FFE754
:10AC20001898006841F60001C4F20001884212D170
:10AC3000FFE718980068806800F0070014901498E7
:10AC4000062807D0FFE718980068016841F0010165
:10AC50000160FFE706E018980068016841F0010113
:10AC60000160FFE7FFE79DF855008DF86700FFE7FB
:10AC70009DF867001AB0B0BD80B590B00A46034693
:10AC80000E900D9100208DF833000D9800280A9247
:10AC9000099305D1FFE70E9890F83E0008901CE05C
:10ACA0000D98042805D1FFE70E9890F83F00079013
:10ACB00010E00D98082805D1FFE70E9890F84000A5
:10ACC000069004E00E9890F841000690FFE7069881
:10ACD0000790FFE707980890FFE70898012804D03D
:10ACE000FFE701208DF83F00E8E00D98002805D12E
:10ACF000FFE70E98022180F83E101FE00D9804280F
:10AD000006D1FFE70E98022180F83F10059112E06E
:10AD10000D98082806D1FFE70E98022180F8401010
:10AD2000049105E00E98022180F841100491FFE79C
:10AD300004980590FFE705980390FFE70D980C280D
:10AD4000029025D80299DFE801F0072323230E2380
:10AD50002323152323231C000E980068C16841F0AB
:10AD60000201C16018E00E980068C16841F004015A
:10AD7000C16011E00E980068C16841F00801C1602F
:10AD80000AE00E980068C16841F01001C16003E05C
:10AD900001208DF83300FFE79DF83300002840F0D4
:10ADA0008880FFE70E9800680D990122019202F059
:10ADB0005FFE0E98006801990022C4F201029042E1
:10ADC00000910CD0FFE70E9800684FF60041CBF6DB
:10ADD000FE710844B0FA80F040090090FFE7009847
:10ADE000C007002807D0FFE70E980068416C41F4C7
:10ADF00000414164FFE70E9800680021C4F20101A0
:10AE000088423CD0FFE70E980068B0F1804F36D002
:10AE1000FFE70E98006840F20041C4F2000188424A
:10AE20002DD0FFE70E98006840F60001C4F2000143
:10AE3000884224D0FFE70E98006840F60041C4F233
:10AE4000000188421BD0FFE70E98006840F20041E5
:10AE5000C4F20101884212D0FFE70E98006844F264
:10AE60000001C4F20101884209D0FFE70E98006892
:10AE700041F60001C4F20001884212D1FFE70E98AA
:10AE80000068806800F007000B900B98062807D038
:10AE9000FFE70E980068016841F001010160FFE7DB
:10AEA00006E00E980068016841F001010160FFE7CB
:10AEB000FFE79DF833008DF83F00FFE79DF83F0066
:10AEC00010B080BD80B588B00A4603460790069151
:10AED0000798006806994FF0000C059262460493AB
:10AEE00002F0C6FD0798006801210022C4F20102A9
:10AEF000904203910CD0FFE7079800684FF600419D
:10AF0000CBF6FE710844B0FA80F040090390FFE7E9
:10AF10000398C00700281BD0FFE7FFE707980068E9
:10AF2000006A41F21111084210D1FFE7079800684A
:10AF3000006A40F24441084207D1FFE707980068E1
:10AF4000416C21F400414164FFE7FFE7FFE7FFE7C1
:10AF5000FFE707980068006A41F21111084210D11A
:10AF6000FFE707980068006A40F24441084207D1B1
:10AF7000FFE707980068016821F001010160FFE721
:10AF8000FFE7FFE70698002805D1FFE707980121B2
:10AF900080F83E101FE00698042806D1FFE70798C6
:10AFA000012180F83F10029112E00698082806D18E
:10AFB000FFE70798012180F84010019105E007980C
:10AFC000012180F841100191FFE701980290FFE70D
:10AFD00002980090FFE7002008B080BD80B58EB0D9
:10AFE0000A4603460D900C9100208DF82F000C9816
:10AFF0000C280A920993089039D80899DFE801F0E3
:10B0000007373737133737371F3737372B000D9848
:10B010000068C16821F40071C1600D98406AF7F7BB
:10B02000B1F8079027E00D980068C16821F48061AD
:10B03000C1600D98806AF7F7A5F806901BE00D989F
:10B040000068C16821F40061C1600D98C06AF7F71B
:10B0500099F805900FE00D980068C16821F48051BF
:10B06000C1600D98006BF7F78DF8049003E00120A4
:10B070008DF82F00FFE79DF82F00002840F0818019
:10B08000FFE70D9800680C99002202F0F1FC0D9882
:10B09000006801210022C4F20102904203910CD009
:10B0A000FFE70D9800684FF60041CBF6FE710844AB
:10B0B000B0FA80F040090390FFE70398C00700282A
:10B0C0001BD0FFE7FFE70D980068006A41F21111FD
:10B0D000084210D1FFE70D980068006A40F2444131
:10B0E000084207D1FFE70D980068416C21F4004148
:10B0F0004164FFE7FFE7FFE7FFE7FFE70D98006820
:10B10000006A41F21111084210D1FFE70D98006862
:10B11000006A40F24441084207D1FFE70D980068F9
:10B12000016821F001010160FFE7FFE7FFE70C98EC
:10B13000002805D1FFE70D98012180F83E101FE09F
:10B140000C98042806D1FFE70D98012180F83F10E4
:10B15000029112E00C98082806D1FFE70D98012112
:10B1600080F84010019105E00D98012180F8411010
:10B170000191FFE701980290FFE702980090FFE736
:10B18000FFE79DF82F000EB080BD000080B58AB0AB
:10B190000A4603460990089100208DF81F00089880
:10B1A0000C2806920593049025D80499DFE801F055
:10B1B000072323230E232323152323231C0009986D
:10B1C0000068C16821F00201C16018E009980068B8
:10B1D000C16821F00401C16011E009980068C168EC
:10B1E00021F00801C1600AE009980068C16821F0F7
:10B1F0001001C16003E001208DF81F00FFE79DF8FA
:10B200001F00002840F08180FFE709980068089936
:10B21000002202F02DFC0998006801210022C4F2EE
:10B220000102904203910CD0FFE7099800684FF6A5
:10B230000041CBF6FE710844B0FA80F0400903905B
:10B24000FFE70398C00700281BD0FFE7FFE7099836
:10B250000068006A41F21111084210D1FFE7099815
:10B260000068006A40F24441084207D1FFE70998AC
:10B270000068416C21F400414164FFE7FFE7FFE70C
:10B28000FFE7FFE709980068006A41F211110842E0
:10B2900010D1FFE709980068006A40F24441084273
:10B2A00007D1FFE709980068016821F001010160FA
:10B2B000FFE7FFE7FFE70898002805D1FFE70998B7
:10B2C000012180F83E101FE00898042806D1FFE70E
:10B2D0000998012180F83F10029112E0089808288F
:10B2E00006D1FFE70998012180F84010019105E09F
:10B2F0000998012180F841100191FFE7019802901F
:10B30000FFE702980090FFE7FFE79DF81F000AB0F3
:10B3100080BD000080B582B00146019001980068B0
:10B320000022C4F201029042009107D1FFE740F2EF
:10B330001C20C2F2000040688047D9E001980068F4
:10B34000B0F1804F07D1FFE740F22420C2F20000A5
:10B3500040688047CBE00198006840F20041C4F2A9
:10B360000001884207D1FFE740F22C20C2F2000022
:10B3700040688047BAE00198006840F60001C4F2D6
:10B380000001884207D1FFE740F23420C2F20000FA
:10B3900040688047A9E00198006840F60041C4F287
:10B3A0000001884207D1FFE740F23C20C2F20000D2
:10B3B0004068804798E00198006841F20001C4F2BB
:10B3C0000001884207D1FFE740F24420C2F20000AA
:10B3D0004068804787E00198006841F20041C4F26C
:10B3E0000001884207D1FFE740F24C20C2F2000082
:10B3F0004068804776E00198006840F20041C4F25E
:10B400000101884207D1FFE740F25420C2F2000058
:10B410004068804765E00198006844F20001C4F28A
:10B420000101884207D1FFE740F25C20C2F2000030
:10B430004068804754E00198006844F20041C4F23B
:10B440000101884207D1FFE740F2F410C2F2000088
:10B450004068804743E00198006844F60001C4F268
:10B460000101884207D1FFE740F2FC10C2F2000060
:10B470004068804732E00198006841F60001C4F25C
:10B480000001884207D1FFE740F20420C2F2000029
:10B490004068804721E00198006841F60041C4F20D
:10B4A0000001884207D1FFE740F20C20C2F2000001
:10B4B0004068804710E00198006842F20001C4F241
:10B4C0000001884207D1FFE740F21420C2F20000D9
:10B4D00040688047FFE7FFE7FFE7FFE7FFE7FFE799
:10B4E000FFE7FFE7FFE7FFE7FFE7FFE7FFE7FFE72C
:10B4F00002B080BD82B001460190009102B0704759
:10B5000080B586B00A4603460490039102920193E7
:10B51000FFE7049890F83C00012804D1FFE70220DF
:10B520008DF8170038E00498012180F83C10FFE7FF
:10B53000FFE70498022180F83D100498039902F077
:10B54000C9FF00280ED0FFE70498012180F83D10C4
:10B55000FFE70498002180F83C10FFE701208DF8F8
:10B56000170019E004980068C16821F04001C1602B
:10B5700004980068C16821F48041C16004980121E9
:10B5800080F83D10FFE70498002180F83C10FFE7A9
:10B5900000208DF81700FFE79DF8170006B080BD6A
:10B5A00080B586B00A460346049003910292019347
:10B5B000FFE7049890F83C00012804D1FFE702203F
:10B5C0008DF8170038E00498012180F83C10FFE75F
:10B5D000FFE70498022180F83D100498039902F0D7
:10B5E00079FF00280ED0FFE70498012180F83D1074
:10B5F000FFE70498002180F83C10FFE701208DF858
:10B60000170019E004980068C16841F04001C1606A
:10B6100004980068C16821F48041C1600498012148
:10B6200080F83D10FFE70498002180F83C10FFE708
:10B6300000208DF81700FFE79DF8170006B080BDC9
:10B6400082B001460190009102B0704782B001467D
:10B650000190009102B0704780B58AB013468C46C5
:10B66000864608900791ADF81A20089890F8420095
:10B6700020280393CDF808C0CDF804E04BD1FFE7B4
:10B680000798002805D0FFE7BDF81A00002804D16C
:10B69000FFE701208DF8270041E0089801210163B0
:10B6A00008980021416308980799BDF81A2003F013
:10B6B00001FE8DF819000898006B012822D1FFE7E0
:10B6C000FFE700200590089800680068059008983A
:10B6D00000684068059005980090FFE7FFE7FFE7E6
:10B6E0000898006850E8030F40F010000490FFE74E
:10B6F00004980899096841E80302002AF0D1FFE79D
:10B70000FFE703E001208DF81900FFE79DF819001D
:10B710008DF8270003E002208DF82700FFE79DF851
:10B7200027000AB080BD000080B59CB00A460346E1
:10B730001B90ADF86A101B98006841F20001C4F23A
:10B7400001018842199218931ED1FFE7BDF86A00E3
:10B7500040F26421C2F20001A1F80801D1F80C0105
:10B76000BDF86A2001F1840317901846169111461E
:10B77000179A159390471B981699B1F804211599BB
:10B78000FFF76AFF1490CCE01B98006844F2004178
:10B79000C4F2000188421ED1FFE7BDF86A0040F202
:10B7A0007431C2F20001A1F80801D1F80C01BDF812
:10B7B0006A2001F184031390184612911146139ADE
:10B7C000119390471B981299B1F804211199FFF732
:10B7D00043FF1090A4E01B98006844F60001C4F2F7
:10B7E0000001884223D1FFE7BDF86A0040F284419E
:10B7F000C2F20001A1F80801D1F80C01BDF86A20DD
:10B8000001F184030F9018460E9111460F9A0D9383
:10B810009047BDF86A100D98F4F7EEFD1B980E994D
:10B82000B1F804210D99FFF717FF0C9077E01B98F2
:10B83000006844F60041C4F2000188421ED1FFE7CF
:10B84000BDF86A0040F29451C2F20001A1F808016B
:10B85000D1F80C01BDF86A2001F184030B90184661
:10B860000A9111460B9A099390471B980A99B1F8CF
:10B8700004210999FFF7F0FE08904FE01B9800683B
:10B8800045F20001C4F2000188421ED1FFE7BDF875
:10B890006A0040F2A461C2F20001A1F80801D1F8E7
:10B8A0000C01BDF86A2001F1840307901846069147
:10B8B0001146079A059390471B980699B1F8042101
:10B8C0000599FFF7C9FE049027E01B98006841F234
:10B8D0000041C4F2010188421ED1FFE7BDF86A00B1
:10B8E00040F2B471C2F20001A1F80801D1F80C01D4
:10B8F000BDF86A2001F184030390184602911146B5
:10B90000039A019390471B980299B1F80421019979
:10B91000FFF7A2FE0090FFE7FFE7FFE7FFE7FFE783
:10B92000FFE71CB080BD000080B588B001460790DD
:10B9300000200690079800684069C0F3C010069088
:10B94000079890F841002128039126D1FFE7069837
:10B95000002822D0FFE7FFE7FFE70798006850E8DC
:10B96000050F20F080000590FFE70598079909680A
:10B9700041E80502002AF0D1FFE7FFE70798806B56
:10B98000002806D0FFE70798806BF6F77DFB029052
:10B99000FFE7079803F016FAFFE707980068406989
:10B9A000C0F380100690079890F84200222826D114
:10B9B000FFE70698002822D0FFE7FFE7FFE7079898
:10B9C000006850E8050F20F040000490FFE704985D
:10B9D0000799096841E80502002AF0D1FFE7FFE76F
:10B9E0000798C06B002806D0FFE70798C06BF6F7F2
:10B9F0004BFB0190FFE7079803F082F9FFE7002077
:10BA000008B080BD82B001460190009102B070473D
:10BA100080B598B001461790179800680068169096
:10BA200017980068C06815901798006840691490CE
:10BA3000002013901290169800F00F0013901398A6
:10BA40000028069112D1FFE79DF8580080060028D3
:10BA50000BD5FFE79DF854008006002805D5FFE7C9
:10BA6000179803F0A1FA059011E2FFE71398002858
:10BA700000F0CD80FFE79DF85000C007002807D1F7
:10BA8000FFE7BDF8540010F4907F00F0C080FFE79E
:10BA90009DF85800C00700280CD0FFE79DF855001E
:10BAA000C007002806D0FFE71798416C41F001015C
:10BAB0004164FFE79DF85800400700280CD5FFE7D8
:10BAC0009DF85000C007002806D0FFE71798416C8A
:10BAD00041F002014164FFE79DF85800800700280B
:10BAE0000CD5FFE79DF85000C007002806D0FFE7FF
:10BAF0001798416C41F004014164FFE79DF858003C
:10BB00000007002812D5FFE79DF8540080060028A2
:10BB100006D4FFE79DF85000C007002806D0FFE7D5
:10BB20001798416C41F008014164FFE71798406C99
:10BB300000286BD0FFE79DF85800800600280BD541
:10BB4000FFE79DF854008006002805D5FFE7179809
:10BB500003F02AFA0490FFE7179800684069C0F3E1
:10BB6000801012901798406C10F0080F04D1FFE776
:10BB70001298002840D0FFE7179803F0C1F81798F3
:10BB80000068406910F0400F31D0FFE7FFE7FFE7A2
:10BB90001798006850E8050F20F040001190FFE76B
:10BBA00011981799096841E80502002AF0D1FFE7CA
:10BBB000FFE71798C06B002814D0FFE71798C06BF9
:10BBC0004EF69121C0F6000101651798C06BF6F79B
:10BBD000D9FA002805D0FFE71798C06B016D884798
:10BBE000FFE703E01798FFF70DFFFFE703E0179863
:10BBF000FFF708FFFFE708E01798FFF703FF179824
:10BC00004FF0000EC0F844E0FFE7FFE73FE1179870
:10BC1000006B012840F01981FFE79DF85800C0062D
:10BC2000002840F11281FFE79DF85400C00600286B
:10BC300040F10B81FFE7FFE70020109017980068A4
:10BC40000068109017980068406810901098039052
:10BC5000FFE717980068406910F0400F00F09B80E4
:10BC6000FFE71798C06B00684068ADF83E00BDF86C
:10BC70003E00002876D0FFE7BDF83E001799898D79
:10BC800088426FDAFFE7BDF83E001799C88517981C
:10BC9000C06BC069B0F5807F59D0FFE7FFE7FFE7D1
:10BCA0001798006850E8030F20F480700E90FFE7AB
:10BCB0000E981799096841E80302002AF0D1FFE7BE
:10BCC000FFE7FFE7FFE71798006850E8050F20F04F
:10BCD00001000D90FFE70D981799096841E80502EA
:10BCE000002AF0D1FFE7FFE7FFE7FFE717980068BA
:10BCF00050E8050F20F040000C90FFE70C981799D2
:10BD0000096841E80502002AF0D1FFE7FFE717982C
:10BD1000202180F84210179800210163FFE7FFE718
:10BD20001798006850E8030F20F010000B90FFE711
:10BD30000B981799096841E80302002AF0D1FFE740
:10BD4000FFE71798C06BF6F79FF90290FFE7179887
:10BD5000022141631798818DC28D891A89B2FFF73C
:10BD6000E3FC17E0BDF83E001799898D884210D199
:10BD7000FFE71798C06BC069B0F5807F08D1FFE777
:10BD80001798022141631798818DFFF7CDFCFFE7DB
:10BD9000FFE7FFE77BE01798818DC08D081AADF8AB
:10BDA0002A001798C08D00284ED0FFE7BDF82A0062
:10BDB000002849D0FFE7FFE7FFE71798006850E841
:10BDC000030F20F490700990FFE70998179909680C
:10BDD00041E80302002AF0D1FFE7FFE7FFE7FFE7B2
:10BDE0001798006850E8050F20F001000890FFE761
:10BDF00008981799096841E80502002AF0D1FFE781
:10BE0000FFE71798202180F842101798002101635E
:10BE1000FFE7FFE71798006850E8030F20F01000D5
:10BE20000790FFE707981799096841E80302002A7D
:10BE3000F0D1FFE7FFE71798022141631798BDF89B
:10BE40002A10FFF771FCFFE721E09DF8580000067B
:10BE500000280BD5FFE79DF854000006002805D503
:10BE6000FFE7179803F0CAFA019010E09DF8580018
:10BE7000400600280BD5FFE79DF854004006002837
:10BE800005D5FFE7179802F087FF0090FFE718B08D
:10BE900080BD000080B584B0014602900298002861
:10BEA000019104D1FFE701208DF80F0043E00298D3
:10BEB0008069002801D0FFE700E0FFE7029890F8D2
:10BEC0004100002808D1FFE70298002180F84010C7
:10BED000029800F035F8FFE70298242180F841101D
:10BEE00002980068C16821F40051C160029803F013
:10BEF0002DF902980068016921F4904101610298CE
:10BF00000068416921F02A01416102980068C16816
:10BF100041F40051C16002980021416402984FF041
:10BF2000200E80F841E0029880F842E002984163D8
:10BF30008DF80F10FFE79DF80F0004B080BD0000E2
:10BF400080B5A0B001461F9000201E901D901C904F
:10BF50001B901A901F98006841F20002C4F201027F
:10BF60009042129140F0C880FFE7FFE7002019904F
:10BF700043F64400C4F20200016841F01001016080
:10BF8000006800F01000199019981190FFE7FFE782
:10BF90000020189043F63000C4F20200016841F01E
:10BFA00002010160006800F00200189018981090DB
:10BFB000FFE7FFE70020179043F63000C4F20200CD
:10BFC000016841F001010160006800F00100179074
:10BFD00017980F90FFE780201A9002201B900021F5
:10BFE0001C9103221D9207231E9340F2004CC4F2C1
:10BFF000020C0DF1680E0E9060460D917146CDF861
:10C0000030E00B930A92F6F701FF4FF400701A909C
:10C010000E981B900D991C910A9A1D920B9B1E93D2
:10C020000020C4F202000C99F6F7F0FE42F2B430A0
:10C03000C2F2000046F28841C4F2020101604FF0F2
:10C04000006141600D998160C1604FF480620261BE
:10C0500041618161C1614FF4403202620422426257
:10C060000A9A8262C1620163F6F7BAFA002803D025
:10C07000FFE7F4F79DFFFFE7FFE71F9842F2B431B7
:10C08000C2F20001C1631F988863FFE742F21440C7
:10C09000C2F2000046F2B841C4F2020101604FF062
:10C0A00000614160402181600021C1604FF48062E5
:10C0B000026141618161C1614FF48032026241627B
:10C0C000F6F78EFA002803D0FFE7F4F771FFFFE7D9
:10C0D000FFE71F9842F21441C2F2000181631F98EA
:10C0E0008863FFE72520052100220990F7F7B4FCBB
:10C0F0000998F7F7A1FC24E11F98006844F60001B5
:10C10000C4F2000188426ED1FFE7FFE700201690DD
:10C1100043F64000C4F20200016841F4802101604E
:10C12000006800F48020169016980890FFE7FFE75B
:10C130000020159043F63000C4F20200016841F07F
:10C1400004010160006800F0040015901598079044
:10C15000FFE74FF440601A9002201B9000201C90D3
:10C1600003211D9107211E9140F60001C4F2020136
:10C170001AAA069008461146F6F748FE42F27440A5
:10C18000C2F2000046F22801C4F2020101604FF041
:10C190000061416006998160C1604FF48062026174
:10C1A00041618161C1614FF4403202624162F6F740
:10C1B00017FA002803D0FFE7F4F7FAFEFFE7FFE7DE
:10C1C0001F9842F27441C2F20001C1631F98886354
:10C1D000FFE72720052100220590F7F73DFC059891
:10C1E000F7F72AFCACE01F98006841F20041C4F266
:10C1F0000101884240F0A380FFE7FFE70020149090
:10C2000043F64400C4F20200016841F020010160DD
:10C21000006800F02000149014980490FFE7FFE7F6
:10C220000020139043F63000C4F20200016841F090
:10C2300040010160006800F04000139013980390E3
:10C24000FFE74FF484401A9002201B9000201C90BE
:10C2500003211D9108221E9241F60002C4F202023F
:10C260001AAB0290104601911946F6F7CFFD42F243
:10C27000D440C2F2000046F22841C4F2020101603B
:10C280004FF02061416002998160C1604FF480628B
:10C290000261416181614FF48072C2614FF40032EA
:10C2A000026204224262019A8262C1620163F6F76D
:10C2B00097F9002803D0FFE7F4F77AFEFFE7FFE7DE
:10C2C0001F9842F2D441C2F20001C1631F988863F3
:10C2D000FFE742F23450C2F2000046F2A041C4F23D
:10C2E000020101604FF02061416040218160002126
:10C2F000C1604FF48062026141618161C1614FF4AC
:10C30000803202624162F6F76BF9002803D0FFE742
:10C31000F4F74EFEFFE7FFE71F9842F23451C2F2F6
:10C32000000181631F988863FFE7472005210022F1
:10C330000090F7F791FB0098F7F77EFBFFE7FFE728
:10C34000FFE720B080BD0000B0B58EB09C46964699
:10C350000C4605460C900B91ADF82A20099300205D
:10C3600006900C9890F842002028CDF814C0CDF823
:10C3700010E00394029540F08F80FFE70B980028AF
:10C3800005D0FFE7BDF82A00002804D1FFE701200F
:10C390008DF8370084E00C98002141640C9822222B
:10C3A00080F842200C980163F6F73AFF0690BDF83A
:10C3B0002A000C998885BDF82A000C99C8850C982C
:10C3C0008068B0F5805F0AD1FFE70C98006900280B
:10C3D00005D1FFE7002008900B98079004E00B9828
:10C3E000089000200790FFE7FFE70C98C08D002819
:10C3F0004AD0FFE70C98069B09996A4611602021F4
:10C40000002203F04BF8002808D0FFE70C98202109
:10C4100080F8421003208DF8370041E0089800288A
:10C420000BD1FFE70C98006840686FF35F20079915
:10C43000088007980230079021E00C988068B0F5DA
:10C44000805F0AD0FFE70C98806800280BD1FFE7D7
:10C450000C980069002806D1FFE70C980068406836
:10C460000899087007E00C980068406800F07F00A9
:10C4700008990870FFE7089801300890FFE70C98CA
:10C48000C18D0139C185B0E70C98202180F8421098
:10C4900000208DF8370003E002208DF83700FFE719
:10C4A0009DF837000EB0B0BD80B588B013468C46FD
:10C4B000864606900591ADF81220069890F8420045
:10C4C00020280393CDF808C0CDF804E019D1FFE788
:10C4D0000598002805D0FFE7BDF81200002804D118
:10C4E000FFE701208DF81F000FE00698002101638F
:10C4F00006980599BDF8122002F0DCFE8DF81F00A9
:10C5000003E002208DF81F00FFE79DF81F0008B030
:10C5100080BD000082B001460190009102B07047DA
:10C5200082B001460190009102B07047B0B58EB064
:10C530009C4696460C4605460C900B91ADF82A2079
:10C540000993002006900C9890F841002028CDF81F
:10C5500014C0CDF810E00394029540F08880FFE706
:10C560000B98002805D0FFE7BDF82A00002804D169
:10C57000FFE701208DF837007DE00C980021416431
:10C580000C98212180F84110F6F74AFE0690BDF87C
:10C590002A000C998884BDF82A000C99C8840C984C
:10C5A0008068B0F5805F0AD1FFE70C980069002829
:10C5B00005D1FFE7002008900B98079004E00B9846
:10C5C000089000200790FFE7FFE70C98C08C002838
:10C5D00031D0FFE70C98069B09996A4611608021CB
:10C5E000002202F05BFF002808D0FFE70C98202112
:10C5F00080F8411003208DF837003CE008980028AF
:10C600000BD1FFE7079800886FF35F200C9909684A
:10C61000486007980230079008E0089800780C9965
:10C6200009684860089801300890FFE70C98C18CB1
:10C630000139C184C9E70C98069B09996A461160C3
:10C640004021002202F02AFF002808D0FFE70C98C2
:10C65000202180F8411003208DF837000BE00C9862
:10C66000202180F8411000208DF8370003E00220DF
:10C670008DF83700FFE79DF837000EB0B0BD000021
:10C6800080B58AB013468C46864608900791ADF86F
:10C690001A20089890F8410020280393CDF808C08C
:10C6A000CDF804E070D1FFE70798002805D0FFE738
:10C6B000BDF81A00002804D1FFE701208DF82700FB
:10C6C00066E0079808990862BDF81A0008998884FE
:10C6D000BDF81A000899C884089800214164089898
:10C6E000212280F841200898806B4EF66542C0F602
:10C6F0000002C2630898806B4EF6E542C0F6000265
:10C7000002640898806B4EF6B122C0F60002C26443
:10C710000898806B016507A8059008980168806BF0
:10C72000059A12680431BDF81A3000911146009A3A
:10C73000F6F78CF900280BD0FFE708981021416428
:10C740000898202180F8411001208DF827001FE073
:10C75000089800686FF040010160FFE7FFE7089864
:10C76000006850E8050F40F080000490FFE704984F
:10C770000899096841E80502002AF0D1FFE7FFE7C0
:10C7800000208DF8270003E002208DF82700FFE746
:10C790009DF827000AB080BD82B00146019000914B
:10C7A00002B0704782B001460190009102B070471C
:10C7B000FFE7FEE780B586B013468C4686460590B7
:10C7C00004918DF80F2000208DF80E000293CDF813
:10C7D00004C0CDF800E0FFE79DF80E009DF80F10B3
:10C7E00088422ADAFFE70598000F09280AD8FFE7F0
:10C7F0000598302141EA107004999DF80E2001F847
:10C80000120009E00598372101EB107004999DF89A
:10C810000E2001F81200FFE705980001059004982A
:10C820009DF80E1000EB410000214170FFE79DF8DC
:10C830000E0001308DF80E00CEE706B080BD00007E
:10C8400080B542F2E410C2F2000046F20041C4F2A8
:10C85000000101600321416000218160C1604FF44B
:10C86000C02202614FF4A0024261017601224276A9
:10C870008276C17601774177F5F7B8F8002803D0C2
:10C88000FFE7F4F795FBFFE780BD000080B542F2BB
:10C890000C20C2F2000046F60001C4F20001016063
:10C8A0000321416000218160C1604FF48022026158
:10C8B0004FF4E00242610176012242768276C1762F
:10C8C00001774177F5F792F8002803D0FFE7F4F7F6
:10C8D0006FFBFFE780BD000080B590B0FFE7002050
:10C8E0000F9043F63000C4F20200016841F40011D9
:10C8F0000160006800F400100F900F980D90FFE7A2
:10C90000FFE700200E9043F63000C4F202000168F9
:10C9100041F480010160006800F480000E900E98E0
:10C920000C90FFE70C20052100220B900A91099240
:10C93000F7F792F80B98F7F77FF80D200890099910
:10C94000099AF7F789F80898F7F776F80F20079013
:10C950000999099AF7F780F80798F7F76DF83920E1
:10C9600006900A99099AF7F777F80698F7F764F8A6
:10C970003A2005900A99099AF7F76EF80598F7F7A3
:10C980005BF83B2004900999099AF7F765F8049839
:10C99000F7F752F8442003900999099AF7F75CF8E1
:10C9A0000398F7F749F8452002900999099AF7F793
:10C9B00053F80298F7F740F8462001900999099A30
:10C9C000F7F74AF80198F7F737F810B080BD000084
:10C9D00080B5A4B0002023902290219020901F9039
:10C9E000FFE700201E9043F63000C4F20200016809
:10C9F00041F002010160006800F002001E901E98E4
:10CA00001690FFE7FFE700201D9043F63000C4F2C8
:10CA10000200016841F040010160006800F0400040
:10CA20001D901D981590FFE7FFE700201C9043F62E
:10CA30003000C4F20200016841F0010101600068A9
:10CA400000F001001C901C981490FFE7FFE7002005
:10CA50001B9043F63000C4F20200016841F0080167
:10CA60000160006800F008001B901B981390FFE71E
:10CA7000FFE700201A9043F63000C4F2020001687C
:10CA800041F004010160006800F004001A901A9857
:10CA90001290FFE7FFE70020199043F63000C4F240
:10CAA0000200016841F080010160006800F0800030
:10CAB000199019981190FFE7FFE70020189043F6AE
:10CAC0003000C4F20200016841F0200101600068FA
:10CAD00000F02000189018981090FFE7FFE7002062
:10CAE000179043F63000C4F20200016841F01001D3
:10CAF0000160006800F01000179017980F90FFE792
:10CB000041F60000C4F20200402101220E900D9176
:10CB10000C92F6F763FB0020C4F2020010210B9088
:10CB20000A910C9AF6F75AFB40F20040C4F2020058
:10CB300009900C990C9AF6F751FB0D981F900C99DF
:10CB40002091219122911FAA0E9811460892F6F782
:10CB50005DF909201F904FF4041120910C9A219245
:10CB6000DDF838E007907046089B06911946F6F705
:10CB70004DF90A981F900C9920912191022222923E
:10CB80000B9808990592F6F741F930201F90069806
:10CB900020900C99219140F60000C4F202000899FF
:10CBA000F6F734F90C981F90209021900599229166
:10CBB00009980899F6F72AF9062000210490059AA9
:10CBC00003911146039AF6F747FF0498F6F734FFEE
:10CBD00007980C99039AF6F73FFF0798F6F72CFF92
:10CBE0000A2002900C99039AF6F736FF0298F6F79E
:10CBF00023FF172001900C99039AF6F72DFF019857
:10CC0000F6F71AFF24B080BD80B542F29450C2F20C
:10CC1000000045F60041C4F20001016041F68021A8
:10CC2000C0F20601416000218160C1604FF4804282
:10CC3000026141618161C1610162F6F757FB002821
:10CC400003D0FFE7F4F7B4F9FFE780BD80B542F603
:10CC5000CC20C2F2000043F20001C4F201010160E5
:10CC60004FF48271416000218160C1600222026143
:10CC7000012242614FF4007282613822C261016276
:10CC8000416281620A21C162F8F7A8FF002803D03F
:10CC9000FFE7F4F78DF9FFE780BD000080B588B0AD
:10CCA0000020079006900590049003900290019058
:10CCB00042F66C31C2F2000144F20042C4F20102B9
:10CCC0000A604860886041F28732CA600861886102
:10CCD0000846F9F7A5FA002803D0FFE7F4F768F94A
:10CCE000FFE742F66C30C2F20000FDF761FC00285D
:10CCF00003D0FFE7F4F75CF9FFE760200190002024
:10CD000002900390059042F66C31C2F2000101AA34
:10CD1000009008461146009AFDF79AFB002803D0C0
:10CD2000FFE7F4F745F9FFE742F66C30C2F2000086
:10CD3000FCF7F6F808B080BD80B596B000201590DD
:10CD4000149013901290119010900F900E900D90DF
:10CD50000C900B900A90099008900790069005900F
:10CD6000049003900290019042F62431C2F2000137
:10CD70000022C4F201020A60A7224A60886041F2E0
:10CD80008732CA600861486188610846F9F748FA45
:10CD9000002803D0FFE7F4F70BF9FFE74FF48050CA
:10CDA000129042F62430C2F2000012A9F9F77EFC7C
:10CDB000002803D0FFE7F4F7FBF8FFE742F6243042
:10CDC000C2F20000FDF7F4FB002803D0FFE7F4F700
:10CDD000EFF8FFE700201090119042F62430C2F2E5
:10CDE000000010A9F9F786F9002803D0FFE7F4F74F
:10CDF000DFF8FFE76020099000200A900B900C906C
:10CE00000D900E900F9042F62430C2F2000009A956
:10CE10000822FDF71DFB002803D0FFE7F4F7C8F850
:10CE2000FFE70020019002900390049005904FF4DA
:10CE300000510691089042F62430C2F2000001A988
:10CE4000F9F77EF8002803D0FFE7F4F7B1F8FFE721
:10CE500042F62430C2F20000FCF762F816B080BD42
:10CE600080B586B000200590049003900290019058
:10CE7000009042F6B431C2F2000140F20042C4F226
:10CE800000020A6053224A60886040F2E732CA60BA
:10CE9000086188610846F9F7C3F9002803D0FFE765
:10CEA000F4F786F8FFE74FF48050029042F6B43072
:10CEB000C2F2000002A9F9F7F9FB002803D0FFE74E
:10CEC000F4F776F8FFE700200090019042F6B430C6
:10CED000C2F200006946F9F70DF9002803D0FFE718
:10CEE000F4F766F8FFE706B080BD000080B586B0B5
:10CEF000002005900490039002900190009042F66B
:10CF0000FC31C2F2000140F60002C4F200020A60E5
:10CF100053224A60886040F2E732CA600861886143
:10CF20000846F9F77DF9002803D0FFE7F4F740F849
:10CF3000FFE74FF48050029042F6FC30C2F200004E
:10CF400002A9F9F7B3FB002803D0FFE7F4F730F8A4
:10CF5000FFE700200090019042F6FC30C2F2000092
:10CF60006946F9F7C7F8002803D0FFE7F4F720F87F
:10CF7000FFE706B080BD000080B586B000200590B8
:10CF80000490039002900190009042F64441C2F256
:10CF9000000140F60042C4F200020A6053224A60D7
:10CFA000886040F2E732CA60086188610846F9F794
:10CFB00037F9002803D0FFE7F3F7FAFFFFE74FF454
:10CFC0008050029042F64440C2F2000002A9F9F7F4
:10CFD0006DFB002803D0FFE7F3F7EAFFFFE700202F
:10CFE0000090019042F64440C2F200006946F9F711
:10CFF00081F8002803D0FFE7F3F7DAFFFFE706B078
:10D0000080BD000080B542F68C40C2F2000041F2C3
:10D010000001C4F2010101604FF4E13141600021DF
:10D020008160C16001610C2242618161C161FEF7D2
:10D0300031FF002803D0FFE7F3F7BAFFFFE780BD19
:10D0400080B542F6D440C2F2000044F60001C4F2BA
:10D050000001016048F2A061C0F2010141604FF49B
:10D06000805181600021C1604FF4806202610C2216
:10D0700042618161C161FEF70DFF002803D0FFE727
:10D08000F3F796FFFFE780BD80B542F61C50C2F271
:10D09000000041F20041C4F2010101604FF4E131AE
:10D0A000416000218160C16001610C2242618161A7
:10D0B000C161FEF7EFFE002803D0FFE7F3F778FF2A
:10D0C000FFE780BD80B541F60870C2F2000040F273
:10D0D0000401C2F20001002203F044FD002803D045
:10D0E000FFE7F3F765FFFFE741F60870C2F20000C3
:10D0F00040F22401C2F2000104F066FB002803D0D4
:10D10000FFE7F3F755FFFFE741F60870C2F20000B2
:10D1100040F2C001C2F2000102F03EFE002803D03E
:10D12000FFE7F3F745FFFFE741F60870C2F20000A2
:10D1300004F012FD002803D0FFE7F3F739FFFFE703
:10D1400080BD0000FFE7FEE7FFE7FEE780B58BB09C
:10D1500013468C4686460A90099108920A9800F078
:10D16000070007900798C0F1070005280493CDF841
:10D170000CC0CDF808E003D3FFE70420019004E0E1
:10D180000798C0F107000190FFE701980690079803
:10D190000430062803D8FFE70020009003E007983A
:10D1A00003380090FFE7009805900998069901223E
:10D1B00002FA01F10139084005998840089B02FAFA
:10D1C00001F10139194008430BB080BD80B542F22E
:10D1D000E850C2F20000F7F73BF880BD80B58AB096
:10D1E0000A46034609900891099800680790079835
:10D1F00006900798006C05900698089900EB41107E
:10D20000D0F8080B0490059843F20B01C4F6547152
:10D210008842039202930ED3FFE70498000400288B
:10D2200009D5FFE70698089900EB41104FF400413B
:10D23000C0F8081BFFE70998F7F7A6FE059843F228
:10D240000B0EC4F6547E704511D3FFE70998807920
:10D2500001280CD1FFE70998016800F29C420120E7
:10D2600001900846019905F057FB0090FFE7002068
:10D270000AB080BD80B58EB00A4603460D900C9171
:10D280000D9800680A900A9809900A98006C089016
:10D2900009980C9900EB4110D0F8080B07900D98F5
:10D2A000807901280692059340F08380FFE7079874
:10D2B0000007002817D5FFE7089843F20B01C4F6D2
:10D2C000547188420ED3FFE707980004002809D55F
:10D2D000FFE709980C9900EB41104FF40041C0F8AA
:10D2E000081BFFE764E007988006002808D5FFE7E1
:10D2F00009980C9900EB41102021C0F8081B56E05A
:10D300009DF81C0010F0280F4FD1FFE7089843F25A
:10D310000B01C4F6547188420ED3FFE7079800044E
:10D32000002809D5FFE709980C9900EB41104FF44C
:10D330000041C0F8081B37E00D980C9901EBC101C2
:10D3400000EB810000F515700B900B98006A0999AD
:10D350000C9A01EB4211D1F8101B6FF3DF41401A18
:10D360000B9948610C98002818D1FFE70B980069C9
:10D3700000280CD1FFE70D98016800F29C420120C3
:10D3800004900846049905F0C7FA039005E00B984D
:10D39000C16842691144C160FFE7FFE70D989DF83D
:10D3A0003010F6F725FCFFE700E0FFE7FFE7FFE7B7
:10D3B0004BE0089843F20A11C4F65471884222D116
:10D3C000FFE707980004002809D5FFE709980C99A2
:10D3D00000EB41104FF40041C0F8081B12E0079821
:10D3E0008006002808D5FFE709980C9900EB41104A
:10D3F0002021C0F8081BFFE70D989DF83010F6F7C4
:10D40000F7FBFFE720E00C98002817D1FFE70D9805
:10D410000C9901EBC10100EB8100D0F864020028F7
:10D420000CD1FFE70D98016800F29C4200200290A9
:10D430000846029905F070FA0190FFE70D989DF8F3
:10D440003010F6F7D5FBFFE7FFE700200EB080BDF8
:10D4500080B58EB00A4603460C900B910C9800687C
:10D460000A900A9809900C980B9901EBC10100EB06
:10D47000810014300890089801694069884204923C
:10D48000039304D9FFE701208DF837007CE008986A
:10D4900001694069081A07900798089989688842C5
:10D4A00004D9FFE7089880680790FFE707980330E2
:10D4B00080080690FFE709980B9900EB4110D0F81F
:10D4C000180980B206990022884202920FD3FFE722
:10D4D00008980169406900228842029207D2FFE75A
:10D4E00008980069002818BF01200290FFE7029801
:10D4F000C00700282ED0FFE7089801694069081A84
:10D500000790079808998968884204D9FFE7089826
:10D5100080680790FFE707980330800806900A9814
:10D520000899C9680C9A9279BDF81C309DF82CC0F6
:10D53000EE46CEF80020624606F000FD0799089AF4
:10D54000D3681944D1600799089A53691944516105
:10D550000190B0E7089801694069814210D8FFE75F
:10D560000B9800F00F00012101FA00F005900598DA
:10D570000999D1F8342822EA0000C1F83408FFE7FD
:10D5800000208DF83700FFE79DF837000EB080BD12
:10D59000704700007047000085B001460490049871
:10D5A000019001980078ADF80C00019801300190CD
:10D5B00001980078ADF80A00BDF80A00BDF80C200B
:10D5C00042EA0020ADF80E00BDF80E00009105B053
:10D5D0007047000080B584B001460290029801387F
:10D5E000B0F1807F019103D3FFE7012003901BE09E
:10D5F000029801384EF21401CEF2000108604FF09B
:10D60000FF300F210AF046FF4EF21800CEF2000064
:10D61000002101604EF21000CEF200004FF0070E24
:10D62000C0F800E00391FFE7039804B080BD00005C
:10D6300080B5F6F78BF880BD80B596B00AA830218A
:10D64000F2F7DAFE00200990089007900690059006
:10D65000FFE70020049043F64000C4F20200016896
:10D6600041F080510160006800F0805004900498FF
:10D670000290FFE7FFE70020039047F20000C4F2AA
:10D680000000016841F480410160006800F48040BE
:10D69000039003980190FFE701200A904FF4803037
:10D6A0000B90022010904FF48001119106211291ED
:10D6B000A82113911490072015900AA8F7F70EFFE0
:10D6C000002803D0FFE7F3F773FCFFE70F20059076
:10D6D00002200690002007904FF4A05008904FF4CD
:10D6E0008050099005A80521F7F71AFD002803D0FE
:10D6F000FFE7F3F75DFCFFE716B080BD86B043F6A9
:10D700000800C4F20200006800F00C0005900598C3
:10D710000028009008D0FFE7009804280ED0FFE70B
:10D720000098082814D05AE040F22000C2F200000D
:10D7300042F20041C0F2F40101605AE040F22000E0
:10D74000C2F2000041F60031C0F2B701016050E0C2
:10D7500043F60400C4F202000168C1F38051029153
:10D76000006800F03F0001900298002811D0FFE708
:10D77000019841F60031C0F2B701B1FBF0F043F679
:10D780000401C4F202010968C1F3881148430490FE
:10D7900010E0019842F20041C0F2F401B1FBF0F058
:10D7A00043F60401C4F202010968C1F38811484339
:10D7B0000490FFE743F60400C4F20200006800F49E
:10D7C0004030022101EBD030039004980399B0FB64
:10D7D000F1F040F22001C2F20001086009E040F2DD
:10D7E0002000C2F2000042F20041C0F2F4010160E8
:10D7F000FFE743F60800C4F202000068C0F303101C
:10D8000049F22411C0F60101085C0590059840F228
:10D810002001C2F200010A6822FA00F0086006B096
:10D82000704700004EF68850CEF20000016841F4C7
:10D83000700101607047000080B542F6FC30C2F212
:10D840000000FBF769FA80BD80B542F64440C2F2A1
:10D850000000FBF761FA80BD80B584B001460390FB
:10D860000398806B02900298012280F83D20029874
:10D870000191F8F759FB04B080BD000080B584B079
:10D88000014603900398806B02900298012280F871
:10D890003D2002980191F8F74DFB04B080BD0000D7
:10D8A00085B00A46034604900391049800680290EC
:10D8B00004980021C4F2010188420192009325D00E
:10D8C000FFE70498B0F1804F20D0FFE7049840F2C2
:10D8D0000041C4F20001884218D0FFE7049840F6E6
:10D8E0000001C4F20001884210D0FFE7049840F61E
:10D8F0000041C4F20001884208D0FFE7049840F2DA
:10D900000041C4F2010188420AD1FFE7029820F0E9
:10D910007000029003984068029908430290FFE764
:10D9200004980021C4F20101884255D0FFE7049811
:10D93000B0F1804F50D0FFE7049840F20041C4F2AC
:10D940000001884248D0FFE7049840F60001C4F285
:10D950000001884240D0FFE7049840F60041C4F23D
:10D960000001884238D0FFE7049840F20041C4F239
:10D970000101884230D0FFE7049844F20001C4F26C
:10D980000101884228D0FFE7049844F20041C4F224
:10D990000101884220D0FFE7049844F60001C4F258
:10D9A0000101884218D0FFE7049841F60001C4F253
:10D9B0000001884210D0FFE7049841F60041C4F20C
:10D9C0000001884208D0FFE7049842F20001C4F247
:10D9D000000188420AD1FFE7029820F440700290CB
:10D9E0000398C068029908430290FFE7029820F06C
:10D9F000800003994969084302900398806804995C
:10DA0000C862039800680499886204980021C4F2EF
:10DA10000101884208D0FFE7049840F20041C4F2B7
:10DA20000101884205D1FFE7039800690499086362
:10DA3000FFE70498016841F00401016004980121A6
:10DA4000416102980499086005B0704780B582B0C2
:10DA500042F2E410C2F2000040F27012C2F2000280
:10DA60004FF400710823F3F7B7F8019002B080BDBE
:10DA700080B587B013468C46864606900591049281
:10DA8000059800F01F00012101FA00F003900398AF
:10DA900006990A6A22EA000008620498059901F0D2
:10DAA0001F01884006990A6A104308620293CDF864
:10DAB00004C0CDF800E007B080BD000080B584B0A0
:10DAC000014603900398806B02900398029A526A71
:10DAD0009042019111D1FFE702980121017703984B
:10DAE000C069002808D1FFE70298012180F83E10A4
:10DAF000029880F84210FFE748E003980299896A8B
:10DB0000884211D1FFE70298022101770398C0698A
:10DB1000002808D1FFE70298012180F83F10029801
:10DB200080F84310FFE730E003980299C96A884201
:10DB300011D1FFE70298042101770398C0690028FA
:10DB400008D1FFE70298012180F84010029880F880
:10DB50004410FFE718E003980299096B884211D13D
:10DB6000FFE70298082101770398C069002808D1CF
:10DB7000FFE70298012180F84110029880F84510D3
:10DB8000FFE700E0FFE7FFE7FFE7FFE70298FAF7AC
:10DB90000BF902984FF0000E80F81CE004B080BD35
:10DBA00080B584B0014603900398806B029003987F
:10DBB000029A526A9042019104D1FFE70298012132
:10DBC000017721E003980299896A884204D1FFE72E
:10DBD00002980221017716E003980299C96A8842E7
:10DBE00004D1FFE70298042101770BE00398029922
:10DBF000096B884204D1FFE702980821017700E011
:10DC0000FFE7FFE7FFE7FFE70298FAF7D3F802988C
:10DC10004FF0000E80F81CE004B080BD80B584B0E9
:10DC2000014603900398806B02900398029A526A0F
:10DC3000904201910ED1FFE70298012101770398EC
:10DC4000C069002805D1FFE70298012180F83E1045
:10DC5000FFE73FE003980299896A88420ED1FFE707
:10DC60000298022101770398C069002805D1FFE7D7
:10DC70000298012180F83F10FFE72AE003980299FB
:10DC8000C96A88420ED1FFE7029804210177039800
:10DC9000C069002805D1FFE70298012180F84010F3
:10DCA000FFE715E003980299096B88420ED1FFE760
:10DCB0000298082101770398C069002805D1FFE781
:10DCC0000298012180F84110FFE700E0FFE7FFE73D
:10DCD000FFE7FFE70298FCF7C7FC02984FF0000E41
:10DCE00080F81CE004B080BD80B584B0014603908C
:10DCF0000398806B02900398029A526A90420191B5
:10DD000004D1FFE702980121017721E003980299ED
:10DD1000896A884204D1FFE702980221017716E060
:10DD200003980299C96A884204D1FFE70298042146
:10DD300001770BE003980299096B884204D1FFE751
:10DD400002980821017700E0FFE7FFE7FFE7FFE720
:10DD50000298FCF78FFC02984FF0000E80F81CE050
:10DD600004B080BD80B584B0014603900398806BF9
:10DD700002900398029A526A9042019107D1FFE7FC
:10DD8000029801210177029880F83E1031E0039853
:10DD90000299896A884208D1FFE702980221017737
:10DDA0000298012180F83F1022E003980299C96A85
:10DDB000884208D1FFE702980421017702980121E7
:10DDC00080F8401013E003980299096B884208D14B
:10DDD000FFE70298082101770298012180F841109D
:10DDE00004E00298012180F83D10FFE7FFE7FFE71C
:10DDF000FFE70298F9F7D2FF02984FF0000E80F883
:10DE00001CE004B080BD000080B584B001460390E2
:10DE10000398806B02900298006AC0690028019103
:10DE200005D1FFE70298012180F83D10FFE7029835
:10DE3000FDF770FA04B080BD80B584B00146039050
:10DE40000398806B029002980191FDF753FB04B098
:10DE500080BD000080B584B0014603900398806BBC
:10DE600002900298806BC0690028019105D1FFE7FC
:10DE70000298012180F83D10FFE70298FDF7E0FBD2
:10DE800004B080BD80B584B0014603900398806BD8
:10DE9000029002980191FDF7D9FB04B080BD00000B
:10DEA000B0B589B09C4696460C4605460890079149
:10DEB00006920593089880680490049820F47F40A7
:10DEC000049007980699059A41EA022108430499AB
:10DED00008430490049808998860CDF80CC0CDF8E8
:10DEE00008E00194009509B0B0BD000085B00A4675
:10DEF000034604900391049880680290029820F0F1
:10DF00007000029003980299084340F007000290C5
:10DF10000298049988600192009305B07047000050
:10DF200084B00A46034603900291039800680021DA
:10DF3000C4F2010188420192009309D1FFE70398DE
:10DF400040F21C21C2F20001086002984860F3E030
:10DF500003980068B0F1804F09D1FFE7039840F2C1
:10DF60002421C2F20001086002984860E3E00398AF
:10DF7000006840F20041C4F20001884209D1FFE785
:10DF8000039840F22C21C2F2000108600298486018
:10DF9000D0E00398006840F60001C4F20001884216
:10DFA00009D1FFE7039840F23421C2F20001086072
:10DFB00002984860BDE00398006840F60041C4F252
:10DFC0000001884209D1FFE7039840F23C21C2F2E8
:10DFD0000001086002984860AAE00398006841F2D6
:10DFE0000001C4F20001884209D1FFE7039840F222
:10DFF0004421C2F2000108600298486097E003984B
:10E00000006841F20041C4F20001884209D1FFE7F3
:10E01000039840F24C21C2F2000108600298486067
:10E0200084E00398006840F20041C4F20101884294
:10E0300009D1FFE7039840F25421C2F200010860C1
:10E040000298486071E00398006844F20001C4F24D
:10E050000101884209D1FFE7039840F25C21C2F236
:10E0600000010860029848605EE00398006844F28E
:10E070000041C4F20101884209D1FFE7039840F250
:10E08000F411C2F200010860029848604BE0039866
:10E09000006844F60001C4F20101884209D1FFE79B
:10E0A000039840F2FC11C2F2000108600298486037
:10E0B00038E00398006841F60001C4F2000188428C
:10E0C00009D1FFE7039840F20421C2F20001086081
:10E0D0000298486025E00398006841F60041C4F2C8
:10E0E0000001884209D1FFE7039840F20C21C2F2F7
:10E0F000000108600298486012E00398006842F24C
:10E100000001C4F20001884209D1FFE7039840F200
:10E110001421C2F20001086002984860FFE7FFE79F
:10E12000FFE7FFE7FFE7FFE7FFE7FFE7FFE7FFE7BF
:10E13000FFE7FFE7FFE7FFE704B0704787B00A4655
:10E140000346069005910698006A03900698016AB6
:10E1500021F00101016206984068029006988069EA
:10E160000490049820F070000490049820F00300BC
:10E17000049005980068049908430490039820F0DF
:10E18000020003900598806803990843039006985D
:10E190000021C4F2010188420192009308D0FFE7F8
:10E1A000069840F20041C4F2010188420ED1FFE717
:10E1B000039820F0080003900598C068039908436D
:10E1C0000390039820F004000390FFE706980021D5
:10E1D000C4F20101884208D0FFE7069840F20041EE
:10E1E000C4F20101884213D1FFE7029820F4807045
:10E1F0000290029820F400700290059840690299FC
:10E200000843029005988069029908430290FFE74D
:10E2100002980699486004980699886105984068B4
:10E220000699486303980699086207B07047000092
:10E2300087B00A460346069005910698006A039047
:10E240000698016A21F01001016206984068029068
:10E25000069880690490049820F4E04004900498A3
:10E2600020F44070049005980068049941EA002069
:10E270000490039820F0200003900598806803998B
:10E2800041EA0010039006980021C4F2010188427F
:10E290000192009308D0FFE7069840F20041C4F2D3
:10E2A000010188420FD1FFE7039820F0800003901E
:10E2B0000598C068039941EA00100390039820F084
:10E2C00040000390FFE706980021C4F20101884254
:10E2D00008D0FFE7069840F20041C4F201018842ED
:10E2E00015D1FFE7029820F480600290029820F494
:10E2F0000060029005984069029941EA800002900E
:10E3000005988069029941EA80000290FFE702982F
:10E3100006994860049806998861059840680699AE
:10E32000886303980699086207B0704787B00A4669
:10E330000346069005910698006A03900698016AC4
:10E3400021F4807101620698406802900698C069C5
:10E350000490049820F070000490049820F00300CA
:10E36000049005980068049908430490039820F4E9
:10E370000070039005988068039941EA002003909B
:10E3800006980021C4F2010188420192009308D04E
:10E39000FFE7069840F20041C4F2010188420FD124
:10E3A000FFE7039820F4006003900598C068039984
:10E3B00041EA00200390039820F480600390FFE777
:10E3C00006980021C4F20101884208D0FFE70698B0
:10E3D00040F20041C4F20101884215D1FFE70298E2
:10E3E00020F480500290029820F40050029005988A
:10E3F0004069029941EA00100290059880690299EB
:10E4000041EA00100290FFE70298069948600498DC
:10E410000699C861059840680699C86303980699EB
:10E42000086207B07047000087B00A4603460690AE
:10E4300005910698006A03900698016A21F48051BC
:10E4400001620698406802900698C069049004989A
:10E4500020F4E0400490049820F440700490059863
:10E460000068049941EA00200490039820F40050C9
:10E47000039005988068039941EA0030039006985C
:10E480000021C4F2010188420192009308D0FFE705
:10E49000069840F20041C4F2010188420BD1FFE727
:10E4A000029820F48040029005984069029941EA60
:10E4B00080100290FFE70298069948600498069938
:10E4C000C86105984068069908640398069908622F
:10E4D00007B0704780B58EB00A4603460C900B918A
:10E4E00000208DF82B000C9800688068099009982E
:10E4F00020F0700009900B98406809990843099032
:10E50000099820F0070009900B98006809990843C2
:10E51000099009980C99096888600B984068002850
:10E5200006920593049068D0FFE70498102864D001
:10E53000FFE70498202860D0FFE7049830285CD0DB
:10E54000FFE70498402818D0FFE7049850283ED0F1
:10E55000FFE70498602845D0FFE7049870284DD164
:10E56000FFE70C9800680B998A68CB6809690391EA
:10E570001946039BFFF794FC44E00B9800680528BC
:10E5800004D1FFE701208DF8370040E00C980068C7
:10E59000006A07900C980068016A21F0010101628D
:10E5A0000C98006880690890089820F0F0000890A6
:10E5B0000B980069089941EA0010089008980C9996
:10E5C0000968886107980C99096808621AE00C9834
:10E5D00000680B998A68096902911146029A00F055
:10E5E0001BF80FE00C9800680B998A680969019183
:10E5F0001146019A00F0DAF804E003E001208DF8FA
:10E600002B00FFE79DF82B008DF83700FFE79DF802
:10E6100037000EB080BD000080B588B013468C4630
:10E6200086460790069105920798006A039007981E
:10E63000016A21F001010162079880690490049841
:10E6400020F0F00004900598049941EA001004902D
:10E65000039820F00A00039006980399084303905A
:10E660000498079988610398079908620293CDF886
:10E6700004C0CDF800E008B080BD0000B0B58BB09C
:10E680009C4696460C4605460A90099108920793C7
:10E690000A98006A05900A98016A21F00101016256
:10E6A0000A98806906900A9801210022C4F20102AA
:10E6B0009042CDF810C0CDF80CE002940195009185
:10E6C00044D0FFE70A980121B0F1804F00913DD07E
:10E6D000FFE70A98012140F20042C4F20002904292
:10E6E000009133D0FFE70A98012140F60002C4F2FE
:10E6F00000029042009129D0FFE70A98012140F6DC
:10E700000042C4F20002904200911FD0FFE70A9835
:10E71000012140F20042C4F201029042009115D062
:10E72000FFE70A98012144F20002C4F2010290427C
:10E7300000910BD0FFE70A984EF60001CBF6FF716F
:10E740000844B0FA80F040090090FFE70098C00745
:10E75000002809D0FFE7069820F0030006900898EB
:10E7600006990843069004E0069840F001000690E0
:10E77000FFE7069820F0F000069007980001C0B26D
:10E78000069908430690059820F00A00059009981C
:10E7900000F00A0005990843059006980A998861D7
:10E7A00005980A9908620BB0B0BD000080B588B02A
:10E7B00013468C4686460790069105920798006A94
:10E7C00003900798016A21F010010162079880699F
:10E7D0000490049820F4704004900598049941EA4C
:10E7E00000300490039820F0A0000390069803994D
:10E7F00041EA0010039004980799886103980799EB
:10E8000008620293CDF804C0CDF800E008B080BDE6
:10E81000B0B58AB09C4696460C46054609900891CC
:10E82000079206930998006A04900998016A21F0FA
:10E8300010010162099880690590059820F44070E4
:10E8400005900798059941EA00200590059820F465
:10E85000704005900698000380B205990843059022
:10E86000049820F0A00004900898A02101EA00106C
:10E8700004990843049005980999886104980999B6
:10E880000862CDF80CC0CDF808E0019400950AB0FC
:10E89000B0BD0000B0B58AB09C4696460C46054611
:10E8A00009900891079206930998006A04900998C4
:10E8B000016A21F4807101620998C0690590059888
:10E8C00020F00300059007980599084305900598E6
:10E8D00020F0F000059006980001C0B205990843A9
:10E8E0000590049820F42060049008984FF420616B
:10E8F00001EA002004990843049005980999C86129
:10E90000049809990862CDF80CC0CDF808E001948C
:10E9100000950AB0B0BD0000B0B58AB09C469646DE
:10E920000C46054609900891079206930998006ADB
:10E9300004900998016A21F4805101620998C06924
:10E940000590059820F4407005900798059941EAD4
:10E9500000200590059820F470400590069800036B
:10E9600080B2059908430590049820F42040049053
:10E9700008984FF4204101EA0030049908430490BC
:10E9800005980999C861049809990862CDF80CC0E6
:10E99000CDF808E0019400950AB0B0BD80B582B012
:10E9A00040F26420C2F20000011D42F68C40C2F227
:10E9B00000000A2200F0B4FB019002B080BD00000C
:10E9C00080B586B042F2E410C2F2000044F6B521F0
:10E9D000C0F601010590F2F7A9F842F64440C2F2F0
:10E9E000000044F60901C0F601010490FFF798FA0F
:10E9F0000498F7F7DDFD42F66851C2F200010122EA
:10EA000002239FED1F0ADFED1F0A03900846DDF881
:10EA100014E00291714607F0F5FE02985030B7EE0F
:10EA2000000ADFED194ADFED190A0021CDED010AD8
:10EA30009DED011ADDED011A9DED012ADDED012AA2
:10EA40009DED013ADDED013A9DED014A9DED015A42
:10EA500008F05CFA42F61C50C2F2000044F6411184
:10EA6000C0F601018022009000F0CAF942F67460FD
:10EA7000C2F20000A522009907F0A0FB06B080BDFD
:10EA80009A999941000080466F12833A0000000075
:10EA900080B584B0014603900398806B0290029881
:10EAA0000022C28502980191FCF7ACFF04B080BD42
:10EAB00080B584B001460390002002900398806BDB
:10EAC0000190019800684069C0F3C010029001985D
:10EAD00090F84100212800910BD1FFE7029800280F
:10EAE00007D0FFE701980021C184019800F06AF97E
:10EAF000FFE7019800684069C0F380100290019818
:10EB000090F8420022280BD1FFE70298002807D096
:10EB1000FFE701980021C185019800F0F1F8FFE7B7
:10EB20000198416C41F0100141640198FCF76AFFC3
:10EB300004B080BD80B588B0014607900798806B0F
:10EB4000069007980068006810F4807F01915AD100
:10EB5000FFE706980021C185FFE7FFE706980068F8
:10EB600050E8030F20F480700590FFE705980699A0
:10EB7000096841E80302002AF0D1FFE7FFE7FFE759
:10EB8000FFE70698006850E8050F20F001000490A8
:10EB9000FFE704980699096841E80502002AF0D1C8
:10EBA000FFE7FFE7FFE7FFE70698006850E8050F7B
:10EBB00020F040000390FFE703980699096841E8B8
:10EBC0000502002AF0D1FFE7FFE70698202180F830
:10EBD00042100698006B012814D1FFE7FFE7FFE71A
:10EBE0000698006850E8030F20F010000290FFE73D
:10EBF00002980699096841E80302002AF0D1FFE76C
:10EC0000FFE7FFE7FFE70698002141630698006BE6
:10EC1000012805D1FFE70698818DFCF785FD03E00B
:10EC20000698FDF777FCFFE708B080BD80B584B09B
:10EC3000014603900398806B029002980122426380
:10EC40000298006B0128019106D1FFE70298818D9F
:10EC50004908FCF769FD03E00298FDF761FCFFE756
:10EC600004B080BD80B586B0014605900598806BE4
:10EC7000049005980068006810F4807F01912AD103
:10EC8000FFE704980021C184FFE7FFE704980068CC
:10EC900050E8050F20F080000390FFE703980499E7
:10ECA000096841E80502002AF0D1FFE7FFE7FFE726
:10ECB000FFE70498006850E8030F40F0400002901E
:10ECC000FFE702980499096841E80302002AF0D19D
:10ECD000FFE7FFE703E00498FDF75EFDFFE706B0FE
:10ECE00080BD000080B584B0014603900398806B1E
:10ECF000029002980191FDF755FD04B080BD00001F
:10ED000085B0014604900091FFE7FFE70498006892
:10ED100050E8030F20F490700390FFE703980499E4
:10ED2000096841E80302002AF0D1FFE7FFE7FFE7A7
:10ED3000FFE70498006850E8050F20F001000290FA
:10ED4000FFE702980499096841E80502002AF0D11A
:10ED5000FFE7FFE70498006B012814D1FFE7FFE706
:10ED6000FFE70498006850E8030F20F010000190BE
:10ED7000FFE701980499096841E80302002AF0D1ED
:10ED8000FFE7FFE7FFE70498202180F8421004988E
:10ED90000021016305B0704780B582B00146019043
:10EDA00001980068C26822F04002C26001982022E7
:10EDB00080F8412001980091FDF7EEFC002002B0A0
:10EDC00080BD000083B0014602900091FFE7FFE79D
:10EDD0000298006850E8030F20F0C0000190FFE7A0
:10EDE00001980299096841E80302002AF0D1FFE77F
:10EDF000FFE70298202180F8411003B0704700001F
:10EE000080B58EB013468C4686460D900C91ADF8B9
:10EE10002E200D98006841F20001C4F201018842E1
:10EE20000A93CDF824C0CDF820E015D1FFE70D9866
:10EE300040F26421C2F2000108600C98C1F80C0194
:10EE4000BDF82E00A1F804010D98B1F80421843119
:10EE5000FCF702FC0790A5E00D98006844F2004121
:10EE6000C4F20001884215D1FFE70D9840F27431D9
:10EE7000C2F2000108600C98C1F80C01BDF82E0028
:10EE8000A1F804010D98B1F804218431FCF7E4FBEA
:10EE9000069086E00D98006844F60001C4F2000177
:10EEA000884215D1FFE70D9840F28441C2F200017B
:10EEB00008600C98C1F80C01BDF82E00A1F80401FF
:10EEC0000D98B1F804218431FCF7C6FB059067E08A
:10EED0000D98006844F60041C4F20001884215D143
:10EEE000FFE70D9840F29451C2F2000108600C98BF
:10EEF000C1F80C01BDF82E00A1F804010D98B1F87D
:10EF000004218431FCF7A8FB049048E00D980068C8
:10EF100045F20001C4F20001884215D1FFE70D98C7
:10EF200040F2A461C2F2000108600C98C1F80C0123
:10EF3000BDF82E00A1F804010D98B1F80421843128
:10EF4000FCF78AFB039029E00D98006841F200412C
:10EF5000C4F20101884220D1FFE70D9840F2B4715C
:10EF6000C2F2000108600C98C1F80C01BDF82E0037
:10EF7000A1F804010D98B1F8042101F18403029174
:10EF800019460193FCF768FB0299B1F80411019A44
:10EF900000901046F1F730FAFFE7FFE7FFE7FFE7E1
:10EFA000FFE7FFE70EB080BD80B588B00146069050
:10EFB000002005900490069890F8420022280191C4
:10EFC00040F0A580FFE706988068B0F5805F14D117
:10EFD000FFE70698006900280FD1FFE70698806ACE
:10EFE00004900698006840686FF35F2004990880D9
:10EFF0000698816A0231816225E00698806A059050
:10F0000006988068B0F5805F0AD0FFE706988068B0
:10F0100000280BD1FFE706980069002806D1FFE71A
:10F020000698006840680599087007E0069800682F
:10F03000406800F07F0005990870FFE70698816A34
:10F0400001318162FFE70698C18D0139C1854FF614
:10F05000FF70014257D1FFE706980068C16821F0B0
:10F060002001C16006980068C16821F48071C16008
:10F0700006980068416921F001014161069820214C
:10F0800080F842100698002141630698006B012821
:10F0900031D1FFE7069800210163FFE7FFE70698FB
:10F0A000006850E8030F20F010000390FFE703987A
:10F0B0000699096841E80302002AF0D1FFE7FFE75B
:10F0C00006980068006810F0100F0FD0FFE7FFE708
:10F0D0000020029006980068006802900698006878
:10F0E0004068029002980090FFE7FFE70698818D44
:10F0F000FCF71AFB03E00698FDF70CFAFFE7002087
:10F100008DF81F0007E000208DF81F0003E00220AB
:10F110008DF81F00FFE79DF81F0008B080BD0000BC
:10F1200080B586B013468C46864605900491ADF8AE
:10F130000E2005980499BDF80E200293CDF804C066
:10F14000CDF800E0FDF79CFA06B080BD80B58CB02C
:10F1500001460B900B980068006920F440500B9A10
:10F160001368D268104318610B9882680369D0F85D
:10F1700014C0C0691A4342EA0C0210430A900B986B
:10F180000068C06849F20C6290430A9A10430B9AD7
:10F190001268D0600B980068406920F440700B9AA8
:10F1A00013689269104358610B98006841F200029D
:10F1B000C4F201029042089109D0FFE70B98006861
:10F1C00041F20041C4F20101884204D1FFE7F6F7A1
:10F1D000FDF8099003E0F6F7E5F80990FFE70B98D2
:10F1E000C069B0F5004F31D1FFE709981921A0FBA4
:10F1F00001010B9A136852684FEA420CD20F079232
:10F200006246DDF81CC006936346F1F739F848F210
:10F210001F51C5F2EB11A0FB01235B094FF0640CF9
:10F2200003FB1C004FF0320C0CEBC000A0FB0101F3
:10F230004FF4F87C0CEA111C0CEB0313C1F34211E0
:10F240001943069B99600590049230E009981921B2
:10F25000A0FB01010B9A136852684FEA820C920FCF
:10F2600003926246DDF80CC002936346F1F708F89A
:10F2700048F21F51C5F2EB11A0FB01235B094FF0CF
:10F28000640C03FB1C004FF0320C0CEB0010A0FBD5
:10F2900001014FF0F00C0CEA511C0CEB0313C1F30D
:10F2A00043111943029B996001900092FFE70CB053
:10F2B00080BD000010B58EB013468C4686460C907B
:10F2C0000B91ADF82A200B980C998862BDF82A00A2
:10F2D0000C9988850C98002141640C98222280F8B2
:10F2E00042200C98C06B4EF63532C0F60002C26365
:10F2F0000C98C06B4EF62D42C0F6000202640C98CA
:10F30000C06B4EF6B122C0F60002C2640C98C06B0E
:10F3100001650BA809900C980168C06B0431099A2B
:10F320001268BDF82A4004932346CDF80CE0CDF8CE
:10F3300008C0F3F78BFB00280BD0FFE70C981021D7
:10F3400041640C98202180F8421001208DF837008C
:10F3500050E0FFE7002008900C98006800680890D3
:10F360000C9800684068089008980190FFE70C9896
:10F370000069002814D0FFE7FFE7FFE70C9800685A
:10F3800050E8030F40F480700790FFE707980C994E
:10F39000096841E80302002AF0D1FFE7FFE7FFE731
:10F3A000FFE7FFE70C98006850E8050F40F0010008
:10F3B0000690FFE706980C99096841E80502002AC3
:10F3C000F0D1FFE7FFE7FFE7FFE70C98006850E8A0
:10F3D000050F40F040000590FFE705980C9909687B
:10F3E00041E80502002AF0D1FFE7FFE700208DF891
:10F3F0003700FFE79DF837000EB010BD84B001461E
:10F400000290029890F84100212800913DD1FFE739
:10F4100002988068B0F5805F14D1FFE70298006918
:10F4200000280FD1FFE70298006A01900198008838
:10F430006FF35F200299096848600298016A0231FF
:10F44000016208E00298016A4A1C02620878029987
:10F4500009684860FFE70298C18C0139C1844FF602
:10F46000FF7001420DD1FFE702980068C16821F0EA
:10F470008001C16002980068C16841F04001C1602C
:10F48000FFE700208DF80F0003E002208DF80F0049
:10F49000FFE79DF80F0004B07047000070B58CB016
:10F4A000DDF840C09E4614460D4606460A90099176
:10F4B0008DF823200793CDF814E004940395029669
:10F4C000CDF804C0FFE70A98006800680999084071
:10F4D000401AB0FA80F040099DF82310884254D1B8
:10F4E000FFE71098013000284ED0FFE7F3F798FEB1
:10F4F000DDF81CE0A0EB0E00DDF840E0704504D81C
:10F50000FFE71098002804D1FFE703208DF82F00B3
:10F510003FE00A980068C06810F0040F33D0FFE79E
:10F52000099880282FD0FFE7099840282BD0FFE7C3
:10F530000A980068006800F008000121B1EBD00FC4
:10F5400020D1FFE7FFE7002006900A9800680068D6
:10F5500006900A9800684068069006980090FFE7B9
:10F560000A98FFF7CDFB0A984FF0080EC0F844E068
:10F57000FFE70A98002180F84010FFE701208DF88E
:10F580002F0006E0FFE7FFE79DE700208DF82F0042
:10F59000FFE79DF82F000CB070BD000080B542F66B
:10F5A0008C40C2F20000FCF733FA80BD80B542F611
:10F5B000D440C2F20000FCF72BFA80BD80B542F6C1
:10F5C0001C50C2F20000FCF723FA80BD80B58CB05D
:10F5D0000A4603460A908DF827100A98D0F8C80208
:10F5E00007900A98D0F8D41200EB8100D0F8C0023E
:10F5F00000280692059304D1FFE703208DF82F0021
:10F600006BE00A98D0F8D41200EB8100D0F8C00269
:10F6100008900A989DF8271001F00F0101EB810175
:10F6200000EB8100406900282DD0FFE70A989DF883
:10F63000271001F00F0101EB810200EB820040690D
:10F64000079A01EBC10102EB8101C969B0FBF1F23C
:10F6500002FB1100002816D1FFE70A989DF8271039
:10F6600001F00F0101EB810100EB810000214161FC
:10F670000A989DF8272004911146049A049B02F0F1
:10F6800041F8039025E008980021C0F814120A9868
:10F69000D0F8D41200EB8100D0F8C4020069002831
:10F6A00016D0FFE70A98D0F8D41200EB8100D0F80A
:10F6B000C40200690899D1F8082201F504719DF887
:10F6C0002730029010461A46029B98470190FFE7A8
:10F6D000FFE700208DF82F00FFE79DF82F000CB00A
:10F6E00080BD000080B588B00A46034606908DF8BC
:10F6F00017100698D0F8D41200EB8100D0F8C002A1
:10F7000004900698D0F8D41200EB8100D0F8C00223
:10F7100000280392029304D1FFE703208DF81F0015
:10F720001EE006989DF8171001F0F0FC0499C1F84E
:10F730000C020698D0F8D41200EB8100D0F8C40275
:10F74000C0680499D1F804E201F503710190704694
:10F75000DDF804E0F04700218DF81F100090FFE76E
:10F760009DF81F0008B080BD80B58CB00A460346E6
:10F770000B908DF82B100B9840F20101C2F20001A2
:10F7800091F800C0099161460892079301F04CFA84
:10F790000B99099A137803F00F0303EB830301EB32
:10F7A0008301002381F823300B9940F2020CC2F24E
:10F7B000000C9CF800E0069008467146CDF814C095
:10F7C000049301F031FA0B99059A137803F00F03B3
:10F7D00003EB830301EB8301049B81F863310B99F5
:10F7E00040F2000CC2F2000C9CF800E003900846C6
:10F7F0007146CDF808C001F017FA0B99029A1378F8
:10F8000003F00F0303EB830301EB8301049B81F8F7
:10F8100023300B9992F800C00CF00F0C0CEB8C0C01
:10F8200001EB8C01CB610B99D1F8D4C201EB8C01B7
:10F83000D1F8C0120029019020D0FFE70B98D0F832
:10F84000D41200EB8100D0F8C402406880470B99C5
:10F85000D1F8D4E201EB8E01D1F8C0120090084635
:10F8600002F080FC0B98D0F8D41200EB810000214C
:10F87000C0F8C0120B98C0F8BC12FFE700200CB013
:10F8800080BD000080B586B0014604900498D0F891
:10F89000D42200EB8200D0F8C00203900398002825
:10F8A000029104D1FFE703208DF817002BE00498A4
:10F8B000D0F8D41200EB8100D0F8C40200281ED08A
:10F8C000FFE7039890F80002FF2818D0FFE704989C
:10F8D000D0F8D41200EB8100D0F8C40280680399FC
:10F8E00091F8002291F80132019010461A46019BCE
:10F8F00098470399FF2281F800220090FFE700203B
:10F900008DF81700FFE79DF8170006B080BD0000D6
:10F9100082B00146019001980A22028040F2A000C4
:10F92000C2F20000009102B07047000080B586B0BE
:10F930000146059040F25C00C2F200008222019074
:10F940000091114600F0CEFF04900121019800F0D3
:10F95000C9FF03908121019800F0C4FF0290049830
:10F96000002804D0FFE7049810218171FFE7039875
:10F97000002804D0FFE7039840218180FFE7029828
:10F98000002804D0FFE7029840218180FFE7059816
:10F990004321018040F25C00C2F2000006B080BD4D
:10F9A00080B586B00146059040F25C00C2F20000CE
:10F9B000822201900091114600F094FF04900121F1
:10F9C000019800F08FFF03908121019800F08AFFD9
:10F9D00002900498002804D0FFE704981021817158
:10F9E000FFE70398002805D0FFE703984FF4007164
:10F9F0008180FFE70298002805D0FFE702984FF4C6
:10FA000000718180FFE705984321018040F25C008E
:10FA1000C2F2000006B080BD80B586B001460590F8
:10FA200040F25C00C2F20000822201900091114677
:10FA300000F058FF04900121019800F053FF03905B
:10FA40008121019800F04EFF02900498002804D014
:10FA5000FFE7049810218171FFE70398002804D084
:10FA6000FFE7039840218180FFE70298002804D037
:10FA7000FFE7029840218180FFE70598432101803C
:10FA800040F25C00C2F2000006B080BD80B59AB0C2
:10FA90000A46034618908DF85F104FF407701592D0
:10FAA000149302F065FB1690169800280CD1FFE71E
:10FAB0001898D0F8D41200EB81000021C0F8C012D1
:10FAC00002208DF867001CE116984FF40771F0F7DB
:10FAD00093FC16981899D1F8D4E201EB8E01C1F885
:10FAE000C0021898D0F8D41200EB8101D1F8C012EE
:10FAF000C0F8BC121898007C002850D1FFE7189875
:10FB000040F20101C2F200010A7802234FF4007CA6
:10FB1000139111461A4612936346CDF844C001F082
:10FB200007FC1899139A137803F00F0303EB830370
:10FB300001EB8301012381F82330189940F2020C74
:10FB4000C2F2000C9CF800E0109008467146129A30
:10FB5000DDF844E00F937346CDF838C001F0E8FBC0
:10FB600018990E9A137803F00F0303EB830301EB4C
:10FB700083010F9B81F86331189940F2000CC2F2A7
:10FB8000000C9CF800C00CF00F0C0CEB8C0C01EB83
:10FB90008C014FF0100CC1F81CC00D904FE018986C
:10FBA00040F20101C2F200010A7802234FF0400C3A
:10FBB0000C9111461A460B936346CDF828C001F00C
:10FBC000B7FB18990C9A137803F00F0303EB830328
:10FBD00001EB8301012381F82330189940F2020CD4
:10FBE000C2F2000C9CF800E00990084671460B9A9E
:10FBF000DDF828E008937346CDF81CC001F098FBAF
:10FC00001899079A137803F00F0303EB830301EBB2
:10FC10008301089B81F86331189940F2000CC2F20D
:10FC2000000C9CF800C00CF00F0C0CEB8C0C01EBE2
:10FC30008C014FF0100CC1F81CC00690FFE718981B
:10FC400040F20001C2F200010A7803234FF0080CD1
:10FC5000059111461A46634601F06AFB1899059A08
:10FC6000137803F00F0303EB830301EB83010123FC
:10FC700081F8233016990023C1F804321899D1F87D
:10FC8000D4C201EB8C01D1F8C4120968049003932B
:10FC900088471699039AC1F814221699C1F81822B8
:10FCA0001699D1F804120029029004D1FFE702202E
:10FCB0008DF8670025E01898007C00280FD1FFE739
:10FCC000189840F20201C2F20001169AD2F80422FA
:10FCD00009784FF4007301F05BFB01900DE0189878
:10FCE00040F20201C2F20001169AD2F80422097809
:10FCF000402301F04DFB0090FFE700208DF86700E6
:10FD0000FFE79DF867001AB080BD000080B586B09F
:10FD1000014604900498D0F8D42200EB8200D0F879
:10FD2000C00203900498D0F8D42200EB8200D0F8EF
:10FD3000C0020028029104D1FFE703208DF81700CC
:10FD400025E00498007C00280FD1FFE7049840F2DA
:10FD50000201C2F20001039AD2F8042209784FF49A
:10FD6000007301F015FB01900DE0049840F20201D0
:10FD7000C2F20001039AD2F804220978402301F06C
:10FD800007FB0090FFE700208DF81700FFE79DF8C4
:10FD9000170006B080BD000085B00A4603460390F8
:10FDA0000291029800280192009304D1FFE70320FA
:10FDB0008DF813000BE002980399D1F8D42201EBDF
:10FDC0008201C1F8C40200208DF81300FFE79DF8FE
:10FDD000130005B07047000086B00A460346049041
:10FDE00003910498D0F8D41200EB8100D0F8C0023F
:10FDF0000290029800280192009304D1FFE70320AB
:10FE00008DF8170007E003980299C1F8040200205A
:10FE10008DF81700FFE79DF8170006B07047000047
:10FE200080B588B013468C468646069005910492AC
:10FE30000698D0F8D41200EB8100D0F8C0020390ED
:10FE4000039800280293CDF804C0CDF800E004D157
:10FE5000FFE703208DF81F000BE005980399C1F818
:10FE6000080204980399C1F8100200208DF81F00C1
:10FE7000FFE79DF81F0008B080BD000080B594B07A
:10FE80000A460346129011911298D0F8D41200EB52
:10FE90008100D0F8C002109000208DF83D00ADF830
:10FEA0003A008DF83900109800280D920C9304D177
:10FEB000FFE703208DF84F00D6E01198007800F09E
:10FEC0006000014600280B916BD0FFE70B982028BB
:10FED00040F0BD80FFE71198C08800284ED0FFE7B2
:10FEE00011980078000600282AD5FFE71298D0F86C
:10FEF000D41200EB8100D0F8C40280681199109AE6
:10FF0000CB8849780A90084611461A460A9B9847BA
:10FF10001199C9880829099003D3FFE707200890A1
:10FF200003E01198C0880890FFE70898ADF83E00FC
:10FF300012981099BDF83E2000F0DEF907901CE001
:10FF400011984078109981F800021198C0883F28D4
:10FF500004D8FFE71198C088069002E04020069080
:10FF6000FFE70698109981F801021298109991F80C
:10FF7000012200F07DF90590FFE711E01298D0F81A
:10FF8000D41200EB8100D0F8C402806811994A783D
:10FF90000023049010461A46049B98470390FFE7FD
:10FFA0005DE01198407801460B28029146D80299ED
:10FFB000DFE801F0064344444444444444441D34CF
:10FFC000129890F89C02032808D1FFE712980DF1CF
:10FFD0003A01022200F090F9019007E0129811997D
:10FFE00000F030F903208DF83900FFE72EE0129879
:10FFF00090F89C02032808D1FFE712980DF13D010B
:020000040801F1
:10000000012200F079F9009007E01298119900F0B0
:1000100019F903208DF83900FFE717E0129890F8DE
:100020009C02032808D0FFE71298119900F00AF902
:1000300003208DF83900FFE708E007E012981199D6
:1000400000F000F903208DF83900FFE707E012986F
:10005000119900F0F7F803208DF83900FFE79DF8BB
:1000600039008DF84F00FFE79DF84F0014B080BDB8
:1000700080B588B0014606900698D0F8D42200EBEF
:100080008200D0F8C002059001208DF81300059879
:100090000028039104D1FFE703208DF81F0030E012
:1000A0000598D0F81402002826D1FFE70598012111
:1000B000C0F814120598D0F81002069940F2010217
:1000C000C2F20002137803F00F0303EB830301EB8A
:1000D0008301486106980599D1F80832D1F81012C9
:1000E0001278029111461A46029B01F00BFB002187
:1000F0008DF813100190FFE79DF813008DF81F0095
:10010000FFE79DF81F0008B080BD000080B586B0F5
:100110000A46034605908DF8131000208DF8120052
:100120000598D0F8B81249689DF813C0039161464C
:10013000DDF80CC002920193E047002804D0FFE7ED
:1001400003208DF81200FFE79DF8120006B080BD75
:1001500080B586B00A46034605900491059890F84C
:100160009C0201380228039202930FD8FFE70498FB
:100170004088012809D1FFE705980021C0F8A412A2
:10018000059800F0E3F80190FFE704E00598049972
:1001900000F058F8FFE706B080BD000084B00A46C2
:1001A000034603908DF80B1000200192009304B0D9
:1001B0007047000084B00A46034603908DF80B1088
:1001C00000200192009304B070470000B0B58AB0DF
:1001D00013468C4686460990089107920998089A1A
:1001E0000799002406912146069D05932B46CDF8DC
:1001F00010C0CDF80CE0029401F0CAF80299019009
:1002000008460AB0B0BD0000B0B58AB013468C46AF
:1002100086460990089107920998089A0799002440
:1002200006912146069D05932B46CDF810C0CDF8CA
:100230000CE0029401F066FA0299019008460AB0B7
:10024000B0BD000080B586B00A4603460590049113
:10025000059880210392029301F0E2F905990022AA
:1002600001900846114601F0DBF9009006B080BD10
:10027000B0B58AB013468C4686460990089107921D
:1002800009980321C0F8941207980999C1F85401FC
:1002900008980999C1F8640107980999C1F85801AB
:1002A0000998089A0799002406912146069D05930E
:1002B0002B46CDF810C0CDF80CE0029401F068F8A0
:1002C0000299019008460AB0B0BD000080B584B024
:1002D0000146039003980522C0F894220398002257
:1002E000029111460192019B01F052F80199009090
:1002F000084604B080BD0000B0B58AB013468C46F5
:10030000864609900891079209980221C0F8941234
:1003100007980999486108980999486207980999C6
:1003200088610998089A0799002406912146069D3C
:1003300005932B46CDF810C0CDF80CE0029401F0E7
:10034000E1F90299019008460AB0B0BD80B584B0C9
:100350000146039003980422C0F8942203980022D7
:10036000029111460192019B01F0CCF90199009094
:10037000084604B080BD000080B584B00A4603463C
:100380008DF80F0002919DF80F0000280192009354
:100390000CD1FFE7029A49F62200C0F6010040F6B0
:1003A000C801C2F2000100F049FB0BE0029A49F6D5
:1003B0002200C0F6010040F6C801C2F2000100F0C0
:1003C0003DFBFFE740F6C800C2F2000004B080BD6C
:1003D00084B00A4603468DF80F000291029812215C
:1003E000018040F2AC00C2F200000192009304B020
:1003F0007047000080B584B00A4603468DF80F00B0
:1004000002919DF80F000028019200930CD1FFE7A4
:10041000029A49F61400C0F6010040F6C801C2F283
:10042000000100F00BFB0BE0029A49F61400C0F645
:10043000010040F6C801C2F2000100F0FFFAFFE738
:1004400040F6C800C2F2000004B080BD84B00A4685
:1004500003468DF80F00029102980421018040F2BA
:10046000D400C2F200000192009304B07047000073
:1004700080B586B00A4603468DF8170004910498AB
:1004800049F62D01C0F6010140F6C80CC2F2000C7D
:10049000039008466146DDF80CE002927246019333
:1004A000CDF800C000F0CAFA009806B080BD000088
:1004B00080B584B00A4603468DF80F0002919DF87E
:1004C0000F000028019200930CD1FFE7029A49F631
:1004D0004000C0F6010040F6C801C2F2000100F081
:1004E000ADFA0BE0029A49F64000C0F6010040F672
:1004F000C801C2F2000100F0A1FAFFE740F6C8000F
:10050000C2F2000004B080BD80B584B00A46034644
:100510008DF80F00029102981A2101800192009338
:10052000F0F74AFD40F2D800C2F2000004B080BDEE
:1005300080B588B00A460346079006910698C088A1
:1005400001280592049305D0FFE707980699FFF765
:1005500079FE23E0079890F89C02411E022903903F
:1005600004D3FFE7039803280BD011E0079800217C
:100570008160079800F108010122FFF7BDFE02909B
:100580000BE00798011D0122FFF7B6FE019004E081
:1005900007980699FFF756FEFFE7FFE708B080BD12
:1005A00080B598B00A460346179016910020ADF822
:1005B000560014908DF84F00169840884FF0FF3188
:1005C00001EB10200146062812921193109100F2BF
:1005D00048811099DFE811F0070014003800450148
:1005E00045010A0126011798D0F8B4120968007C69
:1005F0000DF156020F9111460F9A904714903AE16F
:100600001798007C00280FD1FFE71798D0F8B802A0
:10061000806A0DF156010E9008460E998847149095
:100620001498022141700EE01798D0F8B802C06A01
:100630000DF156010D9008460D99884714901498B5
:1006400002214170FFE716E11698807801460528DF
:100650000C9100F2C0800C99DFE801F003224160A8
:100660007F9E1798D0F8B402406800280DD0FFE7AD
:100670001798D0F8B4124968007C0DF156020B911E
:1006800011460B9A9047149009E017981699FFF7B6
:10069000D9FD9DF84F0001308DF84F00FFE7A4E031
:1006A0001798D0F8B402806800280DD0FFE717989B
:1006B000D0F8B4128968007C0DF156020A911146F7
:1006C0000A9A9047149009E017981699FFF7BAFD17
:1006D0009DF84F0001308DF84F00FFE785E0179837
:1006E000D0F8B402C06800280DD0FFE71798D0F802
:1006F000B412C968007C0DF1560209911146099A9D
:100700009047149009E017981699FFF79BFD9DF804
:100710004F0001308DF84F00FFE766E01798D0F8E2
:10072000B402006900280DD0FFE71798D0F8B41282
:100730000969007C0DF1560208911146089A90470C
:10074000149009E017981699FFF77CFD9DF84F006B
:1007500001308DF84F00FFE747E01798D0F8B4025A
:10076000406900280DD0FFE71798D0F8B412496906
:10077000007C0DF1560207911146079A904714909C
:1007800009E017981699FFF75DFD9DF84F000130BD
:100790008DF84F00FFE728E01798D0F8B402806981
:1007A00000280DD0FFE71798D0F8B4128969007CB3
:1007B0000DF1560206911146069A9047149009E0F1
:1007C00017981699FFF73EFD9DF84F0001308DF800
:1007D0004F00FFE709E017981699FFF733FD9DF8E2
:1007E0004F0001308DF84F00FFE744E01798007C80
:1007F00000280CD1FFE71798D0F8B802406B0DF134
:1008000056010590084605998847149009E0179805
:100810001699FFF717FD9DF84F0001308DF84F0036
:10082000FFE728E01798007C00280FD1FFE7179812
:10083000D0F8B802006B0DF15601049008460499F7
:100840008847149014980721417009E01798169969
:10085000FFF7F8FC9DF84F0001308DF84F00FFE7DF
:1008600009E017981699FFF7EDFC9DF84F0001304D
:100870008DF84F00FFE79DF84F00002801D0FFE7FB
:100880002EE01698C088002825D0FFE7BDF8560056
:1008900000281AD0FFE7BDF856001699C98888428B
:1008A00004DAFFE7BDF85600039003E01698C0880D
:1008B0000390FFE70398ADF8560017981499BDF818
:1008C0005620FFF719FD029004E017981699FFF7DC
:1008D000B9FCFFE704E01798FFF738FD0190FFE748
:1008E00018B080BD80B588B00A46034607908DF8E1
:1008F0001B10079805900798049000200390049817
:100900004188007881420192009327DDFFE7049837
:100910000078ADF80A00FFE7BDF80A00049949889D
:1009200088421ADAFFE705980DF10A0100F036F85F
:1009300005900598407805280ED1FFE705980390AB
:10094000039880789DF81B10884201D1FFE704E0EE
:1009500000200390FFE7FFE7DEE7FFE7039808B01A
:1009600080BD000084B00146039000208DF80B008C
:10097000039801900091FFE701980078002809D0C2
:10098000FFE79DF80B0001308DF80B000198013056
:100990000190F1E79DF80B0004B0704785B00A465E
:1009A00003460490039104980290029800780399FA
:1009B000B1F800C06044088004980299097808449E
:1009C000029002980192009305B0704780B586B0FE
:1009D0000A46034605900491059890F89C02013858
:1009E00002280392029321D8FFE70498C0880228C6
:1009F00005D0FFE705980499FFF724FC1BE0059854
:100A00000121C1600598D0F8A402002806D0FFE7B4
:100A10000598C16841F00201C160FFE7059800F147
:100A20000C010222FFF768FC019004E0059804998C
:100A3000FFF708FCFFE706B080BD000080B58AB074
:100A400013468C46864609900891079200208DF83F
:100A50001B00099800280493CDF80CC0CDF808E0DD
:100A600001D1FFE750E0099805900598FFF77AFF5C
:100A70004FF0020E0EEB4000B0F5007F04D9FFE707
:100A80004FF40070019008E00598FFF76BFF4FF0FE
:100A9000020E0EEB40000190FFE7019807990880D5
:100AA0000798007808999DF81B2088549DF81B0032
:100AB00001308DF81B0008989DF81B10032242544A
:100AC0009DF81B0001308DF81B00FFE705980078AA
:100AD000002819D0FFE70598007808999DF81B2099
:100AE00088540598013005909DF81B0001308DF861
:100AF0001B0008989DF81B10002242549DF81B0013
:100B000001308DF81B00E1E70AB080BD83B00146DB
:100B10008DF80B0000208DF80A009DF80B000246AE
:100B200003280191009214D80099DFE801F0020631
:100B30000A0E00208DF80A000FE003208DF80A004D
:100B40000BE001208DF80A0007E003208DF80A0071
:100B500003E003208DF80A00FFE79DF80A0003B0C8
:100B60007047000080B588B013468C4686460690D4
:100B700005918DF81320069800280393CDF808C03E
:100B8000CDF804E004D1FFE703208DF81F0024E036
:100B900006980021C0F8B8120698C0F8C41206984A
:100BA000C0F8D0120598002805D0FFE705980699EF
:100BB000C1F8B402FFE70698012180F89C129DF865
:100BC000130006990870069800F0B2FA8DF812002A
:100BD0009DF812008DF81F00FFE79DF81F0008B078
:100BE00080BD000080B584B00A46034603908DF8AE
:100BF0000B1000208DF80A008DF809000398D0F83A
:100C0000C8029DF80B1001920093F3F7D9F88DF804
:100C10000A009DF80A00FFF779FF8DF809009DF89A
:100C2000090004B080BD000080B584B00A460346C8
:100C300003908DF80B1000208DF80A008DF8090044
:100C40000398D0F8C8029DF80B1001920093F3F7B7
:100C50005DF88DF80A009DF80A00FFF757FF8DF840
:100C600009009DF8090004B080BD000080B594B073
:100C700013468C46864612908DF8471010929DF8C8
:100C8000470000280D93CDF830C0CDF82CE040F09F
:100C90008980FFE7129814300F901298D0F89402D0
:100CA00002286ED1FFE70F984168808981421BD9E5
:100CB000FFE70F9881894268511A41600F98818936
:100CC00002691144016112980F994A680969FFF796
:100CD0009BFA129900220A90084611460992099B34
:100CE00000F056FB08904BE00F98818940688142E4
:100CF00021D1FFE70F980168808981421BD3FFE76C
:100D00000F9800681299D1F89812884213D2FFE721
:100D1000129800210791079AFFF776FA1299079A1D
:100D2000C1F898221299069008461146079B00F0D8
:100D30002FFB059023E0129890F89C02032813D112
:100D4000FFE71298D0F8B802C06800280BD0FFE780
:100D500012980021C0F8D4121298D0F8B812C968BD
:100D600088470490FFE7FFE71298802100F058FCC5
:100D7000129903900846FFF7A9FA0290FFE7FFE7F0
:100D8000FFE7129890F8A00200280AD0FFE7129817
:100D900000F05CFDDDF848E000218EF8A012019023
:100DA000FFE746E012989DF8471041F08001FFF7F9
:100DB000F5F98DF83A009DF83A00FF2838D0FFE7A2
:100DC0009DF83A00002833D1FFE7129890F89C0272
:100DD00003282CD1FFE712989DF83A1000EB810010
:100DE000D0F8B8024069002820D0FFE79DF83A000B
:100DF0001299C1F8D40212989DF83A1000EB8101C3
:100E0000D1F8B81249699DF8472000911146009A1F
:100E100090478DF83B009DF83B00002805D0FFE788
:100E20009DF83B008DF84F0007E0FFE7FFE7FFE785
:100E3000FFE700208DF84F00FFE79DF84F0014B04A
:100E400080BD000080B592B013468C468646109057
:100E50008DF83F100E9200208DF833009DF83F0072
:100E600000280B93CDF828C0CDF824E040F0918005
:100E7000FFE7109800F5AA700D901098D0F8940232
:100E8000032840F08580FFE70D9841688089814202
:100E900026D9FFE70D9881894268511A41600D9863
:100EA000818902691144016110980D994A680B69A2
:100EB00089898A420890079304D9FFE70D98406812
:100EC000069003E00D9880890690FFE70698089940
:100ED000059008460799059AFFF778F9049056E0BF
:100EE000109890F8AA0200F01F0001460028039114
:100EF00008D0FFE70398012808D0FFE703980228ED
:100F00000CD013E000208DF8320013E0109890F818
:100F1000AE12FFF74FF98DF832000BE0109890F801
:100F2000AE12FFF73BF98DF8320003E000208DF898
:100F30003200FFE79DF83200002823D1FFE7109828
:100F400090F89C0203281CD1FFE710989DF83210FE
:100F500000EB8100D0F8B8020069002810D0FFE74C
:100F60009DF832001099C1F8D40210989DF8321003
:100F700000EB8101D1F8B812096988470290FFE7B8
:100F8000FFE7FFE71098FFF7E1F90190FFE7FFE7C0
:100F900046E010989DF83F1001F07F01FFF7FEF842
:100FA0008DF832009DF83200FF2838D0FFE79DF819
:100FB0003200002833D1FFE7109890F89C020328F4
:100FC00022D1FFE710989DF8321000EB8100D0F895
:100FD000B8028069002816D0FFE79DF8320010990A
:100FE000C1F8D40210989DF8321000EB8101D1F8BD
:100FF000B81289699DF83F2000911146009A9047E8
:101000008DF83300FFE7FFE79DF83300002805D097
:10101000FFE79DF833008DF8470005E0FFE7FFE7A5
:1010200000208DF84700FFE79DF8470012B080BD13
:1010300080B584B00146039000208DF80B008DF838
:101040000A000398D0F8C8020191F2F7F1FD8DF87B
:101050000B009DF80B00FFF759FD8DF80A009DF875
:101060000A0004B080BD000082B00146019000205B
:10107000009102B07047000080B584B00146039033
:1010800000208DF80B000398012280F89C22039821
:10109000D0F8B8020028019111D0FFE70398D0F8EA
:1010A000B8124968027900911146009A90470028C9
:1010B00004D0FFE703208DF80B00FFE7FFE79DF862
:1010C0000B0004B080BD000080B584B00A46034622
:1010D00003908DF80B1000208DF80A008DF80900A0
:1010E0000398D0F8C8029DF80B1001920093F2F714
:1010F000D1FE8DF80A009DF80A00FFF707FD8DF874
:1011000009009DF8090004B080BD000080B584B0DE
:101110000A46034603908DF80B100398D0F8C802D6
:101120009DF80B1001920093F2F7F2FE04B080BD1F
:1011300080B588B00146079007980078002806918E
:101140003CD1FFE7079842F2E851C2F20001C1F832
:10115000E0040798C0F8C8124FF0A04008600420CF
:1011600008710220C87100228A7148728A72CA729C
:101170000A738A73CA730846F3F7CEFC002803D0BB
:10118000FFE7EFF715FFFFE742F2E850C2F2000079
:10119000802105900491F2F797FC00214022DDF8B0
:1011A00014E003907046F2F79FFC0121059A02902B
:1011B0001046049AF2F798FC0190FFE7002008B06F
:1011C00080BD000086B00A46034604908DF80F10DB
:1011D0000498D0F8C80202909DF80F00000600287D
:1011E000019200930DD5FFE702989DF80F1001F0D2
:1011F0007F0101EBC10100EB8100807D8DF81700BC
:101200000DE002989DF80F1001F07F0101EBC10184
:1012100000EB810090F856028DF81700FFE79DF86B
:10122000170006B07047000080B588B00A46034634
:1012300006908DF817100698D0F8D41200EB8100B4
:10124000D0F8B80200280492039304D1FFE70320EA
:101250008DF81F0025E0069890F89C0203281CD109
:10126000FFE70698D0F8D41200EB8100D0F8B8025E
:10127000006A002810D0FFE70698D0F8D41200EBDF
:101280008101D1F8B812096A9DF817200291114620
:10129000029A90470190FFE7FFE700208DF81F00BA
:1012A000FFE79DF81F0008B080BD000080B588B042
:1012B0000A46034606908DF817100698D0F8D41207
:1012C00000EB8100D0F8B80200280492039304D107
:1012D000FFE703208DF81F0025E0069890F89C0298
:1012E00003281CD1FFE70698D0F8D41200EB810048
:1012F000D0F8B802406A002810D0FFE70698D0F86E
:10130000D41200EB8101D1F8B812496A9DF8172078
:1013100002911146029A90470190FFE7FFE70020F3
:101320008DF81F00FFE79DF81F0008B080BD00008A
:10133000B0B588B09C4696460C46054607908DF899
:101340001B108DF81A20ADF8183000208DF817000A
:101350008DF816000798D0F8C8029DF81A30BDF82D
:1013600018209DF81B10CDF810C0CDF80CE00294A9
:101370000195F2F7E3FD8DF817009DF81700FFF7D0
:10138000C5FB8DF816009DF8160008B0B0BD000032
:10139000B0B58AB09C4696460C46054609908DF835
:1013A00023100792069300208DF817008DF8160081
:1013B0000998D0F8C802079A069B9DF82310CDF82B
:1013C00010C0CDF80CE002940195F2F73BFE8DF8C9
:1013D00017009DF81700FFF799FB8DF816009DF890
:1013E00016000AB0B0BD000080B58AB00146099071
:1013F00000208DF82300099A012382F89C32099A73
:10140000C2F89402099A5060099AC2F8A402099A93
:1014100082F8A0020998D0F8B8020028079119D0E4
:10142000FFE70998D0F8B8024068002811D0FFE71C
:101430000998D0F8B8124968027906911146069ABF
:101440009047002804D0FFE703208DF82300FFE732
:10145000FFE7FFE70998002140220591059B0492D0
:101460001A46049BFFF764FF0999012281F8632162
:101470000999049BA1F8603109994FF0800E0390FF
:1014800008467146DDF814E002927246FFF750FFFD
:101490000999029A81F823200999049B0B849DF8ED
:1014A0002310019008460AB080BD000082B00146BA
:1014B0000190019890F89C020428009107D1FFE761
:1014C000019890F89D02019981F89C02FFE70020A5
:1014D00002B0704780B584B001460390039890F83D
:1014E0009C020328029116D1FFE70398D0F8B802B6
:1014F00000280FD0FFE70398D0F8B802C069002891
:1015000007D0FFE70398D0F8B812C969884701905F
:10151000FFE7FFE7FFE7002004B080BD84B00A4684
:10152000034603908DF80B109DF80B000399087487
:1015300000200192009304B07047000080B584B091
:101540000A46034603908DF80B1000208DF80A0020
:101550008DF809000398D0F8C8029DF80B1001928D
:101560000093F3F7DDFC8DF80A009DF80A00FFF701
:10157000CDFA8DF809009DF8090004B080BD000087
:1015800080B586B00A46034605900491059800F29E
:10159000AA2004990292019300F0E0F80598012135
:1015A000C0F894120598B0F8B012C0F898120598D7
:1015B00090F8AA0200F01F0001460028009108D010
:1015C000FFE7009801280CD0FFE70098022810D010
:1015D00017E0059800F2AA2100F0C8FA8DF80F0074
:1015E00019E0059800F2AA2100F034FD8DF80F00F3
:1015F00011E0059800F2AA2100F026FB8DF80F00FB
:1016000009E0059890F8AA1201F0800100F008F8AE
:101610008DF80F00FFE79DF80F0006B080BD0000B9
:1016200080B584B00A46034603908DF80B10002065
:101630008DF80A008DF809000398D0F8C8029DF8CB
:101640000B1001920093F2F743FD8DF80A009DF80C
:101650000A00FFF75BFA8DF809009DF8090004B055
:1016600080BD000080B584B00146039000208DF855
:101670000B008DF80A000398D0F8C8020191F3F727
:1016800097FC8DF80B009DF80B00FFF73FFA8DF8E3
:101690000A009DF80A0004B080BD000080B584B047
:1016A0000146039000208DF80B008DF80A00039886
:1016B000D0F8C8020191F3F7C1FC8DF80B009DF83A
:1016C0000B00FFF723FA8DF80A009DF80A0004B01A
:1016D00080BD000082B001460190019890F89C0204
:1016E0000428009107D0FFE7019890F89C02019927
:1016F00081F89D02FFE70198042180F89C120020E8
:1017000002B07047B0B58AB09C4696460C46054676
:1017100009908DF823100792069300208DF817008A
:101720008DF816000998D0F8C802079A069B9DF814
:101730002310CDF810C0CDF80CE002940195F2F71B
:1017400041FD8DF817009DF81700FFF7DFF98DF8C0
:1017500016009DF816000AB0B0BD000080B586B036
:101760000A46034605900491049803900398007874
:101770000599087003980130039003980078059943
:101780004870039801300390039802920193FBF78D
:1017900003FF0599488003980130039003980130B6
:1017A00003900398FBF7F8FE0599888003980130B1
:1017B00003900398013003900398FBF7EDFE059921
:1017C000C88006B080BD000080B588B00A460346D8
:1017D000069005910020ADF81200059800280392AC
:1017E000029304D1FFE703208DF81F002AE005983B
:1017F0000699C1F8B8020698D0F8D41200EB81001F
:10180000D0F8B802C06A002812D0FFE70698D0F8D6
:10181000D41200EB8100D0F8B802C06A0DF11201B9
:1018200001900846019988470699C1F8D002FFE760
:101830000698D0F8D8120131C0F8D81200208DF8DF
:101840001F00FFE79DF81F0008B080BD82B0014671
:1018500001900020009102B07047000080B588B070
:101860000A4603460790069106988088002804924D
:1018700003933CD1FFE70698C088002837D1FFE7E3
:10188000069840887F2832D8FFE70698807800F0D5
:101890007F008DF81700079890F89C02032805D167
:1018A000FFE707980699FEF7CDFC1FE09DF81700AB
:1018B000079981F89E0207989DF81710FFF73EFEE2
:1018C000079902900846FEF741FD9DF81710002980
:1018D000019005D0FFE70798022180F89C1204E0F0
:1018E0000798012180F89C12FFE7FFE704E00798C2
:1018F0000699FEF7A7FCFFE708B080BD80B586B06B
:101900000A46034605908DF8131000208DF812004A
:101910000598D0F8B8020028039202930DD0FFE793
:101920000598D0F8B81209689DF813200191114666
:10193000019A90478DF81200FFE79DF8120006B05B
:1019400080BD000080B592B00A46034610900F910A
:1019500000208DF83B000F98807840F6C401C2F259
:1019600000010870087802280D920C9308D3FFE755
:1019700010980F99FEF766FC03208DF84700B9E038
:10198000109890F89C02014602280B9104D0FFE7C2
:101990000B98032837D097E040F6C400C2F200004D
:1019A0000078002829D0FFE740F6C400C2F200000A
:1019B0000178109A5160109900780A9008460A99A7
:1019C000FFF79CFF8DF83B009DF83B00002809D0F5
:1019D000FFE710980F99FEF735FC1098022180F868
:1019E0009C1209E01098FEF7B1FCDDF840E00321FD
:1019F0008EF89C120990FFE704E01098FEF7A6FC11
:101A00000890FFE771E040F6C400C2F200000078E1
:101A1000002819D1FFE71098022180F89C1240F6A7
:101A2000C400C2F200000178109A51601099007849
:101A3000079008460799FEF769FB1099069008463B
:101A4000FEF784FC05903EE040F6C400C2F20000C0
:101A500000781099496888422FD0FFE710980179E3
:101A6000FEF754FB40F6C401C2F2000191F800E019
:101A7000109AC2F804E0109A097804901046FFF713
:101A80003DFF8DF83B009DF83B0000280FD0FFE79D
:101A900010980F99FEF7D6FB10980179FEF736FBE8
:101AA00010994FF0020E81F89CE2039004E0109828
:101AB000FEF74CFC0290FFE704E01098FEF746FCAE
:101AC0000190FFE7FFE710E010980F99FEF7BAFBCF
:101AD000109840F6C401C2F200010978FEF716FB27
:101AE00003218DF83B100090FFE79DF83B008DF837
:101AF0004700FFE79DF8470012B080BD80B586B073
:101B00000A460346059004910498408801280392F0
:101B1000029309D1FFE705980121C0F8A4120598A6
:101B2000FEF714FC019015E00498408802280BD1C0
:101B3000FFE704988088000A059981F8A0020598BB
:101B4000FEF704FC009004E005980499FEF77AFB88
:101B5000FFE7FFE706B080BD80B582B00146019087
:101B600001980091FFF77EFD02B080BD80B588B07E
:101B70000A4603460790069100208DF81700069844
:101B8000007800F06000014600280492039302915F
:101B900018D0FFE70298202804D0FFE702984028D9
:101BA00049D1FFE70798D0F8D41200EB8101D1F8B2
:101BB000B8128968069A01911146019A90478DF8EA
:101BC00017003DE0069840780146092800912CD87E
:101BD0000099DFE801F01B252A202A0A052A160FA2
:101BE00007980699FEF7DCFC24E007980699FFF7B2
:101BF00035FE1FE007980699FFF7A4FE8DF8170041
:101C000018E007980699FEF793FC13E007980699E9
:101C1000FEF7DCFE0EE007980699FFF76FFF09E07C
:101C200007980699FEF794FA04E007980699FEF7DC
:101C300009FBFFE704E007980699FEF703FBFFE7BF
:101C40009DF8170008B080BD80B59AB00A460346DB
:101C50001990189100208DF85900189880888DF8F7
:101C60005B001898007800F060000146002815928B
:101C7000149313913CD0FFE71398202805D0FFE779
:101C80001398402840F0DD81FFE719989DF85B101C
:101C9000FEF784FA8DF85A009DF85A00FF2826D0E6
:101CA000FFE79DF85A00002821D1FFE79DF85A0070
:101CB0001999C1F8D40219989DF85A1000EB8100C7
:101CC000D0F8B8028068002810D0FFE719989DF876
:101CD0005A1000EB8101D1F8B8128968189A129154
:101CE0001146129A90478DF85900FFE7FFE7ADE1E2
:101CF0001898407801460028119100F0D980FFE73C
:101D00001198012857D0FFE71198032840F09381DC
:101D1000FFE7199890F89C0201460228109104D020
:101D2000FFE7109803281FD03FE09DF85B000028D4
:101D300014D0FFE79DF85B0080280FD0FFE71998CB
:101D40009DF85B10FFF76CFC19994FF0800E0F9017
:101D500008467146FFF764FC0E9004E01998189944
:101D6000FEF770FAFFE725E018984088002817D1A1
:101D7000FFE79DF85B00002811D0FFE79DF85B00AE
:101D800080280CD0FFE71898C088002807D1FFE70B
:101D900019989DF85B10FFF743FC0D90FFE7FFE7F4
:101DA0001998FEF7D3FA0C9004E019981899FEF7E9
:101DB00049FAFFE744E1199890F89C02014602288D
:101DC0000B9104D0FFE70B9803281FD06AE09DF821
:101DD0005B00002814D0FFE79DF85B0080280FD03F
:101DE000FFE719989DF85B10FFF71AFC19994FF05F
:101DF000800E0A9008467146FFF712FC099004E035
:101E000019981899FEF71EFAFFE750E018984088D5
:101E1000002846D1FFE79DF85B004006002807D068
:101E2000FFE719989DF85B10FEF7DCFE0890FFE7CE
:101E30001998FEF78BFADDF864E09DF85B100790C7
:101E40007046FEF7ABF98DF85A009DF85A00FF284E
:101E500026D0FFE79DF85A00002821D1FFE79DF822
:101E60005A001999C1F8D40219989DF85A1000EB3C
:101E70008100D0F8B8028068002810D0FFE71998D8
:101E80009DF85A1000EB8101D1F8B8128968189AB0
:101E900006911146069A90478DF85900FFE7FFE733
:101EA000FFE704E019981899FEF7CCF9FFE7C7E0BF
:101EB000199890F89C0201460228059104D0FFE78A
:101EC000059803283BD0B0E09DF85B0000280AD0BD
:101ED000FFE79DF85B00802805D0FFE71998189967
:101EE000FEF7B0F9A6E09DF85B00000600280CD5CF
:101EF000FFE719989DF85B1001F07F0101EB81016C
:101F000000EB8100143004900CE019989DF85B10F0
:101F100001F07F0101EB810100EB810000F5AA7067
:101F20000490FFE70498179017980021817319987F
:101F300017990E310222FEF7DFF903907AE09DF83F
:101F40005B000006002814D5FFE719989DF85B1088
:101F500001F00F0101EB810100EB810090F82300FB
:101F6000002805D1FFE719981899FEF76BF961E091
:101F700013E019989DF85B1001F00F0101EB81014E
:101F800000EB810090F86301002805D1FFE7199864
:101F90001899FEF757F94DE0FFE79DF85B00000642
:101FA00000280CD5FFE719989DF85B1001F07F0120
:101FB00001EB810100EB8100143002900CE01998D4
:101FC0009DF85B1001F07F0101EB810100EB8100C6
:101FD00000F5AA700290FFE7029817909DF85B0049
:101FE000002805D0FFE79DF85B00802804D1FFE7BB
:101FF00017980021817310E019989DF85B10FFF786
:10200000E1F8002804D0FFE717980121817303E06D
:10201000179800218173FFE7FFE7199817990E3190
:102020000222FEF769F9019004E019981899FEF769
:1020300009F9FFE704E019981899FEF703F9FFE79B
:1020400004E019981899FEF7FDF8FFE79DF859008C
:102050001AB080BD80B588B00A4603460790069145
:1020600000208DF817000698007800F06000014607
:10207000002804920393029108D0FFE702982028D9
:1020800004D0FFE70298402862D1FFE7079890F854
:102090009C020138022855D8FFE7069800790128EC
:1020A0004AD8FFE7079806990979FEF783F88DF873
:1020B00016009DF81600FF282AD0FFE79DF81600AD
:1020C000002825D1FFE707989DF8161000EB810046
:1020D000D0F8B8028068002815D0FFE79DF81600F8
:1020E0000799C1F8D40207989DF8161000EB8101FA
:1020F000D1F8B8128968069A01911146019A904761
:102100008DF8170003E003208DF81700FFE703E0C8
:1021100003208DF81700FFE70698C08800280AD131
:10212000FFE79DF81700002805D1FFE70798FEF7A5
:102130000DF90090FFE704E007980699FEF782F892
:10214000FFE704E007980699FEF77CF8FFE704E054
:1021500007980699FEF776F8FFE79DF8170008B094
:1021600080BD000082B001460190009102B070472E
:1021700082B00146019040F6C820C2F200000091F2
:1021800002B0704786B00A46034605900491059850
:1021900003900498007802900498407801280192F6
:1021A000009331D1FFE70498007800F00F0001217F
:1021B00001FA00F080B20399D1F81C281043C1F84D
:1021C0001C080398029900EB4110D0F8000910F4A4
:1021D000004F18D1FFE7049881686FF3DF21007981
:1021E00041EA8040029940EA8150039A02EB411192
:1021F000D1F80029104348F20002C1F20002104356
:10220000C1F80009FFE72EE00498007800F00F0005
:10221000012101FA00F00399D1F81C2842EA00409C
:10222000C1F81C080398029900EB4110D0F8000B8C
:1022300010F4004F16D1FFE7049881686FF3DF2197
:10224000007941EA80400399029A01EB4211D1F8EA
:10225000002B104348F20002C1F200021043C1F803
:10226000000BFFE7FFE7002006B0704783B0014690
:102270000290029801900198D0F8002940F2FF7373
:102280009A43C0F800290198D0F8042842F48072DB
:10229000C0F804280020009103B0704770B58EB0DC
:1022A000DDF848C09E4614460D460646CDF824C0CB
:1022B0000893079206919DF824108DF83410069922
:1022C000079A089B0C930B920A9105909DF82D009C
:1022D000012803950294CDF804E0009623D1FFE78E
:1022E0000598816B21F4803181630598C1684FF6B0
:1022F000BF72CFF6BD721140C1600598C16821F46C
:102300004011C1609DF83400012806D1FFE705980F
:10231000C16841F48011C160FFE7059800F034F80E
:102320008DF813001BE00598C16841F04001C160C1
:10233000059800F029F88DF813009DF83100002869
:1023400006D1FFE70598816B41F48031816305E098
:102350000598816B21F480318163FFE7FFE79DF8E9
:102360002A0001280BD1FFE70598816841F006019A
:1023700081600598816841F020018160FFE79DF848
:1023800013000EB070BD000084B001460290002022
:1023900001900091FFE70198013001900198B0F1A0
:1023A000706F04D9FFE703208DF80F002FE0FFE7DF
:1023B0000298006910F0004FEDD0FFE70A2001906D
:1023C000FFE70198002804D0FFE701980138019049
:1023D000F7E70298016941F001010161FFE7019807
:1023E000013001900198B0F1706F04D9FFE703202C
:1023F0008DF80F000BE0FFE70298006900F0010084
:102400000128ECD0FFE700208DF80F00FFE79DF8D2
:102410000F0004B07047000086B00A4603460590DE
:1024200004910598039004980078029004984078ED
:102430000128019200934ED1FFE70398029900EB27
:102440004110D0F8000910F0004F15D0FFE70398B5
:10245000029900EB4110D0F8001941F00061C0F87A
:1024600000190398029900EB4110D0F8001941F0CF
:102470008041C0F80019FFE70498007800F00F00D1
:10248000012101FA00F00022CFF6FF7262EA00009B
:10249000039BD3F83CC800EA0C00C3F83C0804983E
:1024A000007800F00F0001FA00F062EA00000399E2
:1024B000D1F81C281040C1F81C080398029900EBC1
:1024C0004110D0F8001947F60002CEF63342114011
:1024D000C0F8001947E00398029900EB4110D0F8CA
:1024E000000B10F0004F15D0FFE70398029900EBA6
:1024F0004110D0F8001B41F00061C0F8001B0398A8
:10250000029900EB4110D0F8001B41F08041C0F867
:10251000001BFFE70498007800F00F00012101FA8A
:1025200000F0039AD2F83C3823EA0040C2F83C0895
:102530000498007800F00F0001FA00F00399D1F838
:102540001C2822EA0040C1F81C080398029900EBFD
:102550004110D0F8001B47F60002CEF6F37211408E
:10256000C0F8001BFFE7002006B0704783B00146AB
:102570000290029801900198D0F8002E22F00302F8
:10258000C0F8002E0198D0F8042822F00202C0F80A
:1025900004280020009103B07047000083B001467A
:1025A0000290029801900198D0F8002E22F00302C8
:1025B000C0F8002E0198D0F8042842F00202C0F8BA
:1025C00004280020009103B07047000070B594B05B
:1025D000DDF860C09E4614460D460646CDF83CC068
:1025E0000E930D920C919DF83C108DF84C100C99A7
:1025F0000D9A0E9B1293119210910B9000208DF862
:102600002B000B990991089007950694CDF814E0DA
:102610000496FFE708980E280CD8FFE70B98089956
:1026200000EB81000021C0F80411FFE70898013099
:102630000890EFE79DF84A00002817D1FFE70998B6
:10264000D0F8041841F00201C0F804180B98816B0F
:1026500041F4001181630B98816B21F400218163A7
:102660000B98816B21F4802181630AE00B98816BC8
:1026700021F4001181630B98816B41F40021816387
:10268000FFE709980021C0F8001E9DF845000128C9
:1026900012D1FFE79DF84300002806D1FFE70B9811
:1026A000002101F05FFA039005E00B98012101F091
:1026B00059FA0290FFE705E00B98032101F052FA66
:1026C0000190FFE70B98102100F01EFD002804D0B8
:1026D000FFE701208DF82B00FFE70B9800F0D8FCF6
:1026E000002804D0FFE701208DF82B00FFE70998B0
:1026F0000021C0F810180998C0F814180998C0F8FB
:102700001C180891FFE708989DF8401088423DD2B8
:10271000FFE70998089900EB4110D0F8000910F084
:10272000004F17D0FFE70898002809D1FFE7099864
:10273000089900EB41104FF00061C0F8001908E063
:102740000998089900EB41104FF09041C0F800192A
:10275000FFE707E00998089900EB41100021C0F855
:102760000019FFE70998089900EB41100021C0F813
:1027700010190998089900EB41104FF67F31C0F805
:102780000819FFE7089801300890BCE7002008907E
:10279000FFE708989DF8401088423DD2FFE709986E
:1027A000089900EB4110D0F8000B10F0004F17D043
:1027B000FFE70898002809D1FFE70998089900EB7E
:1027C00041104FF00061C0F8001B08E0099808991B
:1027D00000EB41104FF09041C0F8001BFFE707E00D
:1027E0000998089900EB41100021C0F8001BFFE791
:1027F0000998089900EB41100021C0F8101B0998B6
:10280000089900EB41104FF67F31C0F8081BFFE735
:10281000089801300890BCE70998D0F8101821F406
:102820008071C0F810180B98002181610B986FF02F
:10283000804141619DF84200002806D1FFE70B98D6
:10284000816941F010018161FFE70B98816943F6CE
:102850000002C8F23C02114381619DF84600002845
:1028600006D0FFE70B98816941F008018161FFE71D
:102870009DF84A00012808D1FFE70B9881690422DE
:10288000C4F2000211438161FFE79DF82B0014B0F0
:1028900070BD000082B0014601900198826822F06C
:1028A000010282600020009102B0704788B00A46A1
:1028B000034607908DF81B10079805909DF81B00A4
:1028C00004900120039003984FF0004160F3DC4135
:1028D0000598DDF810C000EB4C10C0F810150598F5
:1028E000049900EB4110D0F800050290029820F006
:1028F00080400290029840F00040029002980599B2
:10290000DDF810C001EB4C11C1F800050020019268
:10291000009308B07047000080B589B013468C461C
:10292000864607908DF81B1005920798049007982B
:10293000006C0390039843F20B01C4F65471884273
:102940000293CDF804C0CDF800E00CD3FFE7049863
:10295000D0F8000B10F0004F04D0FFE700208DF8F6
:1029600023002EE0FFE704980021C0F8101B049814
:10297000D0F8101B41F40021C0F8101B0498D0F8C7
:10298000101B41F01801C0F8101B0498D0F8101B60
:1029900041F0C041C0F8101B9DF81B0001280CD16C
:1029A000FFE705980499C1F8140B0498D0F8001BB0
:1029B00041F08021C0F8001BFFE700208DF82300C4
:1029C000FFE79DF8230009B080BD000086B00A46ED
:1029D00003460590049105980390049800780290AE
:1029E0000498407801280192009320D1FFE70398D2
:1029F000029900EB4110D0F8001921F40011C0F841
:102A0000001904980079032805D0FFE7049800799D
:102A100002280BD1FFE70398029900EB4110D0F890
:102A2000001941F08051C0F80019FFE71FE003983A
:102A3000029900EB4110D0F8001B21F40011C0F8FE
:102A4000001B04980079032805D0FFE7049800795B
:102A500002280BD1FFE70398029900EB4110D0F850
:102A6000001B41F08051C0F8001BFFE7FFE700208A
:102A700006B0704786B00A46034605900491059853
:102A800003900498007802900498407801280192FD
:102A9000009324D1FFE70398029900EB4110D0F88E
:102AA000000910F0004F0FD1FFE7029800280BD06B
:102AB000FFE70398029900EB4110D0F8001921F0CC
:102AC0008041C0F80019FFE70398029900EB41101C
:102AD000D0F8001941F40011C0F8001923E0039860
:102AE000029900EB4110D0F8000B10F0004F0FD10D
:102AF000FFE7029800280BD0FFE70398029900EB4C
:102B00004110D0F8001B21F08041C0F8001BFFE706
:102B10000398029900EB4110D0F8001B41F400111A
:102B2000C0F8001BFFE7002006B0704780B58CB0EE
:102B300013468C4686460B900A918DF827200B98F9
:102B400008900A98007807900A9840780128059321
:102B5000CDF810C0CDF80CE040F02D81FFE70A98C9
:102B6000006900281FD1FFE70898079900EB411082
:102B7000D0F810196FF3DC41C0F8101908980799C4
:102B800000EB4110D0F8101941F40021C0F81019E1
:102B90000898079900EB4110D0F810196FF3120153
:102BA000C0F8101973E00898079900EB4110D0F8AD
:102BB00010196FF31201C0F810190898079900EB6B
:102BC0004110D0F810196FF3DC41C0F810190798C4
:102BD000002815D1FFE70A9881680069884204D966
:102BE000FFE70A9881680161FFE70898079900EB01
:102BF0004110D0F8101941F40021C0F8101938E044
:102C00000A988168006908440138B0FBF1F0ADF81A
:102C10001A00BDF81A000021C1F6F87101EAC0409F
:102C20000899079A01EB4211D1F810291043C1F815
:102C300010090A98007901281AD1FFE70898079926
:102C400000EB4110D0F8101921F0C041C0F8101964
:102C5000BDF81A004FF0C04101EA40700899079A88
:102C600001EB4211D1F810291043C1F81009FFE718
:102C7000FFE70A9800696FF3DF400899079A01EBB4
:102C80004211D1F810291043C1F81009FFE79DF84F
:102C9000270001283CD1FFE70A98C069002809D025
:102CA000FFE70A98C0690899079A01EB4211C1F839
:102CB0001409FFE70A98007901281ED1FFE7089858
:102CC000D0F8080810F4807F0BD1FFE70898079927
:102CD00000EB4110D0F8001941F00051C0F8001984
:102CE0000AE00898079900EB4110D0F8001941F06C
:102CF0008051C0F80019FFE7FFE70898079900EB3B
:102D00004110D0F8001941F00441C0F8001951E019
:102D10000898079900EB4110D0F8001941F00441E0
:102D2000C0F800190A980079012814D0FFE70A9822
:102D3000006900280ED0FFE70A98007800F00F0025
:102D4000012101FA00F00899D1F834281043C1F8A4
:102D50003408FFE72DE00898D0F8080810F4807FC9
:102D60000BD1FFE70898079900EB4110D0F8001944
:102D700041F00051C0F800190AE00898079900EBEB
:102D80004110D0F8001941F08051C0F80019FFE758
:102D90000B980A99CA680B8A09789DF827C0EE46F5
:102DA000CEF800C002911146029A01F0C7F80190D6
:102DB000FFE7FFE7C8E00898079900EB4110D0F85B
:102DC000101B6FF31201C0F8101B0898079900EB55
:102DD0004110D0F8101B6FF3DC41C0F8101B0798AE
:102DE000002824D1FFE70A980069002804D0FFE7F3
:102DF0000A9881680161FFE70A98816801620A9870
:102E0000006A6FF3DF400899079A01EB4211D1F88D
:102E1000102B1043C1F8100B0898079900EB4110D4
:102E2000D0F8101B41F40021C0F8101B4AE00A98AA
:102E30000069002818D1FFE70A9880686FF3DF4027
:102E40000899079A01EB4211D1F8102B1043C1F8F1
:102E5000100B0898079900EB4110D0F8101B41F4B3
:102E60000021C0F8101B2CE00A9881680069084412
:102E70000138B0FBF1F0ADF81A000A988168BDF88E
:102E80001A2051430162BDF81A000021C1F6F87101
:102E900001EAC0400899079A01EB4211D1F8102BC2
:102EA0001043C1F8100B0A98006A6FF3DF400899CD
:102EB000079A01EB4211D1F8102B1043C1F8100B07
:102EC000FFE7FFE79DF8270001280FD1FFE70A98E9
:102ED000C068002809D0FFE70A98C0680899079AD7
:102EE00001EB4211C1F8140BFFE7FFE70A980079E4
:102EF00001281ED1FFE70898D0F8080810F4807F59
:102F00000BD1FFE70898079900EB4110D0F8001BA0
:102F100041F00051C0F8001B0AE00898079900EB47
:102F20004110D0F8001B41F08051C0F8001BFFE7B2
:102F3000FFE70898079900EB4110D0F8001B41F01B
:102F40000441C0F8001BFFE700200CB080BD00006A
:102F500087B00A46034606900591002004908DF83C
:102F60000F0006980290059840780128019200937E
:102F70003FD1FFE702980599097800EB4110D0F89E
:102F8000000910F0004F33D0FFE702980599097847
:102F900000EB4110D0F8001941F00061C0F80019B1
:102FA00002980599097800EB4110D0F8001941F01A
:102FB0008041C0F80019FFE704980130049004989C
:102FC00042F21171884204D3FFE701208DF80F000F
:102FD0000DE0FFE702980599097800EB4110D0F861
:102FE000000900F00040B0F1004FE5D0FFE7FFE737
:102FF0003EE002980599097800EB4110D0F8000BEB
:1030000010F0004F33D0FFE702980599097800EBE4
:103010004110D0F8001B41F00061C0F8001B02987D
:103020000599097800EB4110D0F8001B41F0804170
:10303000C0F8001BFFE7049801300490049842F2A6
:103040001171884204D3FFE701208DF80F000DE0D5
:10305000FFE702980599097800EB4110D0F8000BC2
:1030600000F00040B0F1004FE5D0FFE7FFE7FFE7D9
:103070009DF80F0007B0704782B00146019001989B
:10308000826842F0010282600020009102B0704725
:1030900084B001460290002001900091FFE7019862
:1030A000013001900198B0F1706F04D9FFE703205F
:1030B0008DF80F0024E0FFE70298006910F0004F40
:1030C000EDD0FFE700200190029810210161FFE799
:1030D0000198013001900198B0F1706F04D9FFE7B9
:1030E00003208DF80F000BE0FFE70298006900F065
:1030F00010001028ECD0FFE700208DF80F00FFE74C
:103100009DF80F0004B0704786B00A46034604904D
:1031100003910020029001920093FFE70298013092
:1031200002900298B0F1706F04D9FFE703208DF888
:10313000170027E0FFE70498006910F0004FEDD07A
:10314000FFE7002002900398202141EA80100499B3
:103150000861FFE70298013002900298B0F1706FA9
:1031600004D9FFE703208DF817000BE0FFE7049870
:10317000006900F020002028ECD0FFE700208DF847
:103180001700FFE79DF8170006B0704785B00146AD
:103190000490049803900398D0F8080800F0060003
:1031A000019001980028009104D1FFE700208DF8DC
:1031B0000B0010E00198022804D0FFE701980628D0
:1031C00004D1FFE702208DF80B0003E00F208DF8FB
:1031D0000B00FFE7FFE79DF80B0005B0704700000C
:1031E00082B0014601900198406900F00100009111
:1031F00002B0704780B592B013468C468646109058
:103200000F918DF83B2010980D900F9840780C90FE
:103210004FF48070ADF8240010980021C4F204012E
:1032200088420893CDF81CC0CDF818E036D1FFE7EE
:103230009DF83B0001281BD1FFE70F98807C0028F8
:1032400005D0FFE70F98807C022810D1FFE70F9888
:10325000807900280BD1FFE70D980C9900EB411005
:10326000D0F80C1521F07001C0F80C15FFE714E040
:103270000F98007900280FD1FFE70F9840790128B7
:103280000AD1FFE710980F994978FFF70FFB00214B
:103290008DF84710059013E2FFE7FFE70F9880795C
:1032A000012862D1FFE70120ADF826000F98C07811
:1032B000002807D0FFE7BDF826000F998A8A5043FF
:1032C000C86151E00F98807C012835D1FFE70F9845
:1032D000006ABD2819D3FFE70F98818AC1610F9852
:1032E000C16901620F98C068012805D0FFE70F98F7
:1032F000C068022804D1FFE70F980221C16003E0F3
:103300000F980121C160FFE715E00F98016AC161C4
:103310000F98C068012809D0FFE70F98C0680228FD
:1033200004D0FFE70F980421C16003E00F98032148
:10333000C160FFE7FFE716E09DF83B0001280DD1D3
:10334000FFE70F98016A808A814207D9FFE7BDF83D
:1033500026000F998A8A5043C86103E00F98016ADA
:10336000C161FFE7FFE7FFE735E00F98006A00283B
:103370001CD0FFE70F98016A808A01440139B1FB34
:10338000F0F0ADF82600BDF82600BDF82410884204
:103390000BDDFFE7BDF82400ADF82600BDF82600E0
:1033A0000F998A8A5043C861FFE703E00120ADF816
:1033B0002600FFE70F98C078002807D0FFE7BDF888
:1033C00026000F998A8A5043C86103E00F98016A6A
:1033D000C161FFE7FFE70F98C1696FF3DF41BDF8F7
:1033E00026200023C1F6F87303EAC2421143807D10
:1033F0004FF0C04202EA407008430D990C9A01EB6D
:103400004211C1F810059DF83B00002809D0FFE7E4
:103410000F9880690D990C9A01EB4211C1F81405BF
:10342000FFE70D98D0F80804012121EA00008DF88B
:103430002B000D980C9900EB4110D0F8001521F0ED
:103440000051C0F800159DF82B000D990C9A01EB66
:103450004211D1F8002542EA4070C1F800050F98EA
:103460008079012840F09B80FFE70F98017C407C29
:1034700041EAC01040F000400D990C9A01EB421156
:10348000C1F804050D980C9900EB4110D0F80C150B
:1034900041F06001C0F80C150F98C07901281AD1CD
:1034A000FFE70F98C078002815D1FFE70D980C9919
:1034B00000EB4110D0F8041541F48031C0F8041538
:1034C0000D980C9900EB4110D0F80C1541F040011B
:1034D000C0F80C15FFE70F98807C012805D0FFE7A6
:1034E0000F98807C032815D1FFE70F98C079012839
:1034F00010D1FFE70F98C07801280BD1FFE70D9896
:103500000C9900EB4110D0F8041541F48031C0F85B
:103510000415FFE70F98807C01283FD1FFE70F9843
:10352000C07800283AD1FFE70F98C06801380146FB
:103530000328049130D80499DFE801F0020D182324
:103540000D980C9900EB4110D0F8041541F400419E
:10355000C0F8041521E00D980C9900EB4110D0F84B
:10356000041541F00E01C0F8041516E00D980C99F1
:1035700000EB4110D0F8041541F48041C0F8041567
:103580000BE00D980C9900EB4110D0F8041541F4B4
:103590004041C0F8041500E0FFE7FFE707E00D98A1
:1035A0000C9900EB41100021C0F80415FFE70D98BD
:1035B0000C9900EB4110D0F800050B900B9820F00F
:1035C00080400B900F98C078002805D0FFE70B983B
:1035D00040F400400B9004E00B9820F400400B9066
:1035E000FFE70B9840F000400B900B980D990C9A58
:1035F00001EB4211C1F800059DF83B00002804D002
:10360000FFE700208DF847005AE00F98C0780028A7
:1036100052D1FFE70F98006A00284DD0FFE70F98BE
:10362000C079002848D1FFE70F98807C0146032825
:1036300003912FD80399DFE801F0021702170F98C2
:10364000006A03308008ADF82800BDF82800109902
:10365000C96A89B2884206D9FFE71098816941F0AA
:1036600020018161FFE716E00F98006A03308008AF
:10367000ADF82800BDF828000D99D1F8101489B2D2
:10368000884206D9FFE71098816941F08061816125
:10369000FFE700E0FFE710980F998A690B8C4978E3
:1036A000EC464FF0000ECCF800E002911146029A71
:1036B00000F044FC0190FFE700208DF84700FFE791
:1036C0009DF8470012B080BD70B590B0DDF850C0D5
:1036D0009E4614460D460646CDF82CC00A93099224
:1036E00008919DF82C108DF83C100899099A0A9BB6
:1036F0000E930D920C91079000208DF81B000799F6
:1037000005910599C1F8000E0798816B41F40011ED
:1037100081630798816B21F4002181630798816B95
:1037200021F4802181630798C06810F0400F039551
:103730000294CDF804E0009616D1FFE79DF833001F
:10374000012808D1FFE70598D0F8001441F00401E2
:10375000C0F8001407E00598D0F8001421F0040127
:10376000C0F80014FFE707E00598D0F8001421F036
:103770000401C0F80014FFE707981021FFF7C4FC0C
:10378000002804D0FFE701208DF81B00FFE7079811
:10379000FFF77EFC002804D0FFE701208DF81B0016
:1037A000FFE700200490FFE704989DF8311088425D
:1037B00014D2FFE70598049900EB41104FF0FF3158
:1037C000C0F808150598049900EB41100021C0F8D5
:1037D0000C15FFE7049801300490E5E707980021F5
:1037E000816107984FF0FF31416107980021C4F2D1
:1037F0000401884212D1FFE707984FF4007141623B
:10380000079840F20021C0F200118162079840F24F
:103810000031C0F2E001C0F800110EE007988021ED
:10382000416207988021C0F2600181620798E0211F
:10383000C0F24001C0F80011FFE79DF832000028F7
:1038400006D1FFE70798816941F010018161FFE728
:10385000079881690822CAF22032114381619DF8DC
:103860001B0010B070BD000084B0014603900398A7
:1038700002900298D0F8180801900298D0F81C081D
:10388000019A10400190BDF80400009104B0704707
:1038900084B001460390039802900298D0F818086B
:1038A00001900298D0F81C08019A10400190BDF8D0
:1038B0000600009104B0704788B00A46034607909E
:1038C0008DF81B10079805900598D0F81008039004
:1038D0000598D0F83408029002989DF81B1001F06A
:1038E0000F01C84000F00100039941EAC0100390A5
:1038F00005989DF81B1000EB4110D0F808090399BA
:103900000840049004980192009308B070470000AA
:1039100086B00A46034605908DF81310059803906B
:1039200003989DF8131000EB4110D0F8080B02909B
:103930000398D0F814080299084002900298019266
:10394000009306B07047000083B0014602900298D1
:103950004069019002988069019A10400190019895
:10396000009103B07047000080B58CB013468C46C0
:1039700086460B900A91ADF826200B9808900A987D
:103980000790BDF8260080080490BDF8260000F0DE
:103990000300ADF80E00002005900293CDF804C09E
:1039A000CDF800E0FFE705980499884217D2FFE7B9
:1039B00008984FF4805140580799086007980130E3
:1039C00007900798013007900798013007900798F3
:1039D00001300790FFE7059801300590E3E7BDF857
:1039E0000E00002821D0FFE70020059008984FF432
:1039F000805140580690FFE706989DF81410C900C2
:103A0000C840079908700598013005900798013063
:103A10000790BDF80E000138ADF80E00FFE7BDF8C5
:103A20000E000028E8D1FFE7FFE707980CB080BD43
:103A300080B588B00A46034606908DF8171000201E
:103A400004900698C16821F0C041C1609DF817003C
:103A500001280392029324D1FFE70698C16841F040
:103A60000051C160FFE70A20EFF75EF804980A30C2
:103A70000490FFE70698FFF7B3FB4FF0000E012814
:103A8000CDF804E007D0FFE704980021C82838BF2C
:103A900001210191FFE70198C0070028E3D1FFE76A
:103AA0002DE09DF81700002824D1FFE70698C16893
:103AB00041F08041C160FFE70A20EFF735F8049834
:103AC0000A300490FFE70698FFF78AFB4FF0000EDC
:103AD0000028CDF800E007D0FFE704980021C828AF
:103AE00038BF01210091FFE70098C0070028E3D10B
:103AF000FFE703E001208DF81F000CE0FFE70498CA
:103B0000C82804D1FFE701208DF81F0003E0002042
:103B10008DF81F00FFE79DF81F0008B080BD000072
:103B200085B00A46034604908DF80F100498029061
:103B30000298D0F8001821F4FE61C0F800189DF832
:103B40000F004FF4FE6101EA00100299D1F800C89D
:103B500040EA0C00C1F8000800200192009305B073
:103B60007047000085B00A46034604908DF80F1098
:103B7000049802909DF80F000299D1F800C840EA1D
:103B80000C00C1F8000800200192009305B07047B6
:103B900080B587B013468C468646069005918DF811
:103BA00013209DF8130002280293CDF804C0CDF82D
:103BB00000E040F0B880FFE705984AF6C041C0F247
:103BC000D80188420BD3FFE705984EF2BF11C0F22F
:103BD000E401884203D8FFE70F200390A2E0059894
:103BE0004EF2C011C0F2E40188420BD3FFE7059802
:103BF00042F2FF31C0F2F401884203D8FFE70E2001
:103C000003908EE0059842F20041C0F2F401884230
:103C10000BD3FFE7059847F27F31C0F206118842C7
:103C200003D8FFE70D2003907AE0059847F2803132
:103C3000C0F2061188420BD3FFE7059844F69F11A6
:103C4000C0F21A11884203D8FFE70C20039066E007
:103C5000059844F6A011C0F21A1188420BD3FFE771
:103C6000059842F6FF41C0F23111884203D8FFE7C0
:103C70000B20039052E0059842F60051C0F231113A
:103C800088420BD3FFE705984AF23F41C0F24C113E
:103C9000884203D8FFE70A2003903EE005984AF2E5
:103CA0004041C0F24C1188420BD3FFE7059843F224
:103CB000FF51C0F26E11884203D8FFE7092003903C
:103CC0002AE0059843F20061C0F26E1188420BD3DE
:103CD000FFE705984AF61F31C0F2A611884203D8C3
:103CE000FFE70820039016E005984AF62031C0F25D
:103CF000A61188420BD3FFE7059844F2FF71C0F28A
:103D0000E811884203D8FFE70720039002E006206D
:103D10000390FFE7FFE7FFE7FFE7FFE7FFE7FFE7C6
:103D2000FFE7FFE70BE09DF81300002803D1FFE752
:103D30000920039002E009200390FFE7FFE70698BF
:103D4000C16821F47051C16003984FF4705101EAC9
:103D500080200699CA681043C860002007B080BD63
:103D600080B586B00146049004980290002001902E
:103D70000091FFE701980E2813D8FFE702980199F8
:103D800000EB41104FF67F31C0F808190298019AF4
:103D900000EB4210C0F8081BFFE7019801300190CA
:103DA000E8E702980021C0F810180298C0F814182B
:103DB0000298C0F81C180498FFF76AF98DF80F00F4
:103DC0009DF80F00002805D0FFE79DF80F008DF843
:103DD000170014E004981021FFF796F98DF80F00F2
:103DE0009DF80F00002805D0FFE79DF80F008DF823
:103DF000170004E09DF80F008DF81700FFE79DF80D
:103E0000170006B080BD000080B58AB00146099059
:103E100000208DF82300099A0792069009980391D3
:103E2000FEF738FD09991022029008461146FFF767
:103E30006BF9002804D0FFE701208DF82300FFE78D
:103E40000998FFF725F9002804D0FFE701208DF835
:103E50002300FFE700200490FFE704980F281FD8F5
:103E6000FFE70798049900EB4110D0F80005059092
:103E7000059840F080400590059820F0004005909E
:103E8000059820F40040059005980799049A01EBE5
:103E90004211C1F80005FFE7049801300490DCE707
:103EA00000200490FFE704980F2836D8FFE7079812
:103EB000049900EB4110D0F800050590059840F0FA
:103EC00080400590059840F000400590059820F44A
:103ED0000040059005980799049A01EB4211C1F83A
:103EE0000005FFE70698013006900698B0F57A7F46
:103EF00001D9FFE70CE0FFE70798049900EB4110B8
:103F0000D0F8000500F00040B0F1004FEAD0FFE724
:103F1000FFE7049801300490C5E707984FF0FF31A0
:103F2000C0F81414099841610998FFF7A5F89DF8A5
:103F30002310019008460AB080BD000070B58CB017
:103F4000DDF840C09E4614460D4606460B900A9189
:103F50008DF82720ADF824308DF823C00B980790FA
:103F60000A9806909DF823000028CDF80CE00294F2
:103F70000195009629D1FFE7BDF8240003308008A1
:103F8000059000200490FFE70498059988421BD211
:103F9000FFE70698006807999DF8272001EB02319A
:103FA0004FF48052885006980130069006980130F0
:103FB0000690069801300690069801300690FFE7BB
:103FC000049801300490DFE7FFE700200CB070BDDB
:103FD000FFE7FEE780B504F007FD04F00DFD80BDAE
:103FE000704701468A680AB101201047704780B5C2
:103FF0008AB0694604F091FE0299002818BF00219A
:1040000008460AB080BD80B58AB0694604F085FED6
:104010000099002818BF002108460AB080BD70B57D
:10402000ADF5407D62AD04462846ECF70FFB00205D
:104030006E462946E060304604F095FEB6A930464B
:1040400004F06BFEA8B96D46B6AEB99B5BB1B698ED
:1040500021462A46A064BE98E064BB9820650020F3
:10406000984708280AD12846314604F056FE002811
:10407000EBD00320C0B20DF5407D70BD062803D003
:104080000928F6D10920F5E762A8694622460023EF
:1040900000F047FD0220EDE7B0B5ADF5367D62AD2D
:1040A00004462846ECF7D2FA694628462246012300
:1040B00000F037FDECF78CFA70B5049C1546064607
:1040C00001290AD011BB02200F2D1DD8E3B93046BB
:1040D0002946224604F030FE13E0052B07D0012BC1
:1040E00007D10F2D05D8304604F069FE03E01F2DDF
:1040F00001D9022008E005F580713046224604F01F
:10410000F4FD002818BF0220C0B270BDECF760FAC1
:104110002DE9F04F81B01C4691460D468346A145DE
:1041200080F0FE800026E8462FE00AF0070001211B
:104130000123E9E0A74280F0FF8087F00301013707
:10414000695C01F07F0211F0800F02FA00F200F1C9
:10415000070046EA0206EDD158460D21424604F01A
:10416000EBFD00980D2100EB860000F5017258462A
:10417000009204F043FEB9465646CCE05846012171
:1041800000F0DFF809F10209C5E089F0030009F148
:10419000010715F800A01AF0800F1AD158460D211A
:1041A000424604F0C9FD4FEA8A006FF003011AF09D
:1041B000400FC0B2A1EB00004FF0040108BF01EBBB
:1041C0008A0000994218009258460D2104F016FE0C
:1041D000A0E00AF0F00080380009052800F2AC8069
:1041E000DFE800F003253444718BA74280F0A480FF
:1041F000294687F003005B46C346B0464FEA0A36BD
:10420000085CB1B241EA0012002A00F095801F4616
:1042100000210023384600F094F806F4004046469A
:10422000D84609F10209BB4646EAD03673E04AF0A7
:10423000020000F00F000F2800F07E800AF00F014E
:104240005846424604F078FD009ABDE70AF007019F
:1042500020224FF48040002302FA01F100EACA2034
:10426000103941EA00025846002151E0AAF1B0019C
:1042700007293FF65AAF0920DFE801F05016120473
:104280005F5F5F5F87F003004FF470210123285CBC
:1042900001EA003100F00F00013041EA00026DE751
:1042A000B2460026002045E7A74245D287F003002A
:1042B0002A5C0920002A40D012F0F0013DD1584676
:1042C000002100235CE70AF0FE00C82834D187F003
:1042D0000300BAF1C80F4FF01002295C4FEA111029
:1042E00008BF42EA111001F00F0142181F2A23D81B
:1042F0000131052341EA004240E75FEA0A701BD41E
:104300000AF0070001210523013040F4002258463D
:1043100000F017F8B946A145FFF437AFF00709D10F
:104320006A4658460E2104F007FD009A58460F21B0
:1043300004F064FD082000E00920C0B201B0BDE82F
:10434000F08F2DE9F04385B01E461546044601293D
:104350002DD0002967D1A6BB02AA20460D2104F06A
:10436000EBFC70BB00274FF001080DF1100900268F
:1043700008FA06F0284213D0029832460023011DA5
:10438000029100210068CDF800900490204600F0D2
:104390004CF8B0B9A6F10D00B0FA80F0400907431F
:1043A0000136102EE4D3F80734D000200AE046F09E
:1043B0000400052805D104AA20460D2104F0BCFC08
:1043C00020B10220C0B205B0BDE8F083A8B2C8B1E8
:1043D00000EB15472D0C0DF108080498334600F149
:1043E0000802016804922A464068CDE9021020467E
:1043F0000121CDF8008000F018F80028E1D1013546
:10440000BD42EAD3012E03D10498021D049202E0BA
:10441000049A00E0029A20460D2104F0EFFC0028E7
:1044200018BF0220CEE7ECF7D3F870B5049E14460F
:10443000054601290AD019BB02200F2C1ED8EBB962
:1044400032682846214604F0D9FC14E0052B07D039
:10445000012B07D10F2C05D8284604F0B0FC03E04F
:104460001F2C01D9022009E0D6E9002304F5807150
:10447000284604F0A7FC002818BF0220C0B270BD77
:10448000ECF7A6F886B0B0EE601AB0EE402A01460E
:1044900005908DED040ACDED030A059890ED000A14
:1044A000DDED040AB4EEE00AF1EE10FA8DED021A29
:1044B0008DED012A009106DAFFE79DED040A0598CB
:1044C00080ED000A11E0059890ED000A9DED031AB9
:1044D000B4EEC10AF1EE10FA06DDFFE79DED030A26
:1044E000059880ED000AFFE7FFE706B0704700007F
:1044F00080B585B013468C4686460490ADF80E1004
:10450000ADF80C2004980088BDF80E108842029384
:10451000CDF804C0CDF800E005DAFFE7BDF80E00E5
:10452000049908800CE004980088BDF80C108842BB
:1045300005DDFFE7BDF80C0004990880FFE7FFE701
:1045400005B080BD87B00A46034606908DF8171067
:10455000069842F2E411C2F20001884203920293EB
:104560005BD1FFE79DF81700013801460A28019149
:1045700052D80199DFE801F0060C131A21272E35D5
:104580003C42490040F27010C2F20000049043E047
:1045900040F27010C2F20000023004903CE040F2A1
:1045A0007010C2F200000430049035E040F2701048
:1045B000C2F20000063004902EE040F26810C2F211
:1045C0000000049028E040F26810C2F200000230BF
:1045D000049021E040F26810C2F200000430049020
:1045E0001AE040F26810C2F200000630049013E0B6
:1045F00040F27810C2F2000004900DE040F2781012
:10460000C2F200000230049006E040F27810C2F2DC
:10461000000004300490FFE763E0069842F20C21AA
:10462000C2F2000188425BD1FFE79DF81700013814
:1046300001460A28009152D80099DFE801F0060CE3
:10464000131A21272E353C42490040F2B410C2F221
:104650000000049043E040F2B410C2F200000230C7
:1046600004903CE040F2B410C2F200000430049028
:1046700035E040F2B410C2F20000063004902EE0A3
:1046800040F2AC10C2F20000049028E040F2AC10FE
:10469000C2F200000230049021E040F2AC10C2F2FD
:1046A0000000043004901AE040F2AC10C2F20000A6
:1046B0000630049013E040F2BC10C2F200000490F7
:1046C0000DE040F2BC10C2F200000230049006E09F
:1046D00040F2BC10C2F2000004300490FFE7FFE794
:1046E000FFE7049807B0704780B586B013468C4644
:1046F0008646059004918DF80F200293CDF804C0F2
:10470000CDF800E0FFE70498411E0491002813D083
:10471000FFE79DF80F0005994A1C0592097848406B
:104720008DF80E009DF80E0049F24431C0F60101EB
:10473000085C8DF80F00E6E79DF80F0006B080BD1D
:1047400080B587B013468C46864605900491ADF837
:104750000E20059800280293CDF804C0CDF800E0A3
:1047600005D1FFE74FF6FF70ADF81A0022E0FFE732
:104770000498411E0491002817D0FFE70598411CBA
:10478000059100788DF80D00BDF80E009DF80D1014
:104790004140C9B249F24412C0F6010232F8111088
:1047A00081EA1020ADF80E00E2E7BDF80E00ADF88A
:1047B0001A00FFE7BDF81A0007B080BD80B586B0CB
:1047C0000A4603460590049100208DF80F000598D5
:1047D00000280292019304D0FFE70498022801D830
:1047E000FFE70FE0059804990139FF22FFF77CFFEE
:1047F0008DF80F009DF80F000599049A114401F8F7
:10480000010CFFE706B080BD80B542F66450C2F2ED
:1048100000000168013101600068B0F5FA6F07D946
:10482000FFE743F26C00C2F2000001210170FFE7D4
:1048300043F26C00C2F200000078C007002809D0E3
:10484000FFE742F66850C2F2000001F055FFF9F7A9
:10485000FDF8FFE780BD000080B586B00A4603463C
:104860000490039100208DF80B0004980028019219
:10487000009304D0FFE70398022803D8FFE7002045
:10488000059014E0049803990139FF22FFF72CFFEB
:104890008DF80B009DF80B000499039A114411F850
:1048A000011C401AB0FA80F040090590FFE7059816
:1048B00006B080BD80B586B00A46034605900491D7
:1048C0000020ADF80E00059800280292019304D054
:1048D000FFE70498022801D8FFE718E0059804993B
:1048E00002394FF6FF72FFF72BFFADF80E00BDF84F
:1048F0000E000599049A114401F8020CBDF80E004F
:10490000000A0599049A114401F8010CFFE706B06A
:1049100080BD000086B00A460346059004910598C4
:1049200003900498029003984078029908700398C5
:104930000078029948700192009306B07047000019
:1049400080B586B00A4603460590ADF81210059969
:10495000BDF8120042F6746CC2F2000C039060467F
:10496000DDF80CC002926246019301F081FA06B0B4
:1049700080BD000080B588B00A46034606900591C8
:104980000020ADF81200069800280392029304D08C
:10499000FFE70598022803D8FFE70020079027E0EB
:1049A0000698059902394FF6FF72FFF7C9FEADF878
:1049B00012009DF812000699059A114411F8021C84
:1049C0000022884201920ED1FFE7BDF8120006993D
:1049D000059A114411F8011CC1EB1020B0FA80F0C7
:1049E00040090190FFE7019800F001000790FFE700
:1049F000079808B080BD0000B0B592B09C469646BE
:104A00000C46054611908DF843100F920E939DF8B9
:104A10004300C008099000200A909DF843008007D9
:104A20000028CDF80CC0CDF808E00194009519D508
:104A3000FFE701200B900F98C0F34F3004900F98C0
:104A4000C0009DF8431001F0030140EA41000590C9
:104A50000E98C0F34F3006900E98062141EAC00030
:104A6000079012E000200B9004900F9949019DF8E7
:104A7000432002F0020241EA0211059106900E98CD
:104A8000102141EA40100790FFE79DF84300C0F372
:104A9000800008900E200D9001200C90119804A920
:104AA000ECF7A4FB002803D0FFE7ECF781FAFFE75F
:104AB00012B0B0BD80B582B0014601900198006887
:104AC00040F20122904200910AD1FFE7019800F1E3
:104AD0001C0142F66850C2F2000001F0FBFDFFE746
:104AE00002B080BD83B0B0EE401A8DED020A9DED9C
:104AF000020AB5EEC00AF1EE10FA8DED011A05DDDD
:104B0000FFE79DED020A8DED000A06E09DED020A29
:104B1000B1EE400A8DED000AFFE79DED000A03B0FB
:104B200070472DE9F0478CB00C4601469A46154671
:104B3000204604F018F901260DF12C080DF10409A6
:104B400004E0286A0B9981422ED0013E1AF0010040
:104B50004FF0010718BF022708D03EB92A69204646
:104B60004FF0FF3104F04AF94FF0000A20466FF091
:104B70000101424604F0E0F82046494604F0CDF831
:104B8000F8B9049B002BE0D0019829462246A8647E
:104B90000998E8640698286538469847072805D09C
:104BA0000828CED009280CD1EBF712FD6A46204622
:104BB0004FF0FF3104F0C0F800982861204604F05F
:104BC000F5F80CB0BDE8F08703F093BA80B5AFF309
:104BD0000080BDE8804003F08EBB2DE9F04341F634
:104BE000F449C2F2000948452CD309F500739842F4
:104BF00028D241F6F46C011FC2F2000CDCF800E090
:104C0000BEF1000F18BF9E4514D030F8028C00266C
:104C1000774601EB88047D8807EB85028A4215D030
:104C2000BC4218D03A8809EB82051DB13E469D4230
:104C30002F46F0D1AEEB090080080880CCF80010B8
:104C4000BDE8F083BDE8F043EBF741BC05EB08009D
:104C50007880BDE8F08305EB0802002E20F8022CD6
:104C600004D0A1EB09003146800802E0CCF8001026
:104C700020880880BDE8F08380B5AFF30080BDE8F0
:104C8000804003F038BB70B50D460646EBF748FE92
:104C900004465CB97543284600F003FB044624B182
:104CA00020462946EBF749FD00E00024204670BD70
:104CB00010B50446EBF7DCFB00B110BD2046BDE8A3
:104CC000104000F0EEBA80B5AFF30080BDE8804040
:104CD00003F011BB2DE9F04F8FB00D4618210B9357
:104CE00090468246EBF788FB032015F001098AF80D
:104CF000180004D015F00E0F40F0778108E0A807E7
:104D000040F1738105F00C000C2801D102205AE11A
:104D1000189C2046FFF76BF90746002F0D9700F00F
:104D200051810020CAF80C7000210F2200230E9040
:104D30000EA800902046FFF7BFF9DDF838B02046F6
:104D4000FFF761F90446781C0D900DA8397800F042
:104D5000CDF90D9AA44600282BF00101A1F1010123
:104D600002F101060D9608BF60460890127804957E
:104D7000FF2A4FF000020FD0002316F8017B07F046
:104D80007F0417F0800F04FA02F402F1070243EAED
:104D90000403F2D1F2180D96CDF81C90CDE90982EA
:104DA000CDF814A0A1EB0C0A711C002000220D917B
:104DB000357811F8013B03F07F0713F0800F07FAF5
:104DC00000F700F1070042EA0702F2D101EB020B03
:104DD0000EAFCDE90D11594580F03981384629468D
:104DE00000F084F980463846294600F07FF9814674
:104DF0003846294600F07AF90E990023002211F86E
:104E0000014B04F07F0614F0800F06FA03F603F15D
:104E1000070342EA0602F2D1D0450E919CBF09EB8E
:104E200008039A4502D3C245D5D210E1002800F00C
:104E3000D9800899002A00EB010300F0C7800BEB32
:104E40000200049A07994FF0FF380393A0F1010A7A
:104E500002F0040002F0080B0843B0FA80F04009A9
:104E6000089002F0060006900B9800F1580401E04B
:104E700009EB020A00200021D14619F8012B02F0AB
:104E80007F0312F0800F03FA00F300F1070041EAFC
:104E90000301F2D108FA00F352060D4648BF1D4344
:104EA000202828BF0D46012D2EDB0A98002800F08F
:104EB000CE80A0EB8500006868B30999012963D111
:104EC0000B9B44F64767C4F24C37D3E900127A4093
:104ED00042F60137C4F22B3779401143214608BF0F
:104EE00053F8281C00290C9100F0B58053F8241CBD
:104EF000002900F0B080026813690CAA98470128C5
:104F000042D10798B8B390E0B5F1FF3F0ADD0698AB
:104F1000022839D16CE00898002869D0BBF1000F55
:104F200032D194E00998012829D10B9A44F64763BD
:104F30002646C4F24C33D2E90001594042F601330F
:104F4000C4F22B3358400843114608BF52F8286C6E
:104F5000002E1CBF51F8243C002B00F08880CDE9C6
:104F60000061EF1728460A9A394600F06AF958B1ED
:104F70000798002864D1BBF1000F05D16FE00898B5
:104F8000B0B3BBF1000F6ED000220021002019F851
:104F90000230013203F07F0713F0800F07FA01F7A8
:104FA00001F1070140EA0700F1D15A0608FA01F7BA
:104FB000024648BF3A43202928BF0246002A7FF410
:104FC00057AF0FE008208AF818000EE0049800F0B0
:104FD0000600022806D105990020C1E900000B61F6
:104FE000062001E00599082008760FB0BDE8F08F93
:104FF000059AE81744F64767C4F24C3715605060CD
:10500000C2F808A0039810610B9BD3E90001794016
:1050100042F60137C4F22B377840084308BF53F8F3
:10502000284C062054611076DFE70599E817C1E99E
:105030000050C1F808A0039808610C984861CFE7B8
:10504000059981E8A0040398C1E90406C8E7099816
:105050000B9900F03DF80120194600F039F80B9942
:10506000012000F035F80B99002000F031F8012004
:1050700000F02EF8F0B583B00C461546029002AE53
:10508000002100220023002720460096FFF7CDF9DB
:105090002868002101220023009602902046FFF795
:1050A000C4F92D69204600210F22002302970096A3
:1050B000FFF702F8029800210F220023009600F06B
:1050C0000100284302902046FFF7AFF903B0F0BD7E
:1050D000B0B50C460546204603F054FA012D04BF36
:1050E00054F8180C03F018F803F0DCF870B5FF2939
:1050F0001ED001F00F020C2A00F29780D0F800C0F9
:10510000DFE802F02A3B4D071993939393567307F8
:1051100019009CF800209CF801309CF802609CF873
:10512000035046EA052642EA032242EA064E21E0FF
:105130004FF0000E77E09CF800209CF801309CF8BE
:1051400002609CF8035046EA052642EA032242EA3E
:10515000064E0CF1080650E09CF800209CF8013047
:105160009CF802509CF8034045EA042542EA0322D9
:1051700042EA054E0CF104063FE000224FF0000E1B
:10518000664616F8013B03F07F0413F0800F04FA23
:1051900002F402F107024EEA040EF2D12DE09CF86F
:1051A00000209CF801300CF1020642EA032E24E0B4
:1051B00000220024664616F8013B03F07F0513F039
:1051C000800F05FA02F502F1070244EA0504F2D164
:1051D0004FF0FF355B06A64605FA02F548BF4EEADA
:1051E000050E202A28BFA64607E09CF901209CF85E
:1051F00000300CF1020643EA022EC1F302122AB17A
:10520000012A12D1BEF1000F0AD0E64449B2B1F131
:10521000FF3F07DCBEF1000F18BFDEF800E001E041
:105220004FF0000E0660704670BDEBF7D1F9012813
:1052300004BF01F1580003F0D7BA51F8180C02F07E
:105240006BFFF0B581B01C46B2B1069E6FF0030152
:105250006D4681EA80008718386850B100962A466A
:1052600001680B692146984704370128F4D10020D2
:1052700000E0012001B0F0BD07990020FFF728FFF2
:1052800010B5012809D1A1F12804206803F0ACFA77
:105290002046BDE81040FFF7A0BC51F8180C02F002
:1052A0003BFF41F6F46C0146C2F2000CDCF8003022
:1052B00043B941F6F4438020C2F200031880CCF8D1
:1052C00000305880B0B50020E3B141F6F44EC2F290
:1052D000000E0EF50072934214D0C81C0121002567
:1052E00001EB900419464B889C420CD308889C42E1
:1052F00014D00EEB80030020002B08BFB0BD9342FA
:105300000D46EFD1B0BD181B0022488080B221F8B5
:10531000202001EB800044800430B0BD0DB1288016
:1053200003E00EEB8000CCF80000002021F8040B15
:105330000846B0BDB0B58AB00C4605466946204661
:1053400003F0EBFC95F85000C00704D10298006808
:1053500008B1092106E0204603F071FD092101286A
:1053600008BF0821C8B20AB0B0BD000080B5B8B00F
:1053700001463790379841F60072C2F200020023CE
:1053800013800268B2F8042141F60273C2F20003EE
:105390001A8021912090FFE741F60070C2F20000D0
:1053A000008841F60271C2F200010988884280F249
:1053B0009284FFE72098016841F60072C2F2000271
:1053C00012881F91114600F089FC1F99084490F83B
:1053D0008400A52840F07684FFE72098016841F614
:1053E0000072C2F20002138806339BB21E91194666
:1053F0001D9200F073FC1E99084490F8840041F659
:105400000471C2F2000108800888209A1368DDF850
:1054100074E0BEF800C00CF1050C1FFA8CFC1C9067
:1054200010461B9161461A9300F058FC1A990844E3
:1054300090F884001C9940EA01201B99088020986C
:1054400002681D9BB3F800C00CF1020C1FFA8CF12E
:10545000199200F043FC1999084490F8840041F631
:105460000671C2F2000108800888209A1368DDF8EE
:1054700074C0BCF800E00EF1010E1FFA8EFE189009
:10548000104617917146169300F028FC16990844AF
:1054900090F88400189940EA0120179908800020AC
:1054A0008022159008461599FFF722F81B9801886D
:1054B000ADF8DA10052002F027FF35901798018823
:1054C00009310029B8BF4FF0FF31084602F01CFF38
:1054D000349015983390FFE7339804281ADCFFE7DF
:1054E0002098016841F60072C2F200021288339BD4
:1054F0001A4492B21491114600F0F0FB149908443A
:1055000090F884003599339A8854FFE73398013036
:105510003390E1E735980521FFF79EF9012840F027
:10552000BE83FFE700203290FFE7329841F6067114
:10553000C2F200010988093188421ADAFFE720988F
:10554000016841F60072C2F200021288329B1A44CE
:1055500092B21391114600F0C1FB1399084490F8E0
:1055600084003499329A8854FFE73298013032909F
:10557000DBE7349841F60671C2F20001098809316F
:10558000FFF7F8F9012840F08983FFE7BDF8DA005A
:1055900001460128129161D0FFE71298022800F01D
:1055A0008E80FFE71298032800F0BB80FFE7129877
:1055B000B0F5817F00F0E780FFE71298B0F5827FB9
:1055C00000F01381FFE740F205101299814200F0CC
:1055D0003E81FFE740F201201299814200F069818B
:1055E000FFE740F202201299814200F09481FFE728
:1055F00040F203201299814200F0BF81FFE7129828
:10560000B0F5017F00F0EB81FFE740F20520129931
:10561000814200F01682FFE740F206201299814293
:1056200000F04182FFE740F207201299814200F02A
:105630006C82FFE71298B0F5027F00F09882FFE7D6
:1056400040F209201299814200F0C382FFE740F244
:105650000A201299814200F0EE821EE30020319070
:10566000FFE7319841F60671C2F200010988023164
:1056700088421CDAFFE72098016841F60072C2F206
:1056800000021288319B1A44073292B211911146DE
:1056900000F024FB1199084490F884003199209A75
:1056A00011444875FFE7319801303190D9E741F650
:1056B0000070C2F20000018814310180EDE2002088
:1056C0003090FFE7309841F60671C2F20001098878
:1056D000023188421DDAFFE72098016841F6007226
:1056E000C2F200021288309B1A44073292B2109123
:1056F000114600F0F3FA1099084490F884003099AC
:10570000209A114481F82200FFE730980130309050
:10571000D8E741F60070C2F2000001880A3101802A
:10572000BBE200202F90FFE72F9841F60671C2F2EE
:1057300000010988023188421DDAFFE720980168DC
:1057400041F60072C2F2000212882F9B1A440732FF
:1057500092B20F91114600F0C1FA0F99084490F8E7
:1057600084002F99209A114481F82500FFE72F9893
:1057700001302F90D8E741F60070C2F20000018896
:105780002931018089E200202E90FFE72E9841F612
:105790000671C2F200010988023188421DDAFFE772
:1057A0002098016841F60072C2F2000212882E9B16
:1057B0001A44073292B20E91114600F08FFA0E99F8
:1057C000084490F884002E99209A114481F84D00E5
:1057D000FFE72E9801302E90D8E741F60070C2F214
:1057E000000001880D31018057E200202D90FFE775
:1057F0002D9841F60671C2F20001098802318842F3
:105800001DDAFFE72098016841F60072C2F200023B
:1058100012882D9B1A44073292B20D91114600F066
:105820005DFA0D99084490F884002D99209A11444E
:1058300081F85300FFE72D9801302D90D8E741F60D
:105840000070C2F2000001880C31018025E20020C6
:105850002C90FFE72C9841F60671C2F200010988EE
:10586000023188421DDAFFE72098016841F6007294
:10587000C2F2000212882C9B1A44073292B20C9199
:10588000114600F02BFA0C99084490F884002C99EA
:10589000209A114481F85800FFE72C9801302C9091
:1058A000D8E741F60070C2F2000001880C31018097
:1058B000F3E100202B90FFE72B9841F60671C2F22E
:1058C00000010988023188421DDAFFE7209801684B
:1058D00041F60072C2F2000212882B9B1A44073272
:1058E00092B20B91114600F0F9F90B99084490F827
:1058F00084002B99209A114481F85D00FFE72B98D2
:1059000001302B90D8E741F60070C2F20000018808
:1059100016310180C1E100202A90FFE72A9841F664
:105920000671C2F200010988023188421DDAFFE7E0
:105930002098016841F60072C2F2000212882A9B88
:105940001A44073292B20A91114600F0C7F90A9937
:10595000084490F884002A99209A114481F86C0038
:10596000FFE72A9801302A90D8E741F60070C2F28A
:1059700000000188193101808FE100202990FFE7A4
:10598000299841F60671C2F2000109880231884265
:105990001DDAFFE72098016841F60072C2F20002AA
:1059A0001288299B1A44073292B20991114600F0DD
:1059B00095F90999084490F884002999209A11448E
:1059C00081F87E00FFE7299801302990D8E741F659
:1059D0000070C2F200000188153101805DE10020F5
:1059E0002890FFE7289841F60671C2F20001098865
:1059F000023188421DDAFFE72098016841F6007203
:105A0000C2F200021288289B1A44073292B208910F
:105A1000114600F063F90899084490F88400289929
:105A2000209A114481F88C00FFE7289801302890D3
:105A3000D8E741F60070C2F2000001880E31018003
:105A40002BE100202790FFE7279841F60671C2F26C
:105A500000010988023188421DDAFFE720980168B9
:105A600041F60072C2F200021288279B1A440732E4
:105A700092B20791114600F031F90799084490F865
:105A800084002799209A114481F89300FFE7279812
:105A900001302790D8E741F60070C2F2000001887B
:105AA0000B310180F9E000202690FFE7269841F6AF
:105AB0000671C2F200010988023188421DDAFFE74F
:105AC0002098016841F60072C2F200021288269BFB
:105AD0001A44073292B20691114600F0FFF8069977
:105AE000084490F884002699209A114481F8970080
:105AF000FFE7269801302690D8E741F60070C2F201
:105B0000000001880A310180C7E000202590FFE7EE
:105B1000259841F60671C2F20001098802318842D7
:105B20001DDAFFE72098016841F60072C2F2000218
:105B30001288259B1A44073292B20591114600F053
:105B4000CDF80599084490F884002599209A1144CD
:105B500081F89A00FFE7259801302590D8E741F6B3
:105B60000070C2F2000001881031018095E0002031
:105B70002490FFE7249841F60671C2F200010988DB
:105B8000023188421DDAFFE72098016841F6007271
:105B9000C2F200021288249B1A44073292B2049186
:105BA000114600F09BF80499084490F88400249969
:105BB000209A114481F8A300FFE724980130249033
:105BC000D8E741F60070C2F2000001880F31018071
:105BD00063E000202390FFE7239841F60671C2F2AC
:105BE00000010988023188421DDAFFE72098016828
:105BF00041F60072C2F200021288239B1A44073257
:105C000092B20391114600F069F80399084490F8A4
:105C100084002399209A114481F8AB00FFE7239870
:105C200001302390D8E741F60070C2F200000188ED
:105C30000D31018031E000202290FFE7229841F6EB
:105C40000671C2F200010988023188421DDAFFE7BD
:105C50002098016841F60072C2F200021288229B6D
:105C60001A44073292B20291114600F037F80299B5
:105C7000084490F884002299209A114481F8B100D8
:105C8000FFE7229801302290D8E741F60070C2F277
:105C9000000001880F310180FFE7FFE7FFE734983C
:105CA0000028019004D0FFE7019802F01EFBFFE7F7
:105CB00035980028009004D0FFE7009802F015FB0B
:105CC000FFE7FFE741F60070C2F2000001880131F2
:105CD0000180FFF761BB38B080BD000084B00A4688
:105CE00003460390ADF80A100398BDF80A10006847
:105CF000B0F80401B1FBF0FC0CFB10100192009312
:105D000004B0704710B59CB001461B901B981A90C8
:105D1000199100F0CFFA69464FF0010EC1F820E06A
:105D20000722CA6149F66202C0F601028A614FF495
:105D3000FA724A610A610223CB604FF0140CC1F879
:105D400008C000244C600C601A99189008461899F5
:105D50001792224616932346CDF854C01494CDF8DA
:105D60004CE000F09BF81A9800F5DB71129100F0FE
:105D700059F91A98016808680A1DB1F80A110A232E
:105D800011911146119A1093F6F7D0FB1A990F90C2
:105D9000084600F08FFA6946139A0A620623CB611F
:105DA00049F65B03C0F601038B614FF448734B6106
:105DB000179B0B61DDF858C0C1F80CC0DDF854E04A
:105DC000C1F808E0149C4C600C601A990E900846CB
:105DD0000E992246234600F061F81A98129900F0B5
:105DE00021F91A98016808680A1DB1F80A110D9185
:105DF00011460D9A109BF6F799FB1A990C900846DC
:105E000000F058FA6946139A0A620423CB6149F6F6
:105E10005603C0F601038B614FF496634B61179BE9
:105E20000B61DDF858C0C1F80CC0DDF854E0C1F8D2
:105E300008E0149C4C600C601A990B9008460B9972
:105E40002246234600F02AF81A98129900F0EAF840
:105E50001A98016808680A1DB1F80A110A911146DA
:105E60000A9A109BF6F762FB09901CB010BD000067
:105E700080B586B013468C46864605900491ADF8F1
:105E80000E200598C1680131C1600293CDF804C0AD
:105E9000CDF800E0FFF76AFA06B080BD2DE9F04FBB
:105EA00093B0DDF890C0DDF88CE0229C219D209E0F
:105EB0001F9FDDF87880DDF87490DDF870A09B46B8
:105EC0000E9010460D9008460C900E980B900E9870
:105ED00012908DF847108DF8462010938DF83FA052
:105EE0008DF83EC012999DF8472081F8B8219DF8A1
:105EF000472042F48072A1F8BA2101F2CB10229A15
:105F0000239B0A9111461A46CDF82490CDF82080A3
:105F1000CDF81CB006960597CDF810E003940295D5
:105F2000EAF725FA10990A9AD2F8BF31D2F8C3C11C
:105F300001F00F0123F4707343EA8111C2F8C3C169
:105F4000C2F8BF119DF83F1082F8BC119DF83E10B9
:105F5000D2F8BF31D2F8C3C161F30203C2F8C3C1A2
:105F6000C2F8BF31D2F8BF11D2F8C33141F03801C5
:105F7000C2F8C331C2F8BF111D99D2F8BF31D2F8AF
:105F8000C3C101F00F0123F4705343EA8121C2F829
:105F9000C3C1C2F8BF111E99D2F8BF31D2F8C3C134
:105FA0006FF35F216FF3963343EA8131C2F8C3C1C7
:105FB000C2F8BF111F99D2F8BF31D2F8C3C161F343
:105FC000090CC2F8BF31C2F8C3C12099D2F8BF3161
:105FD000D2F8C3C16FF3DF216FF3942C4CEA812117
:105FE000C2F8BF31C2F8C3112199D2F8BF31D2F83B
:105FF000C3C16FF35F5C4CEA4151C2F8BF31C2F8D4
:10600000C3112399D2F8BF31D2F8C3C16FF3DF5364
:1060100043EAC151C2F8C3C1C2F8BF11019013B025
:10602000BDE8F08F10B58AB00A4603460990089182
:10603000099840F20131ADF81A103321ADF81C1067
:1060400090F806C090F807E0047AF444BDF81CE02C
:10605000F444A444ADF81EC0D0F800C00CF1040C08
:10606000BDF81EE0059060460491714603920293CC
:10607000EAF7C2F905980179026811710168BDF863
:106080001C20A1F8052041790268D1710168081D22
:1060900005998979FEF792FB059801688279114488
:1060A000081D0599CA790DF11A01EAF760F90599F9
:1060B0000A688B7991F807C063441A44043208993E
:1060C00001901046049AEAF752F905990A680432D9
:1060D000BDF81E1000901046FEF7ECFBBDF81E0048
:1060E00005990A68A2F80A014879013048710AB096
:1060F00010BD000080B588B001460790079840F2B7
:106100000132ADF816203322ADF81820837990F8CB
:1061100007C090F808E06344BDF818C063447344B6
:10612000ADF81A3003680433BDF81AC0049018465D
:10613000039161460292EAF75FF9049801790268D7
:1061400011710168BDF81820A1F805204179026895
:10615000D1710168081D04998979FEF72FFB049815
:10616000016882791144081D0499CA790DF116015C
:10617000EAF7FDF804990A688B7991F807C063443F
:106180001A44043201F5DB7101901046029AEAF7D5
:10619000EEF804990A680432BDF81A10009010460F
:1061A000FEF788FBBDF81A0004990A68A2F80A01F4
:1061B00048790130487108B080BD000080B587B0D3
:1061C00013468C468646069005918DF81320069856
:1061D0000599096841F20002C4F201029142039359
:1061E000CDF808C0CDF804E0009007D1FFE740F2F9
:1061F0006420C2F200000099086054E0059800682D
:1062000044F20041C4F20001884207D1FFE740F2A6
:106210007430C2F200000099086043E005980068FD
:1062200044F60001C4F20001884207D1FFE740F2C2
:106230008440C2F200000099086032E005980068CE
:1062400044F60041C4F20001884207D1FFE740F262
:106250009450C2F200000099086021E0059800689F
:1062600045F20001C4F20001884207D1FFE740F285
:10627000A460C2F200000099086010E00598006870
:1062800041F20041C4F20101884207D1FFE740F228
:10629000B470C2F2000000990860FFE7FFE7FFE773
:1062A000FFE7FFE7FFE79DF813000099087107B0CB
:1062B00080BD000082B001460190019890F85D0019
:1062C000009102B07047000080B584B00146039091
:1062D000039800224271052383710223C371037264
:1062E000C2600261027500F1C40202901046019181
:1062F00000F088FC0298CC3000F05CFC0298E130A1
:1063000000F062FC029800F2051000F067FC0298B1
:1063100000F5AB7000F06CFC029800F5DB7000F04B
:106320007BFC029804B080BD80B586B00146059024
:10633000059890F8F0201346032A049103900293E5
:106340006DD80299DFE801F00214263F039890ED22
:106350002C0A90ED411A81EE000AB0F8B81001EE57
:10636000101AB8EEC11A20EE010A80ED420A5BE075
:10637000039890ED2C0A90ED411A81EE000AB0F8D6
:10638000B81001EE101AB8EEC11A20EE010A80ED25
:10639000420A49E0039800F1500190ED400A084696
:1063A000019100F043FC039890ED340A019800F04D
:1063B00025FE019800F04CFC019800F015FE0398B2
:1063C00080ED420A30E0039890ED3F0A00F02EFC89
:1063D000039890ED330A00F011FE039800F038FCAA
:1063E000039800F001FE039880ED400A00F1500E82
:1063F00090ED400A7046CDF800E000F017FC0398DD
:1064000090ED340A009800F0F9FD009800F020FCAF
:10641000009800F0E9FD039880ED420A04E00020B6
:106420000399C1F80801FFE7039800F05FF806B090
:1064300080BD0000B0B58CB0B0EE601AB0EE402A5E
:106440009C4696460C4605460B900A918DF82720EF
:106450008DF826308DED080ACDED070A0B980A99C4
:10646000096846F20042C4F2000291428DED061A1C
:106470008DED052ACDF810C0CDF80CE00294019501
:10648000009008D1FFE740F28010C2F200000099AE
:10649000C1F8A00011E00A98006846F60001C4F2B5
:1064A0000001884208D1FFE740F2C410C2F20000A8
:1064B0000099C1F8A000FFE7FFE79DF827000099C9
:1064C00081F8A4009DF8260081F8F0000898C1F832
:1064D000AC000798C1F8B0000A989DF82710FEF7A5
:1064E00031F80099C1F8A8000CB0B0BD82B00146E7
:1064F0000190019890ED420ABDEEC00A10EE102AFC
:10650000120AD0F8A8301A7090ED420ABDEEC00A07
:1065100010EE102AD0F8A8004270009102B0704727
:1065200080B588B0014607900798D0F8A0202032A7
:106530000392039A06AB0290104601911946FEF7AA
:10654000E9F9039802300DF11601FEF7E3F903981B
:10655000043005A9FEF7DEF9039806300DF11201AB
:10656000FEF7D8F9029890F8B41001292CD1FFE772
:10657000BDF818000299D1F8E020801AADF81A0091
:10658000BDF91A00B1F8B6205342C2EBD372B0EB9A
:10659000620F07DAFFE70298D0F8E8100131C0F87F
:1065A000E81010E0BDF91A000299B1F8B620B0EB7E
:1065B000520F07DDFFE70298D0F8E8100139C0F864
:1065C000E810FFE7FFE7FFE70298D0F8E810B0F81F
:1065D000B620BDF8183001FB0231C0F8E41090ED90
:1065E0002B0A90ED391AB8EEC11AB0F8B61002EEC7
:1065F000101AB8EE422A81EE021A31EE011A9FED0E
:10660000312A21EE021A81EE000A80ED330A90ED64
:106610002B0A90ED391AB8EEC11AB0F8B61002EE96
:10662000101AB8EE422A81EE021A9FED272A21EEB7
:10663000021A81EE000A80ED320ABDF9161000EE52
:10664000101AB8EEC00A9FED211A20EE010A90ED53
:106650002B1A80EE010A80ED340ABDF9161000EE07
:10666000101AB8EEC00AB1EE081A20EE010A90ED39
:106670002B1A80EE010A80ED350ABDF9141000EEE8
:10668000101AB8EEC00A80ED360ABDF9121000EEFD
:10669000101AB8EEC00A9FED0E1A30EE010A80ED16
:1066A000370ABDF81810C0F8E01090F8B4100029AF
:1066B00005D1FFE70120029981F8B400FFE708B097
:1066C00080BD00BFDB0F49400000B4435077D63D8A
:1066D0003393884380B584B00A4603460390029101
:1066E0000398D0F8BC100131C0F8BC10019200939F
:1066F000FFF716FF04B080BD80B586B00146059057
:10670000059890F8F0201346032A04910390029311
:106710006DD80299DFE801F00214263F039890ED4E
:106720002C0A90ED411A81EE000AB0F8B81001EE83
:10673000101AB8EEC11A20EE010A80ED420A5BE0A1
:10674000039890ED2C0A90ED411A81EE000AB0F802
:10675000B81001EE101AB8EEC11A20EE010A80ED51
:10676000420A49E0039800F1500190ED400A0846C2
:10677000019100F05BFA039890ED340A019800F063
:106780003DFC019800F064FA019800F02DFC03989C
:1067900080ED420A30E0039890ED3F0A00F046FA9F
:1067A000039890ED330A00F029FC039800F050FAAA
:1067B000039800F019FC039880ED400A00F1500E98
:1067C00090ED400A7046CDF800E000F02FFA0398F3
:1067D00090ED340A009800F011FC009800F038FAAF
:1067E000009800F001FC039880ED420A04E00020CC
:1067F0000399C1F80801FFE7039800F05FF806B0BD
:1068000080BD0000B0B58CB0B0EE601AB0EE402A8A
:106810009C4696460C4605460B900A918DF827201B
:106820008DF826308DED080ACDED070A0B980A99F0
:10683000096846F20042C4F2000291428DED061A48
:106840008DED052ACDF810C0CDF80CE0029401952D
:10685000009008D1FFE740F28010C2F200000099DA
:10686000C1F8A00011E00A98006846F60001C4F2E1
:106870000001884208D1FFE740F2C410C2F20000D4
:106880000099C1F8A000FFE7FFE79DF827000099F5
:1068900081F8A4009DF8260081F8F0000898C1F85E
:1068A000AC000798C1F8B0000A989DF82710FDF7D2
:1068B00049FE0099C1F8A8000CB0B0BD82B00146F5
:1068C0000190019890ED420ABDEEC00A10EE102A28
:1068D000120AD0F8A8301A7090ED420ABDEEC00A34
:1068E00010EE102AD0F8A8004270009102B0704754
:1068F00080B584B00146039003980290019100F0A6
:106900008FFB0298503000F08BFB0020029981F839
:10691000B4004FF4005EA1F8B6E04FF4804EA1F849
:10692000B8E0C1F8BC00C1F8C00081F8C4004FF065
:10693000030E81F8F0E0C1F8F400C1F8F800C1F8E6
:10694000FC00C1F80001C1F80401C1F808010846C3
:1069500004B080BD80B58AB001460990099890F8CE
:1069600040211346032A08910790069300F2A48061
:106970000699DFE801F002142D5D079890ED400ABA
:1069800090ED551A81EE000AB0F8081101EE101AC8
:10699000B8EEC11A20EE010A80ED560A91E0079880
:1069A00000F1A00190ED550A0846059100F03EF96E
:1069B000079890ED4A0A059800F020FB059800F032
:1069C00047F9059800F010FB079880ED560A78E02B
:1069D000079800F1500190ED520A0846049100F02A
:1069E00025F9079890ED490A049800F007FB0498F0
:1069F00000F02EF9049800F0F7FA079880ED550A98
:106A000000F1A00190ED550A0846039100F00EF93F
:106A1000079890ED4A0A039800F0F0FA039800F006
:106A200017F9039800F0E0FA079880ED560A48E05D
:106A3000079890ED510A00F0F9F8079890ED460A92
:106A400000F0DCFA079800F003F9079800F0CCFAA0
:106A5000079880ED520A00F1500E90ED520A7046F0
:106A6000CDF808E000F0E2F8079890ED490A0298A6
:106A700000F0C4FA029800F0EBF8029800F0B4FAC3
:106A8000079880ED550A00F1A00E90ED550A70466A
:106A9000CDF804E000F0CAF8079890ED4A0A019892
:106AA00000F0ACFA019800F0D3F8019800F09CFADD
:106AB000079880ED560A04E000200799C1F85801B4
:106AC000FFE7079800F05CF80AB080BD70B58CB0A5
:106AD000B0EE401ADDF840C09E4614460D4606460C
:106AE0000B900A918DF827208DF826308DED080A3D
:106AF0000B980A99096846F20042C4F200029142DA
:106B0000CDF81CC0CDF818E00594049503968DEDE2
:106B1000021A019008D1FFE740F28010C2F2000093
:106B20000199C1F8F00011E00A98006846F60001EA
:106B3000C4F20001884208D1FFE740F2C410C2F25B
:106B400000000199C1F8F000FFE7FFE79DF827007A
:106B5000019981F8F4009DF8260081F84001109811
:106B6000C1F8FC000898C1F800010A989DF82710A8
:106B7000FDF7E8FC0199C1F8F8000CB070BD000009
:106B800082B001460190019890ED560ABDEEC00A10
:106B900010EE102A120AD0F8F8301A7090ED560A4A
:106BA000BDEEC00A10EE102AD0F8F8004270009135
:106BB00002B0704782B001460190019840F2011284
:106BC0000280009102B0704782B0014601900198A6
:106BD0004FF481720280009102B0704782B001468A
:106BE0000190019840F203120280009102B07047B8
:106BF00082B00146019001984FF4827202800091A8
:106C000002B0704782B00146019001984FF4807243
:106C10000280009102B0704782B001460190019855
:106C20004FF488720280009102B0704784B0B0EED9
:106C3000401A014603908DED020A03989DED020A69
:106C400080ED110A8DED011A009104B0704700002B
:106C500080B58CB001460B900B9800220A920992E5
:106C60000892079290ED110A90ED121A30EE410A47
:106C70008DED060A9DED060A03910290FDF732FFA5
:106C80008DED050A9DED050A029890ED011AB4EE0E
:106C9000C10AF1EE10FA07DAFFE70298816C41644D
:106CA000002106910591FFE7029890ED080A9DEDFD
:106CB000061A20EE010A8DED0A0A90ED0E0AB5EED5
:106CC000400AF1EE10FA0DD1FFE7029890ED0F0A9D
:106CD000B5EE400AF1EE10FA04D1FFE74FF07E5016
:106CE000049044E09DED050A029890ED0E1AB4EE72
:106CF000C10AF1EE10FA04DCFFE74FF07E50049079
:106D000026E0029890ED0E0A9DED051AB4EEC10A38
:106D1000F1EE10FA1BDAFFE79DED050A029890EDFF
:106D20000F1AB4EEC10AF1EE10FA10DAFFE702987A
:106D300090ED0E0A90ED0F1A9DED052A31EE422AD4
:106D400031EE400A82EE000A8DED040AFFE7FFE70C
:106D50009DED050A029890ED0F1AB4EEC10AF1EE0E
:106D600010FA03DBFFE700200490FFE7FFE702983B
:106D700090ED0C0AB5EE400AF1EE10FA12D0FFE7E2
:106D800002984C30029991ED090A91ED0C1AB1EE7E
:106D9000412A82EE002AC1EE000AB0EE420AFDF757
:106DA00071FBFFE7029890ED100AB5EE400AF1EE94
:106DB00010FA18D1FFE79DED040A029890ED001A31
:106DC00090ED132A20EE010A9DED061A00EE012A2D
:106DD00080ED132A90ED090A90ED131A20EE010AB6
:106DE0008DED090A28E09DED050A029890ED101A34
:106DF000B4EEC10AF1EE10FA18DAFFE79DED040ACD
:106E0000029890ED001A90ED132A20EE010A9DEDF4
:106E1000061A00EE012A80ED132A90ED090A90ED82
:106E2000131A20EE010A8DED090A04E000200299F0
:106E3000C8640990FFE7FFE70298017A002912D1A0
:106E4000FFE7029890ED000A90ED061A90ED0A2AED
:106E50009DED063A33EE411A22EE011A81EE000A48
:106E60008DED080A11E0029890ED000A90ED051AE8
:106E700090ED072A90ED0A3A32EE411A23EE011AFC
:106E800081EE000A8DED080AFFE7029890ED040AF2
:106E900090ED0B1A90ED112A32EE400A20EE010A15
:106EA0008DED070A9DED0A0A9DED091A30EE010AE3
:106EB0009DED081A30EE010A9DED071A30EE010A29
:106EC00080ED070A90ED0D0AB5EE400AF1EE10FADA
:106ED00010D0FFE702981C30029991ED0D0AB1EE37
:106EE000401A8DED010AB0EE410ADDED010AFDF711
:106EF000C9FAFFE70298816CC160416C0161C16908
:106F00004161069981610CB080BD00002DED0C8BB4
:106F10009AB00EAA0B46B0EE456AB0EE647AF0EE77
:106F2000445AF0EE636AF0EE437AB0EE628AB0EE55
:106F3000429AB0EE61AAB0EE41BAB0EE60CAB0EECD
:106F400040DA8446199082ED0A0AC2ED090A82ED00
:106F5000081AC2ED071A82ED062AC2ED052A82ED53
:106F6000043AC2ED033A82ED024AC2ED014A82EDD3
:106F7000005A8DF83710199892ED0A0A80ED080A28
:106F800017994162169981621599C162149901633A
:106F9000139941630F9901600E99416012998163C1
:106FA0001199C163109901649DF837100172CDF8F1
:106FB00030C00B938DED0A6A8DED097ACDED085A3C
:106FC000CDED076ACDED067A8DED058A8DED049A3B
:106FD0008DED03AA8DED02BA8DED01CA8DED00DABB
:106FE0001AB0BDEC0C8B704782B00146019001983D
:106FF00090ED070A009102B07047000084B0B0EE37
:10700000401A014603908DED020A03989DED020A95
:1070100080ED120A8DED011A009104B07047000056
:1070200082B00146019001980022C2600261426173
:107030008261C261026242628262C2620263426330
:107040008263C263026442648264C264009102B0DB
:107050007047012180F848107047B0B50C460546CE
:1070600024F00F00B0F5887F10D0B0F5807F24D1D8
:1070700095F84900D8B9012085F8490005F150007C
:1070800095F8481089B1E9F7F1FA10E095F84A004F
:1070900030B9012085F84A0005F1D800E9F7EAFA8D
:1070A00005EBC400A0F5F56005E0E9F7DBFA05EBB8
:1070B000C400A0F5F66003C8B0BDE9F789FAF0B5E1
:1070C00081B00E4607461C46154626F00F00B0F567
:1070D000887F10D0B0F5807F26D197F84900D8B9C5
:1070E000012087F8490007F1500097F8481089B14E
:1070F000E9F7BCFA10E097F84A0030B9012087F8A8
:107100004A0007F1D800E9F7B5FA07EBC600A0F589
:10711000F56005E0E9F7A6FA07EBC600A0F5F66012
:10712000C0E9005401B0F0BDE9F752FA90F88101CE
:10713000704710B582B004460020694601AACDE927
:107140000000D4F8780101F07CFDDDE90023014660
:107150002046FCF7DDFF0838B0FA80F0400902B0A5
:1071600010BD21F01F00A0F58070B0FA80F040093A
:10717000704780B50168CA684FF0FF319047002022
:1071800080BD083000F096B92DE9F04F91B004466B
:107190000F91134610A80FA900255E686268CDE91B
:1071A0000062CDE9023104900CA8002100F06AFFD2
:1071B0000C9A002A00F0C480B24200F0C1800E9800
:1071C000036803EBC209B9F104000CD007784678D4
:1071D0008578C17845EA012147EA062747EA014E4A
:1071E000BEF1010F01D10025AAE019F8071C13F820
:1071F00032304A46BEF1000F099199F8031099F810
:10720000016099F802C00A9112F8088D92F802B054
:1072100092F803A0CDF82CC02ADB4FF00047CDE94F
:10722000056A079307EA4E0646EA0E06355C3044C7
:1072300046788178C37845EA062641EA032146EA82
:10724000014EBEF1FF3F15DD07EA4E014FF0000C85
:1072500041EA0E014FF0000E01440891014651F839
:10726000043F1B0E01EB8301079BDDE9056A36E055
:10727000012503E0079BDDE9056A0025CEF30367DE
:10728000022F11D0012F16D0002F5DD148F22151CD
:10729000AE46071D4FF0000CBEF1000FC0F6010115
:1072A00018BF002708911BE048F231514FF0010C44
:1072B000C0F6010105E048F229514FF0000CC0F67C
:1072C00001010891CEF30747AE46002F394618BF9B
:1072D000012101EA0E01012936D000EB87010F1DC3
:1072E00043EA06210A9D0B9BBCF1000F43EA0523EC
:1072F0004BEA0A2541EA03414FF0004303EA410605
:1073000041EA0601099E494448EA062646EA05463E
:107310004FF0010503EA460343EA06031A44C4E9B1
:1073200056210899C4F87801C4E9587118BF4FF084
:10733000020CBEF1000F18BF4FF0010CC4F86CC175
:10734000284611B0BDE8F08FE9F742F9B0B582B038
:1073500004460D464FF0FF312068C2682046904732
:1073600049F6900149F6C842C0F60101C0F6010293
:107370000091511ACA1701EB5271CA1001920022F2
:10738000B2EBE10F07D020F001006A46411B204616
:10739000FFF7FAFE10B9012084F8800102B0B0BDF9
:1073A000B0B5044694F8800168B92046FFF7C1FEE5
:1073B000012818BFB0BD20680121426B20469047CC
:1073C00094F8800108B10020B0BDD4F8680168B11C
:1073D00020686FF00101D0E9032520469047D4F8DA
:1073E00068110A1820466FF00101A8470120B0BDBE
:1073F0000C2906DD0F2908D00E290AD00D2906D048
:1074000009E08A1C03D04A1C05D1443008E03C3016
:1074100006E0403004E00C2904D800EB810008307D
:107420000068704780B5E9F7D3F810B500F108049B
:10743000204600F009FA2046BDE81040E9F724BADA
:107440000C2908DD0F290AD00E2904BF02647047F9
:107450000D2906D007E08B1C03D04B1C03D14264DE
:107460007047C26370470C299EBF00EB81008260A9
:10747000704780B5E9F7ACF8B0B500F5B075D0E964
:1074800056CE01F108073CCD3CC7C1E900CE00F55E
:10749000B8752CCDD0F87C01486201F118002CC0E1
:1074A000B0BD1039002011F1130F88BF01207047C3
:1074B000704700008A1C612A00F268800FF23420B5
:1074C000DFE812F062007D007E0080008200840010
:1074D000860088008A008C008E0090009200940044
:1074E0009600620098007D007C007C007C007C009F
:1074F0007C007C007C007C007C007C007C007C00AC
:107500007C007C007C007C007C007C007C007C009B
:107510007C007C007C007C007C007C007C007C008B
:107520007C007C007C007C007C007C007C007C007B
:107530007C007C007C007C007C007C007C007C006B
:107540007C007C007C007C009A009C009E00A000D7
:10755000A200A400A600A800AA00AC00AE00B000E3
:10756000B200B400B600B800BA00BC00BE00C00053
:10757000C200C400C600C800CA00CC00CE00D000C3
:10758000D200D400D600D800A8A07047A1F5807022
:107590001F2813D8DFE800F01070727476787A7CB8
:1075A0007E80828486888A8C8E90929496989A9C0B
:1075B0009EA0A2A4A6A8AAAC6EA070479DA07047EA
:1075C00099A0704797A0704795A0704793A0704707
:1075D00091A070478FA070478DA070478BA0704717
:1075E00089A0704787A0704785A0704783A0704727
:1075F00081A070478EA070477EA070477CA0704726
:107600007AA0704778A0704776A0704774A0704742
:1076100072A0704770A070476EA070476CA0704752
:107620006AA0704768A0704766A0704764A0704762
:1076300062A0704760A070475EA070475CA0704772
:107640005AA0704758A0704756A0704754A0704782
:1076500052A0704750A070474EA070474CA0704792
:107660004AA0704748A0704746A0704744A07047A2
:1076700042A0704740A070473DA070473BA07047B4
:1076800039A0704737A0704735A0704733A07047C6
:1076900031A070472FA070472DA070472BA07047D6
:1076A00029A0704727A0704725A0704723A07047E6
:1076B00021A070471FA070471DA070471BA07047F6
:1076C00019A0704717A0704715A0704713A0704706
:1076D00011A070470FA070470DA070470BA0704716
:1076E00009A0704707A0704705A0704703A0704726
:1076F00001A07047706300006433310064333000D0
:107700006432390064323800643237006432360043
:107710006432350064323400643233006432320043
:107720006432310064323000643139006431380031
:10773000643137006431360064313500643134001F
:10774000643133006431320064313100643130001F
:1077500064390000643800006437000064360000BB
:1077600064350000643400006433000064320000BB
:107770006431000064300000733331007333300033
:107780007332390073323800733237007332360087
:107790007332350073323400733233007332320087
:1077A0007332310073323000733139007331380075
:1077B0007331370073313600733135007331340063
:1077C0007331330073313200733131007331300063
:1077D00073390000733800007337000073360000FF
:1077E00073350000733400007333000073320000FF
:1077F0007331000073300000723132007231310099
:1078000072313000723900007238000072370000A7
:1078100072360000723500007234000072330000CE
:10782000723200007231000072300000737000008C
:107830006C720000756E6B6E6F776E207265676993
:10784000737465720000000010B5044694F841009E
:1078500048B194F8401004F1480011B1E9F720F85C
:1078600001E0E9F719F894F8420028B104F1D000DA
:10787000BDE81040E9F718B810BD70477047704771
:1078800070B50E461546059A1C46B168012A07D107
:1078900049684068E9F7A0F8002818BF70BD02E009
:1078A000884200D070BD31462A462346BDE870406C
:1078B00000F05DB8F0B581B00C461646069A1D463C
:1078C000A168012A0CD1476849683846E9F784F86D
:1078D000B0B1206841683846E9F77EF840BB04E063
:1078E00088420DD02168884222D12069B0421CBF55
:1078F0006069B0420CD1012D04BF0120206217E065
:107900006068B04214D1E069012818BFE5610FE05A
:1079100025626661A06A0130A062606A012805D113
:10792000A069022804BF012084F836000420E06228
:1079300001B0F0BDD1F808C0604518BF70470869B4
:1079400050B190420DD0486A0130486202208861EF
:10795000012081F83600704701200A618B6148627E
:1079600070478869022804BF8B61704770474FF0E9
:10797000010C81F835C04868984216D181F834C0AE
:10798000009B086928B1904210D0486A01304862D3
:1079900008E001200A618B614862086B012804D16C
:1079A000012B02D1012081F8360070478A69022A32
:1079B00004BF8B611A46086B012818BF7047012A63
:1079C000F0D0F2E7F0B58FB0064614468E4228D0CC
:1079D00049B349F24C4349F2584208460025C0F6E3
:1079E0000103C0F601021946002301F00DF8074615
:1079F000D7B101AD3421281DE8F7FEFC4FF0FF3070
:107A00000197039629460123049001200D903868C0
:107A10002268C6693846B0470798012803D10598FF
:107A20002060012500E0002528460FB0F0BD70B5AC
:107A300004460D46207A10F0180F08D06968606877
:107A4000E8F7CAFFB0FA80F04609304670BDA5B12C
:107A500049F24C4149F26442284600230026C0F610
:107A60000101C0F6010200F0CFFF0028EDD0007A3E
:107A700010F0180FE2D1601BE4E70026E5E72DE9DE
:107A8000F0410646002940D049F24C4849F270477F
:107A9000C0F60108C0F60107084641463A460023F1
:107AA000002500F0B1FF044684B3B168A068CA4362
:107AB00010422AD1F068E268904210D0C9074FF016
:107AC000000518BF002821D041463A46002300F0A7
:107AD0009BFF30B1E16806460029DDD115E00125A4
:107AE00014E0F06888B149F24C4149F2A042002309
:107AF0000025C0F60101C0F6010200F085FF28B1A3
:107B0000E168BDE8F04100F002BA00252846BDE872
:107B1000F081F0B58FB0064649F244400F46144656
:107B2000C0F60100874209D030463946FFF77FFF93
:107B3000012807D1206818B1006800E0002020600B
:107B400001251EE0E7B149F24C4149F27042384646
:107B500000230025C0F60101C0F6010200F054FF29
:107B6000074677B1206808B100682060B068B9683E
:107B700021EA0002520703D1884310F0600F03D0BE
:107B8000002528460FB0F0BDF868F3688342D7D0CF
:107B900049F2EC41C0F601018B4217D0002BEFD027
:107BA00049F24C4149F2704218460023C0F60101E7
:107BB000C0F6010200F028FFC8B1317AC907DFD052
:107BC000F9680FB0BDE8F040FFF759BF0028B7D003
:107BD00049F24C4149F27C420023C0F60101C0F653
:107BE000010200F011FFB0FA80F04509C9E7F06822
:107BF0000028C5D049F24C4149F2A0420023C0F60A
:107C00000101C0F6010200F0FFFE40B1317AC90760
:107C1000B6D0F9680FB0BDE8F04000F078B9F06870
:107C20000028ADD049F24C4149F2584200230025CA
:107C3000C0F60101C0F6010200F0E6FE0646002E85
:107C40009FD0F86800289BD049F24C4149F2584235
:107C500000230025C0F60101C0F6010200F0D4FEA9
:107C60000746002F3FF48DAF01AD3421281DE8F702
:107C7000C3FB4FF0FF300197039629460123049080
:107C800001200D9038682268C6693846B0470798C9
:107C900001287FF475AF206800283FF451AF0598A4
:107CA0004DE72DE9F04383B00E460746984615464A
:107CB000B068DDE90A94012C10D141687868E8F7D2
:107CC0008BFE68B1B8682A46434601684F69314661
:107CD000CDE90094B84703B0BDE8F0838742F1D105
:107CE00031462A46434603B0BDE8F043FFF73FBEA6
:107CF0002DE9F04383B0DDF828900C4607469846FE
:107D00001546A068B9F1010F15D17E68416830466B
:107D1000E8F762FE00B3206841683046E8F75CFE91
:107D200070B1B8682A46434601688F692146CDF88C
:107D30000090B84741E087420ED020688742F0D1DA
:107D40002069A8421CBF6069A8420ED1B8F1010F9A
:107D500004BF0120206230E06068A8422DD1E069B4
:107D6000012818BFC4F81C8027E0C4F82080E06A0E
:107D7000042822D000202A462B46A086B868016835
:107D80004F690121CDE900192146B84794F8350023
:107D900020B194F83410032071B900E0042065612B
:107DA000A16A0131A162616A012905D1A169022993
:107DB00004BF012184F83610E06203B0BDE8F0830F
:107DC000D1F808C0604505D08068D0F800C0DCF864
:107DD0001CC06047086950B190420DD0486A01301C
:107DE000486202208861012081F836007047012036
:107DF0000A618B61486270478869022804BF8B6101
:107E0000704770472DE9F04F85B00D4607461C4678
:107E10009046A868DDE90E19B9F1010F049167D108
:107E200041687868E8F7D8FD002863D095F83400F9
:107E3000039095F8350002900020D7F80CA0A88692
:107E40007A69111212F0010F1CBF20684158920785
:107E500038694FF002020368D3F814C0049B48BF8E
:107E60001A4663182946CDE900294246E047BAF18F
:107E7000020F34DB07EBCA0007F1180B00F1100A00
:107E800095F8360058BB95F8340030B1A869012840
:107E900025D0387A800706D421E095F8350010B156
:107EA000387AC0071BD00020A886DBF80420111206
:107EB00012F0010F1CBF2068415892075BF8080BB5
:107EC0004FF0020203685E69049B48BF1A466318BC
:107ED0002946CDE900294246B047D345D0D303987F
:107EE00085F83400029885F8350005B0BDE8F08FBC
:107EF00087429BD129464246234605B0BDE8F04F54
:107F0000FFF735BD401AB0FA80F040097047B0B5B0
:107F10000446B9B149F24C4349F2A0420846002553
:107F2000C0F60103C0F601021946002300F06CFD03
:107F300048B1A2688168D243114203D1C168E268A6
:107F40008A4202D000252846B0BD00692169081A7E
:107F5000B0FA80F04509F6E770B5044649F24440AE
:107F60000E461546C0F60100864223D02046314613
:107F7000FFF75DFDB8BBDEB149F24C4149F2A042CA
:107F8000304600230025C0F60101C0F6010200F0D2
:107F90003BFD48B3A168826822EA01035B0707D171
:107FA000914311F0600F03D1C168E2688A421DD08D
:107FB000002519E0E06849F61004C0F6010488B114
:107FC00049F24C4149F27C420023C0F60101C0F65F
:107FD000010200F019FD49F608010028C0F6010170
:107FE00018BF0C462C600125284670BD0069216928
:107FF000081AB0FA80F04509F6E7000000A07047C3
:108000007374643A3A6261645F6578636570746939
:108010006F6E000000A070476261645F6172726100
:10802000795F6C656E6774680000000000A070479F
:108030006261645F61727261795F6E65775F6C65C2
:108040006E6774680000000000A070477374643AA3
:108050003A6261645F616C6C6F63000000F04BB961
:1080600049F2CC71C0F6010108310160704700F09F
:1080700042B949F2E071C0F6010108310160704770
:1080800000F039B92DE9F04F099E4FF0004E741AF7
:108090000C9ED6F800C01CE01C6801EB550B14F8D0
:1080A0003B8004EBCB0494F801A094F80290E778AD
:1080B00048EA0A2849EA072748EA07470EEA470636
:1080C0003E4326446C08B44503D3691E0C1B0BF1D8
:1080D00001012546002DDFD10EC0BDE8F08F49F229
:1080E000F471C0F6010108310160704700F003B976
:1080F00070477047BFF35F8F40F2F801C2F2000192
:1081000051E8000F41E80002002AF9D180B5BFF321
:108110005F8F00F041F8000010B5804707A000F025
:108120008EFD00F02FFA0FA000F089FD044600F04C
:1081300078FB204600F000FA00F0FEF97465726DDD
:10814000696E6174655F68616E646C657220756EDE
:1081500065787065637465646C7920726574757296
:108160006E6564007465726D696E6174655F6861E7
:108170006E646C657220756E657870656374656495
:108180006C7920746872657720616E20657863650C
:108190007074696F6E00000080B5804701A000F028
:1081A0004EFD00BF756E65787065637465645F68C9
:1081B000616E646C657220756E6578706563746558
:1081C000646C792072657475726E656400000000DD
:1081D000BFF35F8F40F2F401C2F2000151E8000FDB
:1081E00041E80002002AF9D1BFF35F8F704740F2E7
:1081F000D151002840F2F402C0F60001C2F20002A0
:1082000018BF0146BFF35F8F52E8000F42E800132A
:10821000002BF9D1BFF35F8F7047BFF35F8F40F240
:10822000F801C2F2000151E8000F41E80002002A03
:10823000F9D1BFF35F8F704748F2A521002840F2C3
:10824000F802C0F60101C2F2000218BF0146BFF3F6
:108250005F8F52E8000F42E80013002BF9D1BFF303
:108260005F8F7047BFF35F8F41F6FC61C2F2000180
:1082700051E8000F41E80002002AF9D1BFF35F8FF7
:108280007047BFF35F8F41F6FC62C2F2000252E812
:10829000001F42E80003002BF9D1BFF35F8F0846AF
:1082A0007047000080B500F0FFFA00281CBF00688E
:1082B000002814D0D0E90A1244F64E43C0F243031A
:1082C000090A83EA122341EA026142F62B32C4F220
:1082D00043725140194302D10069FFF71DFFFFF7B8
:1082E00077FFFFF719FF00F027F900F004B8FFF758
:1082F000FCBFFFF7FABF002818BFE8F7E8B87047DF
:10830000FFF7F9BFFFF7F7BF00F01AB880B5FFF726
:10831000FBFF80BD00F036F900F083FA002080BD3D
:1083200000F00AF900F037B880B5FFF7FBFF80BD19
:1083300000F028F900F075FA002080BD00F0FCF88C
:1083400010B50446002C08BF012403E0FFF78AFFA4
:1083500030B180472046E8F78BF80028F6D010BDF2
:10836000042000F0FCF8FFF7BAFE49F2D04148F2D1
:10837000F102C0F60101C0F6010200F002FB80B577
:10838000FFF7DEFF80BD00F0FDF800F04AFA0020A4
:1083900080BD00F0D1F870B582B00C46054601A84A
:1083A000042C98BF0424002D08BF012521462A462D
:1083B000E8F7B4F858B101AEFFF754FF50B1804769
:1083C000304621462A46E8F7A9F80028F4D101985A
:1083D00002B070BD042000F0C2F8FFF780FE49F241
:1083E000D04148F2F102C0F60101C0F6010200F0EE
:1083F000C8FA80B5FFF7CFFF80BD00F0C3F800F0EA
:1084000010FA002080BD00F097F8000082B001460D
:108410008DF807009DF907000028009113DBFFE7A6
:108420009DF9070000F01F01012202FA01F1400945
:108430004EF28012CEF2000242F82010BFF34F8FAE
:10844000BFF36F8FFFE702B07047000082B00146B4
:108450008DF807009DF90700002800910FDBFFE76A
:108460009DF9070000F01F01012202FA01F1400905
:108470004EF20012CEF2000242F82010FFE702B0E6
:10848000704700004EF60C50CEF200000068C0F3BA
:108490000220704784B00A4603468DF80F0002910F
:1084A0009DF90F000028019200930ADBFFE7029874
:1084B00000019DF90F104EF20042CEF200028854E6
:1084C0000BE0029800019DF80F1001F00F014EF62D
:1084D0001452CEF200028854FFE704B07047000047
:1084E00084B001460390039800F0070001904EF617
:1084F0000C50CEF2000002680292029A4FF6FF037F
:108500001A400292029A019B42EA03220023C0F21F
:10851000FA531A430292029A0260009104B0704723
:1085200008461146FCF706BF08461146FCF702BF95
:1085300008461146FCF7FEBE80B500F023F8FFF7B1
:10854000B1FE10B58020FCF7B3FB04462CB12046E9
:108550008021E8F7F2F8204610BDFFF7A3FEB0B582
:1085600000F180042046FCF7A3FB054635B1284600
:108570002146E7F741FF05F18000B0BDFFF792FE0D
:1085800000F060F870B50446D4E9006500F087F9A2
:1085900044F64E41320A42F62B33C0F2430142EA1E
:1085A0000562C4F2437381EA15215A4011430268FF
:1085B000A4F1280111D154F8103C002B00D55B42E6
:1085C00001338A4244F8103C1CBF44F8142C01606B
:1085D000416801394160606A70BD1AB9016004F1F7
:1085E000580070BDFFF75EFE00F02CF810B5044691
:1085F00000F055F9D4E9001244F64E43C0F24303AB
:10860000090A83EA122341EA026142F62B32C4F2DC
:10861000437251401943A4F128010AD154F8082C9F
:108620001AB9836844F80C3C8160501C44F8080C6B
:1086300002E0826812B98160012010BDFFF732FEAE
:1086400000F000F82DE9F04F87B005461DB9002075
:108650002946FCF73DFD2846FFF794FFD5E90010B9
:1086600044F6476942F6003AC4F24C39C4F22B3A58
:1086700021F0FF0180EA090081EA0A0151EA0006BF
:108680000CD155E90707D5F83480D5F82CB0A5F101
:108690002804CDF818B04FEAE87105E0FFF798FD1F
:1086A00007460024FFF7B9FD0491FFF775FD029717
:1086B000FFF768FF002E61D10BF10100069006A8BC
:1086C0009BF80010FCF712FD0698461C06960078F1
:1086D000FF2855D00020002716F8011B01F07F026B
:1086E00011F0800F02FA00F200F1070047EA0207DA
:1086F000F2D1069600F0D8F80390039800688346FC
:10870000F0B33E44A34522D05C46E06A54F8281FEB
:1087100021F0FF0280EA090382EA0A021A4316D115
:108720001AF10102DBF8043081EA020149F100028A
:108730005040084314BF0BF18000DBF80000CDE986
:108740000005404632460499FCF77BFD60B349F2D0
:10875000B870C0F6010000F10804059405A849F2BC
:10876000AC433246CDE90005C0F60103404604990A
:10877000FCF767FD38B105A8AFF3008000F051F8B1
:108780000298FFF7C9FC00F04CF80420FFF7E7FE61
:10879000046049F2AC4148F2F102C0F60101C0F6B2
:1087A000010200F0EEF811E0DBF818004042CBF8CF
:1087B0001800039948680130486000F032F800F072
:1087C00030F82046FFF7DEFE00F073F804E00446C0
:1087D00005A8AFF3008000E0044600F022F8204630
:1087E000FBF75AFCFFF7A8FE10B5A8B1BFF35F8FE7
:1087F000A0F1800454E8001F4A1E44E80023002B27
:10880000F8D1BFF35F8F012906D150F8781C01B170
:1088100088472046FCF7E1F910BDFFF713FFFFF78B
:1088200011FFB0B500F040F80546286888B301464E
:1088300044F64E4251F828CFC0F243024B684FEA4B
:108840001C2482EA132244EA036342F62B34C4F266
:10885000437463401A4317D18169B1F1FF3F19DDB9
:108860000139816115D1416929605FFA8CF191F07C
:10887000010F04D10468FCF7B0F9A4F18000803046
:10888000BDE8B040FFF7B0BF0846FBF7AAFB0020E9
:108890002860B0BD01318161FBD14069F8E741F644
:1088A000E840C2F20000704741F6E840C2F2000022
:1088B000704770B5FFF7F3FF05682DB32C4644F6FB
:1088C000476354F8281FC4F24C33626821F0FF015B
:1088D0005A4042F60033C4F22B33594051EA0206A3
:1088E00006D1A9694942A96141680131416001E0AD
:1088F000002101602046FBF792FB2046FFF742FE75
:1089000016B92869FFF708FCFFF7CCFCB0B505469F
:10891000B5B3FFF716FE0446A5F180002560BFF34E
:108920005F8F50E8001F013140E80012002AF8D1A3
:10893000BFF35F8F55F87C0C6060FFF76EFCE06062
:10894000FFF746FC206142F60130C4F22B3044F8B8
:10895000280F44F64760C4F24C306060FFF79FFF79
:1089600041680131416045F28120C0F60100A060FC
:108970002046FBF754FB2046BDE8B040FFF702BE9F
:10898000B0BDF0B581B015460E460446FFF787FF2F
:108990000746FFF742FC44F8740CFFF719FC44F853
:1089A000700C42F6003044E91F652546C4F22B30B6
:1089B00045F8580D44F64760C4F24C306860012019
:1089C00045F8280C78680130786045F22F20C0F611
:1089D0000100A8602846FBF722FB2846FFF7D2FDDE
:1089E00054F8700CFFF798FB80B542F66850C2F25D
:1089F0000000FDF77DFF80BD80B542F67460C2F2D5
:108A00000000FDF761FC80BDF0B591B0054614464D
:108A1000286850E9027603A8CDE90345CDE905139E
:108A200027211030E7F7E8FC3D44A6421BD0306810
:108A3000002403A92A460123876930460094B847D9
:108A40000C98012821D068BB089CDDE90A010D9A29
:108A50000023012918BF1C46012818BF1C46012A03
:108A600018BF1C461EE0012000262A462B460F9008
:108A700021684F69CDE9000603A92046B847099847
:108A8000012818BF35462C460CE00998012808D06B
:108A90000D98002430B90A98012804BF0B980128CA
:108AA00000D1079C204611B0F0BD80B5084600F00B
:108AB000C6F90921012808BF0021084680BD2DE91B
:108AC000F0418CB00C46014615460320002C00F006
:108AD000AF80002D00F0AC8021F00800022800F0EB
:108AE0008C80D4E90026012822F0FF073AD0002824
:108AF00063D1080700F1818042F6003044F64761F7
:108B000023460095C4F22B30C4F24C3178407140BA
:108B100040EA01060121B6FA86F0420902A8FCF7F4
:108B2000D9F89DF82000082867D0062840F08080FA
:108B3000002000210D2200230B900BA80090284656
:108B4000FBF7BAFA0B98002E206209D107986062F1
:108B50000498A0620598E06206982063029860631A
:108B6000062065E0D4F82080002000210D2200239B
:108B7000029002A800902846FBF79EFA02988045D2
:108B80001DD142F6003044F64761C4F22B30C4F2E6
:108B90004C3178407140084339D1606A0790A06A2F
:108BA0000490E06A0590206B0690606B0290C017FD
:108BB000039006208DF8200034E0032038E042F6D0
:108BC000003044F6476123460095C4F22B30C4F2CE
:108BD0004C317840714008430221B0FA80F04209DC
:108BE00002A8FCF777F89DF82000082805D0062891
:108BF0001ED12046FFF7FAFC14E020462946FFF775
:108C000054FF01460920002908BF082010E002A8EF
:108C10000621002223460095FCF75CF89DF8200011
:108C2000062808D102AA20462946FCF723FA072085
:108C30000CB0BDE8F08100202146FCF749FAE7F7C7
:108C4000C7FC0368002B09DB01230B60042350F8E9
:108C5000041F090E03EB810111607047C3F3036C1D
:108C6000BCF1000F0FD0BCF1030F1EBFBCF1010F10
:108C700000207047C3F3074C4FF0040303EB8C0351
:108C80004FF0020C02E04FF0010C04231360C1F816
:108C900000C0704780B582B000200190EAF764FD03
:108CA0000090F4F7C9FCF3F793FEF3F715FEF3F722
:108CB000C7FDF4F741F8F4F7D3F8F4F717F9F4F730
:108CC0005BF9F3F7EBFFF3F7E1FDF3F79DFFF3F744
:108CD000BDFFF4F797F9F4F7B3F9F4F7D5F9F4F722
:108CE000F1F9F5F76DFEFFE7FEE770B506461446AD
:108CF0000D46306842693046904701281EBF4EF24B
:108D00007260CFF6FF7070BD3068294682693046C8
:108D10009047C4E90001002070BD10B50C46016801
:108D20004A6A2146904761680020002904BF4EF23C
:108D30006B60CFF6FF7010BD70B5064614460D4649
:108D4000306882683046904701281EBF4EF272603C
:108D5000CFF6FF7070BD30682946C2683046904734
:108D60002060002070BD10B5044649F2707041F6D5
:108D7000F862C0F60100C2F200020830C4E9000245
:108D800000204022A4F8480084F84A0004F10800BA
:108D9000E7F7EDFA04F150004FF49971E7F72CFB77
:108DA00020460021FEF7D2FA002010BD80B50168F0
:108DB000896A88474EF27460CFF6FF7080BD016803
:108DC000C96B08472DE9F0410746154698460E46FF
:108DD000386842693846904701281EBF4EF27260DB
:108DE000CFF6FF70BDE8F081386831462A46434629
:108DF000C4693846A0470020BDE8F08170B504463C
:108E000016460D462068826820469047012809D101
:108E1000206829463246036920469847681C06D0D8
:108E200000250AE04EF27265CFF6FF7505E0206876
:108E300000210025426B20469047284670BD0168FE
:108E4000096A08474FF04070E1EE100A70470000D1
:108E500035B20181B0B00B840000000063FCFF7FDD
:108E6000B0B0A800FF00BC000334020000000800FE
:108E700000000A000000010A0000000400000000D9
:108E8000000000000E0000000600000014000000BA
:108E90000116000000040000002000000001010095
:108EA000000000001BFCFF7FB0088400FF001503DA
:108EB0000D0200000004000000420000000101005B
:108EC00000000000FBFBFF7FB0088400FF00AF80C4
:108ED0000003270200000004000000080000000159
:108EE000060000000600000000000000000C00006A
:108EF0000004000000140000000101000000000058
:108F0000BFFBFF7FB0088400FF00AF800003270293
:108F1000000000040000000800000001060000003E
:108F20000600000000000000000C0000000400002B
:108F300000140000000101000000000083FBFF7F1F
:108F4000B0088400FF00AF80000327020000000487
:108F500000000008000000010600000006000000FC
:108F600000000000000C00000004000000140000DD
:108F7000000101000000000047FBFF7FB0088400F3
:108F8000FF00AF800003270200000004000000087B
:108F900000000001060000000600000000000000C4
:108FA000000C00000004000000140000000101009B
:108FB000000000000BFBFF7FB00B8400FF009E80D1
:108FC0008000031A060000000800000022000000D4
:108FD000010E0000001800000000000000007F00EB
:108FE00000000000DBFAFF7FB0B0AA00FF009E8007
:108FF0008000031A08000000040000006400000064
:10900000010C0000005C00000000000000007F0078
:1090100000000000ABFAFF7FB0B0A800FF009E8008
:109020008000031A04000000040000005400000047
:1090300001080000005000000000000000007F0058
:10904000000000007BFAFF7FB0AF0600FF00980130
:10905000038F0166000000040000006A00000001A8
:10906000B0000000060000009401000000FA0000BB
:10907000000E000000880100000018010000180028
:1090800000008A0100000030010000120000000012
:109090000000000042010000040000008A010000FE
:1090A00000460100000800000000000000004E0122
:1090B0000000140000008A01000000760100001288
:1090C000000000880100000096010000040000007C
:1090D000A0010000019A0100000A00000000000049
:1090E0000000010000000000D7F9FF7FB0B0A80029
:1090F000FF00AB80000327280000000200000032C0
:10910000000000012A0000000600000036000000F8
:1091100001300000000A00000000000000007F0095
:109120000000000000000000000000000102030435
:1091300006070809000000000102030400061016DB
:10914000000610160000891112239B322446AD57E9
:109150003665BF74488CC19D5AAFD3BE6CCAE5DB7F
:109160007EE9F7F88110080193331A22A5562C479F
:10917000B7753E64C99C408DDBBF52AEEDDA64CB5F
:10918000FFF976E802218B30100299132667AF763B
:109190003444BD554AADC3BC588ED19F6EEBE7FA3F
:1091A0007CC8F5D983310A2091121803A7772E665F
:1091B000B5543C45CBBD42ACD99E508FEFFB66EA1F
:1091C000FDD874C904428D5316619F702004A915FF
:1091D0003227BB364CCEC5DF5EEDD7FC6888E199FF
:1091E0007AABF3BA85520C4397711E60A11428051F
:1091F000B3373A26CDDE44CFDFFD56ECE9986089DF
:10920000FBBB72AA06638F7214409D512225AB34BA
:109210003006B9174EEFC7FE5CCCD5DD6AA9E3B8BE
:10922000788AF19B87730E6295501C41A3352A24DE
:10923000B1163807CFFF46EEDDDC54CDEBB962A89E
:10924000F99A708B088481951AA793B62CC2A5D37E
:109250003EE1B7F04008C919522BDB3A644EED5F8E
:10926000766DFF7C899400859BB712A6ADD224C38E
:10927000BFF136E0C1184809D33B5A2AE55E6C4F6E
:10928000F77D7E6C0AA583B4188691972EE3A7F22A
:109290003CC0B5D14229CB38500AD91B666FEF7E4E
:1092A000744CFD5D8BB502A499961087AFF326E24E
:1092B000BDD034C1C3394A28D11A580BE77F6E6E2E
:1092C000F55C7C4D0CC685D71EE597F42880A191EE
:1092D0003AA3B3B2444ACD5B5669DF78600CE91D0E
:1092E000722FFB3E8DD604C79FF516E4A99020810E
:1092F000BBB332A2C55A4C4BD7795E68E11C680DEE
:10930000F33F7A2E0EE787F61CC495D52AA1A3B0A9
:109310003882B193466BCF7A5448DD59622DEB3CCD
:10932000700EF91F8FF706E69DD414C5ABB122A0CD
:10933000B9923083C77B4E6AD5585C49E33D6A2CAD
:10934000F11E780F005EBCE2613FDD83C29C7E208F
:10935000A3FD1F419DC3217FFCA2401E5F01E3BD11
:109360003E6082DC237D9FC1421CFEA0E1BF5D0305
:1093700080DE3C62BEE0025CDF81633D7C22C09EF9
:109380001D43A1FF4618FAA427799BC584DA3866E5
:10939000E5BB5907DB856739BAE406581947A5FBD1
:1093A0007826C49A653BD987045AB8E6A7F91B45C5
:1093B000C6987A24F8A6441A99C7257B3A6486D8B9
:1093C0005B05E7B98CD2306EEDB3510F4E10F2ACA5
:1093D0002F7193CD114FADF3702ECC92D38D6F3191
:1093E000B2EC0E50AFF1134DCE90722C6D33D18F85
:1093F0000C52B0EE326C8ED0530DEFB1F0AE4C1279
:1094000091CF2D73CA947628ABF517490856B4EA64
:109410006937D58B5709EBB536688AD495CB297750
:10942000F4AA4816E9B7550B88D6346A2B7597C944
:109430004A14F6A8742AC896154BA9F7B6E80A5438
:10944000D7896B355C970108F494010834970108BB
:1094500000950108E494010834970108309501084B
:109460004C94010834970108609501084C94010858
:109470003497010890950108649401083497010815
:10948000C09501084C94010834970108F095010833
:109490005894010834970108209601084C9401085B
:1094A0003497010850960108649401083497010824
:1094B00080960108DC94010834970108A096010801
:1094C000D094010834970108C0960108D09401088F
:1094D00034970108D9960108DC9401080C9701081B
:1094E000E69601080C970108F39601085C970108BD
:1094F00000970108446E000000000000000000001A
:109500004E31305F5F637878616269763131365F02
:109510005F7368696D5F747970655F696E666F45CA
:10952000000000000000000000000000000000003B
:109530004E31305F5F637878616269763131375FD1
:109540005F636C6173735F747970655F696E666F7A
:1095500045000000000000000000000000000000C6
:109560004E31305F5F637878616269763131375FA1
:109570005F70626173655F747970655F696E666F55
:109580004500000000000000000000000000000096
:109590004E31305F5F637878616269763131395F6F
:1095A0005F706F696E7465725F747970655F696E04
:1095B000666F450000000000000000000000000091
:1095C0004E31305F5F637878616269763132305F47
:1095D0005F66756E6374696F6E5F747970655F69DD
:1095E0006E666F45000000000000000000000000F3
:1095F0004E31305F5F637878616269763132305F17
:109600005F73695F636C6173735F747970655F69C1
:109610006E666F45000000000000000000000000C2
:109620004E31305F5F637878616269763132335FE3
:109630005F66756E64616D656E74616C5F74797080
:10964000655F696E666F4500000000000000000065
:109650004E31305F5F637878616269763132395FAD
:109660005F706F696E7465725F746F5F6D656D6258
:1096700065725F747970655F696E666F45000000A2
:10968000537431336261645F657863657074696FC8
:109690006E0000000000000000000000000000005C
:1096A000537431366261645F61727261795F6C65B7
:1096B0006E677468000000000000000000000000F9
:1096C000537432306261645F61727261795F6E659A
:1096D000775F6C656E677468005374396261645FAC
:1096E000616C6C6F6300537439657863657074697D
:1096F0006F6E00537439747970655F696E666F00C0
:10970000760000000000000058940108C94B0108D1
:10971000CD4B01087D7801087F780108C5790108E3
:1097200081780108B578010835790108000000004A
:1097300088940108C94B0108794C01087D7801081B
:109740007F780108C5790108A37C0108F17C010834
:10975000C17D01080000000094940108C94B010874
:10976000C74C01087D7801087F780108057F010852
:1097700000000000000000007B780108B1740108BF
:10978000A3740108F17301084174010863710108B1
:109790005B700108BF700108A173010879740108AA
:1097A0002B7401082D710108737101084D730108B4
:1097B000837101085370010800000000AC94010897
:1097C000F18001085D800108FD7F010800000000B4
:1097D000B8940108F18001086F8001081580010824
:1097E00000000000C4940108F18001088180010894
:1097F0002D80010800000000D0940108F1800108CC
:10980000ED80010849800108000000000000000010
:10981000FFFFFFFF43444320496E74657266616336
:10982000650043444320436F6E6669670053544D9F
:109830006963726F656C656374726F6E69637300E0
:1098400053544D3332205669727475616C20436FE6
:109850006D506F727400467269630047696D626192
:109860006C0043686173736973000000C89C010851
:109870000000002008010000C4010008D09D01087C
:109880000801002070CF0000E001000849A7FFFF99
:109890008C69FE7F010000009472FE7F08840980BD
:1098A0003873FE7F0B840F807873FE7F0100000009
:1098B000C085FE7F088407804486FE7F010000008B
:1098C0004886FE7F08840780CC86FE7F010000006A
:1098D000441AFF7F088401801C1CFF7F01000000E8
:1098E000481EFF7F08841B804020FF7F010000008E
:1098F0005C41FF7F088401807841FF7F0100000008
:109900009C50FF7F08840180B850FF7F0884058049
:109910008051FF7F01000000E854FF7F08840D8024
:109920008856FF7F01000000F857FF7F08840580FC
:109930001C58FF7F010000009CA6FF7FB0088480B8
:10994000A0A6FF7FB0B0B080A6A6FF7F08840980E4
:10995000CEA6FF7FAA3FB28040A7FF7FF4F4FF7F2F
:1099600058A7FF7FB0B0AA80A8A7FF7FB0AF008044
:10997000D2A9FF7FB0AD0480B2AAFF7FB0B0AA80A9
:1099800004ABFF7F0100000080AEFF7FB008848041
:10999000C8AEFF7F01000000A8AFFF7F08840580EC
:1099A000D4AFFF7F0100000050B0FF7F0B84118017
:1099B00004B1FF7F088401802CB1FF7F010000000B
:1099C00062B1FF7FB0AE0B8000B2FF7F01000000EC
:1099D00004B3FF7FB0AF0E809CB6FF7FB0AB0280B8
:1099E000F0B6FF7F010000005AB8FF7FB0AB0080E7
:1099F00090B8FF7FB0B0A880AAB8FF7F0100000038
:109A000034B9FF7F0B84098064B9FF7F08843780F5
:109A1000CCC2FF7F01000000ECC2FF7FB0A81B801A
:109A200050C4FF7F0884058074C4FF7F01000000DC
:109A3000C4C6FF7F0884078084C7FF7F0100000041
:109A4000E8C8FF7F08840580ECC9FF7F01000000A3
:109A5000D0CAFF7F088407807CCCFF7F0884038006
:109A600098CCFF7F088405809CCDFF7F010000001B
:109A7000E4CEFF7F0884098054D0FF7F01000000FE
:109A8000D0D1FF7F08840B8084D4FF7F01000000C9
:109A9000C2D5FF7FB0B0B080C2D5FF7FB00B84804D
:109AA0001ED6FF7FB0AB008084D6FF7FB0B0B08001
:109AB00082D6FF7FB0A80180AAD6FF7FB0B0B08069
:109AC000B2D6FF7FB0088480BAD6FF7FB0B0B08036
:109AD000B8D6FF7FB0AF108074D8FF7F0B840180B1
:109AE000C0D8FF7FB00B848008D9FF7FB008848086
:109AF0003AD9FF7FB0B0A88048D9FF7FB0088480F2
:109B000078D9FF7FB00B84809AD9FF7FB0B0B08046
:109B100038DDFF7FB0B0A88062DDFF7FB0B0B080DD
:109B20005CDDFF7F010000009CDEFF7FB0AB0E809C
:109B3000FEDEFF7F01000000DADFFF7FB0AB0E80AA
:109B400062E1FF7FB0AD028078E2FF7FB0B0B0800D
:109B5000B4E2FF7FB0AF0480ACE3FF7F0100000000
:109B600024E5FF7FB0B0AF8076E5FF7F0100000005
:109B700084E5FF7FB0088480A0E5FF7FE0F2FF7FEF
:109B800018E6FF7FB008848048E6FF7F01000000F0
:109B900014E7FF7F10F3FF7F52E7FF7FB0B0B08084
:109BA0006CE7FF7F20F3FF7F7CE7FF7FB0B0B080E2
:109BB00078E7FF7F4CF3FF7F88E7FF7FB0B0A88096
:109BC000BEE7FF7F78F3FF7FCEE7FF7FB0AA01807B
:109BD00022E8FF7FA4F3FF7F34E8FF7F010000004D
:109BE00040E9FF7FB0B0B08050E9FF7F0100000086
:109BF00052E9FF7FB0B0A88066E9FF7FB8F3FF7F2E
:109C000084E9FF7FE0F3FF7FE4E9FF7F08F4FF7F53
:109C100034EAFF7F30F4FF7FD0EBFF7FCCF4FF7F8F
:109C200002ECFF7FB00B848076ECFF7F0100000028
:109C300082ECFF7FB0B0AA80D4ECFF7FB00B8480B1
:109C400042EDFF7FB0AB0080A0EDFF7FB0088480C5
:109C5000B8EDFF7FB0AB108052EEFF7FB00884807C
:109C60005EEEFF7FB0AC0B80D6EFFF7F01000000FF
:109C7000D2EFFF7FB0B0B0801CF0FF7F010000008A
:109C80006AF0FF7FB0B0AA8092F0FF7FB0B0A880EA
:109C9000A8F0FF7FB0B0AA80CEF0FF7FB0B0A88060
:109CA0000CF1FF7FB008848016F1FF7FB0B0B08068
:109CB00014F1FF7FB0B0AC8044F1FF7FB0B0AA8058
:109CC0007EF1FF7FB0B0B08082810100D103010836
:109CD0004D04010871040108B104010809050108D7
:109CE00079030108F50301080024F4008DFA000847
:109CF00069F700087DFE00080000000085F80008F4
:109D0000CDF50008E5F600080000000000000000A6
:109D100000000000A1F900082DF9000819FA000858
:109D200011F9000809024300020100C032090400D1
:109D300000010202010005240010010524010001B8
:109D4000042402020524060001070582030800100E
:109D500009040100020A000000070501024000009A
:109D600007058102400000000A06000200000040D2
:109D7000010000001201000202020040830440576B
:109D80000002010203010000950C0008910C00087C
:109D9000210C0008D10C0008050D0008040309047B
:109DA0001A03000000000000000000000000000096
:109DB000000000000000000000000000D1050008C5
:109DC000A582010801000000100000000000000052
:040000050800018965
:00000001FF
