:020000040800F2
:1000000098DC002075020008075100089745000899
:10001000055100080D080008537800080000000092
:100020000000000000000000000000005154000823
:10003000F1090008000000001551000853540008A1
:100040008F0200088F0200088F0200088F0200084C
:100050008F0200088F020008F30900088F020008D1
:100060008F020008F9090008FF0900088F02000844
:1000700005090008110900088F0200081D09000881
:100080008F0200088F0200088F0200088F0200080C
:1000900011080008190800088F020008050A000866
:1000A0008F0200088F0200088F0200088F020008EC
:1000B0008F0200088F020008095500088F0200080F
:1000C0008F0200088F0200088F0200088F020008CC
:1000D0008F020008DD5D00088F020008E95D00085E
:1000E0008F0200088F0200088F0200088F020008AC
:1000F0008F0200088F0200088F0200088F0200089C
:100100008F0200088F020008155500088F020008B2
:100110008F0200088F0200088F0200088F0200087B
:100120008F02000829090008350900084109000864
:100130008F0200088F0200088F0200088F0200085B
:10014000250800082D0800088F0200080951000842
:100150004D0900085909000865090008F55D000807
:100160008F0200088F0200088F0200088F0200082B
:100170008F0200088F0200088F02000800000000B4
:100180008F0200088F02000800F002F800F062F809
:100190000AA090E8000C82448344AAF10107DA45E2
:1001A00001D100F057F8AFF2090EBAE80F0013F0D2
:1001B000010F18BFFB1A43F00103184720BB0000D2
:1001C00040BB00000A444FF0000C10F8013B13F054
:1001D000070408BF10F8014B1D1108BF10F8015BA0
:1001E000641E05D010F8016B641E01F8016BF9D193
:1001F00013F0080F1EBF10F8014BAD1C0C1B09D1EA
:100200006D1E58BF01F801CBFAD505E014F8016B5B
:1002100001F8016B6D1EF9D59142D6D370470000ED
:100220000023002400250026103A28BF78C1FBD8FF
:10023000520728BF30C148BF0B6070471FB50BF095
:10024000D8FC9DE8030000F0CDF900F09DF91FBD3A
:1002500010B510BD00F05EFA1146FFF7EFFF0BF08E
:10026000E8F900F07CFA03B4FFF7F2FF03BC00F0FA
:1002700021FA00000948804709480047FEE7FEE7E9
:10028000FEE7FEE7FEE7FEE7FEE7FEE7FEE7FEE746
:1002900004480549054A064B70470000F954000818
:1002A00089010008983C002098DC0020988C0020F0
:1002B000988C002070B5064600F078F9056806F1C4
:1002C0000B0020F00704B4429CBF002070BD2B46F9
:1002D0006A68BAB11068A04210D304F108018842DC
:1002E0003CBF5068586007D35168101941601168CD
:1002F000091B016058601460101D70BD13465268E0
:10030000002AE7D12146284600F058F90028DED11E
:1003100070BD53EA020C00F069802DE9F04B4FF0FC
:100320000006002B1FBFB3FA83F503FA05F424FA85
:1003300005F65E4012BF1643B2FA82F502FA05F4E2
:10034000C5F120051EBF22FA05FC44EA0C04203545
:1003500056EA044C4FEA144418BF641C4FF00008DE
:100360004FF00009904271EB030C39D3002919BFFB
:10037000B1FA81F701FA07F6B0FA80F700FA07F64A
:10038000C7F120071EBF20FA07FC46EA0C062037FB
:10039000B6FBF4FCA7EB0507103F07F01F0BCBF1F2
:1003A00020062CFA06F60CFA0BFB44BFB3460026D7
:1003B000202FA4BF5E464FF0000B5BEA060C08BF7F
:1003C0004FF0010B19EB0B0948EB0608ABFB027C65
:1003D00006FB02CC0BFB03CCC01B71EB0C01C1E78D
:1003E0000B46024641464846BDE8F08B13B54FF038
:1003F00000004FF00001AFF30080BDE81C407047E3
:10040000032A40F2308010F0030C00F0158011F840
:10041000013BBCF1020F624498BF11F801CB00F818
:10042000013B38BF11F8013BA2F1040298BF00F86C
:1004300001CB38BF00F8013B11F0030300F0258029
:10044000083AC0F0088051F8043B083A51F804CB50
:10045000A0E80810F5E7121D5CBF51F8043B40F816
:10046000043BAFF30080D20724BF11F8013B11F821
:1004700001CB48BF11F8012B24BF00F8013B00F865
:1004800001CB48BF00F8012B704710B5203AC0F0EF
:100490000B80B1E81850A0E81850B1E81850A0E857
:1004A0001850203ABFF4F5AF5FEA027C24BFB1E8F0
:1004B0001850A0E8185044BF18C918C0BDE8104033
:1004C0005FEA827C24BF51F8043B40F8043B08BF3C
:1004D0007047D20728BF31F8023B48BF11F8012B03
:1004E00028BF20F8023B48BF00F8012B70474FF0AF
:1004F00000020429C0F0128010F0030C00F01B80F1
:10050000CCF1040CBCF1020F18BF00F8012BA8BFFE
:1005100020F8022BA1EB0C0100F00DB85FEAC17CC2
:1005200024BF00F8012B00F8012B48BF00F8012B75
:1005300070474FF0000200B51346944696462039A6
:1005400022BFA0E80C50A0E80C50B1F12001BFF48C
:10055000F7AF090728BFA0E80C5048BF0CC05DF8F2
:1005600004EB890028BF40F8042B08BF704748BF40
:1005700020F8022B11F0804F18BF00F8012B7047B4
:10058000704770477047000070B5064C7C44064DBC
:100590007D4403E0206820448047241DAC42F9D10B
:1005A00070BD00006CB700006CB7000000487047D9
:1005B000B8010020704770477047704738B504464F
:1005C0000A4600206946AFF30080002808BF38BD06
:1005D00002460099204600F07BF8012038BD01203A
:1005E00000F090B8F8B5AFF30080054600200C4647
:1005F000102000BF0646A819A0420DD93246694610
:100600000020AFF30080070008BF00F07BF80098DF
:10061000A04218BF0546C419FFF7C8FF056007468A
:10062000F01D20F007004619284600F00AF8B442F1
:1006300008BFF8BDA21B31463868BDE8F84000F09D
:1006400047B800210160C0E90110704710207047D1
:1006500070B50446051FFFF7A9FF0068002C14BF02
:10066000446870BD002C18BFAC423CBF2046646893
:10067000F8D301680A18AA4218BF456003D12A6856
:1006800005461144016028684119A1421CBF6C60F5
:1006900070BD6168696021680844286070BD10B54C
:1006A00000F012F8006810BD10B5044600F00CF818
:1006B000046010BD01491820ABBEFEE72600020011
:1006C00000487047B001002000487047B00100208A
:1006D000034640688C46002818BF88423CBF03464A
:1006E0004068F8D318681844884207D00CF103001A
:1006F00020F00700001D411A521A0146081D0A6029
:10070000FFF7A6BF10B500F039F8BDE8104000F0C3
:100710002FB870477546FFF7D3FFAE460500694610
:10072000534620F00700854618B020B5FFF7B0FD0E
:10073000BDE820404FF000064FF000074FF00008E2
:100740004FF0000BAC46ACE8C009ACE8C009ACE81F
:10075000C009ACE8C00921F007018D46704710B50B
:100760000446AFF300802046BDE81040FFF77BBD94
:10077000002801D0FFF79EBF7047000010B5012888
:1007800005D0002103A000F021F8012010BD09A12F
:10079000F8E7000053494752544D454D3A204F75F4
:1007A00074206F662068656170206D656D6F727969
:1007B000000000003A2048656170206D656D6F7221
:1007C0007920636F727275707465640070B5054648
:1007D0000C460A2000E06D1C00F011F835B12878B5
:1007E0000028F8D102E0641C00F009F814B1207868
:1007F0000028F8D1BDE870400A20AFF3008008B5AA
:1008000069468DF800000320ABBE08BDFEE700007E
:10081000034800F05DBA00BF014800F059BA00BFBC
:100820006C340020034800F053BA00BF014800F0C8
:100830004FBA00BF9434002010B504462068144A13
:1008400090420ED0134A904214D113480022002344
:10085000046081622046002107F02BFD20460C2118
:1008600004E00D48C4624165204670210022002347
:1008700007F01FFD204600F092FC2046022100F008
:10088000C6F820461021BDE8104000F0C0B800BFF7
:1008900000680040006400409003002080B588B0EC
:1008A00002910021CDE90311CDE9051302A901ABA5
:1008B00000F0C1F808B080BD0020704700207047EC
:1008C00010B50E4C05490022204605F049FC0449AC
:1008D000204605F037FC002010BD00BF782900201D
:1008E0007821002010B5054C0146204605F02AFC71
:1008F000204605F002FC002010BD00BF9031002012
:1009000000207047014800F0D1BC00BF4006002025
:10091000014800F0CBBC00BF10020020014800F0ED
:10092000C5BC00BFC0040020014800F0BFBC00BF30
:10093000F0060020014800F0B9BC00BF70020020A2
:10094000014800F0B3BC00BF20050020014800F0C2
:10095000ADBC00BFD0020020014800F0A7BC00BF22
:1009600050070020014800F0A1BC00BF8005002016
:1009700001686FF00F02182352FA81F2B2FBF3FC08
:1009800007A35F2A13F80CC040F2FF3321EA0301EA
:1009900088BF41F00401C0E9161C0846704700BF3B
:1009A00000061016000610160D494FF0000C0A68DC
:1009B00042F080720A604FF47A720A49C1F804C0AA
:1009C0000B6843F001030B60084B07494843B0FB39
:1009D000F2F2B0FBF1F1C3E90002C3E9021C704777
:1009E000FCED00E0001000E040420F006004002039
:1009F0007047012000F016BE082000F013BE102042
:100A000000F010BE202000F00DBE72B6FEE790F898
:100A10002020013AD2B2012A04D8006800F1140261
:100A2000002004E000F1240201204FF4802113682B
:100A300019431160704710B590F82040D0F800C0FD
:100A4000DCF808E0013CE4B2012C0ED81EF0E05FB7
:100A500011D0CEF30160012484401C60D1E9023E34
:100A60007BB14C6843EAC4030DE000F1240301208C
:100A70004FF4802123E000F1240301204FF4001102
:100A80001DE00B685B050CEB001043EA0E03C0F899
:100A900080310B69C0F8843100F5C073097D0129EC
:100AA00001BF00F5C2710C6844F480740C60516899
:100AB000C0F88C111168C0F88811002001211A6853
:100AC0001143196010BD000090F82020013AD2B205
:100AD000012A2BD8B0B53348026842F00102026007
:100AE000026822F47C5202604A6A036843EA0222E6
:100AF000012302604C6904F01F0203FA02F2C36989
:100B00006FEA020C9343C361CB69012B14D043BB42
:100B1000C36800EBC40E03EA0C03C360CB688D8886
:100B200045EA0343CEF840308E4612E0416A41F474
:100B30008021416201207047C36800EBC40E13435B
:100B4000C3600D688B8843EA0543CEF8403001F15D
:100B50000C0E00EBC4038C68BEF8005045EA044557
:100B60005D648B69456845EA0204002B08BF05EA0D
:100B70000C0444600B69456945EA0204002B08BF78
:100B800005EA0C044461096A0129BDE8B04002BFCE
:100B9000C1691143C161016821F0010101600020B8
:100BA000704700BF00660040704710B590F82040C5
:100BB000013CE4B2012C19D8D0F800C000290CBFC8
:100BC000DCF80C40DCF8104014F0030F14D00CEBF0
:100BD000011CDCF8B0410CF5D87E14F004049460DC
:100BE000DCF8B0410ED1640D14600DE000F1240278
:100BF00001204FF4802166E000F1240201204FF42F
:100C0000001160E0E4085460DEF800400CF5DA7E84
:100C100004F00204D460DCF8B44114F0080F06BFFD
:100C2000DEF8004004F00F04082400291461DEF807
:100C30000040C4F307249461DEF800404FEA1444F6
:100C40005461DCF8B8211A70026802EB0112D2F884
:100C5000B8214FEA12225A70026802EB0112D2F850
:100C6000B8214FEA12429A70026802EB0112D2F8E0
:100C7000B8214FEA1262DA70026802EB0112D2F870
:100C8000BC211A71026802EB0112D2F8BC214FEAB2
:100C900012225A71026802EB0112D2F8BC214FEA0B
:100CA00012429A71026802EB01124FF02001D2F851
:100CB000BC214FEA1262DA71006800F1100208BF2D
:100CC00000F10C02002013681943116010BD0000F0
:100CD0002DE9F84F044620684669D0F804908768EB
:100CE000D0F80CB0D0F810A0D0F8188016F0010F92
:100CF00001D1002549E0F9070ED001218160B80734
:100D000007D478071DD4380721D4204600F073FAA1
:100D100002E0204600F070FA0025F8051CD5206896
:100D20004FF480718160B80507D478050CD438057C
:100D300010D4204600F061FA0EE0204600F05EFA82
:100D40000AE04FF40065E8E745F4005504E04FF48D
:100D50008055E2E745F48045F80316D520684FF446
:100D600080318160B80307D4780309D438030AD4EA
:100D7000204600F044FA08E0204600F041FA04E082
:100D800045F4004501E045F48035300707D51BF0F8
:100D900010001FBF20681021C16045F40075700766
:100DA00008D51BF0080005D020680821C160204646
:100DB00000F0A6F9B00707D52068C06810F0030F4F
:100DC0001CBF204600F09EF9700607D51AF01000EF
:100DD0001FBF20681021016145F48065B00608D569
:100DE0001AF0080005D0206808210161204600F0B3
:100DF000ABF9F00607D52068006910F0030F1CBF9F
:100E0000204600F0A3F9B00308D519F0100005D072
:100E1000206810214160204600F0C0F9F00308D599
:100E200019F0080005D0206808214160204600F034
:100E3000E8F9300444D55FEA49703ED506F4807085
:100E400018F0020F08EA102040EA0500014618BF1A
:100E500041F0020116F4007F08BF014618F0040FAC
:100E60000D4618BF45F0040516F4806F08BF0D4607
:100E700016F4006F18BF18F070001ED0103800096B
:100E8000052815D8DFE800F00306090C0F1245F01D
:100E900008050DE045F010050AE045F0200507E0E3
:100EA00045F0400504E045F0800501E045F480751B
:100EB0002068816921F0700181612068042141600E
:100EC0003DB1606A284360622046BDE8F84FFFF7F5
:100ED0006BBEBDE8F88FB0B50446C4B194F82000ED
:100EE00010B9204600F076F82068016841F0010151
:100EF000016000F077FC05462068416811F0010FA1
:100F000007D100F06FFC401B0B28F5D312E0012045
:100F1000B0BD016821F00201016000F063FC0546EC
:100F20002068416811F0020F0BD000F05BFC401B01
:100F30000B28F5D3606A052140F40030606201207F
:100F400044E0217E026822F08003012908BF42F0BC
:100F500080030360617E026822F04003012908BF1C
:100F600042F040030360A17E026822F020030129C1
:100F700008BF42F020030360E17E026842F01003E4
:100F8000012908BF22F010030360217F026822F0CC
:100F90000803012908BF42F008030360617F02686B
:100FA00022F00403012908BF42F004030360D4E9DE
:100FB00001C2D4E9033561691A432A431143ACF1F4
:100FC00001021143C16100200121606284F82010F8
:100FD000B0BD000010B586B0044601A81421FFF78B
:100FE000A8FA226843484449694B9A423AD0694B6F
:100FF0009A427CD1414A13685C1C002B14600AD1D0
:10100000002200920A6942F000720A610A6902F045
:1010100000720092009A002200F5006000920B68B6
:1010200043F008030B600223096801F008010091F6
:10103000009903210191CDE9023204910921059122
:1010400001A900F0F9FA14200021002200F026FF87
:10105000142000F015FF15200021002200F01EFFD3
:10106000152042E04FF0000CCDF800C00B6943F0B2
:1010700080630B610B6903F080630093009B1F4B3F
:101080001C68621C002C1A600AD1CDF800C00A69E5
:1010900042F000720A610A6902F000720092009A3E
:1010A000CDF800C00A6842F002020A60096801F047
:1010B000020100910099602101910221CDE9021CF9
:1010C000032104910921059101A900F0B5FA4020FE
:1010D0000021002200F0E2FE402000F0D1FE41207D
:1010E0000021002200F0DAFE412000F0C9FE06B027
:1010F00010BD00BF0004024030380240C80D00207F
:1011000070470000B0B50168214A91420DD0214AD4
:10111000914218BFB0BD204D00212C1D05F12003C8
:101120002246FFF742FDA96A09E01B4D002105F1A7
:10113000300405F14C032246FFF737FD696D204668
:10114000BDE8B040084700BF70470000B0B5016877
:101150000F4A91420DD00F4A914218BFB0BD0E4DBB
:1011600001212C1D05F120032246FFF71EFDA96A6F
:1011700009E0094D012105F1300405F14C03224637
:10118000FFF713FD696D2046BDE8B040084700BF7A
:101190000068004000640040900300207047B0B534
:1011A000044694F8200001281CD1022084F8200075
:1011B0002068016821F00101016000F013FB054681
:1011C0002068406810F0010F12D000F00BFB401BAC
:1011D0000B28F5D3606A40F400306062052084F883
:1011E000200003E0606A40F4002060620120B0BD8E
:1011F00000206062B0BD704770477047704770470D
:101200007047704770B50446A66D00F0EBFA0546CE
:1012100094F83500022829D12068016821F01601D0
:101220000160416921F080014161216C09B9A16C23
:1012300019B1016821F008010160016821F0010184
:10124000016005E000F0CEFA401B052812D82068A6
:10125000006810F0010FF5D1E06D3F2101FA00F0B8
:10126000B060012084F83500002008E0802060652F
:10127000012004E020206065032084F8350000216F
:10128000C0B284F8341070BD90F8351002291FBF29
:101290008021416501207047052180F835100068E4
:1012A000016821F00101016000207047F8B5044693
:1012B0000020082100905C480568D4E91660376872
:1012C000814039420DD02268136813F0040F08D012
:1012D000136823F004031360B160616D41F00101F4
:1012E000616501218140394209D02268526912F0BA
:1012F000800F1FBFB160616D41F002016165042183
:101300008140394209D02268126812F0020F1FBFD3
:10131000B160616D41F00401616510218140394285
:1013200019D02068026812F0080F14D0B16002686A
:10133000016812F4802F06D1C9055EBF016821F053
:101340000801016001E0080301D4216C00E0A16CF8
:1013500009B120468847E16D202000FA01F23A42A7
:101360003CD02068036813F0100F37D0B26094F8B7
:1013700035300268052B19D122F01602026042694D
:1013800022F080024261226C0AB9A26C1AB1026892
:1013900022F0080202603F208840B060012084F8FB
:1013A0003500002084F83400216D39E001685203D3
:1013B0000CD4C9050ED4016821F010010160012090
:1013C00084F83500002084F8340003E0080301D4D9
:1013D000616C00E0E16B09B120468847606D10B395
:1013E000606D10F0010F1AD005214FF4165084F8EB
:1013F0003510B5FBF0F021680A6822F001020A609E
:10140000009A01328242009203D80A6812F0010F5A
:10141000F6D1012084F83500002084F83400E16C16
:1014200009B120468847F8BDD80000202DE9F041D9
:10143000044600F0D7F90546002C4DD0022084F870
:101440003500002084F834002068016821F0010193
:10145000016005E000F0C6F9401B05283ED8206871
:10146000016811F0010FF5D101683A4AD4E901355C
:1014700004F10C0801EA020C98E8C201D4E9072E35
:1014800043EA0C032B4319433143394341EA080132
:101490001143626A41EA0E03042A23D1D4E90B17EF
:1014A00019433943016050F8141FD4E90A5E21F052
:1014B0000701BEF1000F41EA020145EA010C18D014
:1014C000B8F5005F26D0B8F1000F38D1022D39D021
:1014D000012D2ED0B5B30CE0012218E0032320210A
:1014E000032222E0036050F8141F21F0070141EAB3
:1014F000020CC0F800C02046FFF73AFAE16D3F2227
:10150000012302FA01F10022816000210DE0D0B236
:10151000BDE8F081032DECD80123402102EB8506C4
:101520000122DFE805F0020F0206616584F835301C
:10153000EDE7AEF1C071B1FA81F1490904E0032D84
:1015400004D3D6D1CEF300610029D2D001234021AB
:101550000122EAE73F8010F010B590F834C0BCF1EA
:10156000010F46D04FF0010CD0F858E080F834C09D
:1015700090F835C0BCF1010F38D14FF0020C80F863
:1015800035C04FF0000CC0F854C0D0F800C0DCF8F3
:10159000004024F48024CCF80040CCF80430836868
:1015A000402B0B4608BF1346CCF8083008BF0A464C
:1015B000CCF80C203F22C16D02FA01F1CEF80810E0
:1015C000DCF8001041F01601CCF80010006C28B1D6
:1015D000DCF8000040F00800CCF80000DCF8000067
:1015E00040F00100CCF80000002003E0002180F86A
:1015F00034100220C0B210BD70B505466E1C00F05C
:10160000F1F804461EB179480078054401E04FF036
:10161000FF3500F0E7F8001BA842FAD370BD00BF09
:101620007047000003490A6802421CBF0860FFF7C8
:10163000F7BF7047143C01402DE9FC4F5B4A082777
:101640004FF0010E4FF0030A4FF0000B4FF000086F
:10165000904208BF0727564A02444FEAB223072B9D
:1016600038BF4FEAB22700970027102F08BFBDE808
:10167000FC8F0A680EFA07F4224200F090804B6853
:1016800003F00302551E012D15D8D0F808C00AFA40
:1016900008F52CEA050CCD6805FA08F545EA0C05B5
:1016A0008560C3F3001505FA07FC4568A54345EAC4
:1016B0000C05456001E0032A1DD0C6680AFA08F54A
:1016C000022A26EA05068D6805FA08F546EA0506A7
:1016D000C66010D1374D0BF01C020F23934005EA72
:1016E00057060644356A25EA03030D6905FA02F236
:1016F0001A4332624B68056803F003020AFA08F6DF
:1017000013F4403F02FA08F225EA060642EA06020E
:10171000026044D000220192274A136843F48043B8
:101720001360126802F48042019227F00302234BF7
:10173000019E234D0BF00C0602EB03090F2259F812
:1017400005C002FA06FE009A2CEA0E0C02FA06F612
:101750004FF0010E46EA0C0649F805609A684E689B
:10176000A24316F4801F18BF224316F4001F9A608C
:10177000144A156825EA040518BF254316F4003FEE
:1017800015605A6822EA040218BF224316F4803F0B
:101790005A601A6822EA040218BF22431A600BF149
:1017A000040B08F1020801375FE700BF001C02408C
:1017B0000000FEBFFCFFFF7F44380240003C0140B8
:1017C00008FCFFFF0C3C0140426902EA010391431F
:1017D00041EA034181617047002A08BF0904816121
:1017E0007047000001488068704700BF000000207B
:1017F000B0B504462CB394F83D0028B9002084F815
:101800003C00204600F050FA242084F83D00206877
:10181000016821F001010160016841F400410160AB
:10182000016821F40041016001F030FA656848491F
:10183000484A8D423CBF48F28042C0F21E029042AC
:1018400001D20120B0BD4449B0FBF1F2216801385A
:101850004B6823F03F0313434B600B6A23F03F0CAC
:101860003B4B9D4221BF4FF4967312FB03F24FF4A2
:101870007A73B2FBF3F201324CF6FF7342EA0C02C8
:101880000A62CA6922EA030C344A954209D86A00FE
:10189000B0FBF2F001306FF31F30042898BF042032
:1018A0002DE0D4F808E0BEF1000F08D0192204237F
:1018B0006A43B0FBF2F2013263F31F3206E005EB3C
:1018C0004502B0FBF2F201326FF31F3212050BD06A
:1018D000BEF1000F0AD019226A43B0FBF2F00422D5
:1018E000013062F31F3008E0012008E005EB4502FB
:1018F000B0FBF2F001306FF31F3040F4004040EADB
:101900000C00C8610868D4E9072320F0C000104328
:1019100048F2FF321843086088689043D4E90323F3
:10192000184310438860C868D4E9052320F0FF00FD
:1019300010431843C860086840F0010008600020A8
:101940002021206484F83D10206384F83E00B0BD5F
:10195000A186010000093D0040420F00A086010061
:101960002DE9FE431F4616460D460446FFF73AFF93
:10197000814694F83D0020280CD1CDF800902046F7
:1019800001221923C64902F028FF18B994F83C0037
:10199000012804D10220C0B203B0BDE8F0830122C7
:1019A000DDE90A10DDF8308084F83C2022681368F5
:1019B00013F0010F02BF136843F0010313601368B3
:1019C00023F40063136022223B4684F83D2040222A
:1019D00084F83E20002222646162608529463246F6
:1019E000608D2085AF48E0622046CDE9008902F095
:1019F000EBFD08B10120CEE7208D02280FD0012891
:101A00001FD080BB0020029021684A6902928A6937
:101A10000292029A0A6842F400720A60A2E0206808
:101A2000016821F480610160016841F40061016096
:101A3000002102914169029180690290029802207E
:101A400090E02068016821F480610160002102912A
:101A500041690291816902910299016841F4007122
:101A6000016001207EE00021029121684A69029212
:101A700089690291029975E086B2032E0AD8012E77
:101A800029D1204641464A4602F042FF0028B1D102
:101A9000616A5BE0204641464A4602F039FF002871
:101AA000A8D120680069616A0870606A411C61629F
:101AB000208D01382085628D013A62852268536944
:101AC00013F0040F4ED080B2032802BF106820F438
:101AD000806010603AE0CDF8009020460022434636
:101AE000264D294602F079FE022E1BD000287FF4F5
:101AF00081AF206800224346016821F480610160C3
:101B00000069616A08702946606A01306062208D50
:101B100001382085608D013860852046CDF8009021
:101B200002F05BFE00287FF465AF2068016841F495
:101B3000007101600069616A0870606A411C61623D
:101B4000208D01382085608D01386085206800690E
:101B50000870606A01306062208D01382085618DD7
:101B60000139618501047FF487AF202084F83D00AE
:101B7000002084F83E0084F83C000CE704000100DB
:101B80002DE9FE43994616460F460446FFF72AFE06
:101B9000054694F83D0020280BD1009520460122EF
:101BA00019233F4902F019FE18B994F83C000128A6
:101BB00004D10220C0B203B0BDE8F0830122DDE908
:101BC0000A10DDF8308084F83C202268136813F096
:101BD000010F02BF136843F001031360136823F47D
:101BE0000063136021224B4684F83D20402284F894
:101BF0003E20002222646162608539463246608D53
:101C000020852848E0622046CDE9008502F05CFD91
:101C100008B10120CEE7208D23E0204641462A4628
:101C200002F0ACFE28BB616A2268084610F8013B4E
:101C300013616062238D581E2085678D013F678583
:101C4000576917F0040F0CD000044FF0000008D0C3
:101C500048781061881C6062981E2085618D01396A
:101C600061850004D9D1204641462A4602F088FD0C
:101C700040B1206C0428CCD12068016841F4007187
:101C80000160C6E72068016841F40071016020200E
:101C900084F83D00002084F83E0084F83C0089E789
:101CA000020010000000FFFF2DE9F04F87B004464E
:101CB00002A81421FEF73DFC20683E4EB04275D1CB
:101CC000002102AD4FF012094FF0010A4FF0030B53
:101CD0004FF004080191384F386840F00400386034
:101CE000386800F004000190019801912946386895
:101CF00040F001003860386800F001000190019860
:101D00004FF40070029006F5D630CDF80C90CDF867
:101D100010A0CDF814B0CDF81880FFF78DFC4FF46B
:101D2000807002A981E8010E06F5D2302946CDF86F
:101D300018804FF00008FFF77FFCCDF804801F4D9E
:101D40004FF480691421386940F400003861386923
:101D50004FF0C06700F4000001900198184E05F1A3
:101D6000140085E8C001C5E90389FEF7E2FB2846B7
:101D7000FFF75CFB08B1FEF748FEA563AC63114DAD
:101D800006F130004021C5E9000705F1080080E8B0
:101D9000020305F114001421FEF7CBFB2846FFF7E0
:101DA00045FB08B1FEF731FE6563AC6307B0BDE8E3
:101DB000F08F00BF005C004030380240100200206D
:101DC00040600240C00400201D4801788268114430
:101DD0008160704780B50B48016841F40071016073
:101DE000016841F480610160016841F48071016023
:101DF000032000F07FF80F2000F006F800F024F830
:101E0000002080BD003C024070B50D4E04464FF4EA
:101E10007A713078B1FBF0F00A490968B1FBF0F053
:101E200001F0F8FB01250F2C08D838B94FF0FF302E
:101E300021460022002500F031F87460284670BD6C
:101E400000000020D800002082B0002001900B4943
:101E50004A6842F480424A604A6802F48042019231
:101E6000019A0090086840F080500860086800F00F
:101E700080500090009802B0704700BF4038024088
:101E8000002808DB00F01F010122400902FA01F1DD
:101E9000014A42F82010704700E100E0B0B5144C50
:101EA0001A4D00F00F03B0F1FF3FA3F104032B44E0
:101EB00003F10C03C8BF03192868C0F30220051DF5
:101EC000C41E80F00700072D4FF0010538BF002425
:101ED000042828BF042005FA00F00138084005FA5C
:101EE00004F10F31A0401140084300011870B0BD4B
:101EF00000E400E005494FF6FF030A681A4060F36A
:101F00000A22034810430860704700BF0CED00E050
:101F10000000FA0570470068416200207047D0F861
:101F200000C00029DCF824001BD080B5DCF8283084
:101F3000A1F1010E00EB1343002006E00CEB810140
:101F40000130D1F8041103EB1143C1B28E45F5D82D
:101F50000CEB8E0043EA0241C0F80411BDE880405A
:101F600003E040EA0240CCF8280000207047D0F897
:101F7000E00404F063BB01EBC10200EB8202D0F885
:101F8000E004126A04F0C2BA01EBC10200EB820263
:101F9000D0F8E004D2F8602204F011BBD0F8E004DD
:101FA00004F04EBB01F00F0211F0800F02EBC202F1
:101FB00000EB820303F1140208BF03F515720068F9
:101FC000114605F07BBA10B50A46044602F00F0030
:101FD00012F0800F00EBC00104EB810303F1140148
:101FE00008BF03F51571C2F3C0124A70087094F867
:101FF0009404012801D1022008E0012084F894040F
:10200000206804F0EBFF002084F89404C0B210BDF7
:10201000B0B504460A46217902F00F00884201D982
:1020200001251FE000EBC00112F0800F4FF000050A
:1020300004EB810303F1140108BF03F51571C2F32A
:10204000C0124A708D70087094F89404012801D170
:10205000022507E0012084F89404206805F022F9A5
:1020600084F89454E8B2B0BD01F00F0101EBC10156
:1020700000EB8100D0F86802704770B50C46064648
:102080006FF3DF2204F00F0014F0800C00EBC001AE
:1020900006EB810505F1140108BF05F51571C4F3C0
:1020A000C015BCF1000F4D7008708A600B7118BF2D
:1020B0004883022B04BF0020487196F8940401283D
:1020C00001D1022008E0012086F89404306804F071
:1020D000C7FE002086F89404C0B270BD80B501F040
:1020E0000F0E0EEBCE0100EB810C0021CCE9982302
:1020F000CCF868128CF855128CF854E20CF5157176
:102100008379012B08BFCCF870221A46006805F0CD
:10211000FFF8002080BDB0B5044601F00F05012096
:10212000227995422AD801EBC10211F0800F04EB0D
:10213000820305EBC50204EB820202F1140208BF20
:1021400003F51572C1F3C01151709070157094F8B9
:102150009404012801D1022010E00120114684F8E6
:102160009404206805F0B7F82DB9A179206804F22D
:102170009C4205F06BF8002084F89404C0B2B0BD16
:1021800080B501F00F0E0EEBCE0100EB810C0021AB
:10219000CCE90823CCF8281001218CF815106146F1
:1021A00001F814EF8379012B08BFCCF830201A46D0
:1021B000006805F0ADF8002080BD00002DE9F04F6B
:1021C00089B08146D9F80040204605F016FA10B1D2
:1021D00009B0BDE8F08FD9F8000005F03AFA002800
:1021E000F6D0D4F80808C0F30D20C9F8D404D9F803
:1021F000000005F02EFA0146D9F8000011F0020F98
:102200001EBF416901F00201416104F500610491C2
:1022100005F01FFA0146D9F80000069411F0100FDE
:1022200040D0816921F010018161246AC4F34340E8
:1022300004F00F0506281DD002282CD147F6F070B7
:10224000044028D005EBC50009EB8005D5F86012E5
:10225000C4F30F12069805F000FAD5F8600200EBFF
:102260001410C5F86002D5F8680200EB1410C5F828
:10227000680210E0069809F29C41082205F0EDF989
:1022800005EBC50009EB8000D0F86812C4F30A1210
:102290001144C0F86812D9F80000816941F01001BA
:1022A0008161069C05F0D5F910F4002FCDF820903F
:1022B00000F0DA80D9F8000005F0AAF9064609F224
:1022C0009C4009F51D7A4FF430684FF0000B0590E3
:1022D000C7E0F00700F0BA80D9F800005FFA8BF190
:1022E000079105F0AEF90746E24817F0010F814665
:1022F00057D004EB080001218160089D286808EB95
:102300000001036C8A68AD79012D24D110072DD40A
:10231000900644D412F0280F43D14846834202D39A
:1023200012F4004028D1DAF800000969B8F5306FDE
:102330006FF3DF41A0EB01004AF80C0C2AD1089A98
:10234000D2F86412002900F08980D2F860120844A3
:10235000C2F860021EE04D46FF35AB420FD11004BB
:102360000AD4900644BF2020886013E04846834288
:1023700017D312F4004014D04FF4004010E0B8F529
:10238000306F07D10899D1F8641219B90021059A64
:1023900004F05CFFDDE90710FFF7F6FD01E0202007
:1023A0008860380723D504EB08000821A9F101044F
:1023B00081600898016808EB01000D6C816811F4D8
:1023C000004F04D0A54284BF4FF4004181600898BB
:1023D00000F081FBA542069C09D908988079012864
:1023E00005D10898059A0121006804F02FFFF8062E
:1023F00042BF04EB080010218160B80717D560695F
:1024000010F0800F1FBF0499486840F48060486056
:102410001AF81D0C012806D100200AF81D0CDDE970
:10242000071000F07FFA04EB080002218160B80673
:1024300042BF04EB080020218160B804DDF8209041
:1024400042BF04EB08004FF4005181600AF1240AF6
:1024500008F1200876080BF1010B02E01068012159
:1024600095E7002E7FF435AFD9F8000005F0F1F8BC
:10247000DDF810A010F4802F00F0D080D9F8000013
:1024800005F0BFF8054609F29C400023029004F5D0
:1024900010600590BFE0E80700F0BA80D9F80000AE
:1024A000DFB20793394605F0BAF8044614F0010F7D
:1024B0002AD0079BDAF83410012203F00F0002FA49
:1024C00000F021EA0000CAF83400059800EB431040
:1024D000826099F80600012812D103EBC300002B9B
:1024E00009EB8000D0E907121144016208D1D9F844
:1024F000240028B9D9F80000029A012104F0A6FEB0
:1025000048463946FFF737FD079B200741BF05982E
:1025100000EB431008218160E00641BF059800EB05
:10252000431010218160600641BF059800EB431005
:1025300040218160A00718D50698194605F029F8B2
:10254000079B03EBC30009EB800010F8171F01295C
:1025500006D1002101704846394600F0DFF9079B9B
:102560000598022100EB43108160200650D503EB53
:10257000C30009EB800BD84658F8240F464656F89E
:10258000042F904244D30395851A5BF81C1FD9F899
:1025900000408D420BF1040988BF0D4604EB431146
:1025A00001F5106A19E0089DDBF80030D9F8001039
:1025B000AD790095851A20463A469D4288BF1D4652
:1025C000ABB205F031F9D9F800002844C9F8000091
:1025D000306842193260D8F80000DAF8181030B1CB
:1025E000904204D9EB1C89B29B089942DBD2DDE909
:1025F000035ADDE9073990420AD803F00F000121A0
:1026000001FA00F0D4F8341821EA0000C4F83408C4
:10261000069C6D080133002D7FF43DAFD9F8000012
:1026200005F017F8002802DBD9F800001AE0DAF804
:10263000040020F00100CAF8040099F8CC04012835
:1026400007D10020002189F8CC044846FFF762FC3E
:1026500002E0484600F023FAD9F80000416901F091
:102660000041416104F0F5FF10F4006F04D1D9F886
:1026700000000FE00B30544FDAF8080010F0010FA3
:102680001CBF484600F050FAD9F80000416901F437
:102690000061416104F0DDFF10F4805F02D1D9F8E0
:1026A00000005BE0D4F80408102120F00100C4F819
:1026B0000408D9F8000004F06CFF99F8041004F540
:1026C00010604FF67F3214E082600139036823F412
:1026D00000130360C0F80822D0F8003223F400137E
:1026E000C0F80032D0F8003243F00063C0F8003286
:1026F00020300029E8D1DAF81C0040F00110CAF8B7
:102700001C0099F80F0040B1DAF8840040F00B008B
:10271000CAF884000AF1440008E0DAF8140042F232
:102720002B010843CAF814000AF11000016809F2ED
:102730009C4241F00B010160DAF8000020F4FE60D9
:10274000CAF8000099F80610D9F8000004F07EFDE0
:10275000D9F80000416901F48051416104F079FF2A
:102760000146D9F8000011F4005F1AD004F0B6FB5E
:10277000D9F8000004F032FF89F80700D9F80040CA
:1027800000F080FA99F807200146204604F0D4FFB3
:10279000484600F06FF9D9F80000416901F4005192
:1027A000416104F056FF10F0080F02D1D9F8000083
:1027B00008E0484600F077F9D9F80000416901F0D7
:1027C0000801416104F045FF10F0800F17D0069812
:1027D000012440F27B250146886920F08000886151
:1027E00009E019F80500012803D1E1B24846FFF7D6
:1027F000D9FB2435013499F804008442F1D3D9F887
:10280000000004F026FF10F4801F02D1D9F8000068
:1028100022E0069809F13B040126012700F5126524
:1028200010E02868B0F1FF3F09DC6078012806D18C
:1028300047F080002670C1B24846FFF7B3FB24344E
:102840002035013799F804008742EAD3D9F800000F
:10285000416901F480114161069C04F0FAFE10F414
:10286000001F02D1D9F8000032E099F8042009F5E0
:102870001F7004F53261012301271AE00E68B6F1DA
:10288000FF3F13DC0578012D02BFD9F8D45485EA47
:1028900016465FEAC67609D100F8013CA66946F003
:1028A0008006A661666916F0800F05D024302031BD
:1028B00001379742E2D305E0DAF8040040F40070F3
:1028C000CAF80400D9F80000416901F4001141611F
:1028D00004F0BFFE10F0804F02D1D9F8000008E0EC
:1028E0004846FFF744FBD9F80000416901F08041F8
:1028F000416104F0AEFE10F0040F3FF469ACD9F86A
:102900000000446814F0040F04D04846FFF746FB6B
:10291000D9F8000041682143416059E4D0F8E0044F
:1029200003F0E5BED0F8E00403F0F9BEBCB5044600
:10293000002C50D0256894F8950428B9002084F81C
:102940009404204600F054F80320B5F1A04F84F819
:10295000950404BF0020A071206804F071FC94E885
:102960000F00257C009504F0C9FA88BB206800217F
:10297000002504F09EFE58BB20794FF0010C002288
:102980000DE0D90051FA82F104EB810181F815C004
:102990000A75CB850D76C1E907554D620132D3B278
:1029A0008342EED304F515710022002307E04A703C
:1029B0000B700A71C1E902220A6124310133984285
:1029C000F5D194E80F00257C009504F065FB30B14B
:1029D000022084F895040125284602B0B0BD0025E8
:1029E0000120657484F89504206804F047FBF3E740
:1029F000B0B586B0044601A81421FDF79AFD206801
:102A0000B0F1A04F2FD1002501A90095174C2068E7
:102A100040F001002060206800F001000090009864
:102A20004FF4C05001900220CDE90205032004902C
:102A30000A2005900E48FEF7FFFD60680021002285
:102A400040F0800060600095606940F48040606103
:102A5000606900F48040009000984320FFF71EFA60
:102A60004320FFF70DFA06B0B0BD00BF303802407A
:102A70000000024010B50446E07928B1022818BFD2
:102A8000FDF7C3FF012100E00021D4F8E00403F0CA
:102A9000CCFED4F8E004BDE8104003F07BBED0F8D3
:102AA000E00403F0A9BED0F8E00403F0AFBE10B517
:102AB000044694F89404012801D1022009E0012081
:102AC00084F894046174206804F024FE002084F8E3
:102AD0009404C0B210BDD0F8E02400F29C4110462E
:102AE00003F0B8BE10B5044694F89404012801D14F
:102AF000022016E02068012184F89414C16811F0C6
:102B0000400F06D0617B012902BF816B41F4803107
:102B1000816304F015FD206804F0A2FA002084F817
:102B20009404C0B210BD000010B50446D4F8E0040F
:102B300003F0E2FE2068D0F8001E41F00101C0F869
:102B4000001EE07A20B10348016841F006010160EF
:102B500010BD00BF10ED00E02DE9F04104468846AD
:102B6000002C00F08480444FD7F8000400F00700E8
:102B7000404507D287F80084D7F8000400F007002A
:102B8000404574D1206810F0020F11D0410742BFB8
:102B9000B96841F4E051B960010742BFB96841F436
:102BA0006041B960B968A26821F0F0011143B960D1
:102BB000C0072BD06068811E022904D2396811F049
:102BC000007F0BD153E0012804D1396811F4003F94
:102BD00004D14CE0396811F0020F48D0B96821F0F7
:102BE00003010843B860FEF7FDFD064641F2883553
:102BF000B868616800F00C00B0EB810F06D0FEF7FA
:102C0000F1FD801BA842F3D9032031E0D7F800047E
:102C100000F00700404507D987F80084D7F8000482
:102C200000F00700404522D1206810F0040F05D0C5
:102C3000B968E26821F4E0511143B960000706D594
:102C4000B868216920F4604040EAC100B86000F033
:102C500037F8B968094AC1F30311515CC8401549F6
:102C6000086007480068FFF7CFF8002000E0012067
:102C7000C0B2BDE8F08100BF00380240FCBB0008D4
:102C8000040000200B480068704700BF09480B4A49
:102C9000006809490968C1F38221515CC840704746
:102CA0000448064A006804490968C1F34231515C8E
:102CB000C8407047D8000020083802400CBC00080B
:102CC00010B5F04C606800F00C011248082904D0DF
:102CD000042904BF104810BD10BD226820680E49A9
:102CE000002310F4800F02F03F0204BF42F20041C3
:102CF000C0F2F4012068C0F38810A1FB0001FDF7C9
:102D000008FB21680222C1F3014102EB4101B0FB43
:102D1000F1F010BD0024F400001BB7002DE9F84FBE
:102D20008246BAF1000F00F064819AF80000D44E98
:102D3000D44FC0074AD0786800F00C00042807D1AF
:102D4000306810F4003F41D0DAF80400F0BB50E1E5
:102D5000786800F00C00082803D1386810F4800F60
:102D6000EED1DAF80480B8F5803F06D03068B8F5C7
:102D7000A02F13D140F480203060306840F48030C0
:102D80003060FEF72FFD0546306810F4003F1DD17E
:102D9000FEF728FD401B6428F6D9C3E020F48030FC
:102DA0003060306820F480203060FEF71BFD05465F
:102DB000B8F1000FE8D1306810F4003F06D0FEF7FC
:102DC00011FD411B03206429F5D913E19AF8000095
:102DD000AD4C800731D5786810F00C0F1CD07868A6
:102DE00000F00C00082804BF386810F4800F13D0DE
:102DF000DAF80C00002800F0978001202060FEF730
:102E0000F1FC0546306810F0020F0ED1FEF7EAFC27
:102E1000401B0228F6D985E0306810F0020F1CBF75
:102E2000DAF80C00012840F0E4803068DAF810107D
:102E300020F0F80040EAC10030609AF80000000776
:102E400022D5DAF8140078B10120C4F8800EFEF71C
:102E5000C9FC0546386F10F0020F15D1FEF7C2FC11
:102E6000401B0228F6D95DE00020C4F8800EFEF772
:102E7000B9FC0546386F10F0020F05D0FEF7B2FC22
:102E8000401B0228F6D94DE09AF80000A3464007FF
:102E90007CD5F86B4FF0000810F0805F0CD1CDF8B6
:102EA00000804FF00108F86B40F08050F863F86B39
:102EB00000F08050009000987448305810F4807FE3
:102EC00012D17248315841F480713150FEF78AFCBA
:102ED00005466E48305810F4807F05D1FEF782FC1D
:102EE000401B0228F5D91DE0DAF80890B9F1010F6E
:102EF00006D0F86EB9F1050F27D140F00400F8664E
:102F0000F86E40F00100F866FEF76CFC054641F2F1
:102F10008834F86E10F0020F31D1FEF763FC401BCD
:102F2000A042F6D9032065E000202060FEF75AFC9D
:102F30000546306810F0020F3FF47FAFFEF752FCF9
:102F4000411B03200229F4D954E020F00100F86667
:102F5000F86E20F00400F866FEF744FC0546B9F16F
:102F6000000FD4D141F28839F86E10F0020F06D06C
:102F7000FEF738FC411B03204945F5D93AE0B8F18A
:102F8000010F02BFF86B20F08050F863DAF81840A8
:102F9000002C72D0786800F00C0008282ED1012C8B
:102FA00027D03868DAF81C1000F480028A4220D159
:102FB000DAF8201000F03F028A421AD1DAF8242011
:102FC00047F6C0710140B1EB821F12D1DAF8281028
:102FD0004FF6FF72C903914300F44032A1F58031EE
:102FE0008A4206D1DAF82C1000F07060B0EB016F65
:102FF00043D00120C0B201B0BDE8F08F0020CBF873
:103000006000FEF7EFFB0546022C0BD15C463068F2
:1030100010F0007F11D0FEF7E5FB411B03200229D1
:10302000F5D9E7E7306810F0007F26D0FEF7DAFB2D
:10303000411B03200229F5D9DCE70AF11C052FCD3D
:103040000843D90340EA82104FF6FF72914340EAE9
:103050000560A1F580310843386001202066FEF745
:10306000C1FB0446306810F0007F06D1FEF7BAFBC2
:10307000011B03200229F5D9BCE70020BAE700BFF5
:103080000038024004380240000047420038FEFF8A
:10309000704770B504464CB1D4F824C0BCF1000FA1
:1030A00006D00021216104F1140107E0012550E060
:1030B0006168B1F5827F03D004F11C0100220A602F
:1030C00000254FF0000EA56294F8511041B920463A
:1030D00084F8505000F040F8D4E909C101F4005ED2
:1030E000022284F851202268136823F04003136001
:1030F000D4E90130D4E9031603F4827300F40440E8
:1031000001F400611843084306F0020108436169B5
:1031100001F001010843A16901F400731843E36958
:1031200003F038031843236A03F08003184340EA8E
:103130000E001060042000EA11400CF0100108435A
:103140005060D06920F40060D0610120656584F88A
:103150005100284670BD00002DE9F04F87B00446AD
:1031600002A81421FDF7E5F92068424FB8427DD14D
:10317000002602AD4FF002094FF0010A4FF003089C
:103180004FF0050B01963C48416941F48051416183
:10319000416901F48051019101990196016841F062
:1031A00002010160016801F002010191019901969B
:1031B000016841F0010101602946006800F001004A
:1031C000019001981820029007F55440CDF80C901A
:1031D000CDF810A0CDF81480CDF818B0FEF72CFA79
:1031E000802002A981E8010607F550402946CDE973
:1031F000058BFEF721FA214D214F4FF0C06A4FF4A5
:1032000080694FF440304FF0040BC5E9007AC5E9FE
:103210000266C5E90496C5E90666C5E9080B2846B5
:10322000C5E90A862E63FEF701F908B1FDF7EDFB4B
:10323000E564AC63134D07F118004021C5E9000AAD
:1032400005F1080080E842024FF40030C5E9056648
:10325000EE61C5E9080B2846C5E90A862E63FEF72C
:10326000E5F808B1FDF7D1FBA564AC6307B0BDE894
:10327000F08F00BF00300140303802407002002063
:103280004064024020050020704770472DE9F84354
:103290001E4615460F460446FEF7A4FA94F8511050
:1032A000814601290BD06068B0F5827F15D10429D1
:1032B0004FF0020004BFA168002940F0CC8001203B
:1032C000002F00F0C880002D00F0C580002E00F017
:1032D000C28094F85000012801D10220BBE00120F7
:1032E000DDF8208084F8500094F8510004281CBFB9
:1032F000052084F8510000206065A563E687A68755
:103300002763E686A686C4E910002068016811F0EC
:10331000400F02BF016841F0400101606268E3684C
:10332000711EB1FA81F14909B2FA82F2B3F5006F68
:103330004FEA521241EA02013CD1012906D137F885
:10334000021BC1602763E08E0138E086012608F188
:103350000105E08E18B9E08F002800F08080206819
:10336000816811F0020F0CD0E18E012E09D141B11C
:10337000216B002631F8022BC2602163E18E0139F6
:10338000E186816811F0010F1CBFE18F002908D090
:10339000C068A16B012621F8020BA163E08F013800
:1033A000E087FEF71FFA002DD3D0A0EB09004045BF
:1033B000CFD349E0012907D139780173206B01305F
:1033C0002063E08E0138E086012608F10105E08ED9
:1033D00010B9E08F002842D02068816811F0020FF8
:1033E0000ED0E18E012E0BD151B1216B0026097850
:1033F0000173206B01302063E08E0138E086206885
:10340000816811F0010F1CBFE18F002909D0C0684D
:10341000A16B01260870A06B0130A063E08F01381A
:10342000E087FEF7DFF9A0EB0900294640454FF0A1
:10343000000028BF0120002D18BF0121B8F1000FA6
:1034400002D008400128C2D1012084F85100002098
:1034500084F850000320C0B201B0BDE8F0832046DC
:1034600041464A4601F0FEFE30B120206065002052
:1034700084F850000120EEE7A06838B900200090E1
:103480002068C1680091806800900098012084F84D
:103490005100002084F85000606D002818BF012002
:1034A000D9E70000B0B5044694F85150012D0AD078
:1034B0006068B0F5827F0ED1042D4FF0020004BF8A
:1034C000A568002D08D1012031B12AB123B194F8AB
:1034D0005000012802D10220C0B2B0BD0120002559
:1034E000DFF8C8C084F8500094F8510004281CBFCD
:1034F000052084F8510065652163A386E386A263F5
:10350000A387E387C4E91055274B94F85110254849
:10351000042908BF0346E06C042926490364244BB0
:1035200008BF6346C363C0E913152168E38F0C31FC
:10353000FEF712F838B1606D40F01000606584F855
:1035400050500120C8E72268506840F001005060E8
:103550000C32A06CC0E90F55C0E91355216BE38E06
:10356000FDF7FAFF40B1606D40F01000606500208B
:1035700084F850000120AFE72168086810F0400F80
:1035800002BF086840F040000860002084F8500046
:103590004A6842F020024A604A6842F002024A60E9
:1035A0009AE700BF355100083B510008415100081F
:1035B000AD5100081751000810B500680E49884247
:1035C00008D00E49884207D00D49884218BF10BD67
:1035D0000E4C02E00C4C00E00A4C21896068FEF7BA
:1035E000F3F8D4F81031B4F80A2104F10A0004F118
:1035F0008A01BDE81040184700380040003C0040F8
:1036000000300140D8150020C4140020B013002061
:1036100070470000411E0020B0EB116F1CBF01205D
:103620007047044AF023516003490B7007219060F2
:103630001160704710E000E023ED00E07047704734
:1036400090F83C20012A01D102211FE0B0B501F120
:103650000805D1E900CE3CCDC96923F47C5322F49E
:1036600070521A432EF4F0431A432CF4E0431A43E9
:1036700024F4C0431A432A4322F4804211430268CF
:103680005164002180F83C10BDE8B040C8B27047DA
:1036900090F83C300222012B35D010B5012380F880
:1036A0003C3080F83D200268D2F804E0D2F808C02F
:1036B0000C68B2F1804F2EF0700343EA04035360AC
:1036C000BDE8104014D0704B9A421CBF6F4B9A4219
:1036D0000ED06F4B9A421CBF6E4B9A4208D06E4B75
:1036E0009A421CBF6D4B9A4202D06D4B9A4204D154
:1036F00049682CF08003194391600121002280F871
:103700003D1080F83C20D0B2704700BF10B5044691
:1037100034B394F83D0028B9002084F83C002046DA
:1037200000F020F80220211D84F83D00206801F0FF
:10373000F7FE012084F8460084F83E0084F83F003C
:1037400084F8400084F8410084F8420084F8430083
:1037500084F8440084F8450084F83D00002010BD42
:10376000012010BDE0B501682D48474A914216D0AE
:10377000464A91421DD0464A91422FD0EF4A91428B
:1037800041D0EF4A914218BF8CBD002101914168A0
:1037900041F001014160406800F001003CE000217F
:1037A0000191016841F002010160006800F002002F
:1037B00032E0002100220191016841F00401016022
:1037C0000121006800F00400019001981E20FEF71E
:1037D00065FB1E20BDE88C40FEF752BB0021002295
:1037E0000191016841F0080101600121006800F0C9
:1037F0000800019001983220FEF750FB3220BDE80E
:103800008C40FEF73DBB00210191416841F400313D
:103810004160406800F40030019001988CBD00BF09
:103820004038024090F83D1001291CBF012070472C
:10383000022180F83D100068C168B0F1804F41F06E
:103840000101C16014D0104988421CBF0F49884251
:103850000ED00F4988421CBF0E49884208D0B84993
:1038600088421CBF0D49884202D00D49884204D1CC
:10387000816801F00701062903D0016841F00101C8
:1038800001600020704700BF0004004000080040B5
:10389000000C0040001800400000014000400140C2
:1038A0000004014010B50446022094F83C20012A8F
:1038B00070D001224FF6777384F83C2084F83D00E5
:1038C000206882689A4382600A6812B3102A20D066
:1038D000202A18BF302A1CD0402A21D0502A2BD0B1
:1038E000602A35D0B2F5005F3ED0B2F5805F4AD095
:1038F000702A51D1D1E90123C9681A4342EA012152
:10390000826822F47F4211438160816841F077012F
:1039100038E0816821F07701114341F0070131E07F
:103920004B68CA68194601F0ADFF2068816821F034
:10393000770141F0470125E04B68CA68194601F05C
:10394000A1FF2068816821F0770141F0570119E05B
:103950004B68CA68194601F0A6FF2068816821F00B
:10396000770141F067010DE0D1E90123C9681A43ED
:1039700042EA0121826822F47F421143816081681A
:1039800041F4804181600020012184F83D10002134
:1039900084F83C10C0B210BD0120F5E77047B0B507
:1039A00004462068C168026901EA0205A90714D526
:1039B0006FF00201016101212177806910F0030F8E
:1039C00003D02046FFF7EAFF05E0204600F0BAF8F2
:1039D000204600F033F900202077680715D52068CD
:1039E0006FF00401016102212177806910F4407FAA
:1039F00003D02046FFF7D2FF05E0204600F0A2F8F2
:103A0000204600F01BF900202077280715D52068F4
:103A10006FF00801016104212177C06910F0030FE4
:103A200003D02046FFF7BAFF05E0204600F08AF8F1
:103A3000204600F003F900202077E80615D520681D
:103A40006FF01001016108212177C06910F4407FF7
:103A500003D02046FFF7A2FF05E0204600F072F8F1
:103A6000204600F0EBF800202077E80706D0206819
:103A70006FF001010161204600F050F9280606D5DB
:103A800020686FF0800101612046FFF7D7FD6806CE
:103A900006D520686FF040010161204600F0B0F9C2
:103AA000A80658BFB0BD20686FF020010161204614
:103AB000BDE8B040FFF7C3BD10B586B0044601A80D
:103AC0001421FCF736FD22681A481B49C94B9A425B
:103AD00016D0C94B9A422BD1002200920B6843F0BA
:103AE00010030B60096801F01001009100994FF478
:103AF000005101910221CDE902120121049213E04B
:103B0000002200F5806000920B6843F020030B60F8
:103B1000096801F0200100910099402101910221E2
:103B2000CDE9021204910321059101A9FDF784FD5D
:103B300006B010BD00100240303802400044014081
:103B40000000014070470000B0B504460D4694F8EF
:103B50003C00012801D1022041E04FEAB2010120DE
:103B6000032984F83C0037D8DFE801F0020A12226A
:103B70002068294601F0C6FD206850F8181F0EE0A5
:103B80002068294601F0EEFD206850F8181F16E065
:103B90002068294601F01AFE206850F81C1F41F0E9
:103BA00008010160016821F00401016029690FE04A
:103BB0002068294601F03EFE206850F81C1F41F4A1
:103BC00000610160016821F48061016029690902D6
:103BD0000268114301600020002184F83C10C0B24B
:103BE000B0BD10B5044634B394F83D0028B90020A8
:103BF00084F83C00204600F020F80220211D84F8C3
:103C00003D00206801F08CFC012084F8460084F817
:103C10003E0084F83F0084F8400084F8410084F8B6
:103C2000420084F8430084F8440084F8450084F896
:103C30003D00002010BD012010BD704770470000FE
:103C400039B10322082908BF0222042908BF012232
:103C500000E00022024492F83E20012A1CBF01200D
:103C60007047022241B1082909D0042914BF80F805
:103C7000412080F83F2004E080F83E2001E080F8F9
:103C80004020006801F01F01012202FA01F1026ADE
:103C9000B0F1804F22EA01020262026A41EA0201A7
:103CA000016230D0484988421CBF484988422AD026
:103CB000474988421CBF4949884224D04E4988421E
:103CC00005D04B4988421ED04849884220D1416CDA
:103CD000B0F1804F41F40041416414D03A49884228
:103CE0001CBF3A4988420ED0394988421CBF3B4923
:103CF000884208D0404988421CBF3D49884202D0D2
:103D00003A49884204D1816801F00701062903D0AD
:103D1000016841F001010160002070470068B0F1C6
:103D2000804F2AD0284988422AD0284988422AD060
:103D3000274988422AD0274988422AD026498842E2
:103D40002AD0264988422AD0254988422AD02549A6
:103D500088422AD0244988422AD0244988422AD03D
:103D6000234988422AD0234988422AD022498842BE
:103D700018BF70472148406800472048C068004786
:103D80001E48406900471D48C06900471B48406AFB
:103D900000471A48C06A00471848406B0047174858
:103DA000C06D00471548406E00471448C06E00477C
:103DB0001248406D00471148C06B00470F48406CE7
:103DC00000470E48C06C0047000400400008004057
:103DD000000C00400010004000140040001800409B
:103DE000001C004000200040004801400004014049
:103DF000004001400044014000000140F003002069
:103E000070477CB5044694F84200202820D1012553
:103E1000F9B1F2B10125204600262563666301F061
:103E20008DFF216B012914D1019621680A68019246
:103E30004A680192019A00E0216851E8031F226854
:103E400041F0100142E80313002BF5D1054600E0D4
:103E50000225284602B070BDF8B504460D4620681C
:103E60002B49884211D02B49884210D02A498842D8
:103E700023D02A49884222D02949884230D0294972
:103E8000884218BFF8BD2F4F1AE02D4F18E02A4F77
:103E90002946A7F8085107F18406D7F80C213046C7
:103EA000904730462946FCF744FBB7F804212046EA
:103EB0003146FFF7A6FF214823E01E4F00E01C4FCC
:103EC000A7F8085107F184062946D7F80C21304697
:103ED0009047B7F8042120463146FFF792FFF8BD1E
:103EE000114F2946A7F8085107F18406D7F80C218D
:103EF00030469047B7F8042120463146FFF781FF4E
:103F00000A480068016821F008010160F8BD00BF9F
:103F10000044004000480040004C00400050004079
:103F20000014014000100140441C0020F006002055
:103F3000341B0020241A0020141900204006002001
:103F400004180020F416002010B5044620684169CA
:103F500094F84120212A15D111F0800101D111E0FE
:103F6000206850E8050F216820F0800041E8050234
:103F7000002AF5D1A06B08B1FDF744F9204601F005
:103F80009BFD2068416994F84220222A14D111F047
:103F9000400101D110E0206850E8050F216820F0B1
:103FA000400041E80502002AF5D1E06B08B1FDF7B9
:103FB00029F9204601F059FD002010BD704700008E
:103FC000F8B5044620680168C268456901F02F060B
:103FD00002F02003202E05D123B12046BDE8F84091
:103FE00001F0E0BD5FEA017C08D005F0010E12F49B
:103FF000907F8EF0010557D1002D55D01140CA0693
:10400000226B3BD5012A39D1002100910168009132
:10401000416800910099416911F0400F40F0A5807E
:10402000A18DE28DE38D002B00F01981891A89B2F0
:1040300009B914E1206850E8030F226820F4907059
:1040400042E80303002BF5D1206850E8050F2268F1
:1040500020F0010042E80503002BF5D1202084F870
:10406000420000202063206850E8030F226820F0FF
:10407000100042E80303002BF5D1D5E00A0640F119
:10408000BA8094F84110212940F0E980A168B1F587
:10409000805F04BF2169002900F0D380216A4A1C97
:1040A000226209784160D3E0CE0706D012F4807610
:1040B0001EBF666C46F00106666401F00407012627
:1040C00086EA97072F4302BF676C47F002076764D1
:1040D00001F0020786EA5706354302BF656C45F0DA
:1040E0000405656453EA0E0318BF0123BCF1000FF9
:1040F00005D5012B02BF636C43F008036364636C56
:10410000002B00F0AC801140890603D5204601F059
:1041100049FD20684069616C00F0400001F0080131
:10412000084300F08880204601F09FFC2068416928
:1041300011F0400F01D16CE0206850E8050F2168B4
:1041400020F0400041E80502002AF5D1E06B00288C
:104150005FD048490165FDF797F8002800F07F809F
:10416000E06B016DBDE8F8400847E36B19684D68E6
:10417000A28DA9B2002951D091424FD2E585D969CB
:10418000B1F5807F01D130E0206850E8030F21684D
:1041900020F4807041E80302002AF5D1206850E83D
:1041A000050F216820F0010041E80502002AF5D141
:1041B000206850E8050F216820F0400041E8050222
:1041C000002AF5D1202084F84200002020632068D6
:1041D00050E8030F216820F0100041E80302002A94
:1041E000F5D1E06BFDF70EF8A28D02206063E08D43
:1041F000101A81B21AE0490631D5C16821F0400198
:10420000C160202084F841002046BDE8F84000F05D
:10421000C1B92046BDE8F840FFF7D0BE8A4204BFCE
:10422000D869B0F5807F1AD1022060632046BDE8CE
:10423000F840FFF711BE2046FFF7C0FE0020606483
:10424000F8BD216A31F8022B6FF35F2242602162D0
:10425000E18C4FF6FF7201391142E18400D0F8BDC4
:10426000C16821F08001C160C16841F04001C160B6
:10427000F8BD00BF6F59000810B504464CB394F860
:10428000410028B9002084F84000204600F024F8BE
:10429000242084F841002068C16821F40051C160E5
:1042A000204601F0E5FC2068016921F4904101619C
:1042B000416921F02A014161C16841F40051C160A6
:1042C00000202021606484F8411084F8421060636B
:1042D00010BD012010BD00002DE9F04F87B004464D
:1042E00002A81421FCF725F921689E4D9E489F4F96
:1042F0009F4A914200F087809E4A914200F0C88018
:104300009D4A914240F02B8100260DF108084FF0A4
:10431000020A4FF003094FF0070B0196416941F083
:1043200010014161416901F010010191019901966B
:10433000016841F002010160016801F00201019190
:1043400001990196016841F0010101604146006850
:1043500000F00100019001988020029005F5806036
:10436000CDE903A6CDF81490CDF818B0FDF764F9A7
:104370004FF400704146CDE9020A04A880E8400AE3
:104380002846FDF759F9804D07F160004FF0006AAB
:104390004FF480680421C5E9000A4FF4403005F16C
:1043A0002002C5E90266C5E90486C5E9066682E819
:1043B00003022846C5E90B66FDF738F808B1FCF79B
:1043C00024FBE563AC63714D07F190004021C5E922
:1043D000000A05F1080080E842014FF48030C5E989
:1043E0000566EE61C5E908062846FDF71FF808B125
:1043F000FCF70BFB252005210022A563AC63FDF72C
:104400004DFD2520A9E000260196016941F4802197
:104410000161016901F4802101910199019601680E
:1044200041F00401016002A9006800F0040001905D
:1044300001984FF4406002900220CDE9030603206A
:1044400005900720069005F50060FDF7F5F84D4D45
:10445000A7F580604FF000614FF4806285E843006B
:104460004FF44030C5E90362C5E90566EE61C5E970
:1044700008062846FCF7DAFF08B1FCF7C6FA272041
:1044800005210022E563AC63FDF708FD272064E009
:1044900000264FF0030A0196416941F02001416175
:1044A000416901F02001019101990196016841F0F3
:1044B0004001016002A9006800F0400001900198ED
:1044C0004FF4844002900220CDE903060820CDF885
:1044D00014A0069005F5C050FDF7AEF8274D4FF03B
:1044E00020694FF480684FF480700421C5E9007999
:1044F000C5E90266C5E90486C5E906604FF40030E7
:1045000005F1200282E803042846C5E90B66FCF7A2
:104510008DFF08B1FCF779FAE563AC63184D07F13C
:1045200078004021C5E9000905F1080080E8420152
:104530004FF48030C5E90566EE61C5E908062846F6
:10454000FCF774FF08B1FCF760FA47200521002250
:10455000A563AC63FDF7A2FC4720FDF791FC07B013
:10456000BDE8F08F0000024030380240286402406D
:10457000004800400014014000100140F0060020F7
:104580005007002040060020D002002080050020B7
:10459000704770477047FEE7014600200A6853697C
:1045A00013F4806F08BF7047D84B53612022086313
:1045B00081F83D2081F83E000A6C42F004020A6452
:1045C00081F83C00012070472DE9FC4B04460E4663
:1045D000DDF82890DDF82C801D4617460022206863
:1045E0004B46016841F480610160016841F48071CB
:1045F000016020464FF00111CDF8008000F0EDF889
:10460000216840B1086810F4807F1CBF4FF400702F
:104610002064032036E006F0FE0B20464A4643465F
:10462000C1F810B0554E314600F022F948BB0020C9
:104630004246019020684169019149468069019094
:104640000198204600F09AF998B9012D08D0206809
:10465000390A424601612046494600F08FF940B9C7
:104660002068F9B2424601612046494600F086F9C9
:1046700060B1206C042804D12068016841F4007105
:1046800001600120C0B202B0BDE8F08B20680022BA
:104690004B46016841F48071016020464FF00111E2
:1046A000CDF8008000F099F821680028AAD14BF0DD
:1046B00001004A46434608612046314600F0D8F8DA
:1046C000002818BF0120DDE72DE9FE4304460F4610
:1046D0000A9D0B9E99469046002220682B46016851
:1046E00041F48071016020464FF00111009600F006
:1046F00074F8216840B1086810F4807F1CBF4FF443
:104700000070206403200AE007F0FE002A463346CA
:1047100008612046194900F0ABF820B10120C0B271
:1047200003B0BDE8F0830020324602902068416962
:1047300002912946806902900298204600F01EF9F5
:1047400040B1206C0428E9D12068016841F400716F
:104750000160E3E7B9F1010F0AD020684FEA1821A0
:10476000324601612046294600F008F90028E8D1C8
:1047700020685FFA88F101610020D0E702000100A3
:10478000F8B50E4615460446771C2068406910F0BF
:10479000040F1FD12046FFF7FFFEC8B9002FF4D049
:1047A000FDF720F816B1401BB042EED920684069F1
:1047B00010F0040FE9D100202021206384F83D107F
:1047C00084F83E00216C41F02001216484F83C0013
:1047D000012000E0002001B0F0BD2DE9F047DDF838
:1047E00020909846164604468FB201F47F0508F1E2
:1047F000010A2068B5F5803F00F1180108BF00F1FB
:10480000140108683840C01BB0FA80F04009B0427B
:104810001CBF0020BDE8F087BAF1000FE9D0FCF71B
:10482000E1FFB8F1000F03D0A0EB09004045E0D94B
:104830002068B5F5803F00F1180108BF00F11401B0
:1048400008683840C01BB0FA80F04009B042D0D1AF
:1048500000202021206384F83D1084F83E00216C64
:1048600041F02001216484F83C000120BDE8F0877C
:104870002DE9F8439146984604468FB201F47F052E
:1048800009F101062068B5F5803F00F114010A46E0
:1048900018BF00F1180212683A40BA421CD00968E9
:1048A00011F4806F1AD1002EECD0FCF79BFFB9F108
:1048B000000F03D0A0EB08004845E3D92068B5F508
:1048C000803F00F1180108BF00F11401086838406A
:1048D000B842D7D0202008E0002013E0016841F45E
:1048E00000710160094941610420002120222163F7
:1048F00084F83D2084F83E10226C1043206401208F
:1049000084F83C1001B0BDE8F08300BFFFFBFFFF5F
:1049100070B515460E4604462068416911F0400FF7
:104920001CBF002070BD416911F0100F15D1FCF7BC
:1049300059FF16B1401BB042EED92068406910F013
:10494000400FE9D100202021206384F83D1084F835
:104950003E00206C40F020000AE06FF01001416141
:1049600000202021206384F83D1084F83E00206C54
:104970002064002084F83C00012070BDF8B50E468C
:1049800015460446771C2068406910F0800F1FD13F
:104990002046FFF701FEC8B9002FF4D0FCF722FF34
:1049A00016B1401BB042EED92068406910F0800F6C
:1049B000E9D100202021206384F83D1084F83E00D6
:1049C000216C41F02001216484F83C00012000E0CA
:1049D000002001B0F0BD0000FEB50668DDE90AC5A3
:1049E000DDE9084EDB4FBE420ED0154FBE4211D05E
:1049F000144FBE421EBF002003B0F0BD124EB18066
:104A0000F2803381F4600AE00F4EB185F28533867F
:104A1000746304E00C4E31837283B38334623DB11E
:104A2000CDE9004ECDF808C0FDF7AAF803B0F0BDFF
:104A3000CDE9004ECDF808C0FCF792FF03B0F0BD01
:104A400000580040005400407004002010B50131AF
:104A50004FF0300C4FF0370E00230DE00EEB1074CA
:104A6000B0F1204FA2F1010238BF4CEA10740001EE
:104A700001F8014C0B700231002AEFD110BD00008B
:104A800080B50C480C494FF4C022016003214160FD
:104A90000021C0E9021102614FF4A0024261164AEE
:104AA00082618183FCF717FA18B1BDE88040FBF7FB
:104AB000ACBF80BD6C3400200064004080B50C4861
:104AC0000C494FF480220160032141600021C0E9BC
:104AD000021102614FF4E0024261074A8261818360
:104AE000FCF7F9F918B1BDE88040FBF78EBF80BD37
:104AF000943400200068004000010100BCB5002093
:104B0000854C019080490A6842F400120A600A68E4
:104B100002F400120192019A00900868002240F409
:104B2000800008600868052100F48000009000986B
:104B30000C20A047794D0C20A8470D200021002211
:104B4000A0470D20A8470F2000210022A0470F20DA
:104B5000A847392005210022A0473920A8473A203C
:104B600005210022A0473A20A8473B20002100222F
:104B7000A0473B20A847442000210022A047442012
:104B8000A847452000210022A0474520A8474620ED
:104B900000210022A04746202946BDE8BC40084726
:104BA0002DE9F04F87B00021594E4FF04009012503
:104BB000069101915448026842F0020202600268C4
:104BC00002F002020192019A0191026842F0400251
:104BD0000260026802F040020192019A01910268AB
:104BE00042F001020260026802F001020192019AA1
:104BF0000191026842F008020260026802F00802B5
:104C00000192019A0191026842F004020260026876
:104C100002F004020192019A0191026842F08002BE
:104C20000260026802F080020192019A019102681A
:104C300042F020020260026802F020020192019A12
:104C400001910168012241F01001016040210068DA
:104C500000F01000019001982C4C04F5C057384624
:104C6000B0472046102101224FF0100AB04704F54A
:104C70008068012101224046B047CDE90295DFF866
:104C8000949002AE3846CDE904553146C847092014
:104C90004FF4041B314602903846CDE903B5C847AE
:104CA000022720463146CDE902A504950597C8475D
:104CB00030203146CDE9020B04F500600495C84769
:104CC00040463146CDE90255CDE90457C847124C5C
:104CD000062002210022A047104D0620A8470920E7
:104CE00001210022A0470920A8470A200121002213
:104CF000A0470A20A847172001210022A04717201B
:104D0000A84707B0BDE8F08F3038024000000240ED
:104D1000D9170008391600089D1E0008811E0008DA
:104D200080B50B480B494FF4804201600A4941604D
:104D30000021C0E902110162C0E90611C0E90421A5
:104D4000FCF756FD18B1BDE88040FBF75EBE80BDA4
:104D5000BC340020005C0040801A0600B0B510484A
:104D600010494FF4827200234FF0020C4FF0010EF5
:104D70004FF40074382580E80E0000F10C0181E842
:104D800008500A21C0E90645C0E90833C0E90A31E4
:104D9000FEF77FF918B1BDE8B040FBF736BEB0BDF5
:104DA000F43900200030014080B588B001A81C21F2
:104DB000FBF7BFFB14481549002241F28733C0E9D5
:104DC0000012C0E9022302618261FEF79FFC08B174
:104DD000FBF71BFE0C48FEF704FF08B1FBF715FEBE
:104DE000602001A9002201900020CDE90200059079
:104DF0000548FEF7A9FE08B1FBF707FE0248FEF7DB
:104E00005BFE08B080BD00BF943A00200044014022
:104E1000B0B596B009AC00251C212046CDE914554B
:104E2000CDE91255CDE91055FBF783FB01A82021F0
:104E3000FBF77FFB26482749A72241F2873380E80A
:104E40002600C0E90335C0E90555FEF75FFC08B14F
:104E5000FBF7DBFD4FF4805012A912901C48FEF7BF
:104E600021FD08B1FBF7D1FD1948FEF7BAFE08B1E4
:104E7000FBF7CBFD002010A9CDE910001448FEF788
:104E800007FC08B1FBF7C1FD602018210990201D27
:104E9000FBF74FFB0E4821460822FEF755FE08B1EE
:104EA000FBF7B3FD01AC14212046FBF742FB4FF4A6
:104EB000005021460690002008900548FEF7C0FBF0
:104EC00008B1FBF7A2FD0248FEF7F6FD16B0B0BD33
:104ED0004C3A002000000140FEB500211548532344
:104EE00040F2E73CCDE90411CDE90211CDE9001112
:104EF000114AC0E90023C0E9021C01618161FEF78B
:104F000005FC08B1FBF781FD4FF4805002A9029027
:104F10000848FEF7C7FC08B1FBF777FD002069469B
:104F2000CDE900000348FEF7B3FB08B1FBF76DFDC8
:104F300006B080BDDC3A002000040040FEB5002130
:104F40001548532340F2E73CCDE90411CDE90211A5
:104F5000CDE90011114AC0E90023C0E9021C01613A
:104F60008161FEF7D3FB08B1FBF74FFD4FF4805092
:104F700002A902900848FEF795FC08B1FBF745FD31
:104F800000206946CDE900000348FEF781FB08B127
:104F9000FBF73BFD06B080BD243B0020000800402D
:104FA000FEB500211548532340F2E73CCDE904113A
:104FB000CDE90211CDE90011114AC0E90023C0E991
:104FC000021C01618161FEF7A1FB08B1FBF71DFD29
:104FD0004FF4805002A902900848FEF763FC08B124
:104FE000FBF713FD00206946CDE900000348FEF7FA
:104FF0004FFB08B1FBF709FD06B080BD6C3B0020FC
:10500000000C004080B50B480B494FF4E1320023FF
:105010004FF00C0C80E80E00C0E90333C0E905C373
:10502000C361FFF729F918B1BDE88040FBF7EDBC7B
:1050300080BD00BFB43B00200010014080B50C488B
:105040000C494FF4806201600B4941604FF480517C
:1050500081600021C16002610C22C0E90521C161AB
:10506000FFF70AF918B1BDE88040FBF7CEBC80BD60
:10507000FC3B002000480040A086010080B50B48A2
:105080000B494FF4E13200234FF00C0C80E80E0086
:10509000C0E90333C0E905C3C361FFF7EDF818B1F8
:1050A000BDE88040FBF7B1BC80BD00BF443C0020A0
:1050B0000014014080B50F480F49002201F0F1F9BA
:1050C00008B1FBF7A2FC0B480C4901F049FC08B100
:1050D000FBF79BFC07480A4901F028F808B1FBF7E9
:1050E00094FC044801F064FC18B1BDE88040FBF773
:1050F0008CBC80BD903100202C000020DC00002002
:1051000078010020FEE7FEE70148FDF757B800BF31
:10511000103500207047806B01684A6822F0030256
:105120004A60416D41F010014165012180F8511044
:10513000FDF7AEBF806BFEF7A8B8806BFEF768BACC
:10514000B0B50546AC6BFCF74DFB0246286800681D
:1051500010F4807F25D12068416821F02001416052
:10516000A16831B96168B1F5827F02D16FF00301A6
:1051700001E06FF00101436819404160204664215D
:1051800000F044F808B1202060650020E08701208D
:1051900084F85100606D20B12046BDE8B040FDF7B5
:1051A00077BF2046BDE8B040FEF76EB8B0B5054603
:1051B000AC6BFCF717FB02462868006810F4807F90
:1051C0001FD12068416821F0200141602046642100
:1051D00000F048F818B1606D40F02000606520686C
:1051E000416821F0030141600020E086E087012052
:1051F00084F85100606D20B12046BDE8B040FDF755
:1052000047BF2046BDE8B040FEF7D6B9BCB504465E
:105210000B466068B0F5827F0ED1A068B0F5004FF4
:1052200018BFB0F5806F0CD12168B0F5806F0D68A4
:1052300025F040050D6004D1002520460121009293
:1052400003E00092002520468021002200F0A0F813
:1052500020B1606D032540F020006065E8B202B027
:10526000B0BD00007CB50D46164602210122044661
:105270002B46009600F08CF828B1606D032640F0B4
:105280002000606523E0714800681249B0FBF1F02E
:105290004FF47A7110FB01F001906068B0F5827FE5
:1052A0000AD12046802100222B460096002600F0DD
:1052B0006FF80028E1D10AE0019838B1019801386F
:1052C00001902068806810F0800FF5D10026F0B2C0
:1052D00002B070BD00366E010268274B9A4208D0BA
:1052E000264B9A4207D0264B9A4218BF7047274A4E
:1052F00002E0254A00E0234A02F588731060196035
:10530000704700BF1CB5D0F800E0DDF810C01A4CA3
:10531000A6451BD0194CA6451AD0194CA6451EBF50
:10532000002002B010BD194C61604FF47A712281E7
:10533000A4F80A31A4F80CC104F18A0201230091F7
:1053400004F10A01FDF7A2FF02B010BD0E4C00E00F
:105350000C4C61600CEB03012281A4F80A31A4F823
:105360000CC104F18A028BB204F10A0102B0BDE85B
:105370001040FEF797B800BF00380040003C0040E6
:1053800000300140D8150020C4140020B0130020C4
:105390002DE9FC470A9F984615460E460446FCF741
:1053A00021FA381A00EB080AFCF71CFA8146274854
:1053B00008F101070068C0F3CB3000FB0AF0019050
:1053C0000EE06FB1FCF70EFAA0EB0900504512D2C7
:1053D000019818B101980138019001E04FF0000ADE
:1053E000206880683040801BB0FA80F04009A842F5
:1053F000E7D1002026E02068416821F0E00141600B
:105400006168B1F5827F0AD1A168B1F5004F18BF7C
:10541000B1F5806F03D1016821F040010160A16AFC
:10542000B1F5005F07D1016821F400510160016806
:1054300041F400510160012084F85100002084F8FB
:1054400050000320C0B202B0BDE8F087D8000020B1
:105450007047FCF7B9BC0000B0B592B0002401A8B9
:105460001421CDE90A44CDE90844FBF762F8009421
:1054700002251F48016841F080510160006800F07A
:1054800080500090009800941A48016841F48041CF
:105490000160006800F480400090009801200690B0
:1054A0004FF4803007904FF480000C950D9006204B
:1054B0000E90A820CDE90F050720119006A8FDF752
:1054C0002DFC08B172B6FEE70F200521CDE90105DC
:1054D0004FF4A050039404904FF48050059001A81D
:1054E000FDF73AFB08B172B6FEE712B0B0BD00BFDF
:1054F00040380240007000400248016841F47001E9
:105500000160704788ED00E00148FEF748BA00BF2F
:10551000243B00200148FEF742BA00BF6C3B00204C
:10552000D0F800C0B0F1804F0ED06A4B98421CBF3B
:10553000694B984208D0694B98421CBFD04B9842A7
:1055400002D06F4B984204D14B682CF0700243EAB2
:10555000020CB0F1804F20D05E4B98421CBF5E4BD6
:1055600098421AD05D4B98421CBF5F4B984214D0B2
:105570005E4B98421CBF5E4B98420ED0604B9842E7
:105580001CBFBF4B984208D05B4B98421CBF594B85
:10559000984202D0594B984204D1CB682CF4407207
:1055A00043EA020C10B58B684A69C3620B688362D8
:1055B0002CF08003B24C1A4340F48063A342BDE850
:1055C000104004BF09690163016841F004010160F2
:1055D0000121416102607047D848034A4FF40071CD
:1055E0000823FBF75BB900BFB807002010B50368BC
:1055F000374AB3F1804F29D0364CA3422AD0364CDB
:10560000A3422CD0354CA3422ED0354CA34230D0EF
:10561000344CA34232D0344CA34234D0334CA34256
:1056200036D0334CA34238D0324CA3423AD0944CBB
:10563000A3423CD0304CA3423ED0304CA34240D099
:105640002F4CA34218BF10BD131D3EE002F10C0306
:1056500008323AE01E4A02F11403103235E01C4AC7
:1056600002F11C03183230E0194A02F124032032FF
:105670002BE0174A02F12C03283226E0144A02F1EB
:105680003403303221E0124A02F15C0358321CE04C
:105690000F4A02F16403603217E00D4A02F16C0315
:1056A000683212E00A4A02F1540350320DE0084A0F
:1056B00002F13C03383208E0054A02F1440340326B
:1056C00003E0034A02F14C0348321060196010BD38
:1056D000F00300200004004000080040000C0040DF
:1056E000001000400014004000180040001C004062
:1056F00000200040004801400040014000440140BB
:1057000000000140B0B5026A036A23F0010322F0F1
:1057100002020362D0F804E083698D680C681543C7
:1057200023F07302564B42EA040C40F480629A4222
:1057300001BF25F00C03CC6824F0040444EA0305FF
:105740004F4B9A4201BFD1E905232EF44074224306
:1057500042EA030EC0F804E0C0F818C0496841638B
:105760000562B0BD70B5026A036A23F0100322F02F
:1057700020020362466883698D680C6842EA051E50
:1057800023F4E6423E4B42EA042C40F480629A4203
:1057900001BFCB686FF04F0404EA03132EF0C0057D
:1057A00008BF43EA050E364B9A4201BFD1E90523F3
:1057B00026F4406444EA820242EA83064660C0F866
:1057C00018C049688163C0F820E070BD70B5026AF6
:1057D000036A23F4807322F4007203624668C3698B
:1057E0008D680C6842EA052E23F07302244B42EACE
:1057F000040C40F480629A4208D1CB6840F2FF4426
:105800002EF440651B02A34343EA050E1C4B9A424B
:1058100001BFD1E9052326F4405444EA021242EACA
:1058200003164660C0F81CC04968C163C0F820E098
:1058300070BD00BFB0B5D0F820C0036A23F4805318
:105840002CF4005203624368C5698C68D1F800E00B
:1058500042EA043C0A4C25F4E64240F4806542EA00
:105860000E22A54202BF4D6923F4804343EA85130B
:105870004360C26149680164C0F820C0B0BD00BF88
:1058800000040140D0F820C0036A23F00103036242
:10589000836923F0F00343EA021282612CF00A02CA
:1058A000114301627047D0F820C0036A23F010034F
:1058B0000362836923F4704343EA023282612CF06D
:1058C000A00242EA011101627047000010B5A82051
:1058D000FBF76AF819481A49FAF7AEFF194C1A494A
:1058E0002046FFF783FE2046FDF79CFF174C002162
:1058F0002046FFF77BFE2046FDF794FF144C154928
:105900001222204600F0E6F81348B1EE000AB2EE8B
:10591000001AF6EE001AF0EE400A04F029FE0F48D5
:105920000F4A214603F04EFC0E480021FFF7D4FC3D
:105930000D48BDE8104005F061B900BF6C3400208F
:105940004D8800086C3B002005810008943A002037
:10595000FC3B0020DD7E0008EC070020D80C002076
:10596000443C0020F4390020D00D00207047806BAB
:105970000021C185FEF722BB10B5846B2068416908
:1059800094F84120212A08D111F0800105D000208F
:10599000E084204600F090F82068406994F84210B6
:1059A000222907D110F0400004D00020E0852046D5
:1059B00000F05BF8606C40F0100060642046BDE8C9
:1059C0001040FEF7FBBA0168806B096811F4807F14
:1059D00032D10021C185016851E8031F026821F41A
:1059E000807142E80313002BF5D1016851E8051FCF
:1059F000026821F0010142E80513002BF5D101688E
:105A000051E8051F026821F0400142E80513002B10
:105A1000F5D12021844680F842105CF8302F012A0D
:105A20000CD1026852E8032F036822F0100243E809
:105A300003210029F5D101E000F1300C0021416380
:105A4000DCF80010012918BFFEF7A2BD818DFEF71A
:105A500003BA806B01214163016B012918BFFEF776
:105A600098BD818D4908FEF7F7B9016851E8031F19
:105A7000026821F4907142E80313002BF5D101680C
:105A800051E8051F026821F0010142E80513002BCF
:105A9000F5D1016B012909D1016851E8031F0268A2
:105AA00021F0100142E80313002BF5D1202180F8EA
:105AB0004210002101637047016851E8031F02682A
:105AC00021F0C00142E80313002BF5D1202180F81A
:105AD00041107047B0B50368254CA34211D0254C46
:105AE000A34210D0244CA3421ED0244CA3421DD06C
:105AF000914CA34225D0224CA34218BFB0BD284BE5
:105B000015E0264B13E0234B1860C3F80C1103F18A
:105B10008401A3F80421FEF774F91F4800680168A6
:105B200021F008010160B0BD194B00E0174B18606F
:105B3000C3F80C1103F18401A3F80421FEF761F905
:105B4000B0BD104D05F184042860C5F80C11A5F80E
:105B500004212146FEF755F90B480068016821F041
:105B6000080101602046B5F80411FAF7E2FCB0BD67
:105B70000044004000480040004C004000500040FD
:105B800000100140441C0020F0060020341B0020BF
:105B9000241A0020141900204006002004180020B8
:105BA000F416002090F84210222918BF704783682D
:105BB000B3F5805F06D1026900F12801A2B1D1F8E6
:105BC00000C008E00146002B51F828CF01D103693D
:105BD0000BB17F2300E0FF23026852681A400123C3
:105BE0008CF800200A6806E00368826A5B686FF33D
:105BF0005F23138002231A440A604FF6FF72C18D9F
:105C000001391142C18500D070470168CA6822F08D
:105C10002002CA60CA6822F48072CA604A6922F00F
:105C200001024A61202280F8422000224263036B75
:105C3000012B18BFFEF7ACBC026351E8031F0268DA
:105C400021F0100142E803130168002BF5D10A6826
:105C500012F0100F08D081B0002200920A68009262
:105C600049680091009901B0818DFEF7F5B80000F8
:105C7000B0B5044649F20C6520680169E26821F478
:105C8000405111430161D4F808C0D4E90423D4F889
:105C90001CE0C16842EA0C02A9431A4342EA0E0220
:105CA0001143C1604169A26921F44071114341610E
:105CB00040F480602049884202D1FCF7F1FF01E006
:105CC000FCF7E4FFE26963681921A0FB0101B2F56A
:105CD000004F16D15A00DB0FFAF71BFB64216FF05F
:105CE0006303B0FBF1F202FB0300322303EBC000BD
:105CF000B0FBF1F14FF4F87000EA410001F0070148
:105D000013E09A009B0FFAF704FB64216FF0630322
:105D1000B0FBF1F202FB0300322303EB0010B0FBF7
:105D2000F1F101F0F00001F00F0100EB0210084367
:105D300021688860B0BD00BF00140140BCB51346A7
:105D40000A460446002522202149A262A3856564F3
:105D500084F84200E06BC1631E4901641E49C0E93A
:105D6000131521680431FBF7F7FB30B11020606494
:105D7000202084F84200012028E001952068016875
:105D80000191416801910199216909B909E02068EF
:105D900050E8030F216840F4807041E80302002AB4
:105DA000F5D1206850E8050F216840F0010041E876
:105DB0000502002AF5D1206850E8050F216840F05F
:105DC000400041E80502002AF5D1002002B0B0BD34
:105DD000C7590008535A0008795900080148FEF7CE
:105DE000EFB800BFB43B00200148FEF7E9B800BFA0
:105DF000FC3B00200148FEF7E3B800BF443C002014
:105E000070B58C46D0F8D41200EB8103D3F8C012E1
:105E100019B30CF00F0E0EEB8E0200EB820252F85B
:105E2000144F5CB1D0F8C8620EEBCE0506EB8506C8
:105E3000F669B4FBF6F505FB164686B10024C1F8F9
:105E40001442D3F8C402036983B1D1F8080201F502
:105E5000047162469847002408E0032406E0002409
:105E6000614600231460002200F054FDE0B270BDD2
:105E7000B0B50446D4F8D40204EB8000D0F8C05288
:105E800095B1204600F0ECFBC5F80C0205F5037156
:105E9000D4F8D40204EB8000D0F8C402C268D5F86C
:105EA00004029047002000E00320C0B2B0BD000013
:105EB00070B5164E81210446B047002520460121C9
:105EC00084F83750B0472046822184F87751B04794
:105ED00084F84B506564D4F8D40204EB8000D0F809
:105EE000C01289B1D0F8C40240688047D4F8D40207
:105EF00004F5307656F8200000F0ADFFD4F8D40257
:105F000046F82050C4F8BC52002070BDED64000873
:105F100010B5D0F8D41200EB8100D0F8C04284B1A3
:105F2000D0F8C41259B194F80002FF2807D08B684A
:105F300094F8012221469847FF2084F800020020AF
:105F400000E00320C0B210BD0A2101800048704764
:105F5000580100202DE9F0412F4F304C804682211E
:105F60003846A047064638460121A0470546384630
:105F70008121A0470EB11021B1710DB14021A9803E
:105F800008B1402181804320A8F800002248BDE8E4
:105F9000F08100BF2DE9F0411F4F204C8046822147
:105FA0003846A047064638460121A04705463846F0
:105FB0008121A0470EB11021B17115B14FF40071CC
:105FC000A98010B14FF4007181804320A8F800002F
:105FD0001148BDE8F08100BF2DE9F0410E4F0F4C94
:105FE000804682213846A047064638460121A04710
:105FF000054638468121A0470EB11021B1710DB17F
:106000004021A98008B1402181804320A8F80000E8
:106010000148BDE8F08100BF14010020F5630008CD
:1060200070B504464FF4077000F016FF0546EDB159
:1060300028464FF40771FAF77CFAD4F8D40204F535
:10604000307141F82050D4F8D40251F82000C4F83F
:10605000BC02207C90B1204681210222402300F026
:1060600077FB012001210222402313E0D4F8D4025F
:10607000002104EB8000C0F8C0123BE020468121E3
:1060800002224FF4007300F063FB01200121022281
:106090004FF4007384F83700204600F059FB0126C6
:1060A000102082210322082384F87761606420464F
:1060B00000F04EFB84F84B600026C5F80462D4F86B
:1060C000D40204EB8000D0F8C40200688047C5F811
:1060D0001462C5F81862D5F804225AB1207C012157
:1060E0000028204614BF40234FF4007300F042FB09
:1060F000002000E00220C0B270BD80B5D0F8D412FC
:1061000000EB8101D1F8C01269B1D1F80422017C01
:1061100000294FF0010114BF40234FF4007300F039
:1061200029FB002000E00320C0B280BD39B1D0F8C7
:10613000D42200EB8200C0F8C412002000E003204B
:10614000C0B27047D0F8D42200EB8200D0F8C00271
:1061500000281ABFC0F8041200200320C0B2704704
:10616000D0F8D43200EB8300D0F8C00228B1C0F8D8
:106170000812C0F81022002000E00320C0B27047CF
:106180007CB504460D46D4F8D40204EB800100200F
:10619000D1F8C0628DF80700ADF80400002E4ED093
:1061A0002B7813F0600012D0202844D1EA88687858
:1061B000EAB11B0623D4402A86F800022046314665
:1061C00028BF402286F8012200F065F82DE06878AB
:1061D0000B282CD0012828D00A281CD058BB94F8B2
:1061E0009C02032827D101A9204602221BE0D1F8F6
:1061F000C412002200248B682946984720E0D1F879
:10620000C4128B6831469847EA8820463146072AEF
:1062100028BF072207E094F89C0203280BD10DF158
:1062200007012046012200F050F8002408E094F80D
:106230009C020328F9D02046294600F021F80324C7
:10624000E0B202B070BD80B5D0F8B8225268904775
:10625000002818BF032080BD002070470020704731
:1062600080B513460A46002100F084FA002080BD64
:1062700080B513460A46002100F04CFB002080BD8B
:1062800010B58021044600F015FB20460021BDE832
:10629000104000F00FBB80B513460A460321C0F83A
:1062A00094120021C0F86421C0E9553300F062FA6D
:1062B000002080BD80B5052100220023C0F8941283
:1062C000002100F057FA002080BD80B513460A4631
:1062D0000221C0F8941200214262C0E9053300F0A7
:1062E00019FB002080BD80B5042100220023C0F8E6
:1062F0009412002100F00EFB002080BD10B5044C6C
:106300000A4604A0214600F08AF8204610BD00BFCE
:10631000581D002043444320436F6E6669670000A8
:1063200012200880004870476401002010B5044C1A
:106330000A4604A0214600F072F8204610BD00BFB6
:10634000581D002043444320496E746572666163A2
:106350006500000004200880004870478C01002080
:1063600010B5044C0A4604A0214600F058F8204617
:1063700010BD00BF581D002053544D6963726F65F6
:106380006C656374726F6E696373000010B5044CC2
:106390000A4604A0214600F042F8204610BD00BF86
:1063A000581D002053544D33322056697274756164
:1063B0006C20436F6D506F72740000001A200880CB
:1063C0000A4908688A6880180ED0B0B5084D4C6834
:1063D0000822A91CFEF73AFB05F11201204604220F
:1063E000FEF734FBBDE8B04001487047107AFF1F4C
:1063F000900100200278B0F802C094450DD993B204
:1064000063450AD20378184413FA82F24378052BC5
:1064100004BF83788B42F2D170470020704780B56B
:10642000F0B34FF0000C864603E00EF1010E0CF1C4
:10643000010C9EF80030002BF7D15FFA8CFC022390
:1064400003EB4C03B3F5007F02D94FF4007310E067
:106450004FF0000C864603E00EF1010E0CF1010C2A
:106460009EF80030002BF7D15FFA8CFC022303EB7F
:106470004C03138003224FF0020E4FF0000C0B7000
:106480004A700AE05FFA8EF201308B544EF001023E
:106490000EF1020ED2B201F802C00378002BF1D146
:1064A00080BD80B100230029C0F8B832C0F8C432E2
:1064B000C0F8D03201D0C0F8B412012180F89C128B
:1064C000027000F0D1B803207047000080B5D0F80A
:1064D000C802FBF79DFD032804D8DD49C00021FA5E
:1064E00000F000E00320C0B280BD00BF80B5D0F84E
:1064F000C802FBF768FD032804D8F649C00021FA5A
:1065000000F000E00320C0B280BD00BFB0B504467B
:1065100089B194F89C0203284FD1D4F8B80242699B
:10652000002A4AD00020C4F8D40220469047002810
:1065300008BF0020B0BDD4F89402022837D1218CC6
:10654000A06988420ED9421AA261606A01442046BD
:106550006162FFF78DFE204600210022002300F03B
:1065600009F924E00FD1616981420CD3D4F8980273
:10657000814208D22046002100220025FFF778FE44
:10658000C4F89852E7E794F89C02032808D1D4F89D
:10659000B802C16821B10020C4F8D402204688475F
:1065A0002046802100F086F92046FFF783FE94F80C
:1065B000A00210B1002084F8A0020020B0BD10B5E8
:1065C000044681B194F89C02032835D1D4F8B8026E
:1065D00082698AB30020C4F8D4022046904700287C
:1065E00008BF002010BDD4F89402032824D1B4F8C9
:1065F0006021D4F8580190420ED9801AC4F858018D
:106600009042D4F864111144C4F8641188BF024662
:106610002046FFF725FE0FE094F89C02032808D1DE
:10662000D4F8B802016921B10020C4F8D402204690
:1066300088472046FFF757FE002010BD0020704716
:10664000012180F89C12D0F8B8223AB180B50179C6
:1066500052689047002818BF032080BD0020704773
:10666000D0F8C802FBF700BD017859BB10B5164938
:106670000022C1F8E004C0F8C8124FF0A040086042
:10668000042008710220C8718A71487208468A7213
:10669000CA720A738A73CA73FCF748F908B1FAF729
:1066A000B4F9094C80212046FBF735FC2046002137
:1066B0004022FBF734FC204601218022FBF72FFC0F
:1066C000BDE810400020704710350020D0F8C80207
:1066D00001F07F0211F0800F02EBC20200EB82009A
:1066E00000F1160208BF00F2562210787047D0F869
:1066F000D42200EB8202D2F8B8226AB190F89C3220
:10670000032B07D1126A2AB180B590470020BDE85B
:10671000804002E0002000E00320C0B27047D0F8C3
:10672000D42200EB8202D2F8B8226AB190F89C32EF
:10673000032B07D1526A2AB180B590470020BDE8EB
:10674000804002E0002000E00320C0B2704700005B
:1067500080B5D0F8C80294461A466346FBF78DFC14
:10676000032804D87349C00021FA00F000E0032098
:10677000C0B280BD80B5D0F8C802FBF7AFFC0328DB
:1067800004D86C49C00021FA00F000E00320C0B238
:1067900080BD00BFF8B504460126002584F89C6240
:1067A000C4F894526560C4F8A45284F8A052D4F896
:1067B000B80250B142683AB12046002190470546E0
:1067C000002D18BF032500E00025204600210022EF
:1067D00040234027FFF7BCFF2046802100224023B2
:1067E00084F86361A4F86071FFF7B2FF84F8236056
:1067F0002784284601B0F0BD90F89C12042904BFFC
:1068000090F89D1280F89C120020704790F89C121E
:10681000032908D1D0F8B81229B1C96919B180B5D6
:106820008847BDE880400020704701740020704711
:1068300080B5D0F8C802FCF73AF9032804D83D49DE
:10684000C00021FA00F000E00320C0B280BD00BF0C
:1068500000030103B0B5044604F2AA25284600F05F
:106860006BF80120C4F89402B4F8B002C4F898029E
:1068700094F8AA0200F01F01022908D001290CD0C7
:1068800089B920462946BDE8B04000F093B82046BB
:106890002946BDE8B04000F0F9B920462946BDE8D8
:1068A000B04000F09EBA00F080012046BDE8B04044
:1068B000AFF3008080B5D0F8C802FBF72CFC0328AA
:1068C00004D81C49C00021FA00F000E00320C0B247
:1068D00080BD00BF0003010380B5D0F8C802FCF7FB
:1068E00001F9032804D81349C00021FA00F000E0A0
:1068F0000320C0B280BD00BF90F89C1204291CBFC9
:1069000090F89C1280F89D12042180F89C120020BF
:106910007047000080B5D0F8C802FBF731FC0328AF
:1069200004D80449C00021FA00F000E00320C0B2FE
:1069300080BD00BF000301030A7802704A784270EC
:106940008A78CB7842EA032242800A794B7942EA7C
:10695000032282808A79C97942EA0121C180704785
:106960001CB5044600200029ADF8060015D0C4F877
:10697000B81204F52E71D4F8D40251F82000C16A7F
:1069800021B10DF106008847C4F8D002D4F8D8022E
:106990000130C4F8D802002000E00320C0B202B0E9
:1069A00010BDD0F8B8220AB1126810470020704715
:1069B000FFF792BFBCB50D460446287810F0600082
:1069C00011D0402818BF202840F05381D4F8D402B9
:1069D000294604EB8000D0F8B8028268204602B055
:1069E000BDE8B04010476878092800F24281DFE82E
:1069F00010F00A00200040012E00400158007B00EA
:106A0000400139004B0094F89C020138022800F242
:106A10003081E888022840F02C81D4F8A4020321B8
:106A200002220028204608BF0121E16004F10C0188
:106A30001CE194F89C020138022800F21A8168884F
:106A40000025012840F01981C4F8A452E0E06888CC
:106A5000022800F07480012840F00B810120C4F866
:106A6000A4020DE1E888012840F0038194F89C021B
:106A7000411E022967D2002521462046012241F805
:106A8000085FFFF722FCF8E068887F4DC1B200F094
:106A9000FE00022829703DD32046FFF7F1FB0325B5
:106AA000EBE0A888002840F0E480E888002840F067
:106AB000E08068887F2800F2DC8094F89C1203292B
:106AC00000F0D78000F07F052046E9B284F89E529E
:106AD000FFF7AEFE2046FFF706FC0120002D18BF91
:106AE000022084F89C02C7E000204FF0FF31ADF88F
:106AF0000600688801EB1021062900F2BA80DFE861
:106B000001F0045129B8B85E6800D4F8B412207CB2
:106B10000A689CE094F89C02032828D0022865D1DA
:106B2000002900F0AD8020466160FFF73AFF05467E
:106B30002046002D70D0FFF7A3FB02206FE068799C
:106B400084F8A0029CE0032840F09380211D204699
:106B500001228BE0C0B2052800F28B80DFE800F054
:106B60000362666A6E72D4F8B40242686DE000296E
:106B700045D06068884200F08380C1B22046FFF7AC
:106B800062FB297820466160FFF70BFF0546002D68
:106B900076D02046FFF774FB21792046FFF753FBA0
:106BA00002203CE0217CD4F8B802002914BFC16A5D
:106BB000816A0DF1060088470146022014E0207C1E
:106BC000002856D1D4F8B802416B0DF10600884771
:106BD00040E0207C00284CD1D4F8B802016B0DF1C4
:106BE0000600884701460720487034E02046FFF73A
:106BF00047FB29782046FFF726FB03253DE00220CE
:106C00000025002184F89C0220466560FFF71BFBED
:106C10002046FFF768FB30E0FFF765FB032084F8B0
:106C20009C022AE0D4F8B40282680EE0D4F8B402E0
:106C3000C2680AE0D4F8B402026906E0D4F8B402EB
:106C4000426902E0D4F8B402826992B1207C0DF16D
:106C5000060190470146EA8892B1BDF8060040B1AE
:106C6000904238BF02462046ADF80620FFF72DFBC4
:106C700002E02046FFF704FB0025284602B0B0BD25
:106C80002046FFF730FBF7E7541D0020F8B50E460D
:106C900004463078357910F0600017D0402818BFCE
:106CA000202879D120462946FFF7D6FA002876D148
:106CB000C4F8D40204EB8000D0F8B8028268002A3D
:106CC0006DD020463146BDE8F84010477078B8B125
:106CD00001282ED003285FD194F89C0203282CD1E0
:106CE000708848B945F08000802805D0F08818B930
:106CF00020462946FFF7DEFD2046FFF7F4FA4EE076
:106D000094F89C02032827D0022804BF45F0800095
:106D1000802841D105F07F0104F5AA7015F0800F9D
:106D200018BF04F1140001EB810100EB8101002088
:106D300050E094F89C02032834D002282CD145F06E
:106D40008000802828D020462946FFF7B3FD204642
:106D50008021FFF7AFFD22E005F00F0115F0800064
:106D600001EB810104EB810114BF91F8231091F82C
:106D7000631189B1002804F5AA7645F0800005F07A
:106D80007F0718BF04F11406802818D107EB87008D
:106D900006EB800100201DE02046FFF771FA00207D
:106DA00001B0F0BD70880028F9D1680603D02046F4
:106DB0002946FFF78BFB2046FFF795FA72E720463E
:106DC0002946FFF783FC07EB8701002806EB8101CA
:106DD00018BF012001F80E0F20460222FFF775FAB6
:106DE000DDE7B0B50D460446287810F0600018BF06
:106DF000402801D0202810D194F89C0201380228A4
:106E00000BD8A88800F0FE01012906D8C1B220469F
:106E1000FFF724FA30B10320B0BD2046FFF730FA67
:106E20000020B0BD04EB8001D1F8B8229268002A9E
:106E3000F1D001F52E71C4F8D402086829468268A1
:106E4000204690470028ECD1E9880029E9D1204666
:106E5000FFF749FAE4E7704700487047581F0020E1
:106E600070B50B784D78012603F00F02012D06FA5C
:106E700002F4194E4FEA431215D1D0F81C5825439D
:106E8000C0F81C5800F51060855815F4004F20D14B
:106E90000D79896814586FF3DF2141EA835121434A
:106EA00041EA854113E0D0F81C3843EA0443C0F8B6
:106EB0001C3800F53060835813F4004F09D10B796A
:106EC000896815586FF3DF21294341EA8341314333
:106ED0001150002070BD00BF00800010D0F80019D4
:106EE00040F2FF729143C0F80019D0F8041841F441
:106EF0008071C0F8041800207047000070B5044687
:106F000002F47F401E460D46B0F5807F18D1A16B7C
:106F1000049821F48031C0B2A1630128E168184AC5
:106F200001EA0201E160E16821F44011E16002BF81
:106F3000E06840F48010E060204600F023F80FE0A5
:106F4000E06840F04000E060204600F01BF8A16BD4
:106F500016F47F4F21F4803208BF41F48032A263DF
:106F600005F47F01B1F5803F18BF70BDA16841F005
:106F70000601A160A16841F02001A16070BD00BFC1
:106F8000BFFFBDFF81B00021009100990131009148
:106F90000099B1F1706F1CD80169B1F1FF3FF4DCC9
:106FA0000A2101E000990139009100990029F9D1E5
:106FB000016941F0010101610099013100910099DD
:106FC000B1F1706F05D8016911F0010FF4D1002003
:106FD00000E00320C0B201B07047000010B50A788D
:106FE0004B781E4C5101012B014410D101F5106367
:106FF000D1F80019B1F1FF3F07DC196841F00061D9
:107000001960196841F080411960012112E001F511
:107010003063D1F8001B04F17074B1F1FF3F07DC5D
:10702000196841F000611960196841F080411960E8
:107030004FF4803102F00F029140D0F83C288A438F
:10704000C0F83C28D0F81C2822EA0101C0F81C181E
:10705000186820401860002010BD00BF007833EC95
:10706000D0F8001E21F00301C0F8001ED0F804186B
:1070700021F00201C0F8041800207047D0F8001E6B
:1070800021F00301C0F8001ED0F8041841F00201FD
:10709000C0F80418002070472DE9F84F8A46804652
:1070A0004120002102E048F8201001305028FAD198
:1070B000C3F30749B9F1000F0AD0D8F8380020F41B
:1070C0000010C8F83800D8F8380040F4002015E067
:1070D000D8F8040840F00200C8F80408D8F83800CE
:1070E00040F40010C8F83800D8F8380020F4002028
:1070F000C8F83800D8F8380020F4802002F47F4126
:10710000C8F838000020B1F5807FC8F8000E009262
:1071100009D1D8F8001808F5006BB0EB1A6F0BD145
:10712000CBF800100CE0D8F8000808F5006B40F030
:107130000300C8F8000803E041F00100CBF80000AC
:107140004046102100F025FA0746404600F0FEF9BF
:107150005FFA8AF10022384308F510634FF67F3753
:1071600000264942CBF81020CBF81420CBF81C2085
:107170000EE0002E4FF09045A6F1010608BF4FF03B
:1071800000651C6805EAE4751D601A619F60203384
:10719000B142EED1002808F530624FF000034FF6FF
:1071A0007F374FF0000618BF01200EE0002E4FF091
:1071B0009045A6F1010608BF4FF00065146805EA86
:1071C000E4751560136197602032B142EED1DBF8AF
:1071D00010101AF47F0F21F48071CBF810104FF0CB
:1071E0000001C8F818101349C8F8141002BFD8F8E5
:1071F000181041F01001C8F81810D8F818100E4AED
:107200001143C8F81810009911F47F0F1EBFD8F869
:10721000181041F00801C8F81810B9F1010F01BFAA
:10722000D8F81810054A1143C8F8181001B0BDE885
:10723000F08F00BFFFFFFFBF00383C80040000401C
:10724000816821F0010181600020704710B5036C56
:10725000134CA34203D3D0F8003B002B1EDB0023CA
:107260000129C0F8103BD0F8103B43F40023C0F8CC
:10727000103BD0F8103B43F01803C0F8103BD0F897
:10728000103B43F0C043C0F8103B01BFC0F8142BC3
:10729000D0F8001B41F08021C0F8001B002010BD79
:1072A0000B30544F4B780A78012B4FEA421214BF2F
:1072B00000F5306000F51060835823F4001383500C
:1072C000097901F0FE01022902BF115841F08051F5
:1072D0001150002070470A784B785101012B01446E
:1072E00004D101F51060D1F8001903E001F5306018
:1072F000D1F8001B2AB1002903DB016821F080418D
:107300000160016841F40011016000207047000035
:107310002DE9FC41964691F800C04A7880466348C2
:10732000634E644F644D4FEA4C13012A27D108EB9A
:1073300003020C6902F51063D2F81029002C43D027
:107340002A40BCF1000F1A611A6902EA07021A61A9
:107350008F6857D0E219013AB2FBF7F506EAC54249
:107360001E6932431A610A79012A57D11A6922F03B
:10737000C0421A614FF0C04202EA45754BE008EB8B
:107380000302BCF1000FD2F8103B03EA0503C2F878
:10739000103BD2F8103B03EA0703C2F8103B02F59A
:1073A00030638F680C691BD0ECB1E219013AB2FB73
:1073B000F7F295B206EAC2426F430F621E6932438A
:1073C0001A6107EA000214E002EA070000241861CB
:1073D000186940F400201861186900EA050220E0ED
:1073E00004B10F610F621A69384010434FF4002254
:1073F00018611869BEF1010F40EA0200186117D147
:10740000C86813E0BC4204D90F614FF400253C4624
:1074100001E04FF400251A692A431A611A692040D5
:107420000243BEF1010F1A6118D1C86900B1586159
:10743000087901280AD1D8F808084FF0805121EACC
:107440000050196800F1805008431860186840F037
:1074500004401860002002B0BDE8F081186840F0D8
:10746000044018600879012813D1D8F808084FF0B3
:10747000805222EA00501A6800F1805010436246A0
:107480001860A3B24046C968CDF800E000F0CCF91E
:10749000E0E7002CDED00CF00F00012101FA00F033
:1074A000D8F834180843C8F83408D3E7FFFF0700BA
:1074B0000000F81FFFFF07E00000F8FF81B0002286
:1074C00000924A78012A1BD1097800F51060490121
:1074D0004258B2F1FF3F2EDC0A5842F000620A50D7
:1074E0000A5842F080420A5042F21072009B013367
:1074F0000093009B934220D84358002BF6DB1AE000
:10750000097800F5306049014258B2F1FF3F12DCC2
:107510000A5842F000620A500A5842F080420A506B
:1075200042F21072009B01330093009B934204D8F7
:107530004358002BF6DB002000E0012001B070472B
:10754000816841F0010181600020704781B0002115
:1075500000910099013100910099B1F1706F14D838
:107560000169B1F1FF3FF4DC0021009110210161BC
:107570000099013100910099B1F1706F05D801694E
:1075800011F0100FF4D1002000E00320C0B201B0D0
:10759000704781B000220092009A01320092009A56
:1075A000B2F1706F16D80269B2F1FF3FF4DC00222D
:1075B0000092202242EA811101610099013100917B
:1075C0000099B1F1706F05D8016911F0200FF4D165
:1075D000002000E00320C0B201B07047D0F80808D6
:1075E00010F0060006D040F004010F20062908BF65
:1075F000022000E00020C0B27047406900F00100A6
:107600007047D0F81818D0F81C08084080B27047AE
:10761000D0F81818D0F81C080840000C7047D0F8B3
:1076200010C8D0F8343801F00F0200EB4110D0F848
:10763000080923FA02F2D201D2B242EA0C02104047
:10764000704700EB4111D1F8081BD0F8140808402E
:1076500070474169806908407047B0B5034622F021
:10766000030C90084FF4805E0C4604E053F80E5073
:10767000013844F8045B0028F8D101EB0C0012F04B
:10768000030108BFB0BD4FF4805201254FF6FF7EC5
:1076900004469A584B1E15FA83FC002322FA03F580
:1076A0000139083304F8015B11EA0E0FF6D160448A
:1076B000B0BDB0B504460029E06820F0C040E060ED
:1076C00013D001291CBF0120B0BDE068002540F0A7
:1076D0000050E0600A20F9F78FFF60690A35C72D76
:1076E00012D810F00100F5D00EE0E068002540F05F
:1076F0008040E0600A20F9F77FFF60690A35C72DF6
:1077000002D810F00100F5D1A5F1C800B0FA80F060
:107710004009B0BDD0F8002822F4FE62C0F800286D
:107720004FF4FE6202EA0111D0F800281143C0F8BC
:107730000018002070470000022A34D1284A294B43
:107740000A449A4202D24FF470512EE0264A274B47
:107750000A449A4202D24FF4605126E0244A254B53
:107760000A449A4202D24FF450511EE0224A234B5F
:107770000A449A4202D24FF4405116E0204A214B6B
:107780000A449A4202D24FF430510EE01E4A1F4B77
:107790000A449A4202D24FF4205106E01C4A1D4B83
:1077A0000A449A420AD24FF41051C26822F470522D
:1077B000C260C2681143C16000207047164A174B6F
:1077C0000A449A4202D24FF40051EEE7144A154B94
:1077D0000A444FF4C0519A4238BF4FF4E051E4E7F5
:1077E000405327FF00350C00401E1BFF40420F0096
:1077F00000DC0BFF804F1200808CF9FE20D61300B6
:1078000060B6E5FE60E3160000D3CEFE40771B00B5
:10781000C05BB3FEC091210000CA91FE2075380004
:10782000E05459FEE09C4100DDF800C0BCF1000FBF
:107830000DD103334FEA023C00F580509B0804E071
:1078400051F8042B013B4CF80020002BF8D100200C
:107850007047FEE7B0B52DED028B9FED188A154DF0
:107860009FED150A0024F0EE480A2C6004F046F85B
:1078700013489FED140AF0EE480A686004F03EF8E1
:107880001148A860114802F017FF11484FF08941D4
:1078900081601049C1604C301821F8F74AFE0E484B
:1078A00080F851400D48BDEC028BBDE8B04003F0BC
:1078B00085BA00BF78310020583934BE0BEFF2BDD5
:1078C000687C0AC05839343E687C0A40EC070020C6
:1078D000D80C002000002544740D0020D00D00209D
:1078E00080B52DED047B6B496D4A096801910199C2
:1078F00092ED000A0268891AB8EE400A019A01EE78
:10790000101A0260B8EE411A81EE008A01F01AF8EE
:10791000B0EE480ABDEC047B80BD00BF284A90420F
:1079200012D0284A904218BF7047881E092884BF89
:1079300025487047DFE800F00517191C1E21232693
:10794000282B214802307047881E092884BF21480F
:107950007047DFE800F0051E202325282A2D2F324E
:107960001C4802307047184828E017480630704716
:107970001748704716480230704715481EE01448F3
:1079800006307047114870471048023070470F4862
:1079900014E0104812E00F48063070470F48704757
:1079A0000E48023070470D4808E00C48063070471A
:1079B000094870470848023070470748043070474C
:1079C0006C34002094340020D0070020D807002019
:1079D000C8070020B8070020C0070020B00700201B
:1079E00080B500F01FF80C489FED0C2A9FED0C3A73
:1079F000C18890ED000A808801EE100A04EE101A8A
:107A0000B8EE411AB8EE400AB8EE444A01EE020A56
:107A100004EE030A80BD00BFEC1600206F12833A0B
:107A2000BD378635F8B500F08DFF1A484FF0FF31AD
:107A3000002500230068009017480068009CE0FBC8
:107A4000014516482946C0E9004515480668204604
:107A50003246F8F75EFC134A134FA0FB063CE41ACB
:107A600001FB06C39D41002333C238600F482946FD
:107A7000066820463246F8F74CFC0D4AB88080B2C2
:107A800000237043201A65F100011268F8F741FCE9
:107A9000F880F8BD041000E06C040020E00700202E
:107AA0006004002030030020EC1600206404002055
:107AB000680400202DE9FE4FDFF8449604460420B8
:107AC000DFF848B31D4692468846A9F80000082012
:107AD000A9F80200002084F80C8084F80DA0A5739A
:107AE00020742846D84729466061F8F700FDAF00AA
:107AF0003846D8473946A061F8F71BFD3846D847C5
:107B00003946E061F8F715FD4FEA88063046D84758
:107B100031462062F8F70DFD2846D84729466062B5
:107B2000F8F7E5FC3046D84731462060F8F701FD0C
:107B30003846D84739466060F8F7FBFC4FEA8A07B9
:107B40003846D8473946A060F8F7F3FC3046D847A6
:107B500007463146C4F8E870F8F7EBFC04F1300052
:107B6000414601223B4603F0A2FAB9F8000000FBAF
:107B700008F63046D84707463146C4F8EC70F8F7A7
:107B8000D8FC217B04F1380001223B4603F08FFA38
:107B9000BAF1000F13D09C48008800FB0AF630466B
:107BA000F8F788FB07463146C4F8F070F8F7C1FCD7
:107BB000617B04F1400001223B4603F078FADFF8D4
:107BC00040950295B9F8000000FB05F63046D8470D
:107BD00007463146C4F8F470F8F7ABFCA17BCDF84A
:107BE00004A0DFF82CA204F1480001223B46D04754
:107BF000B9F8000018FB08F505FB00F63046D84739
:107C000007463146C4F8F870F8F793FC217B04F17D
:107C100050003B460A46D047B9F8000005FB00F685
:107C20003046D84707463146C4F8FC70F8F781FC67
:107C3000217B04F158003B460A46D047B9F80000C2
:107C4000009505FB00F63046D84707463046C4F895
:107C50000071D847054638463146C4F80451F8F754
:107C600068FC28463146F8F764FC217B04F160008B
:107C70003B460A46D047217BD4F8043104F1680022
:107C80000A46D0470198A8B1D24910FB08F00988EC
:107C900000FB01F52846F8F70DFB06462946C4F817
:107CA0000861F8F746FC217B627B04F170003346E3
:107CB00003F0FDF9C748DDF80890014619FB08F20A
:107CC00008880192884602FB00F52846D8470646F8
:107CD0002846C4F80C61D847074630462946C4F800
:107CE0001071F8F726FC38462946F8F722FC227B6B
:107CF000A17BDFF81CA104F178003346D047D4F80B
:107D00001031217BA27B04F18000D047B8F800003D
:107D1000009901FB00F52846D84706462946C4F8D5
:107D20001461F8F706FC217B04F1880033460A460B
:107D3000D047B8F8000019FB09F101FB00F528460F
:107D4000D84706462946C4F81861F8F7F2FBA17B2C
:107D500004F1900033460A46D047B8F80000019974
:107D600001FB00F52846D84706462946C4F81C61A1
:107D7000F8F7DFFB217BA27B04F198003346D04764
:107D8000B8F80000257B05FB00F606FB05F7384632
:107D9000D84780463846C4F82081D847C4F8240123
:107DA0003846D847C4F828013046D847C4F82C01D3
:107DB0003046D847C4F8300104F1A00029462A46CD
:107DC0004346D047217BD4F8243104F1A8000A4669
:107DD000D047217BD4F8283104F1B0000A46D047BF
:107DE000D4F82C31217B04F1B8000122D047D4F81B
:107DF0003031217B04F1C0000122D047002084F8FB
:107E00002C00A062BDE8FE8F88030020B5020008A8
:107E1000AFB000082DE9F84F044694F82A0008B1E5
:107E2000BDE8F88F04F1780504F180092846494639
:107E300003F0AEFB84F8C800DFF89CB004F15808EA
:107E400004F1A80AB4F8780041465246A4F8A80004
:107E5000B4F85A00A4F8AA002846D84784F8C80005
:107E600004F1B0074946B4F8A8003A46A4F8B000B7
:107E7000B4F88200A4F8B2005046D84784F8C8008D
:107E8000254635F8900F288205F1100629466888A6
:107E900032466882384603F0ADF884F8C8003046B0
:107EA000394603F009F984F8C80049465246B4F847
:107EB0005800A4F8A800B4F88200A4F8AA0040462C
:107EC000D84784F8C80005F1080250463946D8471B
:107ED00084F8C800BDE8F88FADB300080146AA4891
:107EE00001F05EB9F8B5074600F076F8D7F8CC1087
:107EF00009B138468847384600F0D0FCD7F8D01092
:107F000009B138468847384600F06CFCD7F8D410E1
:107F100009B138468847387C98B13846FFF77AFF70
:107F2000D7F8D81009B138468847384600F018FC11
:107F3000D7F8DC1009B138468847384600F086F992
:107F400014E0F87B0028E8D06D4C387B218800FBDA
:107F500001F2D7E93A01F8F798FA2088397B4843CB
:107F600000FB01F2D7E93E01F8F78FFAD7F8E010ED
:107F700009B138468847387B0421002200230024B9
:107F800001EB800112E03E6AD7F8F85001341D443D
:107F900016440B44043296ED000A95ED001AB4EE37
:107FA000C01AF1EE10FAB8BF85ED000AA042EAD17E
:107FB0005349098801FB00F23868D7F8E810F8F750
:107FC00064FAD7F8E41009B138468847386801B038
:107FD000F0BD00BF8803002070B50446E07B002898
:107FE00072D0474E00252574A07B318800FB01F23A
:107FF0006168D4F8F400F8F748FA3088A17B41436F
:108000006068F8F796FA3088A17B48434143D4F87A
:108010001801F8F78EFA3088217BA27B484300FBD9
:1080200002F1D4F80C01F8F784FA23E0D4F8F41044
:1080300001EB800292ED000AB5EE400AF1EE10FA73
:1080400017D0227C01EB820181ED000A616A8D5418
:10805000D4E90512237C52F82020085C217B13FB15
:108060000100D4F80C1101EB800040F8042C581CDE
:1080700020740135A17BE8B28842D7D3207C00214F
:108080000BE0666AE369D4F818510131B65C10FB65
:10809000022253F8263045F82230CAB28242F0D389
:1080A000A4F87800217BA4F87A10A4F88010A4F832
:1080B0008200A4F89000A4F89200A4F89810A4F804
:1080C0009A00A4F848000FE00D4DA07B298800FB22
:1080D00001F26168D4F8F400F8F7D7F92888A17B99
:1080E00041436068F8F725FA0549607B098800FB81
:1080F00001F2A168D4F8F000F8F7C7F970BD00BF2D
:108100008803002010B51C4CA068322804D300203E
:10811000A0601A4802F046FD184802F087FC60682B
:1081200001306060B0F5FA6FA16801F10101A16052
:1081300002D90120207001E02078E0B1104802F05F
:10814000EFFA1048012180F8D0140F49CA6E91ED62
:10815000190AC0F8D4240A6F00F2DC41B1EE400ADB
:10816000C0F8D82481ED000A012102F0FFF9BDE832
:108170001040FDF731BA10BDAC040020D00D002036
:10818000740D0020EC070020D80C0020B0B5044688
:1081900001200025062100220323207004F5D87059
:1081A00080EC030AB7EE000A2148F4EEC01AF1EEA3
:1081B00010FAC4F8CC0184F83851C4E95055C4E928
:1081C0005255C8BFF0EE401A201DC4ED741A84ED5C
:1081D000642AFFF76FFC04F5E07004F5E4730121F5
:1081E000012202F064FFD4F8EC004FF07E5190229F
:1081F000C0E90015C0E902550E481249C4F8D00084
:108200000D48C4F8D4000D48C4F8D8000C48C4F890
:10821000DC0040F20110E085D4F80401F8F735F9EC
:10822000D4F8FC0008499022F8F72FF9B0BD00BF40
:1082300077CC2B32158A0008F58D00087589000867
:108240004D8A000814BC000848000020F8B5044618
:1082500094F82C0000B1F8BD34F8980F208204F196
:10826000100534F81E1C2A4661822083A4F12001E7
:1082700034F83E0C6083204603F098F8A4F14006E1
:1082800004F1180784F83000284631463A4603F0D6
:108290008DF884F83000A4F148023046394603F0E6
:1082A00019F984F83000F8BD42780A7000784870F7
:1082B000704710B58AB0CC084FF0000C11F0020FD7
:1082C0000594CDF818C007D14FEA421E5B01102279
:1082D0000024CDF81CC00BE04FEAC20E0124079425
:1082E000C3F34F34C2F34F3C61F3420EDB0006226E
:1082F0001A43CDE900CE02940392C1F380010491A8
:108300000E210991012108916946F8F7DDFB08B1BA
:10831000F8F77BFB0AB010BDF8B52DED108B0446C5
:10832000B0EE43BAB0EE628AB0EE42AAB0EE619A05
:10833000B0EE41CAB0EE60DAB0EE40EA207860B943
:10834000DFEDEB0A9FEDEB1A9FEDEB2AB2EE040A8C
:10835000F7EE001A2046FFF719FF84ED6FBAB6EE6C
:10836000003AF44EF449902294ED580A3EEE400A49
:1083700084ED5B0A94ED591A3DEE411A20EE03DAC2
:1083800084ED5C1A2DEE0BEA94ED5A2A3CEE420A7B
:1083900021EE03CA20EE03FA6CEE0B8A84ED5D0A2F
:1083A00086ED00EA6FEE0B9AC6ED018AC6ED029AE1
:1083B000D4F80401F8F769F8D4F804012DEE4B0A5B
:1083C0002CEE4B1A2FEE4B2A04F5A47780ED010A10
:1083D00080ED021A80ED032A80ED06EAC0ED089ACE
:1083E00080ED091AC0ED0C8A80ED0D2A80ED0FEAB0
:1083F000C0ED129AC0ED138A80ED140A201DD4E955
:1084000052121143CD4906D094ED5E1A94ED5F2AC5
:1084100094ED600A0BE0B0EE480AB0EE4A2AB0EEE6
:10842000491A84ED5E9A84ED5FAA84ED608A94ED2A
:10843000643A94ED6F4A002323EE022A33EE045A85
:1084400024EE0A6A21EE031A24EE097A23EE000ACA
:1084500024EE083A82EE052A86EE056A87EE054A82
:1084600081EE051A80EE050A83EE053A36EE022A01
:1084700031EE041A33EE003ABEEE000A22EE024A52
:1084800084ED5E1A84ED5F2A84ED603A01EE014AC4
:10849000B7EE081A03EE034AB0EE413A14EE102A82
:1084A00024EE004AA1EB620205EE102A04F5BC722C
:1084B00024EE052A02EE053A23EE052A86ED032A6C
:1084C00009E0D618A56896ED003AEE18043323EEBD
:1084D000023A86ED003A0C2BF3D194ED5C4A94ED10
:1084E0005B3A94ED5D5A002324EE044A03EE034AFE
:1084F00005EE054A14EE102A24EE000A9FED924A7A
:10850000A1EB6201002203EE101A002120EE030A03
:1085100000EE031AB7EE000A21EE031A9FED883A27
:1085200080EE011A80EE020A9FED862A84ED651A1C
:1085300084ED660AB4EEC31AF1EE10FAB4EEC20A84
:10854000B8BF0122F1EE10FAB4EEC40AC8BF01238D
:10855000F1EE10FA02EA0302B8BF0121114084F8DB
:10856000391194ED6C0A94ED6F1AD4F8181120EEBD
:10857000010A81ED000A94ED6C0A94ED6F1A20EE69
:10858000010A81ED070A94ED6C0A94ED6F1A20EE52
:10859000010A81ED0E0A94ED6C0A94ED6F1A20EE3B
:1085A000010A81ED150A94ED6D0A94ED6F1A20EE23
:1085B000010A81ED1C0A94ED6D0A94ED6F1A20EE0C
:1085C000010A81ED230AD4F81C11D4F8B8210A60FD
:1085D000D4F8B8210A61D4F8B8210A62FFF782FC06
:1085E0006068BFEE008A0168C4F8501101EE101AED
:1085F0004268C4F8542100EE102A836820EE002A55
:1086000001EE012AC4F8583103EE103A32EE022A84
:10861000C66820EE030A72EE080AC4F85C6103EE35
:10862000106A056901EE030AC4F8605130EE000AD1
:108630004069C4F8640145480068C4F8680103F063
:108640005DF99FED439A20EE090A84ED6A0A94EDE4
:10865000573A94ED562A94ED540A94ED551A23EEA8
:10866000034A22EE032A00EE004A00EE012A34EE0D
:10867000041A32EE020A71EE080A03F03FF920EE06
:10868000090A84ED690A94ED551A94ED573A94ED70
:10869000540A94ED562A21EE031AB8EE003A00EE81
:1086A000421A21EE030A03F093F820EE090A9FED27
:1086B000292A84ED680A94ED6A0A94ED761A30EE60
:1086C000411AB4EEC21AF1EE10FA02DD4FF6FF7055
:1086D00007E09FED212AB4EEC21AF1EE10FA0DDA8E
:1086E0000120B4F8D4110844A4F8D40108E000BF74
:1086F0006F12833A8096184B00000000B4F8D40142
:108700009FED161A00B2B0EE403A02EE100AB8EE33
:10871000C22A02EE013A84ED6B3A84ED760AD7E97B
:108720000001013041F10001C7E90001BDEC108BEF
:1087300001B0F0BDA006002014BC0008865A375FC7
:108740009A99993ECDCC1441CDCC2441AC01002066
:10875000E12E654200003443000034C30000B443FE
:108760002DE9F843044694F82B0008B1BDE8F883DE
:10877000204604F1B80604F138084FF0010930F83A
:10878000781F3246A4F8B8104146A4F8BA9002F017
:108790000DFE84F8C800204604F1C00730F8481FD9
:1087A0003A46A4F8C0103146A4F8C29002F092FEF6
:1087B00084F8C80025463946324635F8980FA4F8A3
:1087C000B8002846A4F8BA9002F0F0FD84F8C8007A
:1087D000A5F168024046314602F00CFC84F8C8005E
:1087E000BDE8F883F8B5044694F8290000B1F8BD57
:1087F00004F1600504F168062846314602F0C8FE1F
:1088000004F1580784F8C80004F1500128463A469C
:1088100002F0CCFD84F8C80004F1A8053146B4F894
:1088200058002A46A4F8A800B4F86A00A4F8AA00E0
:10883000384602F0BBFD84F8C80004F188012846E0
:108840003A4602F0D7FB84F8C800F8BD0168A1F2EF
:108850000121032988BF7047DFE801F00216080FE5
:1088600000F11C010C48543001F012BD00F11C0154
:10887000094800F51B7001F00BBD00F11C01064812
:1088800000F55E7001F004BD00F11C01024800F526
:10889000B07001F0FDBC00BFEC07002070B50446CD
:1088A00094F8280000B170BD607B38B3207B04F1E0
:1088B000B805012604F130012A46A4F8B80004F1F5
:1088C0006000A4F8BA6002F071FD84F8C80004F1F9
:1088D0004001207BA4F8C000A4F8C26004F1C006E7
:1088E00004F17000324602F061FD84F8C80004F122
:1088F00038022846314602F07DFB07E004F16000B3
:1089000004F1300104F1380202F050FD04F1C80115
:10891000087070BD14480A4A016892ED001AB8EE5A
:10892000411A21EE000A0268521A01EE102AB8EE2E
:10893000411AB4EEC10AF1EE10FAF4DC704700BF40
:108940006004002081B00848006800900748009942
:10895000026891423FBF06490A6801320A600099E5
:10896000016001B0704700BF041000E0E80700207C
:108970006C04002010B52DED088B04462349D4F873
:10898000EC0090ED000A30EE008A81ED098A90ED4E
:10899000010A30EE009A81ED0A9A90ED020A30EE5B
:1089A00000AA81ED0BAA90ED030A194830EE00BA37
:1089B000008881ED0CBAA27B217B50434143D4F85F
:1089C0000C01F7F7B6FDD4F80C01B1EE4A0AB1EE8E
:1089D000481A80ED000A80ED01BA80ED021AB1EE6E
:1089E000491A80ED039A80ED069A80ED078A80EDA2
:1089F00008BA80ED09AA80ED0C8A80ED0D1A80ED91
:108A00000E0A80ED0FBABDEC088B10BDA006002049
:108A10008803002010B5044609489022D4F8F810C5
:108A2000F7F733FDD4F81C1106484822F7F72DFD5F
:108A3000D4F80C1104484822F7F727FD10BD00BFF9
:108A40004800002040030020F00500202DE9FE4FE3
:108A5000044604F1780504F180062846314602F008
:108A600097FD84F8C80004F1A80704F15801B4F890
:108A700078003A46A4F8A800B4F85A00A4F8AA006E
:108A80002846019102F092FC84F8C80004F1B00875
:108A90003146B4F8A8004246A4F8B000B4F8820009
:108AA000A4F8B2003846029602F080FC84F8C800B0
:108AB000254635F8900F288205F11006294668886A
:108AC00032466882404602F095FA84F8C800304683
:108AD000414602F0F1FA84F8C800BE4A05F1280ABE
:108AE000E86D0168516302EE101A436822EE025AE3
:108AF000936300EE103A866800EE405AD66303EEA8
:108B0000106AB54EC06803EE435A106401EE100AB5
:108B10000120B4F8782020EE014A23EE016A01EE2C
:108B2000015A02EE434A02EE006A2A85688534EE55
:108B3000040A36EE062AD5F89C00002580ED000ACE
:108B400080ED012A80ED025A0CE0D4F82C01284473
:108B500090ED000A02F0A8FD02F0AEFD7019043598
:108B600080ED610A0C2DF0D125464FF001095146E8
:108B700035F8480F05F1780BA5F878002846A5F8D8
:108B80007A905A4602F0A6FC85F8800059463A468B
:108B9000B5F87800A5F860004046A5F8629002F0AC
:108BA00005FC85F88000A5F870905146B5F878006E
:108BB000A5F87200584602F0EBFC85F8800006F537
:108BC000E0725046394602F0F1FB85F88000B6EEBF
:108BD000002A96ED731A96ED720A21EE022AB4EE7F
:108BE000C20AF1EE10FA02DA86F8389106E096F839
:108BF0003891B9F1000F18BF4FF00109B4EEC10A66
:108C0000F1EE10FA1ADDB9F1010F17D1D6E95010C3
:108C100096F83921013140F10000002A04BF1146C5
:108C20001046C6E95010333970F10000C0F0BA8028
:108C3000002086F83801DDE9010120E09FED672A78
:108C40000021002221EE022AB4EEC20AF1EE10FA4F
:108C5000C8BF012101EA0901012908D19FED602A5D
:108C600031EE400A21EE021A80EE010A01E0B7EE71
:108C7000000ADDE9010186ED670AC6E950220025F8
:108C800084F82C50B4F85820A4F8A820B4F8822016
:108C9000A4F8AA203A4602F089FB04F1980984F866
:108CA000C800384641464A4602F080FB84F8C800B6
:108CB000B4F89800B4F89A1041430CE0D4F81C3191
:108CC00096ED670A013503EB820292ED001A20EE61
:108CD000010A82ED000AEAB29142EFD89FED420A02
:108CE0000421302218E006EB8103002703F5BA7354
:108CF0000EE0D4F81C5193ED001A154481EE001AD1
:108D00003D44043795ED002A21EE021A85ED001A44
:108D10000C2FEED10C3201310629E4D1A4F8B800B1
:108D2000012059465246A4F8BA00484602F03EFBDC
:108D300084F8C80096F8380128B39FED2C0A9FEDFF
:108D40002C1A10201DE0D4F8BC1096ED6F2A0144B7
:108D500022EE004A043091ED003AB4EEC43AF1EE4E
:108D600010FAC2BF81ED004A96ED6F2AB0EE443A88
:108D700022EE012AB4EEC23AF1EE10FAB8BF81ED4C
:108D8000002A1828DFD1D4F8BC00002104F13002F9
:108D9000C16004F13800514602F02CF984F8C80093
:108DA000BDE8FE8F0F4D207B298800FB01F2D4E93E
:108DB0003A01F7F76AFB2888217B484300FB01F260
:108DC000D4E93E01F7F761FB012084F82C00BDE8EF
:108DD000FE8F00BFA0060020D0110020CDCCCC3DDE
:108DE0006666663F88030020DA0FC93F0AD7233C36
:108DF0000AD723BC80B5D0F8EC10DFF850C1BEEE26
:108E0000003AB7EE087A0A68CCF8102001EE102A72
:108E10004B68CCF8143000EE103AD1F808E020EEA0
:108E2000005A01EE015ACCF818E002EE10EA91ED7A
:108E3000034A474B02EE025A8CED074A04EE045AED
:108E400015EE102A25EE035AA3EB620206EE102A55
:108E5000002225EE065A05EE067A27EE065A8CED1C
:108E6000085A07E08B18043293ED006A25EE066A73
:108E700083ED006A102AF5D13649D0F80021B6EE0C
:108E8000006A91ED6F5A25EE005A25EE065A82EDE2
:108E9000045A91ED6F5A25EE025A25EE065A82EDDC
:108EA000055A91ED6F5A21EE455A25EE065A82ED8C
:108EB0000A5A91ED6F5A24EE055A25EE065A82EDB4
:108EC0000B5A91ED6F5A24EE054A24EE034A82EDC7
:108ED000104A91ED6F4A21EE441A21EE061A82EDF6
:108EE000111A91ED6F1A21EE021A21EE061A82ED87
:108EF000161A91ED6F1A21EE000A20EE030A82ED98
:108F0000170AD0F8F80091ED740A90ED1C1A81EE62
:108F1000002A80ED1C2A91ED740A90ED231A81EE4F
:108F2000000A9FED0D1A80ED230AB4EEC12AF1EE7E
:108F300010FAB4EEC10AC4BF07490167F1EE10FA96
:108F4000C4BF0549C0F88C1080BD00BFA00600203A
:108F5000865A375FD011002000401C46032B0BD0EF
:108F6000022B0FD0012B1ED1032A14D0022A07D0C6
:108F7000012A18D1002015E0032A0ED0022A05D1BB
:108F800004200FE0032A0AD0022A0AD0012A18BFBF
:108F90007047022006E0012004E0032002E00520E3
:108FA00000E006200870704784B0CDE902120699EF
:108FB0000091079901910299009ABDF8043051403F
:108FC000BDF80C205A406FF31F32114318BF012126
:108FD00080F8611004B070472DE9F04188B08046F8
:108FE000D8F8005008F1100C05F184030FCBACE861
:108FF0000F00B5F89400A8F82000D5F8840098ED8B
:10900000020A98ED031A6FF3DF2002EE100AB8EEA1
:10901000C22A32EE402A82EE012A88ED192AD5F8BA
:109020008400C0F3CA2002EE100AB8EEC22A32EE63
:10903000402A82EE012A88ED1A2AD5F88410B5F864
:109040008800890D41EA802008F174016FF3DF2068
:1090500002EE100AB8EEC22A32EE402A82EE012A4F
:1090600088ED1B2AB5F88800C0F34A0002EE100A0A
:10907000B8EEC22A32EE400A80EE010A88ED1C0AE0
:10908000B5F88820B8F82600920B830BFFF766FF2F
:10909000B8F82600B5F8882008F17501C2F301324E
:1090A000C0F30133FFF75AFF98F8620018B108F1D6
:1090B0002E06903540E0B5F98A009FED380A464605
:1090C00001EE100AB8EEC11A21EE001A88ED1E1A40
:1090D000B5F98C0001EE100AB8EEC11A21EE001AA3
:1090E00088ED1F1AB5F98E0001EE100AB8EEC11A0C
:1090F00021EE000A88ED200A16F82E3F15F8902F71
:1091000006F1560100F0B6F873786A7806F1570157
:1091100000F0B0F806F1580700240BE06888391910
:10912000E04000F001027088E04000F0010300F030
:10913000A1F80134102CF1D1A88898ED020A98ED1D
:10914000031A6FF3DF2002EE100AB8EEC22A32EEE5
:10915000400A80EE010A88ED260A3068B8F83270BD
:10916000D8F81060D8F81450D8F81840D8F81CC0B7
:10917000B8F820E0D8F82A30D8F82620D8F82210FD
:10918000CDE9000704A8CDE9026580E8105040460B
:10919000FFF70AFF08B0BDE8F08100BF000000380B
:1091A00010B50446E06C0130E0642046FFF714FF80
:1091B000216804F1220012228431BDE81040F7F743
:1091C0001FB900000968204B994210D01F4B9942EB
:1091D0000FD01F4B99420ED01E4B99420DD01E4B03
:1091E00099420CD01D4B99420BD1214908E01C49F2
:1091F00006E01E4904E01C4902E01A4900E011495A
:1092000001601168104A914211D0104A914210D069
:109210000F4A91420FD00F4A91420ED00E4A91420E
:109220000DD00E4A914218BF7047114908E00C4911
:1092300006E00E4904E00C4902E00A4900E0014959
:1092400041607047F41600200014014000480040BF
:10925000004C00400050004000100140004400401D
:10926000441C0020341B0020241A00201419002064
:1092700004180020012B05D06BB9012A07D052B980
:10928000002007E0012A04D02AB9022002E00120D0
:1092900000E003200870704780EC020A80ED020AAB
:1092A000C0ED030A70470000B0B50C46054600F05B
:1092B0002DFC08B1802002E0284600F03FF9297912
:1092C00008432871284600F0B9FB08B1402002E0AD
:1092D000284600F0CBF8297908432871697929B12B
:1092E0002846214600F094F92879B0BD054961620D
:1092F0000549C4E90A110549216305492162054967
:10930000A161B0BDAC38223BB016CE393F161B412F
:10931000C48B813F000020422DE9F047524F0C469C
:1093200012210623054607F1020A524600F022FDEB
:10933000DFF8EC96B878F978524608234FF0000829
:1093400040EA012099ED010A00B201EE100AB8EEE0
:10935000C11A20EE010A84ED000A3879797999ED75
:10936000010A40EA012000B201EE100AB8EEC11A6B
:1093700020EE011A84ED011AB879F97940EA01204A
:1093800001B201EE101A0021B8EEC11A3880284649
:1093900020EE010A84ED020A00F0CCFCB8780F2818
:1093A00041D138797A7995F805C099ED021A40EAE9
:1093B0000220BCF1000F388000B2BA79FB79397A0B
:1093C0007E7A00EE100AB8EEC00A42EA032241EAB1
:1093D000062012B201B202EE101A03EE102AB8EE05
:1093E000C24AB8EEC33A21EE002A21EE040A21EE69
:1093F000031A11D094ED093A32EE432A84ED032A80
:1094000094ED0A2A31EE421A84ED041A388094ED64
:109410000B1A30EE410A04E084ED032A84ED041AAD
:10942000388084ED050A284622215246022300F0A6
:10943000A1FCF978B878B4EE001AB3EE072A49090E
:1094400041EAC000B8EB902F18BF40F4784001B259
:1094500000EE101AB8EEC00A388000EE012A84ED42
:10946000072ABDE8F08700BFE00500202DE9FC4792
:10947000304E824600200DF1070500218DF80700CF
:1094800050462A46B047604F50469621B84750464E
:1094900000212A46B04750469621B847504614212D
:1094A000B62200F0C5FC5046502100F033FD504676
:1094B00000212A46B04750469621B8475046002121
:1094C0002A46B04750469621B8479DF807000F2816
:1094D0002AD1DFF8649000250DF10708ECB2052CC5
:1094E00024D8600050FA85F019F8006048444778A5
:1094F000504631463A4600F09BFC5046962100F01B
:1095000021FD50463146424600F05AFC5046962115
:1095100000F018FD9DF807000135B842DED004EBDD
:1095200044004844807802E0FF2000E0002002B0C0
:10953000BDE8F087C19D0008A4BC00082DE9FC47E8
:10954000304E824600200DF1070500218DF80700FE
:1095500050462A46B0472C4F50469621B8475046B1
:1095600000212A46B04750469621B84750467E21F2
:10957000B62200F077FC5046502100F0CBFC50465C
:1095800000212A46B04750469621B8475046002150
:109590002A46B04750469621B8479DF807001E2836
:1095A0002AD1DFF8689000250DF10708ECB2052CF0
:1095B00024D8600050FA85F019F8006048444778D4
:1095C000504631463A4600F04DFC5046962100F098
:1095D000B9FC50463146424600F00CFC50469621FC
:1095E00000F0B0FC9DF807000135B842DED004EB76
:1095F00044004844807802E0FF2000E0002002B0F0
:10960000BDE8F087F59D0008459F0008B6BC00083E
:109610002DE9F84F2DED1A3B824600200C46CDE98E
:109620000800FEF7DDF9DFF8F4039FEDF68ADFF8B6
:10963000F0839FEDF5EA9FEDF59A9FEDF5FADFEDEA
:10964000F5AADFEDF5BA04F1240704F10C06B2EE39
:1096500004CA0DF114090DF1080BB6EE00DAF4EEB0
:10966000008AF3EE079A009780ED000AFEF7B8F93A
:10967000EA4890ED001A30EE410AB4EECC0AF1EE61
:1096800010FA00F3A981B0EE480AFFF743F900226F
:10969000C7E90022C7E9022205E0B0EE490AFFF758
:1096A00039F9019A013290B241F26F71884200F2A9
:1096B000168108AD019250461221062357462A46CC
:1096C00000F058FB9DF820009DF8211098ED010A4C
:1096D00040EA012000B201EE100AB8EEC11A20EEF5
:1096E000010A84ED000A9DF822009DF8231098EDF0
:1096F000011A40EA012000B202EE100AB8EEC22AB6
:1097000021EE022A84ED012A22EE02BA9DF82400FD
:109710009DF8251000EE00BA40EA012000B203EEE9
:10972000100AB8EEC33A21EE031A01EE01BA84ED35
:10973000021AB0EE4B0A02F009FAB0EE40AAB4EEFB
:109740004AAAF1EE10FA05D0B0EE4B0A02F0FEF98B
:10975000B0EE40AA94ED0C0A384600212A460823B0
:10976000BA463AEE000A84ED0C0A00F0E3FA9DF8DE
:1097700020000F2840D19DF822009DF8231098ED7D
:10978000020A40EA012000B201EE100AB8EEC11A46
:1097900020EE011A84ED031A94ED092A32EE011A23
:1097A00084ED091A9DF824009DF8251040EA012057
:1097B00000B201EE100AB8EEC11A20EE011A84EDD3
:1097C000041A94ED0A2A32EE011A84ED0A1A9DF861
:1097D00026009DF8271040EA012000B201EE100A91
:1097E000B8EEC11A20EE010A84ED050A94ED0B1AB9
:1097F00031EE000A84ED0B0A019800042DD0009F81
:10980000002019E009EB0001321892ED000A91EDF9
:10981000001AB4EEC10AF1EE10FAC8BF81ED000AD9
:109820000BEB0001043091ED001AB4EEC10AF1EE29
:1098300010FAB8BF81ED000A0C28E3D1B4EEEDAA0E
:10984000F1EE10FAB4EEECAAB8BFF0EE4ADAF1EE9F
:1098500010FAC8BFF0EE4ACA0FE0009F002006E0F1
:1098600056F8201049F820104BF82010013003283A
:10987000F6D1F0EE4ACAF0EE4ADA3CEEED0A0020EC
:1098800088ED030A0EE009EB00010BEB000291EDFD
:10989000002A92ED001A08EB0001043032EE411A62
:1098A00081ED041A0C28EED1B4EECD0AF1EE10FAD7
:1098B000DEBF98ED040AB4EECE0AF1EE10FA0EDC2B
:1098C00098ED050AB4EECE0AF1EE10FADEBF98ED7F
:1098D000060AB4EECE0AF1EE10FA7FF7DEAE94ED92
:1098E0000C0A08AA002080EE0F0A84ED0C0A07E09B
:1098F0003918043091ED000A80EE0F0A81ED000A5C
:109900000C28F5D150462221022300F033FA9DF8AD
:1099100021109DF820000022B0EE691A490941EAA1
:10992000C0004049B2EB902F18BF084300EE100A68
:10993000B8EEC00A00EE281A84ED061AB8F8000046
:109940000130A8F8000098ED030AB4EECD0AF1EE5C
:1099500010FA3FF78BAE94ED0CAA3AEE2A0A01F00A
:10996000A3FEB4EECD0AF1EE10FADEBF98ED040AC4
:10997000B4EECE0AF1EE10FA3FF778AE98ED050A94
:10998000B4EECE0AF1EE10FADEBF98ED060AB4EEA0
:10999000CE0AF1EE10FA3FF769AE97ED000A01F03A
:1099A00083FEB4EEEB0AF1EE10FA3FF75FAE94EDF2
:1099B0000A0A01F079FEB4EEEB0AF1EE10FA3FF775
:1099C00055AE94ED0B0A01F06FFEB4EEEB0AF1EE2A
:1099D00010FA3FF74BAE0AE013489FED16AA6062FB
:1099E0001248C4E90A00124812492163A0619FEDA0
:1099F000120A80EE0A0A84ED080ABDEC1A3B01B097
:109A0000BDE8F08F0AD7A33B9A99193E6F12033A2B
:109A10000080BB45CDCC1CC10AD7233C843100203B
:109A20001000002000F8FFFFAC38223BB016CE3902
:109A3000000020423F161B41C3F51C412DE9FC41AB
:109A4000DFF8A0800DF107050026002104462A4614
:109A50008DF80760C047B54F20469621B84720468D
:109A600000212A46C04720469621B84720461421A7
:109A7000B62200F0DDF92046502100F04BFA2046D6
:109A800000212A46C04720469621B847204600219B
:109A90002A46C04720469621B84720463C2101224D
:109AA00000F0C6F92046502100F034FA20463C214F
:109AB0002A4600F085F92046962100F043FA9DF8E9
:109AC00007000136F1B2092902D810F00202EDD0E8
:109AD00040220A2902EA001008BF402002B0BDE877
:109AE000F08100BFC19D00081CB50446012201237E
:109AF000206881720121206800680091D849FBF735
:109B000001FC206890F88A0002B010BD2DE9F04FEA
:109B100087B0854E824600200DF107050021ADF883
:109B20000C0002908DF8070050462A46B0477F4F40
:109B300050469621B847504600212A46B047504625
:109B40009621B84750467E21B62200F08BF9504648
:109B5000502100F0DFF9504600212A46B047504618
:109B60009621B847504600212A46B04750469621D4
:109B7000B8479DF807001E2840F09180DFF8B091AB
:109B800000250DF1070821E0600050FA85F019F872
:109B9000006048444778504631463A4600F062F942
:109BA0005046962100F0CEF950463146424600F02C
:109BB00021F95046962100F0C5F99DF80700B842FA
:109BC0006FD15046502100F0A5F90135ECB2042CBC
:109BD000DAD300260DF1100B44E008F1040000EB8D
:109BE000400009EB000419F80070504665783946CA
:109BF0002A4600F037F95046962100F0A3F9504666
:109C000039460DF1070200F0F5F85046962100F0B4
:109C100099F99DF80700A84248D15046502100F01C
:109C200079F95046122102AA062300F0A3F89DF804
:109C300008109DF8092008EB4800013641EA02218E
:109C40009DF80B202BF810109DF80A100BEB40002C
:109C500041EA02219DF80D2041809DF80C1041EA57
:109C6000022181805FFA86F8B8F1010FB5D950461C
:109C70006D21002200F0F6F85046962100F062F9BE
:109C80000DF1070250466D2100F0B4F850469621C0
:109C900000F058F99DF8070050B104252AE0FF258F
:109CA00028E004EB44004844857823E0A57821E0CF
:109CB00050467E21B62200F0D5F85046502100F0E3
:109CC00029F9BDF91000BDF91610411A40F255509E
:109CD00081420EDBBDF91210BDF91820891A8142AC
:109CE00007DBBDF91400BDF91A10401AB0F52A7F40
:109CF00004DA8025284607B0BDE8F08F0DF107068D
:109D0000504600210025324600F074F85046962156
:109D100000F018F950460021324600F06BF850462A
:109D2000962100F00FF9E5E7F59D0008459F000832
:109D3000C8BC00082DE9F041074649480E460121FC
:109D40001C4615468046F7F73FFD46F08001384631
:109D5000FFF7CAFE06E038465521FFF7C5FE05F8B5
:109D6000010B013C2006F6D140460121BDE8F0413F
:109D7000F7F72ABD2DE9F041074646480E46102167
:109D80001C4615468046F7F71FFD46F0800638460C
:109D90003146FFF7A9FE38463146FFF7A5FE06E03B
:109DA00038465521FFF7A0FE05F8010B013C2006BF
:109DB000F6D140461021BDE8F041F7F705BD00BFE0
:109DC000F8B5274C0E460746012115462046F7F701
:109DD000FBFC46F080013846FFF786FE38465521E9
:109DE000FFF782FE287020460121BDE8F840F7F712
:109DF000EBBC00BFF8B5274C0E46074610211546B0
:109E00002046F7F7E1FC46F08001084E3846B0479F
:109E100038465521B04738465521B047287020466E
:109E20001021BDE8F840F7F7CFBC00BFE99A000861
:109E3000F8B50B4F0D460646012114463846F7F794
:109E4000C3FC30462946FFF74FFE30462146FFF758
:109E50004BFE38460121BDE8F840F7F7B5BC00BF1E
:109E600000040240F8B50B4F0D460646102114467B
:109E70003846F7F7A9FC30462946FFF735FE30464D
:109E80002146FFF731FE38461021BDE8F840F7F7CC
:109E90009BBC00BF00000240B0B51446054671B13E
:109EA0000868144988420CD0134988420BD01349E2
:109EB000884204D1134801210160134804E00020C6
:109EC000B0BD0B4800E00E482860104800681049FB
:109ED000B0FBF1F1A9714FF47A71B0FBF1F0A86019
:109EE00028462146FFF7E0F90028F9D10120B0BD4E
:109EF000C414002000380040003C00400030014005
:109F0000D81500208C310020B0130020D80000208C
:109F100040420F0080B5514AD2F800C0806800FB73
:109F200001FE5068002153689842FCD001449842D9
:109F30001846A1EB030198BF6144714528BF80BD5D
:109F4000F1E700BF80B5454AD2F800C0807900FB38
:109F500001FE5068002153689842FCD001449842A9
:109F60001846A1EB030198BF6144714528BF80BD2D
:109F7000F1E700BF4FF07E500022C1E90002C1E9C5
:109F8000022270472DE9F041804600F047F8322068
:109F9000F7F732FB00F03CF83220F7F72DFB98F88A
:109FA0001C10404600F05CF898F81D10884227D13C
:109FB000002698F81E00F7B2874224D2780050FAA3
:109FC00086F008EB0004404694F8201094F8212015
:109FD00000F062F8962100F029F894F8201040462D
:109FE00000F03EF89621054600F020F894F8210094
:109FF00001368542DDD007EB47004044223004E0C3
:10A0000008F1160001E008F115000078BDE8F081C4
:10A01000054840210122F7F7DFBB00BF024840217D
:10A020000022F7F7D9BB00BF0018024080B50B48EB
:10A0300001EBC10100234FEAC10ED0F800C0416816
:10A0400042689142FCD00B4491421146A3EB0203BB
:10A0500098BF6344734528BF80BDF1E714E000E07A
:10A0600010B586B00A4600214FF00A0C4FF0010EE1
:10A070000DF117048DF817100368C07F1B68CDE938
:10A08000004ECDE902C1410018460123FAF7A4FCB5
:10A090009DF8170006B010BDFEB58DF817200B46D1
:10A0A0004FF0010E4FF00A0C0168C07F0A680DF1F5
:10A0B0001701CDE9001E4100CDE902CE10461A4637
:10A0C0000123FAF789FC06B080BD000010B50446F4
:10A0D00059B108680C49884209D00C49884208D017
:10A0E0000B49884201D10C4804E0002010BD05480E
:10A0F00000E0084820602046FFF744FF0028FAD11E
:10A10000012010BD7004002000540040005C00409D
:10A1100000580040980400208404002002210175AA
:10A120000021417540218175054981610549C16161
:10A13000054901620549416205498162704700BFD6
:10A140009A99993E0010040E0B080141090242C081
:10A15000030A0B047CB50446484E0DF10601D4F801
:10A16000A05005F12000B04705F1220001A9B04739
:10A1700005F124000DF10201B04705F12600694602
:10A18000B04794F8B4C0BCF1010F11D121460022B0
:10A1900051F8E00F31F82A3CA2EB5306BDF8062037
:10A1A000101A00B2B0420ADAD4F8E80001300CE02C
:10A1B000B4F8B630BDF8062004F1E00107E0B0EBDA
:10A1C000530F04DDD4F8E8000138C4F8E800D4F8EF
:10A1D000E80000EE103A9FED2A2A9FED2A3ABCF1E2
:10A1E000000FB8EE400A00FB032001EE100AB8EEA3
:10A1F000C11AC4F8E40081EE000A94ED2B1A30EE87
:10A20000004A20EE030AB1EE083A24EE022A82EE5A
:10A21000012A80EE010A84ED332A84ED320A9FED93
:10A220001A0ABDF9040002EE100AB8EEC22A22EEA4
:10A23000000A22EE032A80EE010A82EE011A84ED62
:10A24000340A84ED351ABDF9020000EE100AB8EEAA
:10A25000C00A84ED360A9FED0D0ABDF9000001EE3B
:10A26000100AB8EEC11A31EE000A84ED370A0A600E
:10A2700004BF012084F8B4007CBD00BFA98200089F
:10A28000DB0F49400000B4435077D63D33938843F9
:10A29000D0F8BC100131C0F8BC10FFF75BBF000064
:10A2A00010B5044694F8F000032812D8DFE800F057
:10A2B00002021417B4F8B80094ED2C0A94ED411A78
:10A2C00002EE100A81EE000AB8EE422A20EE020ADF
:10A2D0001DE09FED120A1AE0D4F800010BE0D4F85B
:10A2E000FC006064D4F8CC00A064204600F09EFD21
:10A2F000E069C4F80001C4F89400D4F8D000C4F8B0
:10A30000980004F1500000F091FD94ED1B0A84EDDB
:10A31000420A2046BDE8104000F028B800000000C6
:10A32000B0B5044608680E4DA84204D00D4DA842B1
:10A3300004D10D4800E00948C4F8A00008461146C1
:10A3400084F8A42084F8F03084ED2B0AC4ED2C0AA4
:10A35000FDF7E4FAC4F8A800B0BD00BF90030020E8
:10A360000064004000680040BC03002090ED420AF9
:10A37000BDEEC00AD0F8A81010EE102A120A0A701A
:10A3800090ED420AD0F8A800BDEEC00A10EE101AF7
:10A390004170704710B50446442104F10C00F6F7F3
:10A3A000C8F804F15C004421F6F7C3F800204FF42C
:10A3B000005184F8B400A4F8B6104FF48041A4F81A
:10A3C000B810C4E92F0084F8C4000320182184F8D1
:10A3D000F00004F1F400F6F7ACF8204610BD0000E0
:10A3E000B0B590F8D0144A1E032A21D200F5A2710C
:10A3F0000022022302E08B5402F58672B2F5866FCA
:10A40000F9D100F2844191ED000AB5EE400AF1EE77
:10A4100010FA2CD000F2D441B1EE401A91ED002A8E
:10A42000B4EEC12AF1EE10FA18DA81ED001A1EE03E
:10A43000002940F096800021022200230AE0C5187E
:10A4400003F5867385F84421C5F8A010C5F85411AA
:10A45000C5F85C11B3F5866FF1D182E0B4EEC02A85
:10A46000B0EE401AF1EE10FAC8BF81ED001A00F507
:10A47000916191ED000AB5EE400AF1EE10FA16D0A6
:10A4800000F59B61B1EE401A91ED002AB4EEC12AAD
:10A49000F1EE10FA02DA81ED001A08E0B4EEC02AFB
:10A4A000B0EE401AF1EE10FAC8BF81ED001A00F2CA
:10A4B0008C4200F2DC4192ED001AB5EE401AF1EE4A
:10A4C00010FA14D091ED000AB1EE412AB4EEC20A9E
:10A4D000F1EE10FA06DBB4EEC10AB0EE412AF1EE5D
:10A4E00010FA06DDB0EE420A81ED002A01E091ED9E
:10A4F000000A00F59B6100F2D4429FED1A1A9FED0D
:10A500001A4A00F15404002591ED003A92ED002A18
:10A5100000F58F6120EE010A33EE021A33EE422A73
:10A5200031EE403A32EE005A31EE001A32EE400A75
:10A5300023EE043A25EE445A21EE441A20EE040A92
:10A5400080ED553A80ED985A80EDDB1A81ED000AD6
:10A5500004E06019FFF7A4FE05F58675B5F5866F72
:10A56000F7D1B0BD9A99993E63277641FFF738BF7E
:10A5700070B52DED068B04469FED448A9FED449AFD
:10A58000444D04F2844080ED000A04F59160C0ED72
:10A59000000A04F28C4080ED001A04F59260B0EEDF
:10A5A000480AF0EE490AC0ED001A2046A84704F117
:10A5B0001C00B0EE480AF0EE490AA8479FED360AA3
:10A5C00004F13800F0EE400AA8479FED348A9FED71
:10A5D000349A9FED34AA002521E06119F0EE4A0A71
:10A5E000B0EE4A1AF0EE4A1AB0EE4A3AF0EE4A3AA3
:10A5F000B0EE4A4AF0EE494AB0EE4A5A01F1A400E0
:10A60000B1F80C1100EE101A0021B8EE402AB0EE9D
:10A61000480AF0EE422A00F0E5FC05F58675B5F52E
:10A62000866FDAD1204D9FED218A9FED219A214E30
:10A6300004F15400012202232946B0EE480AF0EE4C
:10A64000490AB04704F5B070294602220223B0EE51
:10A65000480AF0EE490AB04704F51B702946032268
:10A660000223B0EE480AF0EE490AB04704F55E70E6
:10A67000294604220223B0EE480AF0EE490AB44605
:10A68000BDEC068BBDE87040604700BF6F12833B96
:10A690006F12033C99920008CDCC4C3D0080BB4426
:10A6A0006F12833A000000006C3400202CA0994106
:10A6B0000000804621A3000870B504460020542500
:10A6C00040F28446C4E90400A061C4E90B00606361
:10A6D000C4E9120020656019FFF75CFE05F5867578
:10A6E000B542F8D14FF07C501521C4F890044FF0DA
:10A6F0008140C4F894040948C4F898044FF08D4090
:10A70000C4F89C0404F2BC40F5F713FF04F2D440F3
:10A710001821F5F70EFF204670BD00BF0060EA4625
:10A72000B0B5044694F8511004EBC100042950F868
:10A73000042F02F10102026000F28980DFE801F0DB
:10A74000033256666F00424A536C002243B104F84C
:10A75000312002600120042284F8200084F8512076
:10A760003D4890F8600001280BD1D0B200210222B0
:10A7700004F8301004EBC00041600120207484F81C
:10A780005120D0B204EBC00151F8042FB2F57A7F0A
:10A790005DD9002204F8302001200A60207284F87C
:10A7A0005100B0BD2C4ADFF8B4C0002392F86050CD
:10A7B00001228CF8D034012D08D18CF8D02404F873
:10A7C000313003602274022284F851202048406C0A
:10A7D000E8B3002004EBC20104F832004860012015
:10A7E00084F82000042084F85100B0BD1A4A92F881
:10A7F0006020002A18BFB0BD002204F8312002609A
:10A8000001202076032084F85100B0BD002204F816
:10A81000312002600120207084F85120B0BD0C4D21
:10A820002846F9F791FB0B48B0F8042100F18401A8
:10A830002846F9F7E6FA94F85100002104F83010A0
:10A8400004EBC00041600120207084F85110B0BDBD
:10A85000FC3B002014190020D80C0020EC0700203D
:10A8600093ED012A93ED023A93ED001A93ED034A1A
:10A8700091ED017AB6EE000A91ED006AD1ED020A7F
:10A88000F0EE401A23EE025A43EE431A04EE415A08
:10A8900044EE441A23EE011A27EE053AB0EE405A70
:10A8A00004EE021A06EE213A01EE203A33EE031AC4
:10A8B00082ED001A93ED012A93ED001A93ED034AFD
:10A8C00093ED023A91ED017A91ED006AD1ED020A21
:10A8D00002EE425A61EE041A04EE445A42EE031AA2
:10A8E00023EE044A25EE073A02EE414A06EE213AEB
:10A8F00004EE203A33EE031A82ED011A93ED023A88
:10A9000093ED034A93ED012A93ED001A91ED017A3C
:10A9100091ED006AD1ED020A24EE035A22EE044AB8
:10A9200002EE420A02EE015A01EE434A03EE430AE6
:10A9300025EE071A06EE041A00EE201A31EE010A7F
:10A9400082ED020A704793ED001A93ED034A93EDEE
:10A95000012A93ED023A91ED017AB6EE000A91EDEB
:10A96000006AD1ED020AF0EE401A24EE015A43EEDD
:10A97000431A03EE025A44EE441A24EE022A27EE4A
:10A98000054AB0EE405A03EE412A06EE214A02EE95
:10A99000204A34EE041A82ED001A93ED012A93ED59
:10A9A000023A93ED034A93ED001A91ED017A91ED8D
:10A9B000006AD1ED020A02EE425A62EE031A04EE78
:10A9C000445A41EE441A23EE043A25EE074A02EEB9
:10A9D000013A06EE214A03EE204A34EE041A82EDD3
:10A9E000011A93ED023A93ED034A93ED001A93EDA9
:10A9F000012A91ED017A91ED006AD1ED020A24EE6F
:10AA0000035A61EE031A02EE420A02EE415A42EE86
:10AA1000041A03EE430A25EE071A06EE211A00EE89
:10AA2000201A31EE010A82ED020A7047F8B5594F3B
:10AA3000044638780130387004F57C70FCF750FF1C
:10AA400084EDFA0A04F1280004F5467194EDFB1A2E
:10AA500030EE010A84EDFB0AFEF75EFCD4F8181311
:10AA600004F59C70C4F8D01001EE901AD4F81C23A1
:10AA7000C4F8D42002EE102AD4F82033C4F8D83019
:10AA800002EE903AD4F82463C4F8C46000EE106A71
:10AA9000D4F82853C4F8C85000EE905A94EDCB1A5D
:10AAA00084ED331A94EDFA3AFDF736FC04F522737F
:10AAB000394E04F1B40C04F1B4050FCBACE80F002F
:10AAC00004F5647104F1F8022B46B04704F5677190
:10AAD00004F582722B46B04704F56A7104F588725A
:10AAE0002B46B0472D4E04F577712B463246FFF7C3
:10AAF0002AFF6FF00B001CE02218311894ED3D3A4C
:10AB000094EDFA4A043092ED370A91ED032A92ED62
:10AB10003A1A30EE420A34EE032A23EE011A20EEEE
:10AB2000040A81EE021A80EE020A30EE010A82ED7A
:10AB30003A0A0028E0D104F1DC0104F1E8022B46D6
:10AB4000FFF78EFE204600F0C1F838783221B0FBC6
:10AB5000F1F202FB1100C0B9D4F83403C4F8A80024
:10AB60000F48C4F8A40004F1600000F05FF95648F3
:10AB700094ED1F0A0068BDEEC00A10EE101AC26AFA
:10AB80008A4238BFC16A89B24163012084F8F80360
:10AB9000F8BD00BF8831002061A800088C3C00206F
:10ABA0000000484290F8F81339B390EDC60A90EDD2
:10ABB000D31A00F5467100F55372B4EE401AF1EE67
:10ABC00010FA13D190EDC70A90EDD41AB4EE401AE2
:10ABD000F1EE10FA0AD190EDC80A90EDD51AB4EE54
:10ABE000401AF1EE10FA01D1002300E0012380F8B1
:10ABF000B03010463422F5F703BC704710B52DED88
:10AC0000048B2849044604F1280004F54672FFF736
:10AC100043F96420F6F7F0FC234904F13400FFF710
:10AC200055FA6420F6F7E8FC04F56D712046FFF74D
:10AC3000A1F99FED1E8A9FED1F9A9FED1D1AB2EE9E
:10AC4000040AF7EE001A04F59C70F0EE480AB0EE24
:10AC5000492AFDF79BFA18489FED1A2A9FED170A1B
:10AC6000DFED170AB0EE491AF0EE491AB0EE493A94
:10AC7000F0EE493AB0EE494AF0EE484AB0EE495A91
:10AC80000021C4F8F40004F16000F0EE422A00F064
:10AC9000A9F90D480021BDEC048BBDE81040F8F780
:10ACA000CFBF00BFF4390020BC3400206F12833ABC
:10ACB0008096184B0000000096430B3C0000FA44BD
:10ACC00000803B450000804F943A002010B52DEDE8
:10ACD000028B0446BFEE008AD4F8E002C4F82C01CF
:10ACE000D4F8DC02C4F82801D4F8D802C4F824014E
:10ACF000D4F8E402C4F8300194EDEE1A94EDED0AB4
:10AD000094EDEF2A94EDF03A21EE014A21EE021A79
:10AD100000EE004A00EE031A34EE042A31EE010A76
:10AD200072EE080A00F0EAFD84EDF10A94EDEE1AE5
:10AD300094EDF03A94EDED0A94EDEF2A21EE031A2A
:10AD4000B8EE003A00EE421A21EE030A00F040FD90
:10AD500084EDF20A94EDF03A94EDEF2A94EDED0AC9
:10AD600094EDEE1A23EE034A22EE032A00EE004A87
:10AD700000EE012A34EE041A32EE020A71EE080ADD
:10AD800000F0BCFD84EDF30A9FED0A0A9FED0A1A5C
:10AD90006FF00B0009E02118043091EDF42A22EE47
:10ADA000002A82EE012A81EDF72A0028F3D1BDECBA
:10ADB000028B10BD00003443DA0F494070B50446E1
:10ADC0004FF07E560025266065601648C4E90205EE
:10ADD00004F13400C4E9045584F82C5084F82D5053
:10ADE00084F82E502563FFF799F904F16C00442193
:10ADF000F5F79FFB04F56D703021C4E9E465C4E903
:10AE0000E655C4E9E865C4E9EA55C4F8B063F5F766
:10AE100090FB0548C4F8E403204684F8F853C4F8CE
:10AE2000F45370BD00007A44C3F51C4190ED112A23
:10AE300090ED121A90ED013A32EE410AB0EEC04A9E
:10AE4000B4EEC34AF1EE10FABFBF9FED650A80ED84
:10AE5000111AB0EE412AB0EE404A90ED0E6A90ED24
:10AE6000083AB5EE406AF1EE10FA09D190ED0F5AAA
:10AE7000B5EE405AF1EE10FA02D1B7EE005A22E0D8
:10AE8000B4EEC64AF1EE10FA12DDB4EEC46AF1EE89
:10AE900010FA0FDA90ED0F7AB4EEC74AF1EE10FA1D
:10AEA000BEBF37EE465A37EE446A86EE055A01E0D9
:10AEB000B7EE005A90ED0F6AB4EEC64AF1EE10FA02
:10AEC000A8BF9FED475A90ED0C6AB5EE406AF1EECF
:10AED00010FA18D0D0ED091AD0ED130AB1EE467A67
:10AEE00087EE217AF4EEC70AF1EE10FA02DA80ED6D
:10AEF000137A08E086EE217AF4EEC70AF1EE10FA32
:10AF0000C8BF80ED137A90ED106AB5EE406AF1EE9D
:10AF100010FA04D0B4EEC64AF1EE10FA59DA90ED08
:10AF2000004A90ED136A25EE045A00EE056A80EDA2
:10AF3000136A90ED095A25EE065A017A90ED0A6AD5
:10AF400020EE033A31B190ED077A00F1140200F1DE
:10AF50001C0105E000F11C0100F11802B0EE407A7E
:10AF6000D2ED000AD0ED0B1A33EE053A37EE607AD7
:10AF7000D0ED040A26EE076A86EE044A33EE043A60
:10AF800032EE605A05EE213A80ED073A13EE102AB0
:10AF900090ED0D4AB5EE404AF1EE10FA11D0B1EE47
:10AFA000445AB4EEC53AF1EE10FA06DBB4EEC43AF8
:10AFB000B0EE445AF1EE10FA03DD15EE102A81EDE1
:10AFC000005A80ED031A80ED042A426180ED060AE2
:10AFD000704700219FED025AC16490ED004AACE732
:10AFE0000000000000F12002C0EC024A82EC090AD5
:10AFF00001727047B0B5B0F800C00B889C4553D1C2
:10B0000045884B889D424FD113889C454CD153882D
:10B010009D4249D143684968506805FB0CFC0022F9
:10B02000B2EB9C0F30D04FEA9C0200BF93ED000AB8
:10B0300091ED001A03F1100E30EE010A80ED000AC6
:10B0400093ED010A91ED011A01F1100430EE010AAD
:10B0500080ED010A93ED020A91ED021A00F110054C
:10B0600030EE010A80ED020A93ED030A91ED031A16
:10B07000013A30EE010A80ED030A73462846214664
:10B08000D4D12146284673461CF003020AD000BFE3
:10B09000B3EC010AB1EC011A013A30EE010AA0EC5E
:10B0A000010AF5D1002000E0FD2040B2B0BD0180D2
:10B0B00042804360704700002DE9F04F81B02DEDD4
:10B0C000028B8EB0B0F800C0B0F802A0D44540F0BA
:10B0D0003A810B88FD229C4540F036814F88BB4267
:10B0E00040F0328140689FEDB08ABCF1000F0090C3
:10B0F00000F031814C686FF0030000EB8C090027F1
:10B1000000266546CDF828C0204609940A98401BC1
:10B1100008D0B1002046F5F70CFA3846013004F1AA
:10B120000404FBD304F1040BB5F101084FF07E5089
:10B13000206012D0A9EB86015846F5F7FAF90120F4
:10B140005C4600BF0130854204F10404FAD10136A7
:10B15000013FB8F1000F4546D8D1DDF828C0BCF159
:10B16000000F00F0F8804FEACA00043002900998FE
:10B17000009900EB8A00C0F10009042000EB8A006E
:10B18000ACF1010801EB8A054FEA8A03019001F155
:10B19000040B4FF0000E0F46564600200A4604905E
:10B1A000039300BF0EFB0AF002EB800191ED000A51
:10B1B0000C910999B5EE400AF1EE10FA01EB80000E
:10B1C0000D90CDF82080CDE906950B922ED10EF191
:10B1D000010060450DD20020414600BF2A1892EDC3
:10B1E000000AB5EE400AF1EE10FA06D10139184412
:10B1F000F4D10498012817D0D4E0A0EB0900002175
:10B2000057F82130146842F8043B47F821400131D7
:10B210008E42F5D10D9A51461368046840F8043BFC
:10B22000013942F8044BF7D1012004900C99AAEBA4
:10B230000E0991ED008AB9F1010F4FF07E500860C0
:10B240000DD00120594600BF91ED000A013080EE7B
:10B25000080A864281ED000A01F10401F4D10D993A
:10B260005046CDF814B000BF91ED000A013880EED1
:10B27000080AA1EC010AF7D1DDF82C800998A9F1A0
:10B28000010B0022654600BF724505D108EB89031A
:10B2900000EB8A0036E000BF0C9998ED008A91ED32
:10B2A000000ABBF1000F28EE000A38EE400A88EDD4
:10B2B000000A17D00123042107EB010C08EB01045D
:10B2C0009CED000A94ED001A28EE000A013331EEDD
:10B2D000400A9E4201F1040184ED000AECD108EB22
:10B2E000010301E008F104030D9C5146B4EC011A7E
:10B2F00090ED000A28EE011A30EE410AA0EC010A96
:10B300000139F3D103EB8E08013D02F10102BBD1FB
:10B31000079D02980B9ADDF820800544039BDDF819
:10B3200018900198DDF814B0DDF828C00432013E11
:10B330000EF1010EA8F10108A9EB030907448344AB
:10B340007FF430AF09E0FD2250B20EB0BDEC028BAD
:10B3500001B0BDE8F08F00200490B5EE408AF1EE18
:10B3600010FA4FF00002EFD104980128ECD00AFB4C
:10B370000CF14FF000004FF0000271B1009B00BFD4
:10B3800093ED000AB5EE400AF1EE10FA05D1013254
:10B39000914203F10403F3D10A468A4208BF6FF0D9
:10B3A0000400D2E7FB22CFE7000000002DE9F04FB8
:10B3B00085B047880B889F4240F08480B0F800B089
:10B3C00013889B4540F07E80B1F802E053889E458B
:10B3D00078D1D0F80480506849680190BC0827F003
:10B3E000030008EB800604FB0EF09FED390A07F01E
:10B3F000030C029101EB00104FEA8E020021009035
:10B40000CDE903E70198DDF808A0009B00EB810976
:10B41000B0EE401A5746404674B35546274640465C
:10B42000B0EE401A95ED002A90ED003A154490EDEB
:10B43000014A23EE022A95ED003A154490ED025A96
:10B4400031EE021A24EE032A95ED003A154490EDF0
:10B45000036A31EE021A25EE032A95ED003A31EE29
:10B46000021A26EE032A31EE021A013F00F1100003
:10B470001544D7D11F463046BCF1000F0CD06546AD
:10B4800090ED002A97ED003A043022EE032A31EEC7
:10B49000021A013D1744F3D1A9EC011ABEF1010EC5
:10B4A0000AF1040A03F10403B2D1DDF80CE0049FB1
:10B4B000714408EB8708BBF1010B06EB8706A1D1AD
:10B4C000002000E0FD2040B205B0BDE8F08F00BFD5
:10B4D00000000000B0B5B0F800C00B889C4553D107
:10B4E00045884B889D424FD113889C454CD1538849
:10B4F0009D4249D143684968506805FB0CFC002215
:10B50000B2EB9C0F30D04FEA9C0200BF93ED000AD3
:10B5100091ED001A03F1100E30EE410A80ED000AA1
:10B5200093ED010A91ED011A01F1100430EE410A88
:10B5300080ED010A93ED020A91ED021A00F1100567
:10B5400030EE410A80ED020A93ED030A91ED031AF1
:10B55000013A30EE410A80ED030A7346284621463F
:10B56000D4D12146284673461CF003020AD000BFFE
:10B57000B3EC010AB1EC011A013A30EE410AA0EC39
:10B58000010AF5D1002000E0FD2040B2B0BD00006E
:10B590002DE9F04FB0F800A04A88924545D1428885
:10B5A0000B889A4241D1D1F804C046684FEA92080C
:10B5B00002F003094FEA0A1E4FEA8A014FF0000B1E
:10B5C000624600BFB8F1000F1AD01546474600BFCB
:10B5D000336828462B6073680D444350B3686C1879
:10B5E0006B50F56806F1100366186550013F06EBD5
:10B5F00001051E46ECD100EB0E071E4602E000BF1F
:10B600000CEB8B07B9F1000F06D0484656F8043B07
:10B6100001383B600F44F9D10BF1010BBAF1010A7B
:10B6200002F10402CED1002000E0FD2040B2BDE8CE
:10B63000F08F80B5F6F7CEFBF9F70EFFF9F7B0FA09
:10B64000F9F75CFAF9F71CFAF9F7E2FBF9F744FCB1
:10B65000F9F774FCF9F7A4FCF9F7A6FBF9F72EFA51
:10B66000F9F75EFBF9F77AFBF9F7CCFCF9F7E6FCA2
:10B67000F9F704FDF9F71EFDFAF728F9FAF776F95C
:10B68000FCE74100080218BF04200A0E18BF40F072
:10B6900001004FF07F4232EA010108BF40F0020092
:10B6A000012808BF0520704710EE100A20F0004066
:10B6B00000EE100A7047000010B510EE104A4FF06F
:10B6C0001A402DED028B00EB4400B0F1C85F4AD860
:10B6D0004FF0FC40B0EB440F22D2B0EEC00AF7EEC0
:10B6E000000A30EEC00AF6EE000A20EE208A18EEBC
:10B6F000100A00F05FFA00EE100A14F0004F1DBFB0
:10B700009FED281ADFED280AB1EE400A9FED271AB7
:10B7100008BFF0EE410AF8EE001A20EE210A05E01B
:10B7200020EE008A9FED221ADFED220ADFED221AB9
:10B730009FED222A70EEC00A20EE080A08EE212AA8
:10B74000DFED1F1A48EE021A9FED1E2A08EE212A8D
:10B75000DFED1D1A48EE021ABDEC028B40EE610AC5
:10B7600030EE810A10BD4FF0CC40B0EB440F82BFE9
:10B770009FED160ABDEC028B10BD4FF07F40B0EB81
:10B78000440F05D2BDEC028BBDE8104000F0FBB9C0
:10B790000120F4F789FFBDEC028BBDE8104000F0FA
:10B7A000F9B900000000494022AA7D3A00000000DB
:10B7B0000000C93F22AAFD3924FE1C3DC78AD83C9F
:10B7C0001E67383D1B93993DAFAA2A3EDB0FC93F48
:10B7D00010B54FF00E402DED028BB0EE408A18EE02
:10B7E000104A00EB4400B0F1506F4AD84FF0FC40D3
:10B7F000B0EB440F22D2B0EEC80AF7EE000A30EEEA
:10B80000C00AF6EE000A60EE208A18EE900A00F0F8
:10B81000D1F901EE100A14F0004F1DBFDFED2D0A23
:10B820009FED2D0AB1EE411ADFED2C0A08BF9FED06
:10B830002C0AF8EE001A21EE218A05E0DFED290A34
:10B8400068EE088AB0EE600A9FED271ADFED271A2E
:10B8500030EE080A48EE811A9FED251A08EEA11A6B
:10B86000DFED241A48EE811A9FED231A08EEA11A83
:10B8700068EE281ABDEC028B01EE810A30EE200A38
:10B8800010BD4FF0E440B0EB440F0CD918EE100A95
:10B89000FFF7F7FE042808BF00F084F9B0EE480A6D
:10B8A000BDEC028B10BD4FF07F40B0EB440F07D2D0
:10B8B000B0EE480ABDEC028BBDE8104000F063B961
:10B8C0000120F4F7F1FEBDEC028BBDE8104000F062
:10B8D00061B900000000C9BF22AAFDB90000C93F3C
:10B8E00022AAFD390000000024FE1C3DC78AD83C76
:10B8F0001E67383D1B93993DAFAA2A3E10EE100AF1
:10B9000010B510EE901A4FF0684202EB40032DED97
:10B91000028BB3F1654F3CBF02EB4102B2F1654FC0
:10B920007CD200BFC0F3C753C1F3C7529A1A1B2A77
:10B9300009DD10F0004F14BF9FED6E0A9FED6E0AF7
:10B94000BDEC028B10BD12F11A0F1BDA11F0004F83
:10B9500009D010F0004F0CBF9FED680A9FED680AF8
:10B96000BDEC028B10BD80EE208A18EE100AFFF7A6
:10B9700088FE042808BF00F015F9B0EE480ABDECB7
:10B98000028B10BD4200B2EB410F37D910F0004FCF
:10B9900019BFDFED5C1A9FED5C1ADFED5C1A9FEDBD
:10B9A0005C1AB0EE602A0A46F1EE400A80F00041CF
:10B9B000B0EE420A10460A1A5200B2F1807F34D229
:10B9C000484010F0004FDFED532A9FED533A1DBF62
:10B9D000BEEE002A71EEE21A31EE431AB6EE002AEC
:10B9E00004BF71EEA21A31EE031AF0EE402A42EEC5
:10B9F000602A40EE020A82EEA02A18E011F0004F01
:10BA000004BF9FED461AF0EE411AD4D010F0004F5B
:10BA10001CBFDFED431A9FED431A00E026E004BF90
:10BA2000DFED411A9FED411AC5E780EE202A22EE94
:10BA3000020ADFED3F0ADFED3F2ABDEC028B40EE4C
:10BA4000202ADFED3D0A40EE220ADFED3C2A40EEDF
:10BA5000202ADFED3B0A40EE220A22EE000A00EE29
:10BA6000201A31EE020A30EE210A10BD4FF07F425B
:10BA7000B2EB400F28BFB2EB410F05D2BDEC028BF9
:10BA8000BDE8104000F082B840EA01035B0008BF47
:10BA900041F0FF410BD0B2EB400F08BFB2EB410FBA
:10BAA00008D120F0804000EE100A21F0804100EE25
:10BAB000901A37E7B2EB400F12BF5FEA410240F045
:10BAC000FF4001F000413FF42DAF4A0092EA4003ED
:10BAD0003FF528AF002AACBF9FED1A1A9FED1A1A46
:10BAE00020EE010A60EE810A10EE100A10EE901AA4
:10BAF00018E70000DB0FC9BFDB0FC93FDB0F494070
:10BB0000DB0F49C00000C9BF22AAFDB90000C93F30
:10BB100022AAFD390060ED3EC30ACE3700000000C6
:10BB2000000049C022AA7DBA0000494022AA7D3AFD
:10BB30002DAD65BD8FB8D53D0FB511BE61C84C3E6A
:10BB4000A8AAAABE0000804F0000802F10B52DEDDE
:10BB5000028BB1EEC08A18EE100A20F00040C0F14E
:10BB6000FF40C00F0AD010EE100A20F00040C0F1D4
:10BB7000FF40C00F04BF0120F4F796FDB0EE480A65
:10BB8000BDEC028B10BD30EE000A704730EE200A8B
:10BB900070470000DFED020A80EEA00A7047000047
:10BBA000000000009FED020A20EE000A704700002E
:10BBB0000000001010B500EE100A2DED028BB1EE62
:10BBC000C08A18EE100A20F00040C0F1FF40C00FFC
:10BBD0000AD010EE100A20F00040C0F1FF40C00F64
:10BBE00004BF0120F4F760FD18EE100ABDEC028BD3
:10BBF00010BD4FF04070E1EE100A704700000000E9
:10BC0000000000000102030406070809000000000C
:10BC1000010203040000803F00000000000000005B
:10BC20000000000000000000000000000000000014
:10BC30000000803F00000000000000000000000045
:10BC40000000000000000000000000000000803F35
:10BC500000000000000000000000000000000000E4
:10BC600000000000000000000000803F0000000015
:10BC700000000000000000000000000000000000C4
:10BC8000000000000000803F0000000000000000F5
:10BC900000000000000000000000000000000000A4
:10BCA0000000803F0F000810820911000A15800B68
:10BCB00016000C18010D7D04017C000240AB03410D
:10BCC000000553080658040740AC037D04014103F6
:10BCD000057C00026D0D026D0902000000BD000828
:10BCE00000000020B0010000C4010008E0BD000811
:10BCF000B0010020E8DA00002002000859BBFFFF75
:10BD00003201F210000910E7416B3A58A08B3A1348
:10BD100021631B0855041A61041A8D041ABD04130B
:10BD2000FD621B082D081108081250C347CDCCCC6A
:10BD30003D0409531C110B1AC8421C111324F4139F
:10BD400021601408B15E1C088161A03113115F1BD2
:10BD50000801101A7104C11A95181A55041AD90449
:10BD60001A49041409024313020125C03209041BB5
:10BD700001020B130524161001052401100901040A
:10BD8000240202052406170107058203081510097D
:10BD9000040133020A2E0705010240072A81071118
:10BDA000130A0632023340011A12231302021E4004
:10BDB00083044057591B02031513C1081B08BD0417
:10BDC0001AB9041AE50413010900081A0804030942
:10BDD000041A030500A59BC4BB000000000000007E
:040000050800018965
:00000001FF
