:020000040800F2
:1000000060D60020A10100081D860008817100084B
:10001000198600084D03000819E3000800000000DD
:100020000000000000000000000000008D900008AB
:100030008907000800000000658A0008299100086F
:10004000BB010008BB010008BB010008BB010008A0
:10005000BB010008BB0100088D070008BB010008B8
:10006000BB01000899070008A5070008BB010008AC
:10007000A1040008B1040008BB010008C104000885
:10008000BB010008BB010008BB010008BB01000860
:100090005103000861030008BB010008B107000814
:1000A000BB010008BB010008BB010008BB01000840
:1000B000BB010008BB01000809920008BB01000851
:1000C000BB010008BB010008BB010008BB01000820
:1000D000BB010008F1A20008BB01000801A3000851
:1000E000BB010008BB010008BB010008BB01000800
:1000F000BB010008BB010008BB010008BB010008F0
:10010000BB010008BB01000819920008BB010008F0
:10011000BB010008BB010008BB010008BB010008CF
:10012000BB010008D1040008E1040008F104000844
:10013000BB010008BB010008BB010008BB010008AF
:100140007103000881030008BB010008A1860008B4
:1001500001050008110500082105000811A3000889
:10016000BB010008BB010008BB010008BB0100087F
:10017000BB010008BB010008BB0100080000000033
:10018000BB010008BB010008DFF810D000F0A0F8A8
:1001900000F06EF8004800477538010860D600206E
:1001A0000648804706480047FEE7FEE7FEE7FEE711
:1001B000FEE7FEE7FEE7FEE7FEE7FEE7F591000853
:1001C000890100082DE9F05F0546002092469B4614
:1001D00088460646814640241BE02846414647465D
:1001E000224600F064F853465A46C01A914110D393
:1001F00011461846224600F04BF82D1A67EB01080D
:100200004F4622460120002100F042F817EB00097A
:100210004E41201EA4F10104DFDC484631462A4647
:100220004346BDE8F09F40EA01039B0703D009E085
:1002300008C9121F08C0042AFAD203E011F8013BD2
:1002400000F8013B521EF9D27047D2B201E000F82B
:10025000012B491EFBD270470022F6E710B513466A
:100260000A4604461946FFF7F0FF204610BD00007D
:1002700070B5054C054D03E0206820448047241DDF
:10028000AC42F9D170BD00002040010834400108A3
:10029000202A04DB203A00FA02F100207047914046
:1002A000C2F1200320FA03F3194390407047202A3B
:1002B00004DB203A21FA02F00021704721FA02F310
:1002C000D040C2F120029140084319467047000017
:1002D000064C074D06E0E06840F0010394E8070093
:1002E00098471034AC42F6D3FFF752FF00400108A4
:1002F0002040010870B58C1810F8015B15F0070359
:1003000001D110F8013B2A1106D110F8012B03E0AE
:1003100010F8016B01F8016B5B1EF9D12B0705D4B6
:100320000023521E0DD401F8013BFAE710F8013BFF
:10033000CB1A921C03E013F8015B01F8015B521E1B
:10034000F9D5A142D8D3002070BD0000FFE7FEE739
:1003500080B542F2B460C2F2000000F085FB80BDBF
:1003600080B542F2B460C2F2000000F07DFB80BDB7
:1003700080B542F2DC60C2F2000000F075FB80BD87
:1003800080B542F2DC60C2F2000000F06DFB80BD7F
:1003900080B587B013468C4686468DF81B000591C4
:1003A000ADF812209DF81B00014623280393CDF8D9
:1003B00008C0CDF804E000911DD80099DFE801F0F5
:1003C00012131415161B1B1B1B1B1B1B1B1B1B1BA0
:1003D0001B1B1B1B1B1B1B1B1B1B1B1B1B1B1B1B6D
:1003E0001718191A08E007E006E005E004E003E04A
:1003F00002E001E000E0FFE7002007B080BD000060
:100400000020704780B584B042F2D830C2F20000BC
:1004100041F62831C2F200010022039002920AF054
:10042000A9FB41F22831C2F20001039A0190104663
:100430000AF07CFB02990090084604B080BD0000E1
:1004400080B588B00A46034607900691079942F2A4
:10045000D830C2F200000590049203930AF066FBC4
:100460000599029008460AF0FBFA0021019008461F
:1004700008B080BD80B586B013468C468646059090
:1004800004918DF80F2000208DF80E009DF90E00CC
:100490000293CDF804C0CDF800E006B080BD0000A6
:1004A00080B542F64410C2F2000001F021F880BD90
:1004B00080B542F20470C2F2000001F019F880BD6C
:1004C00080B542F26470C2F2000001F011F880BD04
:1004D00080B542F6A410C2F2000001F009F880BD18
:1004E00080B542F2C470C2F2000001F001F880BD94
:1004F00080B542F62400C2F2000000F0F9FF80BD92
:1005000080B542F68400C2F2000000F0F1FF80BD29
:1005100080B542F60420C2F2000000F0E9FF80BD81
:1005200080B542F6E400C2F2000000F0E1FF80BDB9
:1005300084B0014603900398007810384AF6AB2245
:10054000CAF6AA22A0FB020212090292029A43F6FC
:100550001273C0F601039A5C039BDA65029A042ABF
:100560000191009007D3FFE703980168042262F32A
:100570000901816506E00398016840F2FF3291436A
:100580008165FFE70398806D04B0704787B001462E
:10059000069000208DF817000698806A049006984F
:1005A00080690028039122D1FFE704980328029074
:1005B0001BD80299DFE801F0020D02180698C06A04
:1005C000C001002804D5FFE701208DF81700FFE7E0
:1005D0000CE00698C06AB0F1C07F04D1FFE70120AB
:1005E0008DF81700FFE701E000E0FFE745E006981F
:1005F0008069B0F5005F25D1FFE7049803280190DA
:100600001ED80199DFE801F00206021101208DF8E1
:10061000170016E00698C06AC001002804D5FFE75D
:1006200001208DF81700FFE70BE00698C06AB0F1D3
:10063000C07F04D1FFE701208DF81700FFE700E03D
:10064000FFE719E004980328009004D3FFE700981F
:10065000032804D00EE001208DF817000BE0069867
:10066000C06AC001002804D5FFE701208DF81700FB
:10067000FFE700E0FFE7FFE7FFE79DF8170007B09F
:1006800070470000B0B588B09C4696460C460546BB
:10069000079006910592049307980068016821F479
:1006A000802101600498079909684860079880686C
:1006B0004028CDF80CC0CDF808E00194009509D190
:1006C000FFE70598079909688860069807990968FF
:1006D000C86008E006980799096888600598079936
:1006E0000968C860FFE708B0B0BD000080B584B0FD
:1006F000014603904EF6FC50CEF20000026842F034
:100700008072026041F20400CEF20000002202601A
:1007100041F20000CEF20000036843F001030360E1
:10072000039844F24023C0F20F03584340F22023C1
:10073000C2F200031860186844F6D35CC1F2620C80
:10074000A0FB0C0C4FEA9C1C40F2242EC2F2000EBF
:10075000CEF800C01B684DF6836CC4F21B3CA3FBB3
:100760000C3C4FEA9C4C40F2282EC2F2000ECEF810
:1007700000C040F23C2CC2F2000CCCF800200291E8
:100780000193009004B080BD7047000080B5012047
:1007900001F0BAF980BD000080B5082001F0B4F97D
:1007A00080BD000080B5102001F0AEF980BD0000D2
:1007B00080B5202001F0A8F980BD000072B6FFE7E7
:1007C000FEE7000080B584B047F61020C1F6FF7048
:1007D0000068039047F61420C1F6FF70006802908D
:1007E00047F61820C1F6FF70006801900198039940
:1007F000084403900398002813D0FFE7039840F2C1
:100800007C11C2F200018A1C0823009111461A468D
:1008100007F03AFA029800991231042207F034FAEC
:10082000FFE704B080BD000082B001460190009156
:1008300002B07047B0B58AB09C4696460C46054655
:100840000890079106920593089890F820008DF87B
:1008500013009DF813000128CDF80CC0CDF808E076
:100860000194009506D0FFE79DF81300022840F0A0
:10087000ED80FFE70798002811D1FFE7089800688E
:10088000C06810F0030F09D1FFE70898416A41F4EE
:100890000011416201208DF82700E0E010E0089887
:1008A0000068006910F0030F09D1FFE70898416A5A
:1008B00041F40011416201208DF82700CFE0FFE7ED
:1008C00008980068079900EB0110D0F8B00100F01B
:1008D0000400069988600698806800280BD1FFE71D
:1008E00008980068079900EB0110D0F8B001400D9E
:1008F000069908600AE008980068079900EB011063
:10090000D0F8B001C00806994860FFE70898006871
:10091000079900EB0110D0F8B00100F00200069931
:10092000C86008980068079900EB0110D0F8B4017E
:1009300000F00F00082804D3FFE7069808210161A2
:100940000BE008980068079900EB0110D0F8B4019B
:1009500000F00F0006990861FFE708980068079902
:1009600000EB0110D0F8B401C0F3072006998861AC
:1009700008980068079900EB0110D0F8B401000C4A
:100980000699486108980068079900EB0110D0F8B3
:10099000B8010599087008980068079900EB0110E4
:1009A000D0F8B801000A05994870089800680799BE
:1009B00000EB0110D0F8B801000C05998870089878
:1009C0000068079900EB0110D0F8B801000E0599F6
:1009D000C87008980068079900EB0110D0F8BC01B6
:1009E0000599087108980068079900EB0110D0F884
:1009F000BC01000A0599487108980068079900EB46
:100A00000110D0F8BC01000C0599887108980068A5
:100A1000079900EB0110D0F8BC01000E0599C871D0
:100A20000798002807D1FFE708980068C16841F0DF
:100A30002001C16006E008980068016941F02001CA
:100A40000161FFE700208DF8270008E00898416A5F
:100A500041F48021416201208DF82700FFE79DF8D5
:100A600027000AB0B0BD000080B58AB001460990E9
:100A7000002008900998006840690790099800686C
:100A80004068069009980068806805900998006899
:100A9000C06804900998006800690390099800688C
:100AA000806902909DF81C00C0070028019100F0A9
:100AB0009780FFE79DF81400C00700282BD0FFE7C0
:100AC00009980068012181609DF8140080070028C2
:100AD00004D5FFE7099800F045FC1BE09DF81400E1
:100AE0004007002805D5FFE7089840F4006008900B
:100AF0000FE09DF814000007002805D5FFE70898CF
:100B000040F48050089003E0099800F025FCFFE7CE
:100B1000FFE7FFE7FFE79DF81500C00700282CD08E
:100B2000FFE7099800684FF4807181609DF8150017
:100B30008007002804D5FFE7099800F01FFC1BE0A0
:100B40009DF815004007002805D5FFE7089840F4F8
:100B5000005008900FE09DF815000007002805D50B
:100B6000FFE7089840F48040089003E0099800F0FF
:100B7000FFFBFFE7FFE7FFE7FFE79DF81600C00771
:100B800000282CD0FFE7099800684FF4803181607D
:100B90009DF816008007002804D5FFE7099800F0AB
:100BA000F9FB1BE09DF816004007002805D5FFE77C
:100BB000089840F4004008900FE09DF816000007E8
:100BC000002805D5FFE7089840F48030089003E03E
:100BD000099800F0D9FBFFE7FFE7FFE7FFE7FFE732
:100BE0009DF81C000007002810D5FFE79DF81000B5
:100BF000C006002809D5FFE7089840F40070089067
:100C0000099800681021C160FFE7FFE79DF81C000C
:100C1000400700280FD5FFE79DF8100000070028C7
:100C200008D5FFE7099800680821C160099800F01D
:100C3000F5FAFFE7FFE79DF81C00800700280CD5B8
:100C4000FFE709980068C06810F0030F04D0FFE7C1
:100C5000099800F0E9FAFFE7FFE79DF81C0040065D
:100C6000002810D5FFE79DF80C00C006002809D524
:100C7000FFE7089840F48060089009980068102108
:100C80000161FFE7FFE79DF81C00800600280FD5F3
:100C9000FFE79DF80C000007002808D5FFE709983A
:100CA000006808210161099800F004FBFFE7FFE7F5
:100CB0009DF81C00C00600280CD5FFE709980068C5
:100CC000006910F0030F04D0FFE7099800F0F8FA6C
:100CD000FFE7FFE79DF81E00800700280FD5FFE71C
:100CE0009DF81800C006002808D5FFE7099800689D
:100CF00010214160099800F029FBFFE7FFE79DF80C
:100D00001E00C00700280FD0FFE79DF8180000075D
:100D1000002808D5FFE70998006808214160099874
:100D200000F03EFBFFE7FFE79DF81D0000060028EE
:100D300040F18F80FFE79DF818004007002840F140
:100D40008380FFE79DF81D00C00700280BD0FFE758
:100D50009DF80800C007002805D0FFE7089840F07C
:100D600001000890FFE79DF81D00800700280BD5C3
:100D7000FFE79DF808008007002805D5FFE70898E1
:100D800040F002000890FFE79DF81D004007002892
:100D90000BD5FFE79DF808004007002805D5FFE7C1
:100DA000089840F004000890FFE79DF81D00000738
:100DB000002848D5FFE79DF8080010F0700F42D0DA
:100DC000FFE7029800F0700001461028009114D04F
:100DD000FFE70098202815D0FFE70098302816D0AC
:100DE000FFE70098402817D0FFE70098502818D058
:100DF000FFE70098602819D01DE0089840F008002F
:100E0000089019E0089840F01000089014E0089845
:100E100040F0200008900FE0089840F04000089053
:100E20000AE0089840F08000089005E0089840F437
:100E30008070089000E0FFE709980068816921F060
:100E400070018161FFE7FFE70998006804214160B4
:100E5000FFE70898002809D0FFE7089809994A6A2F
:100E6000104348620998FFF7DFFCFFE70AB080BD36
:100E700080B584B00146029002980028009104D108
:100E8000FFE701208DF80F00E6E0029890F82000BF
:100E9000002804D1FFE7029800F0E2F8FFE702988B
:100EA0000068016841F00101016001F06DF80190F6
:100EB000FFE702980068406810F0010F17D1FFE7C4
:100EC00001F062F8DDF804E0A0EB0E000B280DD372
:100ED000FFE70298416A41F400314162029805211E
:100EE00080F8201001208DF80F00B5E0E1E70298AE
:100EF0000068016821F00201016001F045F80190ED
:100F0000FFE702980068406810F0020F17D0FFE773
:100F100001F03AF8DDF804E0A0EB0E000B280DD349
:100F2000FFE70298416A41F40031416202980521CD
:100F300080F8201001208DF80F008DE0E1E7029885
:100F4000007E012807D1FFE702980068016841F0A0
:100F50008001016006E002980068016821F08001CC
:100F60000160FFE70298407E012807D1FFE7029861
:100F70000068016841F04001016006E002980068E5
:100F8000016821F040010160FFE70298807E01289E
:100F900007D1FFE702980068016841F02001016075
:100FA00006E002980068016821F020010160FFE777
:100FB0000298C07E012807D1FFE702980068016807
:100FC00021F01001016006E002980068016841F01C
:100FD00010010160FFE70298007F012807D1FFE7B9
:100FE00002980068016841F00801016006E002987B
:100FF0000068016821F008010160FFE70298407F66
:10100000012807D1FFE702980068016841F0040158
:10101000016006E002980068016821F004010160A7
:10102000FFE70298016842688368D0F80CC043EA81
:101030000C03D0F810C043EA0C0340691843013A8E
:101040001043C8610298002141620298012280F891
:1010500020208DF80F10FFE79DF80F0004B080BD31
:1010600080B598B001461790002016901590149006
:10107000139012901798006846F20042C4F20002E2
:1010800090420C9155D1FFE740F24020C2F200009F
:101090000168013101600068012813D1FFE7FFE713
:1010A0000020119043F64000C4F20200016841F0B4
:1010B00000710160006800F00070119011980B90B1
:1010C000FFE7FFE7FFE70020109043F63000C4F28F
:1010D0000200016841F008010160006800F00800AA
:1010E000109010980A90FFE70320129002211391AC
:1010F0000021149115900920169040F60040C4F28A
:10110000020012AA0991114600F01CFD142008905B
:101110000999099A01F062FD089801F053FD152024
:1011200007900999099A01F059FD079801F04AFDC5
:1011300072E01798006846F60001C4F20001884288
:1011400069D1FFE7FFE700200F9043F64000C4F2AB
:101150000200016841F080610160006800F0806079
:101160000F900F980690FFE740F24020C2F2000077
:101170000168013101600068012813D1FFE7FFE732
:1011800000200E9043F64000C4F20200016841F0D6
:1011900000710160006800F000700E900E980590DC
:1011A000FFE7FFE7FFE700200D9043F63000C4F2B1
:1011B0000200016841F002010160006800F00200D5
:1011C0000D900D980490FFE760201290022013907C
:1011D00000201490032115910921169140F200413D
:1011E000C4F2020112AA03900846114600F0AAFCBC
:1011F000402002900399039A01F0F0FC029801F05C
:10120000E1FC412001900399039A01F0E7FC019869
:1012100001F0D8FCFFE7FFE718B080BD82B00146BF
:101220000190009102B0704780B588B001460790E8
:101230000798006846F20042C4F20002904206910C
:1012400016D1FFE7079840F2C811C2F200010A1D4B
:1012500001F120034FF0000C059161460492FFF765
:10126000E9FA05998A6A049B0390184690471FE0A3
:101270000798006846F60001C4F20001884216D1C2
:10128000FFE7079840F2F411C2F200010A1D01F1D4
:1012900020034FF0000C029161460192FFF7CAFA59
:1012A00002998A6A019B009018469047FFE7FFE782
:1012B00008B080BD82B001460190009102B0704735
:1012C00080B588B0014607900798006846F2004252
:1012D000C4F200029042069116D1FFE7079840F24F
:1012E000C811C2F200010A1D01F120034FF0010CE8
:1012F000059161460492FFF79DFA05998A6A049B5D
:101300000390184690471FE00798006846F60001D2
:10131000C4F20001884216D1FFE7079840F2F411A9
:10132000C2F200010A1D01F120034FF0010C0291ED
:1013300061460192FFF77EFA02998A6A019B00904A
:1013400018469047FFE7FFE708B080BD82B001462E
:101350000190009102B0704782B001460190009167
:1013600002B0704782B001460190009102B0704710
:1013700082B001460190009102B0704782B00146F0
:101380000190009102B0704782B001460190009137
:1013900002B0704782B001460190009102B07047E0
:1013A00082B001460190009102B0704780B586B0CE
:1013B000014604900498806D0390019100F0E4FDD3
:1013C0000290049890F8350002280DD0FFE70498A9
:1013D00080214165FFE70498002180F83410FFE781
:1013E00001208DF817005BE004980068016821F087
:1013F0001601016004980068416921F08001416193
:101400000498006C002805D1FFE70498806C002840
:1014100007D0FFE704980068016821F00801016027
:10142000FFE704980068016821F001010160FFE70F
:1014300004980068006810F0010F1BD0FFE700F06F
:10144000A3FDDDF808E0A0EB0E00062811D3FFE7AE
:101450000498202141650498032180F83510FFE7A6
:101460000498002180F83410FFE703208DF817005E
:1014700016E0DDE70498C06D3F2101FA00F0039902
:1014800088600498012180F83510FFE70498002156
:1014900080F83410FFE7FFE700208DF81700FFE722
:1014A0009DF8170006B080BD83B0014601900198F9
:1014B00090F835000228009107D0FFE701988021BD
:1014C000416501208DF80B000EE00198052180F8A0
:1014D000351001980068016821F001010160FFE703
:1014E00000208DF80B00FFE79DF80B0003B070475C
:1014F00080B588B0014607900020059040F2C400F6
:10150000C2F20000006848F2B512C1F64E32A0FBEC
:101510000202920A0492079A926D0392039A126849
:101520000692069A079BDB6D4FF0080C0CFA03F34A
:101530001A42029101901BD0FFE7079800680068EB
:1015400010F0040F13D0FFE707980068016821F03E
:10155000040101600798C06D082101FA00F00399A9
:1015600088600798416D41F001014165FFE7FFE7A1
:1015700006980799C96D012202FA01F1084215D0B7
:10158000FFE707980068406910F0800F0DD0FFE773
:101590000798C06D012101FA00F00399886007984F
:1015A000416D41F002014165FFE7FFE706980799A9
:1015B000C96D042202FA01F1084215D0FFE707982D
:1015C0000068006810F0020F0DD0FFE70798C06DAB
:1015D000042101FA00F0039988600798416D41F0F9
:1015E00004014165FFE7FFE706980799C96D1022DE
:1015F00002FA01F108424BD0FFE707980068006843
:1016000010F0080F43D0FFE70798C06D102101FAD2
:1016100000F00399886007980068006810F4802F34
:101620001CD0FFE707980068006810F4002F0AD16B
:10163000FFE70798006C002804D0FFE70798016CCB
:101640008847FFE709E00798806C002804D0FFE78F
:101650000798816C8847FFE7FFE717E00798006865
:10166000006810F4807F07D1FFE7079800680168E1
:1016700021F008010160FFE70798006C002804D002
:10168000FFE70798016C8847FFE7FFE7FFE7FFE701
:1016900006980799C96D202202FA01F1084200F06C
:1016A0009580FFE707980068006810F0100F00F0C1
:1016B0008C80FFE70798C06D202101FA00F00399A4
:1016C0008860079890F83500052838D1FFE707981B
:1016D0000068016821F016010160079800684169FF
:1016E00021F0800141610798006C002805D1FFE7D7
:1016F0000798806C002807D0FFE70798006801680A
:1017000021F008010160FFE70798C06D3F2101FA51
:1017100000F0039988600798012180F83510FFE7F1
:101720000798002180F83410FFE70798006D002823
:1017300004D0FFE70798016D8847FFE781E007982D
:101740000068006810F4802F1CD0FFE7079800683D
:10175000006810F4002F0AD1FFE70798406C0028BA
:1017600004D0FFE70798416C8847FFE709E0079836
:10177000C06B002804D0FFE70798C16B8847FFE7DC
:10178000FFE721E007980068006810F4807F11D11E
:10179000FFE707980068016821F0100101600798D1
:1017A000012180F83510FFE70798002180F83410F8
:1017B000FFE7FFE70798C06B002804D0FFE7079812
:1017C000C16B8847FFE7FFE7FFE7FFE70798406D3A
:1017D000002836D0FFE70798406D10F0010F26D0A3
:1017E000FFE70798052180F8351007980068016821
:1017F00021F001010160FFE705980130059004998F
:10180000884201D9FFE707E0FFE707980068006812
:1018100010F0010FF0D1FFE70798012180F8351093
:10182000FFE70798002180F83410FFE7FFE70798EB
:10183000C06C002804D0FFE70798C16C8847FFE719
:10184000FFE708B080BD000080B586B00146049077
:1018500000200390009100F097FB0290049800286C
:1018600004D1FFE701208DF81700AAE00498406A30
:10187000002801D0FFE7FFE70498022180F8351027
:10188000FFE70498002180F83410FFE7049800680F
:10189000016821F001010160FFE704980068006819
:1018A00010F0010F14D0FFE700F06EFBDDF808E048
:1018B000A0EB0E0006280AD3FFE70498202141651B
:1018C0000498032180F835108DF8171079E0E4E7CB
:1018D0000498006800680390039848F23F01CFF233
:1018E000100108400390049841688268C368D0F8EA
:1018F00010C01143194341EA0C0142691143826946
:101900001143C2691143006A0843039908430390D5
:101910000498406A042808D1FFE70498C16A006B64
:101920000843039908430390FFE703980499096863
:1019300008600498006840690390039820F007004D
:1019400003900498406A0399084303900498406AFE
:1019500004281CD1FFE70498806A03990843039088
:101960000498C06A002811D0FFE70498FEF70EFE25
:1019700000280AD0FFE7049840214165049801211E
:1019800080F835108DF817101BE0FFE7FFE703988C
:101990000499096848610498FEF7CAFD019004980B
:1019A000C06D3F2101FA00F0019988600498002180
:1019B000416504984FF0010E80F835E08DF817105E
:1019C000FFE79DF8170006B080BD0000B0B58CB0F1
:1019D0009C4696460C4605460A9009910892079344
:1019E00000208DF81B000A98806D0590CDF810C07E
:1019F000CDF80CE002940195FFE70A9890F83400C6
:101A0000012804D1FFE702208DF82F0047E00A9853
:101A1000012180F83410FFE7FFE70A9890F83500BD
:101A200001282DD1FFE70A98022180F835100A9885
:101A3000002141650A980999089A079BFEF722FE42
:101A40000A98C06D3F2101FA00F0059988600A9854
:101A50000068016841F0160101600A98006C0028D6
:101A600007D0FFE70A980068016841F008010160AB
:101A7000FFE70A980068016841F00101016009E090
:101A8000FFE70A98002180F83410FFE702208DF864
:101A90001B00FFE79DF81B008DF82F00FFE79DF866
:101AA0002F000CB0B0BD000080B584B0014603909B
:101AB000009100F069FA02900398019001980130BA
:101AC000002809D0FFE740F2BC10C2F20000007805
:101AD000019908440190FFE7FFE700F055FADDF8AF
:101AE00008E0A0EB0E00DDF804E0704501D2FFE74E
:101AF000F3E704B080BD000082B00146ADF80600F7
:101B0000009102B07047000080B582B00146ADF888
:101B1000060043F61440C4F201000068BDF8062038
:101B2000104200910CD0FFE7BDF8060043F61441C7
:101B3000C4F201010860BDF80600FFF7DDFFFFE712
:101B400002B080BD91B00A46034610900F9100206C
:101B50000D900C900B900E9009920893FFE70E9851
:101B60000F2800F2D581FFE70E98012101FA00F05D
:101B70000D900F9800680D9908400C900C980D99E5
:101B8000884240F0C081FFE70F98406800F00300F2
:101B9000012807D0FFE70F98406800F003000228F3
:101BA0002FD1FFE7109880680B900E98400003211A
:101BB00001FA00F00B9921EA00000B900F98C06821
:101BC0000E99490088400B9908430B900B98109987
:101BD0008860109840680B900E98012101FA00F07F
:101BE0000B9921EA00000B900F984068C0F3001099
:101BF0000E9988400B9908430B900B9810994860F8
:101C0000FFE70F98406800F00300032818D0FFE7B3
:101C10001098C0680B900E984000032101FA00F064
:101C20000B9921EA00000B900F9880680E994900EB
:101C300088400B9908430B900B981099C860FFE7F8
:101C40000F98406800F00300022828D1FFE71098A1
:101C50000E994FF6FC72C7F6FF7202EA5101084472
:101C6000006A0B900E9800F0070080000F2101FA27
:101C700000F00B9921EA00000B900F9800690E9973
:101C800001F00701890088400B9908430B900B98DD
:101C900010990E9B02EA530211440862FFE7109864
:101CA00000680B900E984000032101FA00F00B9998
:101CB00021EA00000B900F98406800F003000E9995
:101CC000490088400B9908430B900B9810990860C5
:101CD0000F9880798007002800F01481FFE7FFE764
:101CE00000200A9043F64400C4F20200016841F467
:101CF00080410160006800F480400A900A980790D3
:101D0000FFE70E9820F0030043F60801C4F201013A
:101D100040580B900E9800F0030080000F2101FA4C
:101D200000F00B9921EA00000B9010980021C4F2FA
:101D30000201884203D1FFE7002006905EE0109880
:101D400040F20041C4F20201884203D1FFE70120C2
:101D5000059050E0109840F60001C4F2020188425C
:101D600003D1FFE70220049042E0109840F60041C2
:101D7000C4F20201884203D1FFE70320039034E05C
:101D8000109841F20001C4F20201884203D1FFE73A
:101D90000420029026E0109841F20041C4F20201B2
:101DA000884203D1FFE70520019018E0109841F622
:101DB0000001C4F20201884203D1FFE7062000902F
:101DC0000AE0109841F60041C4F20201082288425C
:101DD00008BF07220092FFE700980190FFE70198F3
:101DE0000290FFE702980390FFE703980490FFE753
:101DF00004980590FFE705980690FFE70698C0B2A3
:101E00000E9901F00301890088400B9908430B905B
:101E10000B980E9921F0030143F60802C4F2010267
:101E2000885043F60840C4F2010000680B900C98FB
:101E30000B9921EA00000B900F988079C0060028CA
:101E400005D5FFE70C980B9908430B90FFE70B981B
:101E500043F60841C4F20101086043F60C40C4F2A5
:101E6000010000680B900C980B9921EA00000B9080
:101E70000F9880798006002805D5FFE70C980B990C
:101E800008430B90FFE70B9843F60C41C4F20101A5
:101E9000086043F60440C4F2010000680B900C98FF
:101EA0000B9921EA00000B900F9880798007002899
:101EB00005D5FFE70C980B9908430B90FFE70B98AB
:101EC00043F60441C4F20101086043F60040C4F245
:101ED000010000680B900C980B9921EA00000B9010
:101EE0000F988079C007002805D0FFE70C980B9960
:101EF00008430B90FFE70B9843F60041C4F2010141
:101F00000860FFE7FFE7FFE70E9801300E9026E636
:101F100011B0704785B00A4603460490ADF80E1024
:101F20000498406902900298BDF80E1000EA010C76
:101F300021EA000040EA0C40049988610192009374
:101F400005B0704780B585B013468C468646049030
:101F5000ADF80E108DF80D209DF80D0000280293AD
:101F6000CDF804C0CDF800E005D0FFE7BDF80E00C5
:101F70000499886105E0BDF80E00000404998861A9
:101F8000FFE705B080BD000043F25C60C2F20000D4
:101F90000068704780B590B001460E900E980028FA
:101FA0000B9104D1FFE701208DF83F004FE10E981F
:101FB00090F83D00002808D1FFE70E98002180F836
:101FC0003C100E9800F0A0FCFFE70E98242180F84A
:101FD0003D100E980068016821F0010101600E9823
:101FE0000068016841F4004101600E9800680168D2
:101FF00021F40041016002F0BFF90C900E98406896
:1020000048F2A061C0F2010188420BD8FFE70C98AA
:1020100048F28041C0F21E010022884238BF0122EE
:102020000A920AE00C9840F60011C0F23D0100222D
:10203000884238BF01220A92FFE70A98012804D19A
:10204000FFE701208DF83F0001E10C984DF6836118
:10205000C4F21B31A0FB0101890C0D910E99096896
:10206000496821F03F010D9A11430E9A12685160A0
:102070000E990968096A21F03F010E9A526848F2E8
:10208000A063C0F201039A420990089104D8FFE7C7
:102090000D98013007900FE00D984FF4967148436A
:1020A00044F6D351C1F26201A0FB0101012202EB0F
:1020B000911106900791FFE70798089908430E9A37
:1020C000126810620E980068C0694CF6FF72904367
:1020D0000E9A526848F2A063C0F201039A4205903A
:1020E0001FD8FFE70C9801380E9949684900B0FBEA
:1020F000F1F001306FF31F30032803D8FFE704200D
:1021000004900BE00C9801380E9949684900B0FB27
:10211000F1F001306FF31F300490FFE70498039053
:102120004FE00E98806800280DD1FFE70C98013829
:102130000E99496801EB4101B0FBF1F001306FF3FA
:102140001F3002900DE00C9801380E994968192251
:102150005143B0FBF1F00130042161F31F300290D4
:10216000FFE702980005002803D1FFE70120019056
:1021700024E00E98806800280DD1FFE70C98013804
:102180000E99496801EB4101B0FBF1F001306FF3AA
:102190001F3000900DE00C9801380E994968192203
:1021A0005143B0FBF1F00130042161F31F30009086
:1021B000FFE7009840F400400190FFE7019803908A
:1021C000FFE70398059908430E9A1268D0610E98AC
:1021D0000068006820F0C0000E9A1368D2F81CC096
:1021E000126A42EA0C02104318600E980068806878
:1021F00048F2FF3290430E9A1368D2F80CC012696D
:1022000042EA0C02104398600E980068C06820F003
:10221000FF000E9A1368D2F814C0926942EA0C02C9
:102220001043D8600E980068026842F00102026014
:102230000E98002202640E98202380F83D300E98FC
:1022400002630E9880F83E208DF83F20FFE79DF84E
:102250003F0010B080BD00002DE9F04196B0DDF8E0
:1022600078C0DDF874E01C9C1D4616460F4680467B
:102270001490ADF84E10ADF84C20ADF84A30ADF8E2
:1022800048E00C950B960A97CDF82480CDF820C035
:102290000794FFF779FE1190149890F83D002028DC
:1022A00040F00D82FFE7149811996A4611600221EF
:1022B000C0F210010122192305F0B4F9002804D05E
:1022C000FFE702208DF85700FDE1FFE7149890F832
:1022D0003C00012804D1FFE702208DF85700F2E10D
:1022E0001498012180F83C10FFE7FFE7149800687C
:1022F000006800F00100012807D0FFE7149800688B
:10230000016841F001010160FFE71498006801686D
:1023100021F4006101601498222180F83D10149886
:10232000402180F83E101498002101641C981499F3
:102330004862BDF84800149948851498408D149956
:10234000088514980021CFF6FF71C16214981E9978
:10235000119ABDF84A30BDF84CC0BDF84EE06C464D
:10236000626021607146624604F040FF002804D09C
:10237000FFE701208DF85700A5E11498008D002893
:1023800015D1FFE7FFE7002010901498006840691E
:102390001090149800688069109010980690FFE7DC
:1023A00014980068016841F40071016050E01498CD
:1023B000008D01281BD1FFE714980068016821F403
:1023C00080610160FFE700200F9014980068406969
:1023D0000F901498006880690F900F980590FFE7A0
:1023E00014980068016841F4007101602FE01498AE
:1023F000008D02281BD1FFE714980068016821F4C2
:102400008061016014980068016841F40061016016
:10241000FFE700200E901498006840690E90149811
:10242000006880690E900E980490FFE70EE0FFE7C9
:1024300000200D901498006840690D901498006871
:1024400080690D900D980390FFE7FFE7FFE7FFE736
:10245000FFE71498008D002800F01F81FFE7149813
:10246000008D032800F2D080FFE71498008D01282A
:102470001FD1FFE714981E99119A05F021FA002840
:1024800004D0FFE701208DF857001CE11498006884
:1024900000691499496A08701498416A01314162CF
:1024A0001498018D013901851498418D01394185B8
:1024B000A9E01498008D02283DD1FFE714981E9BD7
:1024C00011996A4611600421C0F20101002205F051
:1024D000A9F8002804D0FFE701208DF85700F2E0AA
:1024E00014980068016841F4007101601498006854
:1024F00000691499496A08701498416A013141626F
:102500001498018D013901851498418D0139418557
:102510001498006800691499496A08701498416A0F
:10252000013141621498018D013901851498418D62
:102530000139418566E014981E9B11996A46116025
:102540000421C0F20101002205F06CF8002804D03B
:10255000FFE701208DF85700B5E014980068016886
:1025600021F4806101601498006800691499496A37
:1025700008701498416A013141621498018D013943
:1025800001851498418D0139418514981E9B11993C
:102590006A4611600421C0F20101002205F042F8F0
:1025A000002804D0FFE701208DF857008BE0149835
:1025B0000068016841F400710160149800680069C6
:1025C0001499496A08701498416A0131416214985B
:1025D000018D013901851498418D01394185149887
:1025E000006800691499496A08701498416A0131B9
:1025F00041621498018D013901851498418D01398A
:102600004185FFE7FFE747E014981E99119A05F00E
:1026100057F9002804D0FFE701208DF8570052E059
:102620001498006800691499496A08701498416AFE
:10263000013141621498018D013901851498418D51
:102640000139418514980068406900F004000121B7
:10265000B1EB900F1FD1FFE71498008D032807D12D
:10266000FFE714980068016821F480610160FFE7CA
:102670001498006800691499496A08701498416AAE
:10268000013141621498018D013901851498418D01
:1026900001394185FFE7FFE7DBE61498202180F848
:1026A0003D101498002180F83E10FFE71498002197
:1026B00080F83C10FFE700208DF8570003E002206F
:1026C0008DF85700FFE79DF8570016B0BDE8F08180
:1026D0002DE9F0418EB0DDF858C0DDF854E0149CCF
:1026E0001D4616460F4680460C90ADF82E10ADF8EC
:1026F0002C20ADF82A30ADF828E00895079606970B
:10270000CDF81480CDF810C00394FFF73DFC09907C
:102710000C9890F83D00202840F0EC80FFE70C98E2
:1027200009996A4611600221C0F2100101221923A1
:1027300004F078FF002804D0FFE702208DF837006E
:10274000DCE0FFE70C9890F83C00012804D1FFE79B
:1027500002208DF83700D1E00C98012180F83C1060
:10276000FFE7FFE70C980068006800F0010001280F
:1027700007D0FFE70C980068016841F00101016093
:10278000FFE70C980068016821F4006101600C9873
:10279000212180F83D100C98402180F83E100C98C3
:1027A0000021016414980C994862BDF828000C9926
:1027B00048850C98408D0C9908850C980021CFF61F
:1027C000FF71C1620C981699099ABDF82A30BDF8BC
:1027D0002CC0BDF82EE06C466260216071466246F6
:1027E00004F00CFE002804D0FFE701208DF837002C
:1027F00084E0FFE70C98008D00284BD0FFE70C9891
:102800001699099A05F0D6F8002810D0FFE70C9821
:10281000006C042807D1FFE70C980068016841F4B8
:1028200000710160FFE701208DF8370066E00C9829
:102830000168406A007808610C98416A0131416280
:102840000C98018D013901850C98418D0139418524
:102850000C980068406900F004000121B1EB900F72
:1028600017D1FFE70C98008D002812D0FFE70C98D5
:102870000168406A007808610C98416A0131416240
:102880000C98018D013901850C98418D01394185E4
:10289000FFE7AFE70C981699099A04F05FFE00284D
:1028A00010D0FFE70C98006C042807D1FFE70C98C4
:1028B0000068016841F400710160FFE701208DF8B4
:1028C00037001BE00C980068016841F4007101605A
:1028D0000C98202180F83D100C98002180F83E10C3
:1028E000FFE70C98002180F83C10FFE700208DF8EE
:1028F000370003E002208DF83700FFE79DF837002E
:102900000EB0BDE8F081000080B592B00146119094
:10291000002010900F900E900D900C901198006870
:1029200045F60042C4F200029042089140F0B780A0
:10293000FFE7FFE700200B9043F63000C4F20200EF
:10294000016841F004010160006800F004000B9090
:102950000B980790FFE7FFE700200A9043F630004E
:10296000C4F20200016841F001010160006800F05A
:1029700001000A900A980690FFE74FF400700C904F
:1029800012200D9001210E9103220F920423109327
:1029900040F6000CC4F2020C0DF1300E05906046BA
:1029A00004917146CDF80CE002930192FFF7CAF84A
:1029B0004FF480700C9005980D9004990E91019A37
:1029C0000F92029B10930020C4F202000399FFF7BC
:1029D000B9F8FFE70020099043F64000C4F2020076
:1029E000016841F400010160006800F400000990F2
:1029F00009980090FFE742F20470C2F2000046F22C
:102A00004001C4F2020101604FF0C0614160002149
:102A10008160C1604FF48062026141618161C16186
:102A200001624162FEF710FF002803D0FFE7FDF7C7
:102A3000C5FEFFE7FFE7119842F20471C2F2000100
:102A4000816311988863FFE742F26470C2F200006C
:102A500046F27001C4F2020101604FF0C0614160B2
:102A6000402181600021C1604FF4806202614161B8
:102A70008161C16101624162FEF7E6FE002803D078
:102A8000FFE7FDF79BFEFFE7FFE7119842F2647155
:102A9000C2F20001416311988863FFE7FFE712B0BB
:102AA00080BD000040F2BC10C2F20000007843F28A
:102AB0005C61C2F200010A681044086070470000BF
:102AC00080B582B043F60040C4F20200016841F4D0
:102AD00000710160016841F480610160016841F4A6
:102AE00080710160032000F09DF80F2000F006F8CF
:102AF000019000F03FF8002002B080BD80B584B0A6
:102B00000146029040F2C400C2F20000006840F2A8
:102B1000BC12C2F2000212784FF47A73B3FBF2F2E5
:102B2000B0FBF2F0019102F047FD002804D0FFE76E
:102B300001208DF80F0018E002980F280DD8FFE74C
:102B400002994FF0FF30002200F048F8029840F25E
:102B5000C011C2F20001086003E001208DF80F00EF
:102B600003E000208DF80F00FFE79DF80F0004B090
:102B700080BD000084B0FFE70020039043F64400CE
:102B8000C4F20200016841F480410160006800F471
:102B90008040039003980190FFE7FFE70020029038
:102BA00043F64000C4F20200016841F08051016028
:102BB000006800F08050029002980090FFE704B097
:102BC0007047000080B582B001468DF807009DF97E
:102BD0000700009110F01CFA02B080BD80B58AB0E9
:102BE00013468C4686468DF82700089107920020F0
:102BF00006900593CDF810C0CDF80CE010F024FA43
:102C0000069006980899079A9DF92730029305F0D7
:102C100007FD029901900846019910F01DFA0AB0CB
:102C200080BD000080B582B00146019001980091FE
:102C300010F038FA02B080BD84B00A460346039013
:102C40008DF80B100192009304B0704784B00A46CF
:102C500003460390ADF80A10BDF80A00039909680D
:102C6000486200200192009304B0704780B587B09D
:102C700013468C46864606908DF81710ADF8142042
:102C800006980068406A03909DF817000028029398
:102C9000CDF804C0CDF800E009D1FFE7BDF814007D
:102CA000039941EA004006990968886233E0069872
:102CB0000068806A039901EB1040039000208DF8B2
:102CC0001300FFE79DF813009DF8171001398842A3
:102CD00013D2FFE7069800689DF8131000EB8100FF
:102CE000D0F80401039901EB10400390FFE79DF831
:102CF000130001308DF81300E4E7BDF814000399C8
:102D000041EA0040069909689DF8172001EB82010D
:102D1000C1F80001FFE7002007B080BD80B584B096
:102D2000014603900398D0F8E004029108F0DCFF1C
:102D3000019004B080BD000080B586B00A4603460D
:102D400005908DF813100598D0F8E0149DF813C085
:102D50000CEBCC0E00EB8E00006A03900846614637
:102D6000DDF80CC002926246019308F0DBFD009092
:102D700006B080BD80B586B00A46034605908DF842
:102D800013100598D0F8E0149DF813C00CEBCC0E8E
:102D900000EB8E00D0F86002039008466146DDF833
:102DA0000CC002926246019308F0A8FE009006B0A3
:102DB00080BD000080B584B0014603900398D0F830
:102DC000E004029108F098FF019004B080BD00007B
:102DD00080B586B00A46034605908DF813109DF81D
:102DE000130000060028029201930CD5FFE7059816
:102DF0009DF8131001F00F0101EBC10100EB810000
:102E0000143003900CE005989DF8131001F00F01A9
:102E100001EBC10100EB810000F515700390FFE7A5
:102E20000598006803990AF05FFE8DF812009DF87E
:102E3000120006B080BD000080B588B00A46034687
:102E400006908DF817109DF81700000600280392D1
:102E500002930FD5FFE706989DF8171001F00F01B8
:102E600001EBC10100EB81001430049004980121B2
:102E700041700FE006989DF8171001F00F0101EB6B
:102E8000C10100EB810000F5157004900498002149
:102E90004170FFE79DF8170000F00F0004990870DB
:102EA000FFE7069890F89404012804D1FFE7022078
:102EB0008DF81F0015E00698012180F89414FFE7B3
:102EC000FFE70698006804990AF0A8F80190FFE768
:102ED0000698002180F89414FFE700208DF81F0069
:102EE000FFE79DF81F0008B080BD000080B588B0E6
:102EF0000A46034606908DF817109DF8170000F05B
:102F00000F000699097988420392029304D9FFE7DA
:102F100001208DF81F004EE09DF8170000060028E4
:102F20000FD5FFE706989DF8171001F00F0101EB90
:102F3000C10100EB8100143004900498012141701C
:102F40000FE006989DF8171001F00F0101EBC10189
:102F500000EB810000F51570049004980021417089
:102F6000FFE70498002181709DF8170000F00F0022
:102F700004990870FFE7069890F89404012804D19A
:102F8000FFE702208DF81F0015E00698012180F868
:102F90009414FFE7FFE70698006804990AF0E2FA44
:102FA0000190FFE70698002180F89414FFE70020C5
:102FB0008DF81F00FFE79DF81F0008B080BD0000DE
:102FC00084B00A46034603908DF80B1003989DF8D1
:102FD0000B1001F00F0101EBC10100EB8100D0F8F3
:102FE00068020192009304B070470000B0B58AB047
:102FF0009C4696460C46054608908DF81F10ADF885
:103000001C208DF81B3000208DF81A009DF81F0041
:1030100000060028CDF810C0CDF80CE00294019510
:103020000FD5FFE708989DF81F1001F00F0101EB85
:10303000C10100EB81001430059005980121417019
:103040000FE008989DF81F1001F00F0101EBC1017E
:1030500000EB810000F51570059005980021417086
:10306000FFE79DF81F0000F00F0005990870BDF8FC
:103070001C006FF3DF20059988609DF81B000599FF
:10308000087105984078002804D0FFE7059801787A
:103090004183FFE79DF81B00022804D1FFE7059854
:1030A00000214171FFE7FFE7089890F89404012898
:1030B00004D1FFE702208DF8270016E008980121CF
:1030C00080F89414FFE7FFE708980068059909F075
:1030D0005BFE0090FFE70898002180F89414FFE75A
:1030E0009DF81A008DF82700FFE79DF827000AB029
:1030F000B0BD0000B0B58CB09C4696460C46054667
:103100000B908DF82B10099208930B989DF82B10BB
:1031100001F00F0101EBC10100EB810000F515701A
:10312000079009980799C860089807990861079857
:1031300000214161079841709DF82B0000F00F00BD
:10314000079908700B9880790128CDF818C0CDF840
:1031500014E00494039504D1FFE709980799C86126
:10316000FFE70B980168079A80790290084611469C
:10317000029A0AF0A7FA0021019008460CB0B0BDEF
:1031800080B58AB00A46034608908DF81F109DF856
:103190001F0000F00F0008990979884205920493F6
:1031A00004D9FFE701208DF827005EE09DF81F009D
:1031B000000600280FD5FFE708989DF81F1001F0C2
:1031C0000F0101EBC10100EB81001430069006985D
:1031D000012141700DE008989DF81F1001EBC1011D
:1031E00000EB810000F515700690069800214170F3
:1031F000FFE70698012181709DF81F0000F00F0085
:1032000006990870FFE7089890F89404012804D103
:10321000FFE702208DF8270027E00898012180F8B9
:103220009414FFE7FFE70898006806990AF0EEF9A2
:103230009DF81F100907002903900CD1FFE708989B
:10324000016800F29C4280790290084602990AF0D7
:103250002FF90190FFE7FFE70898002180F8941408
:10326000FFE700208DF82700FFE79DF827000AB050
:1032700080BD0000B0B58CB09C4696460C46054615
:103280000B908DF82B10099208930B989DF82B103A
:1032900001F00F0101EBC10100EB81001430079038
:1032A00009980799C860089807990861079800214C
:1032B00041610798012141709DF82B0000F00F003B
:1032C000079908700B9880790128CDF818C0CDF8BF
:1032D00014E00494039504D1FFE709980799C861A5
:1032E000FFE70B980168079A80790290084611461B
:1032F000029A0AF0E7F90021019008460CB0B0BD2F
:1033000080B59CB001461B901B9800681A901A98D3
:1033100019901B98006811910AF02EFD002840F0CA
:103320002984FFE71B9800680AF0A0FD002802D15D
:10333000FFE700F01FBC1998D0F80808C0F30D2073
:103340001B99C1F8D4041B9800680AF08FFD10F097
:10335000020F07D0FFE71B980068416901F00201E6
:103360004161FFE71B9800680AF080FD10F0100F24
:1033700065D0FFE71B980068816921F01001816129
:103380001A98006A12901B98129901F00F0101EB34
:10339000C10100EB810000F515701890129800F43F
:1033A000F0100221B1EB504F25D1FFE7BDF84800E6
:1033B00047F6F07108421DD0FFE71A981899C968BE
:1033C000129AC2F30A120AF061FD129947F6F072DE
:1033D0001140DDF860E0DEF80C3003EB1111CEF89F
:1033E0000C1012991140189A536903EB1111516195
:1033F0001090FFE71CE0129800F4F0100621B1EBEA
:10340000504F13D1FFE71A981B9901F29C410822F3
:103410000AF03CFD129947F6F0721140189AD2F862
:1034200014E00EEB111151610F9000E0FFE7FFE790
:103430001B980068816941F010018161FFE71B98CA
:1034400000680AF013FD10F4002F00F0A380FFE7DE
:10345000002014901B9800680AF0ACFC1690FFE75F
:103460001698002800F09580FFE79DF85800C007E7
:10347000002800F08780FFE71B9800689DF8501037
:103480000AF0D8FC15901598C00700280DD0FFE76A
:103490001998149900EB41100121C0F8081B1B98E2
:1034A000149905F051F90E90FFE7159800070028D0
:1034B0000DD5FFE71998149900EB41100821C0F8C9
:1034C000081B1B98149905F0F3F80D90FFE7159869
:1034D000C006002808D5FFE71998149900EB4110A1
:1034E0001021C0F8081BFFE71598800700282DD58C
:1034F000FFE71A98406910F0800F08D0FFE719988D
:10350000D0F8041841F48061C0F80418FFE71B9854
:10351000149901EBC10100EB810000F515701890C2
:103520001898C078012809D1FFE718980021C170C8
:103530001B989DF8501000F033FBFFE71998149981
:1035400000EB41100221C0F8081BFFE71598800628
:10355000002808D5FFE71998149900EB41102021A5
:10356000C0F8081BFFE715988004002809D5FFE77D
:103570001998149900EB41104FF40051C0F8081B42
:10358000FFE7FFE714980130149016984008169052
:1035900066E7FFE71B9800680AF068FC10F4802FCC
:1035A00000F0CA80FFE71B9800680AF0EFFB169056
:1035B00000201490FFE71698002800F0BC80FFE779
:1035C0009DF85800C007002800F0AE80FFE71B9868
:1035D00000689DF850100AF001FC15901598C0077E
:1035E000002845D0FFE7149800F00F00012101FAF0
:1035F00000F013901398199AD2F8343823EA000097
:10360000C2F834081998149A00EB4210C0F808194F
:103610001B988079012825D1FFE71B98149901EBAD
:10362000C10100EB8100C169026A11440162149872
:10363000002816D1FFE71B98149901EBC10100EB9C
:103640008100406A00280CD1FFE71B98016800F256
:103650009C4201200C9008460C9909F029FF0B9020
:10366000FFE7FFE71B989DF85010FFF765FBFFE7AA
:1036700015980007002808D5FFE71998149900EB62
:1036800041100821C0F80819FFE71598C006002866
:1036900008D5FFE71998149900EB41101021C0F8E4
:1036A0000819FFE715984006002808D5FFE7199884
:1036B000149900EB41104021C0F80819FFE7159854
:1036C0008007002824D5FFE71A9814990AF0E8FA31
:1036D0001B99DDF850E00EEBCE0E01EB8E0114319C
:1036E00018911899C97801290A9009D1FFE718980B
:1036F0000021C1701B989DF8501000F03DFAFFE7C3
:103700001998149900EB41100221C0F80819FFE73D
:1037100015980006002806D5FFE71B98149905F0B8
:1037200001F90990FFE7FFE714980130149016980B
:10373000400816903FE7FFE71B9800680AF096FBE9
:1037400010F0004F20D0FFE71998D0F8041821F0AE
:103750000101C0F804181B9890F8CC04012808D186
:10376000FFE71B98002180F8CC141B98FFF764FA40
:1037700003E01B9800F0F0FBFFE71B98006841692D
:1037800001F000414161FFE71B9800680AF06EFB01
:1037900010F4006F12D0FFE71998D0F8080810F065
:1037A000010F04D0FFE71B9800F080FCFFE71B9897
:1037B0000068416901F400614161FFE71B980068FE
:1037C0000AF054FB10F4805F00F08C80FFE719983A
:1037D000D0F8041821F00101C0F804181B98006803
:1037E00010210AF05DFA002117910890FFE7179861
:1037F0001B990979884231D2FFE71998179900EB94
:1038000041104FF67F31C0F808191998179A00EB4C
:103810004210D0F8002922F40012C0F800291998AB
:10382000179A00EB4210C0F8081B1998179900EB83
:103830004110D0F8001B21F40011C0F8001B1998AA
:10384000179900EB4110D0F8001B41F00061C0F85F
:10385000001BFFE7179801301790C8E71998D0F8B8
:103860001C1841F00111C0F81C181B98C07B0028DF
:103870000FD0FFE71998D0F8841841F00B01C0F879
:1038800084181998D0F8441841F00B01C0F8441876
:103890000FE01998D0F8141842F22B021143C0F827
:1038A00014181998D0F8101841F00B01C0F810182E
:1038B000FFE71998D0F8001821F4FE61C0F800184D
:1038C0001B98016800F29C4280790790084607998E
:1038D00009F0EEFD1B9909684A6902F480524A61B9
:1038E0000690FFE71B9800680AF0C0FA10F4005F2A
:1038F0002CD0FFE71B98006809F0BAFADDF86CE0FD
:10390000DEF800E0059070460AF00CFADDF86CE095
:103910008EF807001B980068049000F027FDDDF882
:103920006CE09EF80720DDF810E0039070460399E4
:103930000AF0C0FB1B990290084600F0DDFA1B98C4
:103940000068416901F400514161FFE71B9800687C
:103950000AF08CFA10F0080F0CD0FFE71B9800F06B
:1039600009FB1B980068D0F814E00EF0080EC0F8B0
:1039700014E0FFE71B9800680AF078FA10F0800F57
:1039800026D0FFE71A98816921F08001816101202A
:103990001490FFE714981B990979884217D2FFE722
:1039A0001B98149901EBC10100EB810090F85702BC
:1039B000012807D1FFE71B989DF85010FFF708FA80
:1039C0000190FFE7FFE7149801301490E2E7FFE76A
:1039D0001B9800680AF04AFA10F4801F3CD0FFE7F9
:1039E00001201490FFE714981B99097988422CD282
:1039F000FFE71998149900EB4110D0F800091290D4
:103A00001B98149901EBC10100EB8100007E012895
:103A100016D1FFE71298C00F002811D0FFE71B98BE
:103A2000149901EBC10100EB81000121C1751B98C4
:103A3000149941F08001C9B2FFF7CAF90090FFE77D
:103A4000FFE7149801301490CDE71B980068416996
:103A500001F480114161FFE71B9800680AF006FA43
:103A600010F4001F55D0FFE701201490FFE71498D1
:103A70001B990979884245D2FFE71998149900EB00
:103A80004110D0F8000B12901B98149901EBC10162
:103A900000EB810090F8580201282ED1FFE7129820
:103AA000C00F002829D0FFE7129800F480301B993E
:103AB000D1F8D41401F00101B1EB104F1DD1FFE793
:103AC0001B98149901EBC10100EB8100012180F8E2
:103AD00057121A98816941F0800181611A984069F2
:103AE00010F0800F08D1FFE71998D0F8041841F4BE
:103AF0000071C0F8041805E0FFE7FFE714980130F3
:103B00001490B4E71B980068416901F40011416109
:103B1000FFE71B9800680AF0A9F910F0804F0CD05D
:103B2000FFE71B98FFF7FAF81B980068D0F814E03D
:103B30000EF0804EC0F814E0FFE71B9800680AF012
:103B400095F910F0040F14D0FFE71B980068406847
:103B5000129012984007002804D5FFE71B98FFF742
:103B600029F9FFE712981B9909684A6810434860D1
:103B7000FFE7FFE71CB080BD80B586B00A4603466C
:103B800005908DF813100598D0F8E0049DF81310F7
:103B90000392029308F066F9019006B080BD000020
:103BA00080B586B00A46034605908DF81310059837
:103BB000D0F8E0049DF813100392029308F094F9F2
:103BC000019006B080BD000010B592B00146109083
:103BD00010980028059104D1FFE701208DF84700D7
:103BE00027E1109800680F90109890F8950400282D
:103BF00008D1FFE71098002180F89414109800F085
:103C00001DF9FFE71098032180F895140F98B0F183
:103C1000A04F04D1FFE7109800218171FFE71098B1
:103C2000006809F039FCDDF840E0DEF800109EF88D
:103C300010208DF83420DEF80420DEF80830DEF89D
:103C40000CE0CDF830E00B930A920A9A0B9BDDF85A
:103C500030E0DDF834C06C46C4F800C0049008467B
:103C600011461A46734609F01BF9002808D0FFE7F1
:103C70001098022180F8951401208DF84700D8E0B3
:103C80001098006800210AF065F9002808D0FFE7C5
:103C90001098022180F8951401208DF84700C8E0A3
:103CA00000208DF83B00FFE79DF83B001099097953
:103CB000884241DAFFE710989DF83B1001EBC10103
:103CC00000EB8100012141759DF83B00109900EB4C
:103CD000C00201EB820108759DF83B00109900EBD2
:103CE000C00201EB8201C88510989DF83B1001EBE2
:103CF000C10100EB81000021017610989DF83B2066
:103D000002EBC20200EB8200C16110989DF83B20DB
:103D100002EBC20200EB8200016210989DF83B208A
:103D200002EBC20200EB82004162FFE79DF83B001C
:103D300001308DF83B00B7E700208DF83B00FFE72E
:103D40009DF83B001099097988423EDAFFE7109808
:103D50009DF83B1001EBC10100EB8100002180F8D0
:103D600055129DF83B00109A00EBC00302EB830252
:103D700082F8540210989DF83B2002EBC20200EB3F
:103D8000820080F8581210989DF83B2002EBC20286
:103D900000EB8200C0F85C1210989DF83B2002EB0B
:103DA000C20200EB8200C0F8601210989DF83B2020
:103DB00002EBC20200EB8200C0F86412FFE79DF83C
:103DC0003B0001308DF83B00BAE710980168027C97
:103DD0008DF8242042688368C06808900793069293
:103DE0000698079A089BDDF824C0EE46CEF800C07E
:103DF00003900846039909F0EBF9002808D0FFE783
:103E00001098022180F8951401208DF8470010E0E9
:103E10001098002141741098012280F89524109880
:103E20000068029109F0BCF902998DF847100190E1
:103E3000FFE79DF8470012B010BD000080B58EB0BE
:103E400001460D9000200C900B900A90099008906C
:103E50000D980068B0F1A04F05914AD1FFE7FFE748
:103E60000020079043F63000C4F20200016841F0E0
:103E700001010160006800F00100079007980490BC
:103E8000FFE74FF4C05008900220099000200A90EC
:103E900003200B900A200C900020C4F2020008A915
:103EA000FDF750FEFFE743F63400C4F2020001685C
:103EB00041F080010160FFE70020069043F64400D6
:103EC000C4F20200016841F480410160006800F41E
:103ED0008040069006980390FFE7FFE7432000210B
:103EE00002900191019AFEF779FE0298FEF76AFEB0
:103EF000FFE70EB080BD000080B586B0014605909A
:103F000001208DF813000598C0790028039104D191
:103F1000FFE700208DF813000CE00598C079022817
:103F200004D1FFE701208DF8130002E0FCF746FC06
:103F3000FFE7FFE70598D0F8E0049DF8131008F0BC
:103F40000BF90599D1F8E0140290084608F06AF8D8
:103F5000019006B080BD000080B584B0014603909A
:103F60000398D0F8E004029108F0BEF8019004B084
:103F700080BD000080B584B0014603900398D0F85E
:103F8000E004029108F0C4F8019004B080BD000084
:103F900080B586B00A46034604908DF80F10029251
:103FA0000193FFE7049890F89404012804D1FFE7F7
:103FB00002208DF817001AE00498012180F894146B
:103FC000FFE7FFE79DF80F00049948740498006824
:103FD0009DF80F100AF036F80090FFE704980021D2
:103FE00080F89414FFE700208DF81700FFE79DF894
:103FF000170006B080BD000080B584B00146039074
:104000000398D0F8E02400F29C4002901046029AF7
:104010000191114608F0D2F8009004B080BD000074
:1040200080B586B001460490049800680390029120
:10403000FFE7049890F89404012804D1FFE70220D8
:104040008DF817002DE00498012180F89414FFE703
:10405000FFE70398C06810F0400F0BD0FFE704980B
:10406000407B012806D1FFE70398816B41F4803142
:104070008163FFE70498006809F0CAFDDDF810E0ED
:10408000DEF800E00190704609F072F80090FFE75A
:104090000498002180F89414FFE700208DF81700A1
:1040A000FFE79DF8170006B080BD000080B584B022
:1040B000014603900398D0F8E004029108F00CF94F
:1040C00003990968D1F800EE4EF0010EC1F800EE38
:1040D0000399C97A0029019009D0FFE74EF61050E4
:1040E000CEF20000016841F006010160FFE704B074
:1040F00080BD000080B588B00A4603460690059151
:10410000069800280392029304D1FFE701208DF85E
:104110001F0026E1059843F60041C4F20201096838
:1041200001F00701884212D9FFE7059843F60041E4
:10413000C4F202010870086800F00700059988427F
:1041400004D0FFE701208DF81F000AE1FFE7069881
:104150000068800700282AD5FFE706980068400716
:10416000002809D5FFE743F60800C4F20200016801
:1041700041F4E0510160FFE706980068000700285D
:1041800009D5FFE743F60800C4F20200016841F4D4
:1041900060410160FFE743F60800C4F202000168D5
:1041A00021F0F001069A926811430160FFE706983A
:1041B0000068C007002870D0FFE706984068012813
:1041C00011D1FFE743F60000C4F20200006800F4DA
:1041D00000300021B1EB504F04D1FFE701208DF8F2
:1041E0001F00BEE02CE006984068022805D0FFE7DB
:1041F00006984068032811D1FFE743F60000C4F297
:104200000200006800F000700021B1EB506F04D193
:10421000FFE701208DF81F00A3E010E043F6000047
:10422000C4F20200006800F002000021B1EB500F60
:1042300004D1FFE701208DF81F0092E0FFE7FFE7C0
:1042400043F60800C4F20200016821F00301069A57
:10425000526811430160FDF797FE0490FFE743F6B3
:104260000800C4F20200006800F00C0006994968DA
:10427000B0EB810F10D0FFE7FDF786FEDDF810E010
:10428000A0EB0E0041F2893E704504D3FFE7032006
:104290008DF81F0065E0E2E7FFE7059843F600416F
:1042A000C4F20201096801F00701884212D2FFE757
:1042B000059843F60041C4F202010870086800F056
:1042C00007000599884204D0FFE701208DF81F0000
:1042D00047E0FFE706980068400700280CD5FFE795
:1042E00043F60800C4F20200016821F4E051069A86
:1042F000D26811430160FFE70698006800070028B4
:104300000DD5FFE743F60800C4F20200016821F46E
:104310006041069A126941EAC2010160FFE700F0BC
:1043200053F843F6080EC4F2020EDEF800E0CEF3B6
:10433000031E43F6FA61C0F6010111F80E10C840E1
:1043400040F2C401C2F20001086040F2C010C2F2A3
:1043500000000068FEF7D2FB00218DF81F100190CD
:10436000FFE79DF81F0008B080BD000040F2C400C8
:10437000C2F200000068704780B5FFF7F7FF43F610
:10438000080EC4F2020EDEF800E0CEF3822E43F6F1
:104390000A71C0F6010111F80E10C84080BD00007E
:1043A00080B5FFF7E3FF43F6080EC4F2020EDEF815
:1043B00000E0CEF3423E43F60A71C0F6010111F867
:1043C0000E10C84080BD000080B586B0002005906A
:1043D00004900390029043F60800C4F202000068C3
:1043E00000F00C0001460028019108D0FFE7019879
:1043F00004280AD0FFE7019808280CD04FE042F2C9
:104400000040C0F2F40002904FE041F60030C0F2EC
:10441000B700029049E043F60400C4F202000168CC
:1044200001F03F010591006810F4800F13D0FFE701
:1044300043F60400C4F202000068C0F3881041F69D
:104440000031C0F2B701A0FB0101059A0023FBF780
:10445000B9FE049012E043F60400C4F202000068C2
:10446000C0F3881042F20041C0F2F401A0FB010148
:10447000059A0023FBF7A6FE0490FFE743F604002D
:10448000C4F20200006800F44030022101EBD03099
:10449000039004980399B0FBF1F0029005E042F21A
:1044A0000040C0F2F4000290FFE7029806B080BD21
:1044B00080B588B00146069006980028019104D185
:1044C000FFE701208DF81F006EE306980068C00723
:1044D000002800F0AB80FFE743F60800C4F20200BA
:1044E000006800F00C00042813D0FFE743F6080032
:1044F000C4F20200006800F00C0008281FD1FFE79A
:1045000043F60400C4F20200006810F4800F16D0D5
:10451000FFE743F60000C4F20200006800F4003038
:104520000021B1EB504F09D0FFE706984068002802
:1045300004D1FFE701208DF81F0035E375E0FFE7A8
:1045400006984068B0F5803F09D1FFE743F60000C8
:10455000C4F20200016841F48031016020E0069855
:104560004068B0F5A02F0DD1FFE743F60000C4F27C
:104570000200016841F480210160016841F480314A
:1045800001600CE043F60000C4F20200016821F46F
:1045900080310160016821F480210160FFE7FFE7BD
:1045A000FFE70698406800281FD0FFE7FDF7ECFC06
:1045B0000590FFE743F60000C4F20200006800F433
:1045C00000300021B1EB504F0ED1FFE7FDF7DCFCCE
:1045D000DDF814E0A0EB0E00652804D3FFE703200C
:1045E0008DF81F00E0E2E5E71EE0FDF7CDFC059049
:1045F000FFE743F60000C4F20200006800F4003058
:104600000021B1EB504F0ED0FFE7FDF7BDFCDDF808
:1046100014E0A0EB0E00652804D3FFE703208DF81B
:104620001F00C1E2E5E7FFE7FFE7FFE70698006844
:104630008007002840F19B80FFE743F60800C4F2A2
:104640000200006810F00C0F13D0FFE743F60800DB
:10465000C4F20200006800F00C0008282CD1FFE72B
:1046600043F60400C4F20200006810F4800F23D166
:10467000FFE743F60000C4F20200006800F0020009
:104680000021B1EB500F09D0FFE70698C068012860
:1046900004D0FFE701208DF81F0085E243F60000FB
:1046A000C4F20200016821F0F801069A126941EA99
:1046B000C2010160FFE759E00698C068002830D0C9
:1046C000FFE70020C4F2472001210160FDF75CFCF8
:1046D0000590FFE743F60000C4F20200006800F016
:1046E00002000021B1EB500F0ED1FFE7FDF74CFCAB
:1046F000DDF814E0A0EB0E00032804D3FFE703204D
:104700008DF81F0050E2E5E743F60000C4F2020016
:10471000016821F0F801069A126941EAC2010160BC
:1047200023E00020C4F2472000210160FDF72CFCAB
:104730000590FFE743F60000C4F20200006800F0B5
:1047400002000021B1EB500F0ED0FFE7FDF71CFC7B
:10475000DDF814E0A0EB0E00032804D3FFE70320EC
:104760008DF81F0020E2E5E7FFE7FFE7FFE7069887
:1047700000680007002850D5FFE706984069002828
:1047800025D0FFE740F68060C4F247200121016098
:10479000FDF7FAFB0590FFE743F67400C4F2020050
:1047A000006800F002000021B1EB500F0ED1FFE7CE
:1047B000FDF7EAFBDDF814E0A0EB0E00032804D3BC
:1047C000FFE703208DF81F00EEE1E5E724E040F667
:1047D0008060C4F2472000210160FDF7D5FB059001
:1047E000FFE743F67400C4F20200006800F0020024
:1047F0000021B1EB500F0ED0FFE7FDF7C5FBDDF850
:1048000014E0A0EB0E00032804D3FFE703208DF88B
:104810001F00C9E1E5E7FFE7FFE7069800684007EA
:10482000002840F1D680FFE700208DF80F0043F606
:104830004000C4F20200006810F0805F16D1FFE76C
:10484000FFE70020029043F64000C4F20200016836
:1048500041F080510160006800F0805002900298A1
:104860000090FFE701208DF80F00FFE747F20000FE
:10487000C4F20000006810F4807F24D1FFE747F203
:104880000000C4F20000016841F480710160FDF78E
:104890007BFB0590FFE747F20000C4F200000068D0
:1048A00010F4807F0ED1FFE7FDF76EFBDDF814E01A
:1048B000A0EB0E00032804D3FFE703208DF81F00B0
:1048C00072E1E8E7FFE7FFE706988068012809D171
:1048D000FFE743F67000C4F20200016841F00101F5
:1048E00001601FE00698806805280DD1FFE743F6B8
:1048F0007000C4F20200016841F004010160016827
:1049000041F0010101600CE043F67000C4F20200C6
:10491000016821F001010160016821F004010160DA
:10492000FFE7FFE7FFE706988068002821D0FFE750
:10493000FDF72AFB0590FFE743F67000C4F2020082
:10494000006800F002000021B1EB500F10D1FFE72A
:10495000FDF71AFBDDF814E0A0EB0E0041F2893EF2
:10496000704504D3FFE703208DF81F001CE1E3E747
:1049700020E0FDF709FB0590FFE743F67000C4F265
:104980000200006800F002000021B1EB500F10D0CF
:10499000FFE7FDF7F9FADDF814E0A0EB0E0041F2B5
:1049A000893E704504D3FFE703208DF81F00FBE02C
:1049B000E3E7FFE79DF80F00012809D1FFE743F681
:1049C0004000C4F20200016821F080510160FFE75D
:1049D000FFE706988069002800F0E280FFE743F6D1
:1049E0000800C4F20200006800F00C00082800F083
:1049F0008B80FFE706988069022860D1FFE760207E
:104A0000C4F2472000210160FDF7BEFA0590FFE7E0
:104A100043F60000C4F20200006800F000700021BC
:104A2000B1EB506F0ED0FFE7FDF7AEFADDF814E002
:104A3000A0EB0E00032804D3FFE703208DF81F002E
:104A4000B2E0E5E70698C169026A436AD0F828C077
:104A5000114341EA83114FEACC324FF6FF739A4378
:104A6000A2F580321143C06A41EA006043F60401B6
:104A7000C4F2020108606020C4F2472001210160F5
:104A8000FDF782FA0590FFE743F60000C4F202004A
:104A9000006800F000700021B1EB506F0ED1FFE70D
:104AA000FDF772FADDF814E0A0EB0E00032804D342
:104AB000FFE703208DF81F0076E0E5E723E06020A4
:104AC000C4F2472000210160FDF75EFA0590FFE780
:104AD00043F60000C4F20200006800F000700021FC
:104AE000B1EB506F0ED0FFE7FDF74EFADDF814E0A2
:104AF000A0EB0E00032804D3FFE703208DF81F006E
:104B000052E0E5E7FFE74AE006988069012804D112
:104B1000FFE701208DF81F0046E043F60400C4F2D1
:104B200002000068049006988069012831D0FFE7F0
:104B3000049800F480000699C969884229D1FFE7EA
:104B4000049800F03F000699096A884221D1FFE7E6
:104B5000049847F6C07108400699496AB0EB811F76
:104B600017D1FFE7049800F440300699896AC90319
:104B70004FF6FF729143A1F58031884209D1FFE7DA
:104B8000049800F070600699C96AB0EB016F04D018
:104B9000FFE701208DF81F0006E0FFE7FFE7FFE7D2
:104BA00000208DF81F00FFE79DF81F0008B080BDB2
:104BB00082B001460190009102B0704780B584B088
:104BC0000146029002980028019104D1FFE70120DC
:104BD0008DF80F0072E00298406A00280CD1FFE7C0
:104BE00002984068B0F5827F01D1FFE703E00298A8
:104BF0000021C161FFE705E00298002101610298F0
:104C00004161FFE7029800218162029890F851000B
:104C1000002808D1FFE70298002180F85010029880
:104C200000F050F8FFE70298022180F85110029836
:104C30000068016821F04001016002980168426843
:104C40008368D0F80CC002F4827203F404431A4360
:104C50000CF400631A43036903F002031A43436927
:104C600003F001031A43836903F400731A43C36911
:104C700003F038031A43036A03F080031A43806A7F
:104C800000F40050104308600298418B01F00401C9
:104C90000268406A00F01000084350600298006803
:104CA000C16921F40061C161029800214165029847
:104CB000012280F851208DF80F10FFE79DF80F00BA
:104CC00004B080BD80B592B00146119000201090D4
:104CD0000F900E900D900C901198006843F2000216
:104CE000C4F201029042089140F0C380FFE7FFE761
:104CF00000200B9043F64400C4F20200016841F426
:104D000080510160006800F480500B900B98079070
:104D1000FFE7FFE700200A9043F63000C4F20200EC
:104D2000016841F002010160006800F002000A9091
:104D30000A980690FFE7FFE70020099043F630004D
:104D4000C4F20200016841F001010160006800F056
:104D50000100099009980590FFE718200C900220A7
:104D60000D9001210E9103220F920523109340F222
:104D7000004CC4F2020C0DF1300E04906046039119
:104D80007146CDF808E001930092FCF7DBFE80202D
:104D90000C9004980D9003990E91009A0F92019B2C
:104DA00010930020C4F202000299FCF7CBFE42F2FD
:104DB000C470C2F2000046F24041C4F20201016038
:104DC0004FF0C061416000218160C1604FF480629A
:104DD000026141618161C1614FF44032026204228B
:104DE0004262009A8262C1620163FCF72DFD0028D5
:104DF00003D0FFE7FBF7E2FCFFE7FFE7119842F281
:104E0000C471C2F20001C16411988863FFE742F6E1
:104E10002400C2F2000046F25841C4F202010160CF
:104E20004FF0C0614160402181600021C1604FF4BA
:104E30008062026141618161C1614FF400320262AE
:104E40000422426203228262C1620163FCF7FCFC1D
:104E5000002803D0FFE7FBF7B1FCFFE7FFE711985D
:104E600042F62401C2F20001816411988863FFE7D1
:104E7000FFE712B080BD000082B0014601900091B2
:104E800002B0704782B001460190009102B07047B5
:104E900070B592B0DDF858C09E4614460D460646E1
:104EA00010900F910E92ADF8363001200990CDF898
:104EB0001CE0069405950496CDF80CC0FDF764F847
:104EC0000A90109890F851008DF82F0010984068C3
:104ED0000C90BDF83600ADF834009DF82F00012885
:104EE00013D0FFE70C98B0F5827F0AD1FFE7109846
:104EF0008068002805D1FFE79DF82F00042804D022
:104F0000FFE702208DF84700B5E10F98002809D08F
:104F1000FFE70E98002805D0FFE7BDF8360000280F
:104F200004D1FFE701208DF84700A4E1FFE71098C6
:104F300090F85000012804D1FFE702208DF84700C7
:104F400099E11098012180F85010FFE7FFE71098D1
:104F500090F85100042805D0FFE71098052180F84B
:104F60005110FFE71098002141650E98109A906348
:104F7000BDF83600109AD087BDF83600109A908799
:104F80000F98109A1063BDF83600109AD086BDF8BD
:104F90003600109A90861098016410984164109819
:104FA0000068006800F04000402807D0FFE7109834
:104FB0000068016841F040010160FFE71098C06897
:104FC000B0F5006F40F08A80FFE710984068002835
:104FD00005D0FFE7BDF8340001280ED1FFE7109897
:104FE0000168006B0088C8601098016B0231016392
:104FF0001098C18E0139C186FFE7FFE71098C08E77
:1050000001210028029107D1FFE71098C08F0028E6
:1050100018BF01200290FFE70298C00700285CD06B
:10502000FFE710980068806810F0020F19D0FFE7C2
:105030001098C08E002814D0FFE70998012810D1DD
:10504000FFE710980168006B0088C8601098016B3A
:10505000023101631098C18E0139C1860020099088
:10506000FFE710980068806810F0010F16D0FFE786
:105070001098C08F002811D0FFE710980068C06812
:105080001099896B08801098816B023181631098A8
:10509000C18F0139C18701200990FFE7FCF774FF38
:1050A000DDF828E0A0EB0E00DDF858E0704513D3E2
:1050B000FFE71698013000280ED0FFE71098012175
:1050C00080F85110FFE71098002180F85010FFE79A
:1050D00003208DF84700CEE090E78CE01098406800
:1050E000002805D0FFE7BDF8340001280ED1FFE706
:1050F00010980168006B007808731098016B0131FB
:1051000001631098C18E0139C186FFE7FFE710984F
:10511000C08E01210028019107D1FFE71098C08FB0
:10512000002818BF01200190FFE70198C007002860
:1051300060D0FFE710980068806810F0020F19D067
:10514000FFE71098C08E002814D0FFE709980128C7
:1051500010D1FFE710980168006B00780873109871
:10516000016B013101631098C18E0139C1860020A5
:105170000990FFE710980068806810F0010F16D0C2
:10518000FFE71098C08F002811D0FFE71098006843
:10519000C0681099896B08701098816B0131816328
:1051A0001098C18F0139C18701200990FFE7FCF7F2
:1051B000EBFEDDF828E0A0EB0E00DDF858E07045CE
:1051C00005D3FFE716980130002804D1FFE71698B1
:1051D00000280ED1FFE71098012180F85110FFE759
:1051E0001098002180F85010FFE703208DF8470049
:1051F00041E08CE7FFE7109816990A9A03F088FDC2
:1052000000280DD0FFE7109820214165FFE7109896
:10521000002180F85010FFE701208DF847002AE0B8
:105220001098806800280FD1FFE7FFE70020089062
:1052300010980068C068089010980068806808900E
:1052400008980090FFE7FFE71098012180F85110BF
:10525000FFE71098002180F85010FFE71098406D8C
:10526000002804D0FFE701208DF8470003E000206C
:105270008DF84700FFE79DF8470012B070BD0000B1
:10528000B0B58EB09C4696460C4605460C900B91E8
:105290000A92ADF826300C9890F851008DF81F0056
:1052A0000C98406808909DF81F000128CDF818C0A0
:1052B000CDF814E00494039513D0FFE70898B0F5F7
:1052C000827F0AD1FFE70C988068002805D1FFE7AC
:1052D0009DF81F00042804D0FFE702208DF8370056
:1052E000EDE00B98002809D0FFE70A98002805D0C8
:1052F000FFE7BDF82600002804D1FFE701208DF864
:105300003700DCE0FFE70C9890F85000012804D14A
:10531000FFE702208DF83700D1E00C98012180F8DA
:105320005010FFE7FFE70C9890F85100042805D0D3
:10533000FFE70C98052180F85110FFE70C98002139
:1053400041650B980C9A1063BDF826000C9A908664
:10535000BDF826000C9AD0860A980C9A9063BDF886
:1053600026000C9A9087BDF826000C9AD0870C98DE
:1053700001640C9841640C9890F8510004280FD1F6
:10538000FFE70C98C06C48F6A121C0F6000101644B
:105390000C98C06C48F6D921C0F60001C1630EE03C
:1053A0000C98C06C48F6BD21C0F6000101640C9851
:1053B000C06C48F68531C0F60001C163FFE70C9868
:1053C000C06C48F66921C0F60001C1640C98C06C3D
:1053D000002101650C980168826BC36C0C31C08F91
:1053E00002901846029BFCF7F1FA00280FD0FFE765
:1053F0000C98416D41F010014165FFE70C980021C8
:1054000080F85010FFE701208DF8370057E00C9826
:105410000068416841F0010141600C98806C0021F6
:1054200001640C98806CC1630C98806CC1640C980A
:10543000806C01650C980168026B836C0C31C08E26
:105440000190184600911146009A019BFCF7BEFAA4
:1054500000280FD0FFE70C98416D41F01001416525
:10546000FFE70C98002180F85010FFE701208DF82D
:10547000370024E00C980068006800F040004028E5
:1054800007D0FFE70C980068016841F04001016017
:10549000FFE7FFE70C98002180F85010FFE70C9819
:1054A0000068416841F0200141600C980068416843
:1054B00041F00201416000208DF83700FFE79DF8C0
:1054C00037000EB0B0BD000080B588B0014607902F
:1054D0000798006843F20002C4F20102904206916C
:1054E0001AD1FFE740F2F040C2F2000041680289A1
:1054F000059008461146FCF70DFD0598D0F81011EF
:10550000B0F80A210A30DDF814E00EF18A030491A4
:105510001946049B984747E00798006843F6000146
:10552000C4F2000188421AD1FFE740F20460C2F2DF
:10553000000041680289039008461146FCF7EAFC26
:105540000398D0F81011B0F80A210A30DDF80CE009
:105550000EF18A0302911946029B984723E00798AF
:10556000006843F60041C4F2000188421AD1FFE707
:1055700040F21870C2F200004168028901900846AA
:105580001146FCF7C7FC0198D0F81011B0F80A21B9
:105590000A30DDF804E00EF18A0300911946009B01
:1055A0009847FFE7FFE7FFE708B080BD82B00146FC
:1055B0000190009102B0704780B582B00146019021
:1055C0000198009103F082FD02B080BD82B00146D7
:1055D0000190009102B0704782B0014601900091A5
:1055E00002B0704786B00A4603460490039100203B
:1055F000029001920093FFE7049890F83C00012884
:1056000004D1FFE702208DF8170044E0049801213F
:1056100080F83C10FFE7FFE7029820F0FF000399B5
:10562000C96808430290029820F440700399896881
:1056300008430290029820F4806003994968084367
:105640000290029820F400600399096808430290D0
:10565000029820F480500399096908430290029847
:1056600020F400500399496908430290029820F4FD
:1056700080400399C9690843029002980499096817
:105680004864FFE70498002180F83C10FFE7002001
:105690008DF81700FFE79DF8170006B0704700006F
:1056A00087B00A4603460590049101920093FFE7F4
:1056B000059890F83C00012804D1FFE702208DF8FE
:1056C0001B007EE00598012180F83C10FFE7FFE712
:1056D0000598022180F83D10059800684068039005
:1056E0000598006880680290039820F0700003908D
:1056F0000498006803990843039003980599096882
:105700004860059800680021C4F2010188423CD03D
:10571000FFE705980068B0F1804F36D0FFE70598A5
:10572000006840F20041C4F2000188422DD0FFE73A
:105730000598006840F60001C4F20001884224D0B8
:10574000FFE70598006840F60041C4F20001884276
:105750001BD0FFE70598006840F20041C4F2010148
:10576000884212D0FFE70598006844F20001C4F2B5
:105770000101884209D0FFE70598006841F6000161
:10578000C4F2000188420ED1FFE7029820F08000A9
:105790000290049840680299084302900298059983
:1057A00009688860FFE70598012180F83D10FFE750
:1057B0000598002180F83C10FFE700208DF81B00C1
:1057C000FFE79DF81B0007B07047000080B584B06C
:1057D0000146029002980028019104D1FFE70120C0
:1057E0008DF80F0043E0029890F83D00002808D1A2
:1057F000FFE70298002180F83C10029800F03CF886
:10580000FFE70298022180F83D10029850F8041B2F
:1058100000900846009903F007FD0298012180F8E6
:105820004610FFE70298012180F83E10029880F8A8
:105830003F10029880F84010029880F84110FFE76E
:10584000FFE70298012180F84210029880F8431087
:10585000029880F84410029880F84510FFE70298FB
:10586000012180F83D1000208DF80F00FFE79DF822
:105870000F0004B080BD000080B58EB001460D90D1
:105880000D9800680022C4F201029042079113D1E2
:10589000FFE7FFE700200C9043F64400C4F202004B
:1058A000016841F001010160006800F001000C9006
:1058B0000C980690FFE785E00D98006840F20041E3
:1058C000C4F20001884213D1FFE7FFE700200B90EC
:1058D00043F64000C4F20200016841F00201016099
:1058E000006800F002000B900B980590FFE768E05D
:1058F0000D98006840F60001C4F2000188421CD1F6
:10590000FFE7FFE700200A9043F64000C4F20200E0
:10591000016841F004010160006800F004000A9091
:105920000A980490FFE71E20012100220390FDF752
:1059300055F90398FDF746F942E00D98006840F6E6
:105940000041C4F2000188421CD1FFE7FFE70020BC
:10595000099043F64000C4F20200016841F00801DA
:105960000160006800F00800099009980290FFE7C4
:105970003220012100220190FDF730F90198FDF756
:1059800021F91CE00D98006844F20041C4F20101C5
:10599000884213D1FFE7FFE70020089043F6440058
:1059A000C4F20200016841F400310160006800F4B3
:1059B0000030089008980090FFE7FFE7FFE7FFE757
:1059C000FFE7FFE70EB080BD84B001460290029869
:1059D00090F83D000128009104D0FFE701208DF8E8
:1059E0000F006AE00298022180F83D1002980068DA
:1059F000C16841F00101C160029800680021C4F251
:105A0000010188423CD0FFE702980068B0F1804F66
:105A100036D0FFE70298006840F20041C4F200016E
:105A200088422DD0FFE70298006840F60001C4F2DA
:105A30000001884224D0FFE70298006840F6004148
:105A4000C4F2000188421BD0FFE70298006840F2D0
:105A50000041C4F20101884212D0FFE702980068B9
:105A600044F20001C4F20101884209D0FFE7029824
:105A7000006841F60001C4F20001884212D1FFE73C
:105A800002980068806800F00700019001980628DD
:105A900007D0FFE702980068016841F0010101604A
:105AA000FFE706E002980068016841F0010101602B
:105AB000FFE700208DF80F00FFE79DF80F0004B00E
:105AC0007047000080B58EB00A4603460C900B91DB
:105AD00000208DF82B0008920793FFE70C9890F8B0
:105AE0003C00012804D1FFE702208DF83700BBE01D
:105AF0000C98012180F83C10FFE7FFE70C98022189
:105B000080F83D100C98006880680990099820F092
:105B100077000990099820F47F40099009980C9922
:105B2000096888600B9800680028069000F0828061
:105B3000FFE7069810287DD0FFE70698202879D047
:105B4000FFE70698302875D0FFE70698402861D017
:105B5000FFE7069850283DD0FFE70698602849D017
:105B6000FFE7069870280BD0FFE70698B0F5805F36
:105B700005D0FFE70698B0F5005F19D061E064E05A
:105B80000C9800680B994A688B68C968059119469A
:105B9000059B03F045FC0C98006880680990099803
:105BA00040F07700099009980C99096888604CE0EA
:105BB0000C9800680B994A688B68C968049119466B
:105BC000049B03F02DFC0C980068816841F480412F
:105BD00081603AE00C9800680B994A68C9680391A3
:105BE0001146039A03F036FF0C980068502103F029
:105BF0003DFC2AE00C9800680B994A68C96802913C
:105C00001146029A03F058FF0C980068602103F0D7
:105C10002DFC1AE00C9800680B994A68C96801913C
:105C20001146019A03F016FF0C980068402103F01A
:105C30001DFC0AE00C9800680B99096803F016FC3B
:105C400003E001208DF82B00FFE70C98012180F87C
:105C50003D10FFE70C98002180F83C10FFE79DF80D
:105C60002B008DF83700FFE79DF837000EB080BDA0
:105C700082B001460190009102B0704780B584B0B7
:105C80000146039003980068C0680290039800687A
:105C900000690190019880070028009124D5FFE752
:105CA0000298800700281ED5FFE7039800686FF070
:105CB000020101610398012101770398006880695E
:105CC00010F0030F04D0FFE70398FFF7D1FF06E0C1
:105CD000039800F03DF9039800F04CFAFFE70398B1
:105CE00000210177FFE7FFE701984007002824D54E
:105CF000FFE70298400700281ED5FFE703980068D9
:105D00006FF0040101610398022101770398006894
:105D1000806910F4407F04D0FFE70398FFF7A8FFE5
:105D200006E0039800F014F9039800F023FAFFE767
:105D3000039800210177FFE7FFE70198000700289B
:105D400024D5FFE70298000700281ED5FFE7039837
:105D500000686FF00801016103980421017703983E
:105D60000068C06910F0030F04D0FFE70398FFF745
:105D70007FFF06E0039800F0EBF8039800F0FAF9D3
:105D8000FFE7039800210177FFE7FFE70198C006CE
:105D9000002824D5FFE70298C00600281ED5FFE79B
:105DA000039800686FF010010161039808210177E2
:105DB00003980068C06910F4407F04D0FFE703989F
:105DC000FFF756FF06E0039800F0C2F8039800F0D2
:105DD000D1F9FFE7039800210177FFE7FFE701987A
:105DE000C00700280FD0FFE70298C007002809D09D
:105DF000FFE7039800686FF001010161039800F06C
:105E0000ADFAFFE7FFE70198000600280FD5FFE78E
:105E100002980006002809D5FFE7039800686FF094
:105E2000800101610398FFF7D1FBFFE7FFE70198CD
:105E3000400600280FD5FFE702984006002809D544
:105E4000FFE7039800686FF040010161039800F0DC
:105E500075FBFFE7FFE70198800600280FD5FFE7F5
:105E600002988006002809D5FFE7039800686FF0C4
:105E7000200101610398FFF7AFFBFFE7FFE704B0E4
:105E800080BD000080B58CB001460B9000200A90C8
:105E900009900890079006900B9800680022C4F2C1
:105EA00001029042039124D1FFE7FFE70020059013
:105EB00043F63000C4F20200016841F010010160B5
:105EC000006800F01000059005980290FFE74FF47D
:105ED00000500690022007900020089009900120B1
:105EE0000A9041F20000C4F2020006A9FBF72AFE64
:105EF0002CE00B98006844F20041C4F20101884292
:105F000023D1FFE7FFE70020049043F63000C4F2FE
:105F10000200016841F020010160006800F02000EB
:105F2000049004980190FFE740200690022007901B
:105F300000210891099003200A9041F20040C4F228
:105F4000020006A9FBF7FEFDFFE7FFE70CB080BDEE
:105F500082B001460190009102B0704780B58AB0CE
:105F600013468C46864608900791069200208DF8CD
:105F700017000493CDF80CC0CDF808E0FFE70898AF
:105F800090F83C00012804D1FFE702208DF827009B
:105F90008FE00898012180F83C10FFE7FFE70698A2
:105FA0000C28019000F276800199DFE801F0077378
:105FB0007373227373733D7373735800089800688A
:105FC000079903F07BFB08980068816941F008019C
:105FD000816108980068816921F004018161079856
:105FE000006908990968D1F818E040EA0E00886154
:105FF00054E008980068079903F0DAFB08980068F5
:10600000816941F40061816108980068816921F427
:10601000806181610798006908990968D1F818E0E2
:106020004EEA0020886139E008980068079903F07B
:106030003DFC08980068C16941F00801C1610898F9
:106040000068C16921F00401C161079800690899DD
:106050000968D1F81CE040EA0E00C8611EE008980B
:106060000068079903F0A0FC08980068C16941F432
:106070000061C16108980068C16921F48061C16153
:106080000798006908990968D1F81CE04EEA0020D9
:10609000C86103E001208DF81700FFE7FFE70898CB
:1060A000002180F83C10FFE79DF817008DF82700CD
:1060B000FFE79DF827000AB080BD000080B584B0DE
:1060C0000146029002980028019104D1FFE70120C7
:1060D0008DF80F0043E0029890F83D00002808D1A9
:1060E000FFE70298002180F83C10029800F03CF88D
:1060F000FFE70298022180F83D10029850F8041B37
:1061000000900846009903F08FF80298012180F86A
:106110004610FFE70298012180F83E10029880F8AF
:106120003F10029880F84010029880F84110FFE775
:10613000FFE70298012180F84210029880F843108E
:10614000029880F84410029880F84510FFE7029802
:10615000012180F83D1000208DF80F00FFE79DF829
:106160000F0004B080BD000082B001460190009194
:1061700002B0704782B001460190009102B07047B2
:1061800080B58EB00A4603460C900B910B98002800
:106190000992089305D1FFE70C9890F83E0007900C
:1061A0001CE00B98042805D1FFE70C9890F83F00FD
:1061B000069010E00B98082805D1FFE70C9890F89E
:1061C0004000059004E00C9890F841000590FFE72E
:1061D00005980690FFE706980790FFE707980128C3
:1061E00004D0FFE701208DF83700B2E00B980028BB
:1061F00005D1FFE70C98022180F83E101FE00B98B4
:10620000042806D1FFE70C98022180F83F10049182
:1062100012E00B98082806D1FFE70C98022180F8BD
:106220004010039105E00C98022180F84110039181
:10623000FFE703980490FFE704980290FFE70C98AB
:1062400000680B990122019203F0C4F80C980068D1
:1062500001990022C4F20102904200910CD0FFE7A4
:106260000C9800684FF60041CBF6FE710844B0FA76
:1062700080F040090090FFE70098C007002807D091
:10628000FFE70C980068416C41F400414164FFE76E
:106290000C9800680021C4F2010188423CD0FFE75D
:1062A0000C980068B0F1804F36D0FFE70C9800687A
:1062B00040F20041C4F2000188422DD0FFE70C9863
:1062C000006840F60001C4F20001884224D0FFE7D4
:1062D0000C98006840F60041C4F2000188421BD0CF
:1062E000FFE70C98006840F20041C4F201018842C7
:1062F00012D0FFE70C98006844F20001C4F20101DB
:10630000884209D0FFE70C98006841F60001C4F20A
:106310000001884212D1FFE70C980068806800F005
:1063200007000A900A98062807D0FFE70C98006833
:10633000016841F001010160FFE706E00C98006888
:10634000016841F001010160FFE700208DF837008E
:10635000FFE79DF837000EB080BD000080B582B029
:1063600001460190019800680022C4F201029042A7
:10637000009107D1FFE740F65C00C2F200004068E0
:106380008047D9E001980068B0F1804F07D1FFE75E
:1063900040F66400C2F2000040688047CBE00198FC
:1063A000006840F20041C4F20001884207D1FFE7D3
:1063B00040F66C00C2F2000040688047BAE00198E5
:1063C000006840F60001C4F20001884207D1FFE7EF
:1063D00040F67400C2F2000040688047A9E00198CE
:1063E000006840F60041C4F20001884207D1FFE78F
:1063F00040F67C00C2F200004068804798E00198B7
:10640000006841F20001C4F20001884207D1FFE7B1
:1064100040F68400C2F200004068804787E001989F
:10642000006841F20041C4F20001884207D1FFE751
:1064300040F68C00C2F200004068804776E0019888
:10644000006840F20041C4F20101884207D1FFE731
:1064500040F69400C2F200004068804765E0019871
:10646000006844F20001C4F20101884207D1FFE74D
:1064700040F69C00C2F200004068804754E001985A
:10648000006844F20041C4F20101884207D1FFE7ED
:1064900040F63400C2F200004068804743E00198B3
:1064A000006844F60001C4F20101884207D1FFE709
:1064B00040F63C00C2F200004068804732E001989C
:1064C000006841F60001C4F20001884207D1FFE7ED
:1064D00040F64400C2F200004068804721E0019885
:1064E000006841F60041C4F20001884207D1FFE78D
:1064F00040F64C00C2F200004068804710E001986E
:10650000006842F20001C4F20001884207D1FFE7AF
:1065100040F65400C2F2000040688047FFE7FFE702
:10652000FFE7FFE7FFE7FFE7FFE7FFE7FFE7FFE73B
:10653000FFE7FFE7FFE7FFE702B080BD82B001465B
:106540000190009102B0704780B58AB013468C4626
:10655000864608900791ADF81A20089890F84200F6
:1065600020280393CDF808C0CDF804E04BD1FFE715
:106570000798002805D0FFE7BDF81A00002804D1CD
:10658000FFE701208DF8270041E008980121016311
:1065900008980021416308980799BDF81A2003F074
:1065A000B3FD8DF819000898006B012822D1FFE790
:1065B000FFE700200590089800680068059008989B
:1065C00000684068059005980090FFE7FFE7FFE747
:1065D0000898006850E8030F40F010000490FFE7AF
:1065E00004980899096841E80302002AF0D1FFE7FE
:1065F000FFE703E001208DF81900FFE79DF819007F
:106600008DF8270003E002208DF82700FFE79DF8B2
:1066100027000AB080BD000080B59CB00A46034642
:106620001B90ADF86A101B98006841F20001C4F29B
:1066300001018842199218931ED1FFE7BDF86A0044
:1066400040F6A401C2F20001A1F80801D1F80C0142
:10665000BDF86A2001F1840317901846169111467F
:10666000179A159390471B981699B1F8042115991C
:10667000FFF76AFF1490CCE01B98006844F20041D9
:10668000C4F2000188421ED1FFE7BDF86A0040F65F
:10669000B411C2F20001A1F80801D1F80C01BDF853
:1066A0006A2001F184031390184612911146139A3F
:1066B000119390471B981299B1F804211199FFF793
:1066C00043FF1090A4E01B98006844F60001C4F258
:1066D0000001884223D1FFE7BDF86A0040F6C421DB
:1066E000C2F20001A1F80801D1F80C01BDF86A203E
:1066F00001F184030F9018460E9111460F9A0D93E5
:106700009047BDF86A100D98F9F7A6FD1B980E99F1
:10671000B1F804210D99FFF717FF0C9077E01B9853
:10672000006844F60041C4F2000188421ED1FFE730
:10673000BDF86A0040F6D431C2F20001A1F80801A8
:10674000D1F80C01BDF86A2001F184030B901846C2
:106750000A9111460B9A099390471B980A99B1F830
:1067600004210999FFF7F0FE08904FE01B9800689C
:1067700045F20001C4F2000188421ED1FFE7BDF8D6
:106780006A0040F6E441C2F20001A1F80801D1F824
:106790000C01BDF86A2001F18403079018460691A8
:1067A0001146079A059390471B980699B1F8042162
:1067B0000599FFF7C9FE049027E01B98006841F295
:1067C0000041C4F2010188421ED1FFE7BDF86A0012
:1067D00040F6F451C2F20001A1F80801D1F80C0111
:1067E000BDF86A2001F18403039018460291114616
:1067F000039A019390471B980299B1F804210199DB
:10680000FFF7A2FE0090FFE7FFE7FFE7FFE7FFE7E4
:10681000FFE71CB080BD000082B0014601900091EE
:1068200002B0704780B598B001461790179800687D
:106830000068169017980068C0681590179800684F
:1068400040691490002013901290169800F00F00E9
:10685000139013980028069112D1FFE79DF8580075
:10686000800600280BD5FFE79DF85400800600281D
:1068700005D5FFE7179803F0D7FA059011E2FFE777
:106880001398002800F0CD80FFE79DF85000C00766
:10689000002807D1FFE7BDF8540010F4907F00F006
:1068A000C080FFE79DF85800C00700280CD0FFE724
:1068B0009DF85500C007002806D0FFE71798416CE7
:1068C00041F001014164FFE79DF8580040070028AE
:1068D0000CD5FFE79DF85000C007002806D0FFE761
:1068E0001798416C41F002014164FFE79DF85800A0
:1068F000800700280CD5FFE79DF85000C00700284E
:1069000006D0FFE71798416C41F004014164FFE7AE
:106910009DF858000007002812D5FFE79DF85400A5
:106920008006002806D4FFE79DF85000C007002825
:1069300006D0FFE71798416C41F008014164FFE77A
:106940001798406C00286BD0FFE79DF85800800630
:1069500000280BD5FFE79DF854008006002805D5D8
:10696000FFE7179803F060FA0490FFE717980068B4
:106970004069C0F3801012901798406C10F0080F17
:1069800004D1FFE71298002840D0FFE7179803F0E2
:10699000CBF917980068406910F0400F31D0FFE73D
:1069A000FFE7FFE71798006850E8050F20F0400068
:1069B0001190FFE711981799096841E80502002A2C
:1069C000F0D1FFE7FFE71798C06B002814D0FFE76E
:1069D0001798C06B49F65531C0F60001016517984C
:1069E000C06BFAF761FD002805D0FFE71798C06B70
:1069F000016D8847FFE703E01798FFF70DFFFFE7FA
:106A000003E01798FFF708FFFFE708E01798FFF784
:106A100003FF17984FF0000EC0F844E0FFE7FFE7D0
:106A20003FE11798006B012840F01981FFE79DF8BE
:106A30005800C006002840F11281FFE79DF854007D
:106A4000C006002840F10B81FFE7FFE7002010900F
:106A500017980068006810901798006840681090B8
:106A600010980390FFE717980068406910F0400FF6
:106A700000F09B80FFE71798C06B00684068ADF896
:106A80003E00BDF83E00002876D0FFE7BDF83E008E
:106A90001799898D88426FDAFFE7BDF83E00179994
:106AA000C8851798C06BC069B0F5807F59D0FFE7E3
:106AB000FFE7FFE71798006850E8030F20F48070A5
:106AC0000E90FFE70E981799096841E80302002A23
:106AD000F0D1FFE7FFE7FFE7FFE71798006850E80E
:106AE000050F20F001000D90FFE70D981799096838
:106AF00041E80502002AF0D1FFE7FFE7FFE7FFE7E3
:106B00001798006850E8050F20F040000C90FFE750
:106B10000C981799096841E80502002AF0D1FFE7AF
:106B2000FFE71798202180F8421017980021016391
:106B3000FFE7FFE71798006850E8030F20F0100008
:106B40000B90FFE70B981799096841E80302002AA8
:106B5000F0D1FFE7FFE71798C06BFAF727FC029028
:106B6000FFE71798022141631798818DC28D891A1A
:106B700089B2FFF751FD17E0BDF83E001799898DE6
:106B8000884210D1FFE71798C06BC069B0F5807FCD
:106B900008D1FFE71798022141631798818DFFF70D
:106BA0003BFDFFE7FFE7FFE77BE01798818DC08D96
:106BB000081AADF82A001798C08D00284ED0FFE7BC
:106BC000BDF82A00002849D0FFE7FFE7FFE7179844
:106BD000006850E8030F20F490700990FFE70998CF
:106BE0001799096841E80302002AF0D1FFE7FFE79F
:106BF000FFE7FFE71798006850E8050F20F0010055
:106C00000890FFE708981799096841E80502002AEB
:106C1000F0D1FFE7FFE71798202180F8421017987E
:106C200000210163FFE7FFE71798006850E8030FB2
:106C300020F010000790FFE707981799096841E8CE
:106C40000302002AF0D1FFE7FFE717980221416312
:106C50001798BDF82A10FFF7DFFCFFE721E09DF849
:106C60005800000600280BD5FFE79DF854000006E9
:106C7000002805D5FFE7179803F0EAFA019010E025
:106C80009DF85800400600280BD5FFE79DF85400FA
:106C90004006002805D5FFE7179803F091F800900B
:106CA000FFE718B080BD000080B584B001460290B7
:106CB00002980028019104D1FFE701208DF80F0010
:106CC00043E002988069002801D0FFE700E0FFE779
:106CD000029890F84100002808D1FFE702980021AF
:106CE00080F84010029800F035F8FFE70298242160
:106CF00080F8411002980068C16821F40051C16019
:106D0000029803F04DF902980068016921F490415E
:106D1000016102980068416921F02A0141610298ED
:106D20000068C16841F40051C160029800214164CB
:106D300002984FF0200E80F841E0029880F842E07F
:106D4000029841638DF80F10FFE79DF80F0004B023
:106D500080BD000080B5A0B001461F9000201E90AD
:106D60001D901C901B901A901F98006841F2000221
:106D7000C4F201029042129140F0C880FFE7FFE7A1
:106D80000020199043F64400C4F20200016841F06B
:106D900010010160006800F010001990199811901E
:106DA000FFE7FFE70020189043F63000C4F202002E
:106DB000016841F002010160006800F002001890D3
:106DC00018981090FFE7FFE70020179043F6300077
:106DD000C4F20200016841F001010160006800F0A6
:106DE0000100179017980F90FFE780201A9002205B
:106DF0001B9000211C9103221D9207231E9340F239
:106E0000004CC4F2020C0DF1680E0E9060460D911C
:106E10007146CDF830E00B930A92FAF793FE4FF4E7
:106E200000701A900E981B900D991C910A9A1D9251
:106E30000B9B1E930020C4F202000C99FAF782FE0D
:106E400042F68400C2F2000046F28841C4F2020118
:106E500001604FF0006141600D998160C1604FF4A5
:106E60008062026141618161C1614FF4403202621E
:106E7000042242620A9A8262C1620163FAF7E4FC68
:106E8000002803D0FFE7F9F799FCFFE7FFE71F9819
:106E900042F68401C2F20001C1631F988863FFE7D4
:106EA00042F6E400C2F2000046F2B841C4F2020128
:106EB00001604FF000614160402181600021C160AC
:106EC0004FF48062026141618161C1614FF480329F
:106ED00002624162FAF7B8FC002803D0FFE7F9F735
:106EE0006DFCFFE7FFE71F9842F6E401C2F20001E4
:106EF00081631F988863FFE7252005210022099000
:106F0000FBF76CFE0998FBF75DFE24E11F98006813
:106F100044F60001C4F2000188426ED1FFE7FFE7AA
:106F20000020169043F64000C4F20200016841F4CC
:106F300080210160006800F4802016901698089067
:106F4000FFE7FFE70020159043F63000C4F202008F
:106F5000016841F004010160006800F00400159030
:106F600015980790FFE74FF440601A9002201B909D
:106F700000201C9003211D9107211E9140F6000165
:106F8000C4F202011AAA069008461146FAF7DAFD81
:106F900042F64410C2F2000046F22801C4F2020197
:106FA00001604FF00061416006998160C1604FF45B
:106FB0008062026141618161C1614FF440320262CD
:106FC0004162FAF741FC002803D0FFE7F9F7F6FB2E
:106FD000FFE7FFE71F9842F64411C2F20001C163C8
:106FE0001F988863FFE72720052100220590FBF703
:106FF000F5FD0598FBF7E6FDACE01F98006841F24F
:107000000041C4F20101884240F0A380FFE7FFE79E
:107010000020149043F64400C4F20200016841F0DD
:1070200020010160006800F0200014901498049082
:10703000FFE7FFE70020139043F63000C4F20200A0
:10704000016841F040010160006800F040001390C9
:1070500013980390FFE74FF484401A9002201B908E
:1070600000201C9003211D9108221E9241F600026F
:10707000C4F202021AAB0290104601911946FAF7C7
:1070800061FD42F6A410C2F2000046F22841C4F2AB
:10709000020101604FF02061416002998160C1608E
:1070A0004FF480620261416181614FF48072C2617C
:1070B0004FF40032026204224262019A8262C1628B
:1070C0000163FAF7C1FB002803D0FFE7F9F776FB6D
:1070D000FFE7FFE71F9842F6A411C2F20001C16367
:1070E0001F988863FFE742F60420C2F2000046F2D0
:1070F000A041C4F2020101604FF0206141604021D3
:1071000081600021C1604FF4806202614161816150
:10711000C1614FF4803202624162FAF795FB0028A8
:1071200003D0FFE7F9F74AFBFFE7FFE71F9842F6B6
:107130000421C2F2000181631F988863FFE74720A2
:10714000052100220090FBF749FD0098FBF73AFD6E
:10715000FFE7FFE7FFE720B080BD000082B00146F7
:107160000190009102B0704782B0014601900091F9
:1071700002B0704782B001460190009102B07047A2
:10718000FFE7FEE783B0014601900198006840697F
:1071900000F480600122B2EB902F00911ED1FFE736
:1071A000019800686FF480614161019800210163DA
:1071B0000198202280F83D20019880F83E10019827
:1071C000016C41F004010164FFE70198002180F89F
:1071D0003C10FFE701208DF80B0003E000208DF844
:1071E0000B00FFE79DF80B0003B07047F0B58DB0C2
:1071F000DDF84CC0DDF848E01C4615460E46074653
:107200000B90ADF82A10ADF82820ADF826300B9879
:107210000068016841F4806101600B9800680168B2
:1072200041F4807101600B98129B13996A461160BA
:107230004FF0011100220794069505960497CDF8AA
:107240000CC0CDF808E000F0EDF9002810D0FFE701
:107250000B980068006810F4807F05D0FFE70B985A
:107260004FF400710164FFE703208DF83300C0E0A4
:10727000BDF82A0000F0FE000B99096808610B9820
:10728000129A139B0221C0F2010100F05FFA00285C
:1072900004D0FFE701208DF83300AAE0FFE70020CB
:1072A00008900B980068406908900B980068806906
:1072B000089008980190FFE70B981299139A00F034
:1072C00079FB002810D0FFE70B98006C042807D149
:1072D000FFE70B980068016841F400710160FFE767
:1072E00001208DF8330084E0BDF82600012806D186
:1072F000FFE79DF828000B990968086123E0BDF8B5
:107300002800000A0B99096808610B981299139AD2
:1073100000F050FB002810D0FFE70B98006C042809
:1073200007D1FFE70B980068016841F40071016024
:10733000FFE701208DF833005BE09DF828000B99F2
:1073400009680861FFE70B981299139A00F032FB65
:10735000002810D0FFE70B98006C042807D1FFE746
:107360000B980068016841F400710160FFE701209B
:107370008DF833003DE00B980068016841F480719E
:1073800001600B98129B13996A4611604FF001112E
:10739000002200F047F9002810D0FFE70B980068A2
:1073A000006810F4807F05D0FFE70B984FF4007160
:1073B0000164FFE703208DF833001AE0BDF82A00CE
:1073C00040F00100C0B20B99096808610B98129A4D
:1073D000139B0221C0F2010100F0B8F9002804D08B
:1073E000FFE701208DF8330003E000208DF8330023
:1073F000FFE79DF833000DB0F0BD0000F0B58DB093
:10740000DDF84CC0DDF848E01C4615460E46074640
:107410000B90ADF82A10ADF82820ADF826300B9867
:107420000068016841F4807101600B98129B139908
:107430006A4611604FF001110022079406950596E7
:107440000497CDF80CC0CDF808E000F0EBF8002868
:1074500010D0FFE70B980068006810F4807F05D01B
:10746000FFE70B984FF400710164FFE703208DF8EC
:1074700033006EE0BDF82A0000F0FE000B990968A9
:1074800008610B98129A139B0221C0F2010100F0CF
:107490005DF9002804D0FFE701208DF8330058E0A3
:1074A000FFE7002008900B980068406908900B984F
:1074B00000688069089008980190FFE70B9812997E
:1074C000139A00F077FA002810D0FFE70B98006CB1
:1074D000042807D1FFE70B980068016841F40071A8
:1074E0000160FFE701208DF8330032E0BDF826008F
:1074F000012806D1FFE79DF828000B99096808616B
:1075000023E0BDF82800000A0B99096808610B9870
:107510001299139A00F04EFA002810D0FFE70B984A
:10752000006C042807D1FFE70B980068016841F45C
:1075300000710160FFE701208DF8330009E09DF83C
:1075400028000B9909680861FFE700208DF83300D7
:10755000FFE79DF833000DB0F0BD000080B588B0A6
:1075600013468C4686460690059104920393CDF807
:1075700008C0CDF804E0FFE706980068406900F015
:1075800004000021B1EB900F44D1FFE70698FFF70C
:10759000F9FD002804D0FFE701208DF81F003DE031
:1075A00005980130002834D0FFE7FAF7EDFCDDF84C
:1075B00010E0A0EB0E00DDF814E0704504D8FFE702
:1075C0000598002824D1FFE706980068406900F07C
:1075D00004000021B1EB900F19D1FFE706980021BC
:1075E00001630698202280F83D20069880F83E101E
:1075F0000698016C41F020010164FFE70698002124
:1076000080F83C10FFE701208DF81F0006E0FFE73F
:10761000FFE7B1E700208DF81F00FFE79DF81F008E
:1076200008B080BD70B58CB0DDF840C09E461446F1
:107630000D4606460A9009918DF823200793CDF850
:1076400018E0059404950396CDF808C0FFE79DF86F
:10765000260001280CD1FFE70A9800684069BDF8B0
:1076600024100840401AB0FA80F0400901900BE065
:107670000A9800688069BDF824100840401AB0FAE2
:1076800080F040090190FFE701989DF8231088429F
:1076900053D1FFE70798013000284DD0FFE7FAF7F4
:1076A00073FCDDF840E0A0EB0E00DDF81CE0704557
:1076B00004D8FFE7079800283DD1FFE79DF8260092
:1076C00001280CD1FFE70A9800684069BDF8241032
:1076D0000840401AB0FA80F0400900900BE00A9888
:1076E00000688069BDF824100840401AB0FA80F0A4
:1076F00040090090FFE700989DF82310884219D1B7
:10770000FFE70A98002101630A98202280F83D20B3
:107710000A9880F83E100A98016C41F0200101643B
:10772000FFE70A98002180F83C10FFE701208DF860
:107730002F0006E0FFE7FFE789E700208DF82F0024
:10774000FFE79DF82F000CB070BD0000B0B58CB005
:107750009C4696460C4605460A9009910892079366
:10776000CDF818C0CDF814E004940395FFE79DF818
:10777000260001280CD1FFE70A9800684069BDF88F
:1077800024100840401AB0FA80F0400902900BE043
:107790000A9800688069BDF824100840401AB0FAC1
:1077A00080F040090290FFE70298002840F08080B6
:1077B000FFE70A980068406900F480600121B1EB9E
:1077C000902F24D1FFE70A980068016841F4007106
:1077D00001600A9800686FF4806141610A98002195
:1077E00001630A98202280F83D200A9880F83E1014
:1077F0000A98016C41F004010164FFE70A98002136
:1078000080F83C10FFE701208DF82F0054E0089825
:10781000013000284BD0FFE7FAF7B6FBDDF81CE09B
:10782000A0EB0E00DDF820E0704504D8FFE70898D3
:1078300000283BD1FFE79DF8260001280CD1FFE787
:107840000A9800684069BDF824100840401AB0FA50
:1078500080F0400901900BE00A9800688069BDF84B
:1078600024100840401AB0FA80F040090190FFE768
:107870000198002819D1FFE70A98002101630A98AE
:10788000202280F83D200A9880F83E100A98016C6A
:1078900041F020010164FFE70A98002180F83C10C4
:1078A000FFE701208DF82F0006E0FFE7FFE75EE726
:1078B00000208DF82F00FFE79DF82F000CB0B0BD21
:1078C00080B588B013468C46864606900591049292
:1078D0000393CDF808C0CDF804E0FFE706980068F0
:1078E000406900F040000021B1EB901F5AD1FFE742
:1078F00006980068406900F010000121B1EB101FEC
:107900001CD1FFE7069800686FF0100141610698EE
:10791000002101630698202280F83D20069880F817
:107920003E100698016C0164FFE70698002180F87C
:107930003C10FFE701208DF81F0037E0FAF724FB29
:10794000DDF810E0A0EB0E00DDF814E0704504D87F
:10795000FFE70598002824D1FFE7069800684069F2
:1079600000F040000021B1EB901F19D1FFE706980D
:10797000002101630698202280F83D20069880F8B7
:107980003E100698016C41F020010164FFE7069863
:10799000002180F83C10FFE701208DF81F0005E072
:1079A000FFE79BE700208DF81F00FFE79DF81F0011
:1079B00008B080BD80B588B013468C4686460690D8
:1079C000059104920393CDF808C0CDF804E0FFE7D9
:1079D00006980068406900F080000021B1EBD01FDC
:1079E00044D1FFE70698FFF7CDFB002804D0FFE75E
:1079F00001208DF81F003DE005980130002834D0AB
:107A0000FFE7FAF7C1FADDF810E0A0EB0E00DDF8B1
:107A100014E0704504D8FFE70598002824D1FFE75B
:107A200006980068406900F080000021B1EBD01F8B
:107A300019D1FFE70698002101630698202280F8FB
:107A40003D20069880F83E100698016C41F0200118
:107A50000164FFE70698002180F83C10FFE7012051
:107A60008DF81F0006E0FFE7FFE7B1E700208DF883
:107A70001F00FFE79DF81F0008B080BD2DE9F0430F
:107A80008FB0DDF864C0DDF860E0179C169D1E46DF
:107A90001746884681460D90ADF83210ADF830207B
:107AA000ADF82E30ADF82C408DF82BC00D98006845
:107AB00045F20041C4F20001884209960897CDF8CA
:107AC0001C80CDF818900595CDF810E040D1FFE767
:107AD000BDF8320040F24421C2F200018880BDF8B6
:107AE0003000C880BDF82E0008811698C8609DF847
:107AF0002B00002816D1FFE70D981699189ABDF8AB
:107B00002E30BDF830C0BDF832E0BDF82C406D46D7
:107B1000AA606C60296071466246FAF79DFB8DF899
:107B20003B00ABE00D981699189ABDF82E30BDF8C1
:107B300030C0BDF832E0BDF82C406D46AA606C60E4
:107B4000296071466246FAF7C3FD8DF83B0095E067
:107B50000D98006845F60001C4F20001884240D14A
:107B6000FFE7BDF8320040F25821C2F200018880E0
:107B7000BDF83000C880BDF82E0008811698C86096
:107B80009DF82B00002816D1FFE70D981699189A3A
:107B9000BDF82E30BDF830C0BDF832E0BDF82C4045
:107BA0006D46AA606C60296071466246FAF754FB24
:107BB0008DF83B0062E00D981699189ABDF82E30AA
:107BC000BDF830C0BDF832E0BDF82C406D46AA606B
:107BD0006C60296071466246FAF77AFD8DF83B00C9
:107BE0004CE00D98006845F60041C4F2000188425F
:107BF00040D1FFE7BDF8320040F26C21C2F2000133
:107C00008880BDF83000C880BDF82E000881169825
:107C1000C8609DF82B00002816D1FFE70D98169933
:107C2000189ABDF82E30BDF830C0BDF832E0BDF86E
:107C30002C406D46AA606C60296071466246FAF776
:107C40000BFB8DF83B0019E00D981699189ABDF8BA
:107C50002E30BDF830C0BDF832E0BDF82C406D4686
:107C6000AA606C60296071466246FAF731FD8DF8B2
:107C70003B0003E000208DF83B00FFE79DF83B0050
:107C80000FB0BDE8F083000080B586B013468C4687
:107C90008646059004918DF80F2000208DF80E0087
:107CA0000293CDF804C0CDF800E0FFE79DF80E0088
:107CB0009DF80F1088422ADAFFE70598000F09287F
:107CC0000AD8FFE70598302141EA107004999DF821
:107CD0000E2001F8120009E00598372101EB107021
:107CE00004999DF80E2001F81200FFE705980001A5
:107CF000059004989DF80E1000EB410000214170A2
:107D0000FFE79DF80E0001308DF80E00CEE706B0BB
:107D100080BD000080B542F2B460C2F2000046F2BD
:107D20000041C4F200010160032141600021816033
:107D3000C1604FF4C02202614FF4A002426101769B
:107D4000012242768276C17601774177F9F790F881
:107D5000002803D0FFE7F8F731FDFFE780BD000002
:107D600080B542F2DC60C2F2000046F60001C4F2C7
:107D7000000101600321416000218160C1604FF476
:107D8000802202614FF4E0024261017601224276D4
:107D90008276C17601774177F9F76AF8002803D037
:107DA000FFE7F8F70BFDFFE780BD000080B590B05E
:107DB000FFE700200F9043F63000C4F20200016894
:107DC00041F400110160006800F400100F900F985A
:107DD0000D90FFE7FFE700200E9043F63000C4F25D
:107DE0000200016841F480010160006800F4800035
:107DF0000E900E980C90FFE70C20052100220B90AE
:107E00000A910992FAF7EAFE0B98FAF7DBFE0D20C9
:107E100008900999099AFAF7E1FE0898FAF7D2FE54
:107E20000F2007900999099AFAF7D8FE0798FAF7F0
:107E3000C9FE392006900A99099AFAF7CFFE0698EA
:107E4000FAF7C0FE3A2005900A99099AFAF7C6FE99
:107E50000598FAF7B7FE3B2004900999099AFAF7BA
:107E6000BDFE0498FAF7AEFE442003900999099AE2
:107E7000FAF7B4FE0398FAF7A5FE45200290099997
:107E8000099AFAF7ABFE0298FAF79CFE4620019099
:107E90000999099AFAF7A2FE0198FAF793FE10B031
:107EA00080BD000080B5A4B00020239022902190D6
:107EB00020901F90FFE700201E9043F63000C4F290
:107EC0000200016841F002010160006800F0020058
:107ED0001E901E981690FFE7FFE700201D9043F6C6
:107EE0003000C4F20200016841F040010160006806
:107EF00000F040001D901D981590FFE7FFE700205F
:107F00001C9043F63000C4F20200016841F0010108
:107F10000160006800F001001C901C981490FFE7BD
:107F2000FFE700201B9043F63000C4F20200016816
:107F300041F008010160006800F008001B901B98E8
:107F40001390FFE7FFE700201A9043F63000C4F2D9
:107F50000200016841F004010160006800F00400C3
:107F60001A901A981290FFE7FFE70020199043F645
:107F70003000C4F20200016841F080010160006835
:107F800000F08000199019981190FFE7FFE700209A
:107F9000189043F63000C4F20200016841F020015D
:107FA0000160006800F02000189018981090FFE71A
:107FB000FFE70020179043F63000C4F2020001688A
:107FC00041F010010160006800F010001790179850
:107FD0000F90FFE741F60000C4F2020040210122A9
:107FE0000E900D910C92F9F7ADFF0020C4F2020043
:107FF00010210B900A910C9AF9F7A4FF40F200406F
:10800000C4F2020009900C990C9AF9F79BFF0D98A5
:108010001F900C992091219122911FAA0E98114630
:108020000892F9F78FFD09201F904FF40411209159
:108030000C9A2192DDF838E007907046089B069173
:108040001946F9F77FFD0A981F900C99209121910C
:10805000022222920B9808990592F9F773FD3020BD
:108060001F90069820900C99219140F60000C4F2D0
:1080700002000899F9F766FD0C981F902090219056
:108080000599229109980899F9F75CFD06200021CD
:108090000490059A03911146039AFAF79FFD0498FC
:1080A000FAF790FD07980C99039AFAF797FD07984D
:1080B000FAF788FD0A2002900C99039AFAF78EFDD0
:1080C0000298FAF77FFD172001900C99039AFAF7AE
:1080D00085FD0198FAF776FD24B080BD80B542F6A3
:1080E0006420C2F2000045F60041C4F200010160C4
:1080F00041F68021C0F20601416000218160C1602B
:108100004FF48042026141618161C1610162F9F70E
:1081100041FF002803D0FFE7F8F750FBFFE780BDE1
:1081200080B542F69C70C2F2000043F20001C4F236
:10813000010101604FF48271416000218160C160E2
:1081400002220261012242614FF4007282613822F0
:10815000C2610162416281620A21C162FCF72EFDA7
:10816000002803D0FFE7F8F729FBFFE780BD0000F8
:1081700080B588B000200790069005900490039089
:108180000290019043F23C01C2F2000144F200422D
:10819000C4F201020A604860886041F28732CA6016
:1081A000086188610846FDF711FB002803D0FFE74E
:1081B000F8F704FBFFE743F23C00C2F20000FDF7D2
:1081C0007DFF002803D0FFE7F8F7F8FAFFE760200B
:1081D0000190002002900390059043F23C01C2F20E
:1081E000000101AA009008461146009AFDF7B6FE6C
:1081F000002803D0FFE7F8F7E1FAFFE743F23C007D
:10820000C2F20000FDF73EFE08B080BD80B596B01A
:1082100000201590149013901290119010900F90D0
:108220000E900D900C900B900A900990089007907A
:1082300006900590049003900290019042F6F4712C
:10824000C2F200010022C4F201020A60A7224A60C1
:10825000886041F28732CA600861486188610846D7
:10826000FDF7B4FA002803D0FFE7F8F7A7FAFFE715
:108270004FF48050129042F6F470C2F2000012A93E
:10828000FDF720FC002803D0FFE7F8F797FAFFE797
:1082900042F6F470C2F20000FDF710FF002803D090
:1082A000FFE7F8F78BFAFFE700201090119042F6F5
:1082B000F470C2F2000010A9FDF7F2F9002803D013
:1082C000FFE7F8F77BFAFFE76020099000200A90AB
:1082D0000B900C900D900E900F9042F6F470C2F23D
:1082E000000009A90822FDF739FE002803D0FFE7A6
:1082F000F8F764FAFFE700200190029003900490E1
:1083000005904FF400510691089042F6F470C2F2C5
:10831000000001A9FDF766F9002803D0FFE7F8F790
:108320004DFAFFE742F6F470C2F20000FDF7AAFD35
:1083300016B080BD80B586B00020059004900390F3
:1083400002900190009043F28401C2F2000140F2D9
:108350000042C4F200020A6053224A60886040F280
:10836000E732CA60086188610846FDF72FFA0028E5
:1083700003D0FFE7F8F722FAFFE74FF480500290AE
:1083800043F28400C2F2000002A9FDF79BFB002823
:1083900003D0FFE7F8F712FAFFE700200090019002
:1083A00043F28400C2F200006946FDF779F9002823
:1083B00003D0FFE7F8F702FAFFE706B080BD000040
:1083C00080B586B000200590049003900290019043
:1083D000009043F2CC01C2F2000140F60002C4F268
:1083E00000020A6053224A60886040F2E732CA60A5
:1083F000086188610846FDF7E9F9002803D0FFE726
:10840000F8F7DCF9FFE74FF48050029043F2CC001C
:10841000C2F2000002A9FDF755FB002803D0FFE7D8
:10842000F8F7CCF9FFE700200090019043F2CC0070
:10843000C2F200006946FDF733F9002803D0FFE7D8
:10844000F8F7BCF9FFE706B080BD000080B586B044
:10845000002005900490039002900190009043F258
:108460001411C2F2000140F60042C4F200020A6098
:1084700053224A60886040F2E732CA60086188612E
:108480000846FDF7A3F9002803D0FFE7F8F796F9AF
:10849000FFE74FF48050029043F21410C2F2000044
:1084A00002A9FDF70FFB002803D0FFE7F8F786F9D4
:1084B000FFE700200090019043F21410C2F2000088
:1084C0006946FDF7EDF8002803D0FFE7F8F776F9E5
:1084D000FFE706B080BD000080B543F25C10C2F239
:1084E000000041F20001C4F2010101604FF4E131EA
:1084F000416000218160C16001610C2242618161A3
:10850000C161FEF7D1FB002803D0FFE7F8F756F969
:10851000FFE780BD80B543F2A410C2F2000044F62C
:108520000001C4F20001016048F2A061C0F2010143
:1085300041604FF4805181600021C1604FF480623E
:1085400002610C2242618161C161FEF7ADFB00282E
:1085500003D0FFE7F8F732F9FFE780BD80B543F2BB
:10856000EC10C2F2000041F20041C4F201010160CE
:108570004FF4E131416000218160C16001610C2252
:1085800042618161C161FEF78FFB002803D0FFE7E4
:10859000F8F714F9FFE780BD80B542F2D830C2F297
:1085A000000040F21801C2F20001002203F036F987
:1085B000002803D0FFE7F8F701F9FFE742F2D830CF
:1085C000C2F2000040F2C801C2F2000103F0FEFE58
:1085D000002803D0FFE7F8F7F1F8FFE742F2D830C0
:1085E000C2F2000040F26411C2F2000102F07EFA11
:1085F000002803D0FFE7F8F7E1F8FFE742F2D830B0
:10860000C2F2000004F0AAF8002803D0FFE7F8F750
:10861000D5F8FFE780BD0000FFE7FEE7FFE7FEE7D4
:1086200080B58BB013468C4686460A900991089215
:108630000A9800F0070007900798C0F10700052886
:108640000493CDF80CC0CDF808E003D3FFE7042075
:10865000019004E00798C0F107000190FFE701983E
:10866000069007980430062803D8FFE70020009002
:1086700003E0079803380090FFE7009805900998F9
:108680000699012202FA01F1013908400599884052
:10869000089B02FA01F10139194008430BB080BD73
:1086A00080B542F6B820C2F20000FAF729FE80BD7C
:1086B00080B58AB00A460346099008910998006877
:1086C0000790079806900798006C059006980899FF
:1086D00000EB4110D0F8080B0490059843F20B0111
:1086E000C4F654718842039202930ED3FFE70498B4
:1086F0000004002809D5FFE70698089900EB41100F
:108700004FF40041C0F8081BFFE70998FBF774FC21
:10871000059843F20B0EC4F6547E704511D3FFE763
:108720000998807901280CD1FFE70998016800F2C7
:108730009C42012001900846019904F0B9FE009086
:10874000FFE700200AB080BD80B58EB00A46034620
:108750000D900C910D9800680A900A9809900A985B
:10876000006C089009980C9900EB4110D0F8080BA8
:1087700007900D98807901280692059340F0838038
:10878000FFE707980007002817D5FFE7089843F28E
:108790000B01C4F6547188420ED3FFE7079800041A
:1087A000002809D5FFE709980C9900EB41104FF418
:1087B0000041C0F8081BFFE764E007988006002826
:1087C00008D5FFE709980C9900EB41102021C0F86B
:1087D000081B56E09DF81C0010F0280F4FD1FFE752
:1087E000089843F20B01C4F6547188420ED3FFE798
:1087F00007980004002809D5FFE709980C9900EBB9
:1088000041104FF40041C0F8081B37E00D980C9957
:1088100001EBC10100EB810000F515700B900B9886
:10882000006A09990C9A01EB4211D1F8101B6FF301
:10883000DF41401A0B9948610C98002818D1FFE7D6
:108840000B98006900280CD1FFE70D98016800F231
:108850009C42012004900846049904F029FE0390EC
:1088600005E00B98C16842691144C160FFE7FFE76A
:108870000D989DF83010FAF77DFAFFE700E0FFE76A
:10888000FFE7FFE74BE0089843F20A11C4F6547182
:10889000884222D1FFE707980004002809D5FFE7A6
:1088A00009980C9900EB41104FF40041C0F8081BE7
:1088B00012E007988006002808D5FFE709980C9970
:1088C00000EB41102021C0F8081BFFE70D989DF830
:1088D0003010FAF74FFAFFE720E00C98002817D184
:1088E000FFE70D980C9901EBC10100EB8100D0F876
:1088F000640200280CD1FFE70D98016800F29C4249
:10890000002002900846029904F0D2FD0190FFE792
:108910000D989DF83010FAF72DFAFFE7FFE70020D9
:108920000EB080BD80B58EB00A4603460C900B9108
:108930000C9800680A900A9809900C980B9901EB22
:10894000C10100EB8100143008900898016940696A
:1089500088420492039304D9FFE701208DF8370081
:108960007CE0089801694069081A079007980899FF
:108970008968884204D9FFE7089880680790FFE774
:108980000798033080080690FFE709980B9900EBE1
:108990004110D0F8180980B206990022884202924C
:1089A0000FD3FFE7089801694069002288420292CC
:1089B00007D2FFE708980069002818BF012002903D
:1089C000FFE70298C00700282ED0FFE7089801694A
:1089D0004069081A0790079808998968884204D95D
:1089E000FFE7089880680790FFE707980330800842
:1089F00006900A980899C9680C9A9279BDF81C30BB
:108A00009DF82CC0EE46CEF80020624605F03AFCF8
:108A10000799089AD3681944D1600799089A53694D
:108A2000194451610190B0E7089801694069814299
:108A300010D8FFE70B9800F00F00012101FA00F0B9
:108A4000059005980999D1F8342822EA0000C1F868
:108A50003408FFE700208DF83700FFE79DF8370066
:108A60000EB080BD7047000080B584B00146039011
:108A70000398806B029002980068426822F003021B
:108A800042600298426D42F0100242650298012253
:108A900080F8512002980191FCF78AF804B080BD5B
:108AA00080B584B0014603900398806B02900298D1
:108AB0000191FCF7E7F904B080BD000080B584B0F7
:108AC000014603900398806B029002980191FCF795
:108AD0006DFD04B080BD000080B584B001460390F8
:108AE0000398806B02900091F9F74EFA0190039879
:108AF0000068006800F48070B0F5807F3CD0FFE72C
:108B000002980068416821F0200141600298806865
:108B100000280DD1FFE702984068B0F5827F07D1A9
:108B2000FFE702980068416821F00301416006E018
:108B300002980068416821F001014160FFE7029856
:108B4000019A642100F066F8002804D0FFE702983B
:108B500020214165FFE702980021C1870298012189
:108B600080F851100298406D002804D0FFE7029869
:108B7000FCF71EF804E0FFE70298FCF77DF9FFE739
:108B800004B080BD80B584B0014603900398806B2B
:108B900002900091F9F7F8F90190039800680068D5
:108BA00000F48070B0F5807F2DD0FFE70298006858
:108BB000416821F0200141600298019A642100F08F
:108BC000A7F8002806D0FFE70298416D41F0200188
:108BD0004165FFE702980068416821F003014160A8
:108BE00002980021C1860298C1870298012180F86D
:108BF00051100298406D002804D0FFE70298FBF75F
:108C0000D7FF04E0FFE70298FCF75EFCFFE704B043
:108C100080BD000080B588B013468C46864606901D
:108C20000591049206984068B0F5827F0393CDF8D1
:108C300008C0CDF804E013D1FFE706988068B0F5CE
:108C4000004F06D0FFE706988068B0F5806F07D127
:108C5000FFE706980068016821F040010160FFE726
:108C600006984068B0F5827F33D1FFE706988068A8
:108C7000B0F5806F16D0FFE70698059B04996A4609
:108C800011608021002200F05DF9002809D0FFE783
:108C90000698416D41F02001416503208DF81F00C9
:108CA00031E015E00698059B04996A4611600121A0
:108CB000002200F047F9002809D0FFE70698416D2F
:108CC00041F02001416503208DF81F001BE0FFE704
:108CD00015E00698059B04996A461160012100225F
:108CE00000F030F9002809D0FFE70698416D41F007
:108CF0002001416503208DF81F0004E0FFE70020FC
:108D00008DF81F00FFE79DF81F0008B080BD000030
:108D100010B58CB013468C4686460A90099108928D
:108D20000A980999089A6C46226002220124069149
:108D300011462246069C05932346CDF810C0CDF877
:108D40000CE000F0FFF8002809D0FFE70A98416D19
:108D500041F02001416503208DF82F004EE040F2E4
:108D6000C400C2F2000000684AF6AB21CAF6AA218C
:108D7000A0FB010109094DF68362C4F21B32A1FB7D
:108D80000212920C4FF47A7312FB03F207920A9AC2
:108D90005268B2F5827F0290019116D1FFE70A98DE
:108DA000099B08996A4611608021002200F0CAF8E8
:108DB000002809D0FFE70A98416D41F02001416584
:108DC00003208DF82F0019E014E0FFE70798002832
:108DD00001D1FFE70DE0079801380790FFE70A98F7
:108DE0000068806800F080000021B1EBD01FEDD159
:108DF000FFE7FFE700208DF82F00FFE79DF82F0029
:108E00000CB010BD70B58EB0DDF848C09E4614465B
:108E10000D4606460C900B91ADF82A20ADF828308F
:108E2000ADF826C00C98006843F20001C4F20101BD
:108E30008842CDF820E007940695059622D1FFE7F9
:108E40000B9840F2F041C2F200014860BDF82A00E0
:108E50000881BDF82800A1F80A01BDF82600A1F894
:108E60000C010C986A464FF47A73136001F10A0200
:108E70008A31012304911146049AFCF709F88DF810
:108E800037005BE00C98006843F60001C4F2000173
:108E9000884223D1FFE70B9840F20461C2F200013F
:108EA0004860BDF82A000881BDF82800A1F80A0131
:108EB000BDF82600A1F80C010C98BDF82820BDF8DB
:108EC00026301A4493B201F10A028A310391114605
:108ED000039AFCF7D5F98DF837002FE00C9800685D
:108EE00043F60041C4F20001884223D1FFE70B980A
:108EF00040F21871C2F200014860BDF82A000881F2
:108F0000BDF82800A1F80A01BDF82600A1F80C015F
:108F10000C98BDF82820BDF826301A4493B201F110
:108F20000A028A3102911146029AFCF7A9F98DF8DA
:108F3000370003E000208DF83700FFE79DF8370089
:108F40000EB070BD70B58EB0DDF848C09E461446B8
:108F50000D4606460C900B918DF82B20099309982D
:108F6000CDF814E0049403950296CDF804C0009067
:108F7000F9F70AF81299401A0099081A0790F9F7B8
:108F800003F80690079840F2C401C2F20001096894
:108F9000C1F3CB3148430890FFE70C980068806824
:108FA0000B990840401AB0FA80F040099DF82B1048
:108FB000884263D0FFE70998013000285DD0FFE7C1
:108FC000F8F7E2FFDDF818E0A0EB0E00DDF81CE09A
:108FD000704504D2FFE70798002842D1FFE70C98BC
:108FE0000068416821F0E00141600C984068B0F5EC
:108FF000827F13D1FFE70C988068B0F5004F06D050
:10900000FFE70C988068B0F5806F07D1FFE70C98F8
:109010000068016821F040010160FFE70C98806A58
:10902000B0F5005F0FD1FFE7FFE70C98006801681B
:1090300021F4005101600C980068016841F400516E
:109040000160FFE7FFE70C98012180F85110FFE76E
:109050000C98002180F85010FFE703208DF83700AE
:1090600010E00898002803D1FFE70020079003E0F4
:10907000089801380890FFE7FFE78EE700208DF899
:109080003700FFE79DF837000EB070BD7047000055
:1090900085B0014604900498019001980078ADF8DD
:1090A0000C0001980130019001980078ADF80A0099
:1090B000BDF80A00BDF80C2042EA0020ADF80E0011
:1090C000BDF80E00009105B07047000080B584B077
:1090D0000146029002980138B0F1807F019103D3DC
:1090E000FFE7012003901BE0029801384EF21401C3
:1090F000CEF2000108604FF0FF300F2109F0ACFF05
:109100004EF21800CEF20000002101604EF2100075
:10911000CEF200004FF0070EC0F800E00391FFE729
:10912000039804B080BD000080B5F9F7BBFC80BD9A
:1091300080B596B00AA83021F7F78EF80020099084
:109140000890079006900590FFE70020049043F6F2
:109150004000C4F20200016841F0805101600068E3
:1091600000F08050049004980290FFE7FFE7002091
:10917000039047F20000C4F20000016841F480410E
:109180000160006800F48040039003980190FFE7BD
:1091900001200A904FF480300B90022010904FF481
:1091A0008001119106211291A8211391149007209A
:1091B00015900AA8FBF77CF9002803D0FFE7F7F722
:1091C000FDFAFFE70F20059002200690002007908F
:1091D0004FF4A05008904FF48050099005A8052145
:1091E000FAF788FF002803D0FFE7F7F7E7FAFFE771
:1091F00016B080BD4EF68850CEF20000016841F4F2
:10920000700101607047000080B543F2CC00C2F2EB
:109210000000FCF733FD80BD80B543F21410C2F2AC
:109220000000FCF72BFD80BD85B00A460346049084
:10923000039104980068029004980021C4F201018F
:1092400088420192009325D0FFE70498B0F1804F47
:1092500020D0FFE7049840F20041C4F200018842A8
:1092600018D0FFE7049840F60001C4F200018842DC
:1092700010D0FFE7049840F60041C4F20001884294
:1092800008D0FFE7049840F20041C4F2010188428F
:109290000AD1FFE7029820F070000290039840681E
:1092A000029908430290FFE704980021C4F20101EB
:1092B000884255D0FFE70498B0F1804F50D0FFE7C7
:1092C000049840F20041C4F20001884248D0FFE710
:1092D000049840F60001C4F20001884240D0FFE744
:1092E000049840F60041C4F20001884238D0FFE7FC
:1092F000049840F20041C4F20101884230D0FFE7F7
:10930000049844F20001C4F20101884228D0FFE72A
:10931000049844F20041C4F20101884220D0FFE7E2
:10932000049844F60001C4F20101884218D0FFE716
:10933000049841F60001C4F20001884210D0FFE712
:10934000049841F60041C4F20001884208D0FFE7CA
:10935000049842F20001C4F2000188420AD1FFE7FA
:10936000029820F4407002900398C0680299084364
:109370000290FFE7029820F08000039949690843B2
:109380000290039880680499C86203980068049961
:10939000886204980021C4F20101884208D0FFE7E6
:1093A000049840F20041C4F20101884205D1FFE770
:1093B0000398006904990863FFE70498016841F085
:1093C0000401016004980121416102980499086038
:1093D00005B0704780B587B013468C468646069028
:1093E00005910492059800F01F00012101FA00F098
:1093F0000390039806990A6A22EA0000086204981A
:10940000059901F01F01884006990A6A1043086215
:109410000293CDF804C0CDF800E007B080BD000095
:10942000B0B589B09C4696460C4605460890079113
:1094300006920593089880680490049820F47F4071
:10944000049007980699059A41EA02210843049975
:1094500008430490049808998860CDF80CC0CDF8B2
:1094600008E00194009509B0B0BD000085B00A463F
:10947000034604900391049880680290029820F0BB
:109480007000029003980299084340F00700029090
:109490000298049988600192009305B0704700001B
:1094A00084B00A46034603900291039800680021A5
:1094B000C4F2010188420192009309D1FFE70398A9
:1094C00040F65C01C2F20001086002984860F3E0D7
:1094D00003980068B0F1804F09D1FFE7039840F688
:1094E0006401C2F20001086002984860E3E003985A
:1094F000006840F20041C4F20001884209D1FFE750
:10950000039840F66C01C2F20001086002984860BE
:10951000D0E00398006840F60001C4F200018842E0
:1095200009D1FFE7039840F67401C2F20001086018
:1095300002984860BDE00398006840F60041C4F21C
:109540000001884209D1FFE7039840F67C01C2F28E
:109550000001086002984860AAE00398006841F2A0
:109560000001C4F20001884209D1FFE7039840F6E8
:109570008401C2F2000108600298486097E00398F5
:10958000006841F20041C4F20001884209D1FFE7BE
:10959000039840F68C01C2F200010860029848600E
:1095A00084E00398006840F20041C4F2010188425F
:1095B00009D1FFE7039840F69401C2F20001086068
:1095C0000298486071E00398006844F20001C4F218
:1095D0000101884209D1FFE7039840F69C01C2F2DD
:1095E00000010860029848605EE00398006844F259
:1095F0000041C4F20101884209D1FFE7039840F617
:109600003401C2F200010860029848604BE0039800
:10961000006844F60001C4F20101884209D1FFE765
:10962000039840F63C01C2F20001086002984860CD
:1096300038E00398006841F60001C4F20001884256
:1096400009D1FFE7039840F64401C2F20001086027
:109650000298486025E00398006841F60041C4F292
:109660000001884209D1FFE7039840F64C01C2F29D
:10967000000108600298486012E00398006842F216
:109680000001C4F20001884209D1FFE7039840F6C7
:109690005401C2F20001086002984860FFE7FFE74A
:1096A000FFE7FFE7FFE7FFE7FFE7FFE7FFE7FFE78A
:1096B000FFE7FFE7FFE7FFE704B0704787B00A4620
:1096C0000346069005910698006A03900698016A81
:1096D00021F00101016206984068029006988069B5
:1096E0000490049820F070000490049820F0030087
:1096F000049005980068049908430490039820F0AA
:109700000200039005988068039908430390069827
:109710000021C4F2010188420192009308D0FFE7C2
:10972000069840F20041C4F2010188420ED1FFE7E1
:10973000039820F0080003900598C0680399084337
:109740000390039820F004000390FFE7069800219F
:10975000C4F20101884208D0FFE7069840F20041B8
:10976000C4F20101884213D1FFE7029820F480700F
:109770000290029820F400700290059840690299C6
:109780000843029005988069029908430290FFE718
:10979000029806994860049806998861059840687F
:1097A0000699486303980699086207B0704700005D
:1097B00087B00A460346069005910698006A039012
:1097C0000698016A21F01001016206984068029033
:1097D000069880690490049820F4E040049004986E
:1097E00020F44070049005980068049941EA002034
:1097F0000490039820F02000039005988068039956
:1098000041EA0010039006980021C4F20101884249
:109810000192009308D0FFE7069840F20041C4F29D
:10982000010188420FD1FFE7039820F080000390E8
:109830000598C068039941EA00100390039820F04E
:1098400040000390FFE706980021C4F2010188421E
:1098500008D0FFE7069840F20041C4F201018842B7
:1098600015D1FFE7029820F480600290029820F45E
:109870000060029005984069029941EA80000290D8
:1098800005988069029941EA80000290FFE70298FA
:109890000699486004980699886105984068069979
:1098A000886303980699086207B0704787B00A4634
:1098B0000346069005910698006A03900698016A8F
:1098C00021F4807101620698406802900698C06990
:1098D0000490049820F070000490049820F0030095
:1098E000049005980068049908430490039820F4B4
:1098F0000070039005988068039941EA0020039066
:1099000006980021C4F2010188420192009308D018
:10991000FFE7069840F20041C4F2010188420FD1EE
:10992000FFE7039820F4006003900598C06803994E
:1099300041EA00200390039820F480600390FFE741
:1099400006980021C4F20101884208D0FFE706987A
:1099500040F20041C4F20101884215D1FFE70298AC
:1099600020F480500290029820F400500290059854
:109970004069029941EA00100290059880690299B5
:1099800041EA00100290FFE70298069948600498A7
:109990000699C861059840680699C86303980699B6
:1099A000086207B07047000087B00A460346069079
:1099B00005910698006A03900698016A21F4805187
:1099C00001620698406802900698C0690490049865
:1099D00020F4E0400490049820F44070049005982E
:1099E0000068049941EA00200490039820F4005094
:1099F000039005988068039941EA00300390069827
:109A00000021C4F2010188420192009308D0FFE7CF
:109A1000069840F20041C4F2010188420BD1FFE7F1
:109A2000029820F48040029005984069029941EA2A
:109A300080100290FFE70298069948600498069902
:109A4000C8610598406806990864039806990862F9
:109A500007B0704780B588B013468C46864607909D
:109A6000069105920798006A03900798016A21F011
:109A700001010162079880690490049820F0F000C9
:109A800004900598049941EA00100490039820F08E
:109A90000A000390069803990843039004980799D5
:109AA00088610398079908620293CDF804C0CDF845
:109AB00000E008B080BD000080B588B013468C4639
:109AC00086460790069105920798006A03900798CA
:109AD000016A21F0100101620798806904900498DE
:109AE00020F4704004900598049941EA00300490F5
:109AF000039820F0A00003900698039941EA001013
:109B00000390049807998861039807990862029363
:109B1000CDF804C0CDF800E008B080BD80B582B0BB
:109B2000A820F6F7E3FD43F23820C2F2000008F067
:109B3000EFFE43F21410C2F200004EF6B971C0F607
:109B400000010190FFF7ACFC0198FBF73DFF00908E
:109B500002B080BD80B584B0014603900398806B4D
:109B6000029002980022C28502980191FCF754FEEF
:109B700004B080BD80B584B00146039000200290FF
:109B80000398806B0190019800684069C0F3C01091
:109B90000290019890F84100212800910BD1FFE735
:109BA0000298002807D0FFE701980021C18401989E
:109BB00000F01CF9FFE7019800684069C0F38010CD
:109BC0000290019890F8420022280BD1FFE70298FA
:109BD000002807D0FFE701980021C185019800F017
:109BE000A3F8FFE70198416C41F01001416401982E
:109BF000FCF712FE04B080BD80B588B00146079026
:109C00000798806B069007980068006810F4807FC2
:109C100001915AD1FFE706980021C185FFE7FFE7D0
:109C20000698006850E8030F20F480700590FFE765
:109C300005980699096841E80302002AF0D1FFE778
:109C4000FFE7FFE7FFE70698006850E8050F20F000
:109C500001000490FFE704980699096841E80502AD
:109C6000002AF0D1FFE7FFE7FFE7FFE7069800686B
:109C700050E8050F20F040000390FFE70398069995
:109C8000096841E80502002AF0D1FFE7FFE70698DE
:109C9000202180F842100698006B012814D1FFE7BC
:109CA000FFE7FFE70698006850E8030F20F0100078
:109CB0000290FFE702980699096841E80302002A2A
:109CC000F0D1FFE7FFE7FFE7FFE7069800214163D8
:109CD0000698006B012805D1FFE70698818DFCF7F7
:109CE0009BFC03E00698FDF739FAFFE708B080BD5A
:109CF00080B584B0014603900398806B029002986F
:109D0000012242630298006B0128019106D1FFE70E
:109D10000298818D4908FCF77FFC03E00298FDF76B
:109D200023FAFFE704B080BD85B00146049000919E
:109D3000FFE7FFE70498006850E8030F20F49070F5
:109D40000390FFE703980499096841E80302002A99
:109D5000F0D1FFE7FFE7FFE7FFE70498006850E86E
:109D6000050F20F001000290FFE7029804990968AE
:109D700041E80502002AF0D1FFE7FFE70498006BF5
:109D8000012814D1FFE7FFE7FFE70498006850E8D7
:109D9000030F20F010000190FFE701980499096873
:109DA00041E80302002AF0D1FFE7FFE7FFE704984C
:109DB000202180F8421004980021016305B070470B
:109DC00080B582B00146019001980068C26822F017
:109DD0004002C2600198202280F841200198009141
:109DE000FDF7C8F9002002B080BD000083B0014635
:109DF00002900091FFE7FFE70298006850E8030F28
:109E000020F0C0000190FFE701980299096841E83D
:109E10000302002AF0D1FFE7FFE70298202180F833
:109E2000411003B07047000080B588B0014606902D
:109E3000002005900490069890F842002228019195
:109E400040F0A580FFE706988068B0F5805F14D1E8
:109E5000FFE70698006900280FD1FFE70698806A9F
:109E600004900698006840686FF35F2004990880AA
:109E70000698816A0231816225E00698806A059021
:109E800006988068B0F5805F0AD0FFE70698806882
:109E900000280BD1FFE706980069002806D1FFE7EC
:109EA0000698006840680599087007E00698006801
:109EB000406800F07F0005990870FFE70698816A06
:109EC00001318162FFE70698C18D0139C1854FF6E6
:109ED000FF70014257D1FFE706980068C16821F082
:109EE0002001C16006980068C16821F48071C160DA
:109EF00006980068416921F001014161069820211E
:109F000080F842100698002141630698006B0128F2
:109F100031D1FFE7069800210163FFE7FFE70698CC
:109F2000006850E8030F20F010000390FFE703984B
:109F30000699096841E80302002AF0D1FFE7FFE72C
:109F400006980068006810F0100F0FD0FFE7FFE7D9
:109F50000020029006980068006802900698006849
:109F60004068029002980090FFE7FFE70698818D15
:109F7000FCF752FB03E00698FDF7F0F8FFE700203E
:109F80008DF81F0007E000208DF81F0003E002207D
:109F90008DF81F00FFE79DF81F0008B080BD00008E
:109FA00080B58CB001460B900B980068006920F4D6
:109FB00040500B9A1368D268104318610B9882685E
:109FC0000369D0F814C0C0691A4342EA0C02104376
:109FD0000A900B980068C06849F20C6290430A9A94
:109FE00010430B9A1268D0600B980068406920F407
:109FF00040700B9A13689269104358610B9800687F
:10A0000041F20002C4F201029042089109D0FFE738
:10A010000B98006841F20041C4F20101884204D16A
:10A02000FFE7FAF7BDF9099003E0FAF7A5F90990FF
:10A03000FFE70B98C069B0F5004F31D1FFE70998F1
:10A040001921A0FB01010B9A136852684FEA420CD8
:10A05000D20F07926246DDF81CC006936346F6F7FE
:10A06000B1F848F21F51C5F2EB11A0FB01235B09C7
:10A070004FF0640C03FB1C004FF0320C0CEBC000E3
:10A08000A0FB01014FF4F87C0CEA111C0CEB03134C
:10A09000C1F342111943069B99600590049230E088
:10A0A00009981921A0FB01010B9A136852684FEA25
:10A0B000820C920F03926246DDF80CC00293634655
:10A0C000F6F780F848F21F51C5F2EB11A0FB01230F
:10A0D0005B094FF0640C03FB1C004FF0320C0CEBDF
:10A0E0000010A0FB01014FF0F00C0CEA511C0CEB2E
:10A0F0000313C1F343111943029B9960019000922D
:10A10000FFE70CB080BD000010B58EB013468C4642
:10A1100086460C900B91ADF82A200B980C9988621A
:10A12000BDF82A000C9988850C98002141640C9890
:10A13000222280F842200C98C06B49F6F932C0F612
:10A140000002C2630C98C06B49F6F142C0F60002EF
:10A1500002640C98C06B49F67532C0F60002C26406
:10A160000C98C06B01650BA809900C980168C06B36
:10A170000431099A1268BDF82A4004932346CDF8A9
:10A180000CE0CDF808C0F7F721FC00280BD0FFE762
:10A190000C98102141640C98202180F84210012075
:10A1A0008DF8370050E0FFE7002008900C98006819
:10A1B000006808900C980068406808900898019022
:10A1C000FFE70C980069002814D0FFE7FFE7FFE7DE
:10A1D0000C98006850E8030F40F480700790FFE788
:10A1E00007980C99096841E80302002AF0D1FFE7BB
:10A1F000FFE7FFE7FFE7FFE70C98006850E8050F6F
:10A2000040F001000690FFE706980C99096841E8C4
:10A210000502002AF0D1FFE7FFE7FFE7FFE70C9810
:10A22000006850E8050F40F040000590FFE70598F2
:10A230000C99096841E80502002AF0D1FFE7FFE721
:10A2400000208DF83700FFE79DF837000EB010BDF5
:10A2500084B001460290029890F8410021280091B4
:10A260003DD1FFE702988068B0F5805F14D1FFE729
:10A270000298006900280FD1FFE70298006A019058
:10A28000019800886FF35F2002990968486002987E
:10A29000016A0231016208E00298016A4A1C026206
:10A2A0000878029909684860FFE70298C18C013973
:10A2B000C1844FF6FF7001420DD1FFE7029800689C
:10A2C000C16821F08001C16002980068C16841F056
:10A2D0004001C160FFE700208DF80F0003E002207D
:10A2E0008DF80F00FFE79DF80F0004B070470000E5
:10A2F00080B543F25C10C2F20000FCF793FA80BD17
:10A3000080B543F2A410C2F20000FCF78BFA80BDC6
:10A3100080B543F2EC10C2F20000FCF783FA80BD76
:10A3200080B58CB00A4603460A908DF827100A982B
:10A33000D0F8C80207900A98D0F8D41200EB810038
:10A34000D0F8C00200280692059304D1FFE703204D
:10A350008DF82F006BE00A98D0F8D41200EB810042
:10A36000D0F8C00208900A989DF8271001F00F015C
:10A3700001EB810100EB8100406900282DD0FFE74F
:10A380000A989DF8271001F00F0101EB810200EB04
:10A3900082004069079A01EBC10102EB8101C969A2
:10A3A000B0FBF1F202FB1100002816D1FFE70A987A
:10A3B0009DF8271001F00F0101EB810100EB8100F6
:10A3C000002141610A989DF8272004911146049AC2
:10A3D000049B01F099FF039025E008980021C0F844
:10A3E00014120A98D0F8D41200EB8100D0F8C402FD
:10A3F0000069002816D0FFE70A98D0F8D41200EBC5
:10A400008100D0F8C40200690899D1F8082201F54A
:10A4100004719DF82730029010461A46029B984717
:10A420000190FFE7FFE700208DF82F00FFE79DF880
:10A430002F000CB080BD000080B588B00A460346EE
:10A4400006908DF817100698D0F8D41200EB810012
:10A45000D0F8C00204900698D0F8D41200EB810026
:10A46000D0F8C00200280392029304D1FFE7032032
:10A470008DF81F001EE006989DF8171001F064FC8F
:10A480000499C1F80C020698D0F8D41200EB8100B0
:10A49000D0F8C402C0680499D1F804E201F5037150
:10A4A00001907046DDF804E0F04700218DF81F10A0
:10A4B0000090FFE79DF81F0008B080BD80B58CB00C
:10A4C0000A4603460B908DF82B100B9840F21501AD
:10A4D000C2F2000191F800C0099161460892079309
:10A4E00001F0FEF90B99099A137803F00F0303EBBF
:10A4F000830301EB8301002381F823300B9940F2A1
:10A50000160CC2F2000C9CF800E00690084671465A
:10A51000CDF814C0049301F0E3F90B99059A137870
:10A5200003F00F0303EB830301EB8301049B81F82A
:10A5300063310B9940F2140CC2F2000C9CF800E05D
:10A54000039008467146CDF808C001F0C9F90B998F
:10A55000029A137803F00F0303EB830301EB8301EB
:10A56000049B81F823300B9992F800C00CF00F0C7B
:10A570000CEB8C0C01EB8C01CB610B99D1F8D4C2A4
:10A5800001EB8C01D1F8C0120029019020D0FFE727
:10A590000B98D0F8D41200EB8100D0F8C4024068C8
:10A5A00080470B99D1F8D4E201EB8E01D1F8C012AB
:10A5B0000090084602F0D8FB0B98D0F8D41200EBBC
:10A5C00081000021C0F8C0120B98C0F8BC12FFE750
:10A5D00000200CB080BD000080B586B0014604901C
:10A5E0000498D0F8D42200EB8200D0F8C002039087
:10A5F00003980028029104D1FFE703208DF817008B
:10A600002BE00498D0F8D41200EB8100D0F8C402FB
:10A6100000281ED0FFE7039890F80002FF2818D00A
:10A62000FFE70498D0F8D41200EB8100D0F8C40200
:10A630008068039991F8002291F801320190104648
:10A640001A46019B98470399FF2281F80022009047
:10A65000FFE700208DF81700FFE79DF8170006B010
:10A6600080BD000082B00146019001980A2202805C
:10A6700040F24410C2F20000009102B070470000A6
:10A6800080B586B00146059040F20010C2F200008D
:10A69000822201900091114600F080FF0490012178
:10A6A000019800F07BFF03908121019800F076FF74
:10A6B00002900498002804D0FFE7049810218171CB
:10A6C000FFE70398002804D0FFE70398402181802A
:10A6D000FFE70298002804D0FFE70298402181801C
:10A6E000FFE705984321018040F20010C2F200000C
:10A6F00006B080BD80B586B00146059040F20010DE
:10A70000C2F20000822201900091114600F046FF43
:10A7100004900121019800F041FF039081210198EC
:10A7200000F03CFF02900498002804D0FFE7049852
:10A7300010218171FFE70398002805D0FFE70398F7
:10A740004FF400718180FFE70298002805D0FFE7F1
:10A7500002984FF400718180FFE705984321018042
:10A7600040F20010C2F2000006B080BD80B586B095
:10A770000146059040F20010C2F2000082220190D2
:10A780000091114600F00AFF04900121019800F0A9
:10A7900005FF03908121019800F000FF02900498CA
:10A7A000002804D0FFE7049810218171FFE7039887
:10A7B000002804D0FFE7039840218180FFE702983A
:10A7C000002804D0FFE7029840218180FFE7059828
:10A7D0004321018040F20010C2F2000006B080BDAB
:10A7E00080B59AB00A46034618908DF85F104FF472
:10A7F00007701592149302F0BDFA1690169800286F
:10A800000CD1FFE71898D0F8D41200EB810000219A
:10A81000C0F8C01202208DF867001CE116984FF4B2
:10A820000771F5F719FD16981899D1F8D4E201EBE4
:10A830008E01C1F8C0021898D0F8D41200EB810143
:10A84000D1F8C012C0F8BC121898007C002850D172
:10A85000FFE7189840F21501C2F200010A780223BE
:10A860004FF4007C139111461A4612936346CDF8BB
:10A8700044C001F07BFB1899139A137803F00F037F
:10A8800003EB830301EB8301012381F82330189943
:10A8900040F2160CC2F2000C9CF800E01090084642
:10A8A0007146129ADDF844E00F937346CDF838C034
:10A8B00001F05CFB18990E9A137803F00F0303EB79
:10A8C000830301EB83010F9B81F86331189940F2F8
:10A8D000140CC2F2000C9CF800C00CF00F0C0CEB36
:10A8E0008C0C01EB8C014FF0100CC1F81CC00D90CA
:10A8F0004FE0189840F21501C2F200010A780223D5
:10A900004FF0400C0C9111461A460B936346CDF85C
:10A9100028C001F02BFB18990C9A137803F00F0351
:10A9200003EB830301EB8301012381F823301899A2
:10A9300040F2160CC2F2000C9CF800E009900846A8
:10A9400071460B9ADDF828E008937346CDF81CC0D9
:10A9500001F00CFB1899079A137803F00F0303EB2F
:10A96000830301EB8301089B81F86331189940F25E
:10A97000140CC2F2000C9CF800C00CF00F0C0CEB95
:10A980008C0C01EB8C014FF0100CC1F81CC0069030
:10A99000FFE7189840F21401C2F200010A7803237D
:10A9A0004FF0080C059111461A46634601F0DEFA95
:10A9B0001899059A137803F00F0303EB830301EB57
:10A9C0008301012381F8233016990023C1F8043252
:10A9D0001899D1F8D4C201EB8C01D1F8C4120968DE
:10A9E0000490039388471699039AC1F81422169984
:10A9F000C1F818221699D1F804120029029004D146
:10AA0000FFE702208DF8670025E01898007C0028F9
:10AA10000FD1FFE7189840F21601C2F20001169A12
:10AA2000D2F8042209784FF4007301F0CFFA0190B4
:10AA30000DE0189840F21601C2F20001169AD2F801
:10AA400004220978402301F0C1FA0090FFE70020BA
:10AA50008DF86700FFE79DF867001AB080BD000021
:10AA600080B586B0014604900498D0F8D42200EB5B
:10AA70008200D0F8C00203900498D0F8D42200EBF2
:10AA80008200D0F8C0020028029104D1FFE7032021
:10AA90008DF8170025E00498007C00280FD1FFE70F
:10AAA000049840F21601C2F20001039AD2F804227F
:10AAB00009784FF4007301F089FA01900DE00498D1
:10AAC00040F21601C2F20001039AD2F8042209787A
:10AAD000402301F07BFA0090FFE700208DF817007B
:10AAE000FFE79DF8170006B080BD000085B00A465C
:10AAF000034603900291029800280192009304D12A
:10AB0000FFE703208DF813000BE002980399D1F8BA
:10AB1000D42201EB8201C1F8C40200208DF8130099
:10AB2000FFE79DF8130005B07047000086B00A46A5
:10AB30000346049003910498D0F8D41200EB8100EE
:10AB4000D0F8C0020290029800280192009304D12C
:10AB5000FFE703208DF8170007E003980299C1F87A
:10AB6000040200208DF81700FFE79DF8170006B0DB
:10AB70007047000080B588B013468C468646069024
:10AB8000059104920698D0F8D41200EB8100D0F819
:10AB9000C0020390039800280293CDF804C0CDF8BA
:10ABA00000E004D1FFE703208DF81F000BE00598BB
:10ABB0000399C1F8080204980399C1F81002002013
:10ABC0008DF81F00FFE79DF81F0008B080BD000052
:10ABD00080B594B00A460346129011911298D0F8AD
:10ABE000D41200EB8100D0F8C002109000208DF844
:10ABF0003D00ADF83A008DF83900109800280D920C
:10AC00000C9304D1FFE703208DF84F00D6E0119894
:10AC1000007800F06000014600280B916BD0FFE740
:10AC20000B98202840F0BD80FFE71198C0880028CD
:10AC30004ED0FFE711980078000600282AD5FFE7DC
:10AC40001298D0F8D41200EB8100D0F8C4028068CA
:10AC50001199109ACB8849780A90084611461A46ED
:10AC60000A9B98471199C9880829099003D3FFE7DF
:10AC70000720089003E01198C0880890FFE7089823
:10AC8000ADF83E0012981099BDF83E2000F090F902
:10AC900007901CE011984078109981F800021198F3
:10ACA000C0883F2804D8FFE71198C088069002E0CA
:10ACB00040200690FFE70698109981F8010212984B
:10ACC000109991F8012200F02FF90590FFE711E0AB
:10ACD0001298D0F8D41200EB8100D0F8C40280683A
:10ACE00011994A780023049010461A46049B98470D
:10ACF0000390FFE75DE01198407801460B28029130
:10AD000046D80299DFE801F00643444444444444F1
:10AD100044441D34129890F89C02032808D1FFE7A0
:10AD200012980DF13A01022200F042F9019007E079
:10AD30001298119900F0E2F803208DF83900FFE72E
:10AD40002EE0129890F89C02032808D1FFE7129891
:10AD50000DF13D01012200F02BF9009007E012985F
:10AD6000119900F0CBF803208DF83900FFE717E0C8
:10AD7000129890F89C02032808D0FFE712981199C6
:10AD800000F0BCF803208DF83900FFE708E007E089
:10AD90001298119900F0B2F803208DF83900FFE7FE
:10ADA00007E01298119900F0A9F803208DF83900F6
:10ADB000FFE79DF839008DF84F00FFE79DF84F0041
:10ADC00014B080BD80B586B00A46034605908DF864
:10ADD000131000208DF812000598D0F8B8124968B9
:10ADE0009DF813C003916146DDF80CC002920193F7
:10ADF000E047002804D0FFE703208DF81200FFE7AA
:10AE00009DF8120006B080BD80B586B00A460346A4
:10AE100005900491059890F89C020138022803924D
:10AE200002930FD8FFE704984088012809D1FFE773
:10AE300005980021C0F8A412059800F0E3F80190ED
:10AE4000FFE704E00598049900F058F8FFE706B022
:10AE500080BD000084B00A46034603908DF80B10B5
:10AE600000200192009304B07047000084B00A46AD
:10AE7000034603908DF80B1000200192009304B05C
:10AE800070470000B0B58AB013468C4686460990DC
:10AE9000089107920998089A07990024069121467B
:10AEA000069D05932B46CDF810C0CDF80CE002941A
:10AEB00001F08CF80299019008460AB0B0BD00007C
:10AEC000B0B58AB013468C46864609900891079221
:10AED0000998089A0799002406912146069D059332
:10AEE0002B46CDF810C0CDF80CE0029401F00CFA1E
:10AEF0000299019008460AB0B0BD000080B586B046
:10AF00000A46034605900491059880210392029316
:10AF100001F0A4F90599002201900846114601F0BC
:10AF20009DF9009006B080BDB0B58AB013468C463E
:10AF3000864609900891079209980321C0F8941257
:10AF400007980999C1F8540108980999C1F8640152
:10AF500007980999C1F858010998089A0799002497
:10AF600006912146069D05932B46CDF810C0CDF8DD
:10AF70000CE0029401F02AF80299019008460AB008
:10AF8000B0BD000080B584B001460390039805224F
:10AF9000C0F8942203980022029111460192019B6D
:10AFA00001F014F801990090084604B080BD00003B
:10AFB000B0B58AB013468C46864609900891079230
:10AFC00009980221C0F894120798099948610898D5
:10AFD000099948620798099988610998089A079918
:10AFE000002406912146069D05932B46CDF810C0FE
:10AFF000CDF80CE0029401F087F90299019008461F
:10B000000AB0B0BD80B584B0014603900398042215
:10B01000C0F8942203980022029111460192019BEC
:10B0200001F072F901990090084604B080BD00005B
:10B0300080B584B00A4603468DF80F0002919DF852
:10B040000F000028019200930CD1FFE7029A43F60B
:10B05000CC70C0F6010040F60871C2F2000100F0A9
:10B0600049FB0BE0029A43F6CC70C0F6010040F6B3
:10B070000871C2F2000100F03DFBFFE740F60870E6
:10B08000C2F2000004B080BD84B00A4603468DF8C9
:10B090000F00029102981221018040F25010C2F27A
:10B0A00000000192009304B07047000080B584B0A6
:10B0B0000A4603468DF80F0002919DF80F00002804
:10B0C000019200930CD1FFE7029A43F6BE70C0F6DE
:10B0D000010040F60871C2F2000100F00BFB0BE02A
:10B0E000029A43F6BE70C0F6010040F60871C2F243
:10B0F000000100F0FFFAFFE740F60870C2F200001E
:10B1000004B080BD84B00A4603468DF80F0002915A
:10B1100002980421018040F27810C2F200000192EE
:10B12000009304B07047000080B586B00A4603461D
:10B130008DF817000491049843F6D771C0F6010109
:10B1400040F6087CC2F2000C039008466146DDF828
:10B150000CE0029272460193CDF800C000F0CAFAEA
:10B16000009806B080BD000080B584B00A46034652
:10B170008DF80F0002919DF80F00002801920093B6
:10B180000CD1FFE7029A43F6EA70C0F6010040F6E0
:10B190000871C2F2000100F0ADFA0BE0029A43F62A
:10B1A000EA70C0F6010040F60871C2F2000100F03A
:10B1B000A1FAFFE740F60870C2F2000004B080BDBB
:10B1C00080B584B00A4603468DF80F0002910298BC
:10B1D0001A21018001920093F5F7F4FA40F27C10F5
:10B1E000C2F2000004B080BD80B588B00A460346B4
:10B1F000079006910698C08801280592049305D00F
:10B20000FFE707980699FFF779FE23E0079890F883
:10B210009C02411E0229039004D3FFE703980328F0
:10B220000BD011E0079800218160079800F1080118
:10B230000122FFF7BDFE02900BE00798011D0122DD
:10B24000FFF7B6FE019004E007980699FFF756FE57
:10B25000FFE7FFE708B080BD80B598B00A46034617
:10B26000179016910020ADF8560014908DF84F00FD
:10B27000169840884FF0FF3101EB10200146062858
:10B2800012921193109100F248811099DFE811F0A9
:10B29000070014003800450145010A0126011798EE
:10B2A000D0F8B4120968007C0DF156020F911146D6
:10B2B0000F9A904714903AE11798007C00280FD11C
:10B2C000FFE71798D0F8B802806A0DF156010E908A
:10B2D00008460E99884714901498022141700EE098
:10B2E0001798D0F8B802C06A0DF156010D900846C3
:10B2F0000D9988471490149802214170FFE716E1D8
:10B3000016988078014605280C9100F2C0800C99AF
:10B31000DFE801F0032241607F9E1798D0F8B40265
:10B32000406800280DD0FFE71798D0F8B41249689C
:10B33000007C0DF156020B9111460B9A9047149028
:10B3400009E017981699FFF7D9FD9DF84F000130D5
:10B350008DF84F00FFE7A4E01798D0F8B40280689A
:10B3600000280DD0FFE71798D0F8B4128968007C48
:10B370000DF156020A9111460A9A9047149009E07D
:10B3800017981699FFF7BAFD9DF84F0001308DF818
:10B390004F00FFE785E01798D0F8B402C068002896
:10B3A0000DD0FFE71798D0F8B412C968007C0DF1F2
:10B3B000560209911146099A9047149009E017988E
:10B3C0001699FFF79BFD9DF84F0001308DF84F0057
:10B3D000FFE766E01798D0F8B402006900280DD0A6
:10B3E000FFE71798D0F8B4120969007C0DF15602F6
:10B3F00008911146089A9047149009E017981699F9
:10B40000FFF77CFD9DF84F0001308DF84F00FFE7FE
:10B4100047E01798D0F8B402406900280DD0FFE744
:10B420001798D0F8B4124969007C0DF156020791C3
:10B430001146079A9047149009E017981699FFF75C
:10B440005DFD9DF84F0001308DF84F00FFE728E0CB
:10B450001798D0F8B402806900280DD0FFE717983C
:10B46000D0F8B4128969007C0DF15602069111469C
:10B47000069A9047149009E017981699FFF73EFD39
:10B480009DF84F0001308DF84F00FFE709E0179855
:10B490001699FFF733FD9DF84F0001308DF84F00EE
:10B4A000FFE744E01798007C00280CD1FFE71798CD
:10B4B000D0F8B802406B0DF1560105900846059989
:10B4C0008847149009E017981699FFF717FD9DF823
:10B4D0004F0001308DF84F00FFE728E01798007CFF
:10B4E00000280FD1FFE71798D0F8B802006B0DF1D4
:10B4F000560104900846049988471490149807212F
:10B50000417009E017981699FFF7F8FC9DF84F0075
:10B5100001308DF84F00FFE709E017981699FFF703
:10B52000EDFC9DF84F0001308DF84F00FFE79DF8CE
:10B530004F00002801D0FFE72EE01698C0880028B1
:10B5400025D0FFE7BDF8560000281AD0FFE7BDF868
:10B5500056001699C988884204DAFFE7BDF85600FC
:10B56000039003E01698C0880390FFE70398ADF8B6
:10B57000560017981499BDF85620FFF719FD029050
:10B5800004E017981699FFF7B9FCFFE704E0179855
:10B59000FFF738FD0190FFE718B080BD80B588B097
:10B5A0000A46034607908DF81B10079805900798E8
:10B5B0000490002003900498418800788142019211
:10B5C000009327DDFFE704980078ADF80A00FFE755
:10B5D000BDF80A000499498888421ADAFFE70598FD
:10B5E0000DF10A0100F036F805900598407805281D
:10B5F0000ED1FFE705980390039880789DF81B1003
:10B60000884201D1FFE704E000200390FFE7FFE755
:10B61000DEE7FFE7039808B080BD000084B0014674
:10B62000039000208DF80B00039801900091FFE734
:10B6300001980078002809D0FFE79DF80B00013041
:10B640008DF80B00019801300190F1E79DF80B0097
:10B6500004B0704785B00A460346049003910498ED
:10B660000290029800780399B1F800C06044088005
:10B670000498029909780844029002980192009374
:10B6800005B0704780B586B00A4603460590049120
:10B69000059890F89C02013802280392029321D861
:10B6A000FFE70498C088022805D0FFE705980499B1
:10B6B000FFF724FC1BE005980121C1600598D0F834
:10B6C000A402002806D0FFE70598C16841F00201F6
:10B6D000C160FFE7059800F10C010222FFF768FC4A
:10B6E000019004E005980499FFF708FCFFE706B015
:10B6F00080BD000080B58AB013468C46864609900E
:10B700000891079200208DF81B00099800280493E7
:10B71000CDF80CC0CDF808E001D1FFE750E0099862
:10B7200005900598FFF77AFF4FF0020E0EEB4000F0
:10B73000B0F5007F04D9FFE74FF40070019008E0F6
:10B740000598FFF76BFF4FF0020E0EEB40000190E3
:10B75000FFE70198079908800798007808999DF8F5
:10B760001B2088549DF81B0001308DF81B000898A1
:10B770009DF81B10032242549DF81B0001308DF8E8
:10B780001B00FFE705980078002819D0FFE705980F
:10B79000007808999DF81B20885405980130059081
:10B7A0009DF81B0001308DF81B0008989DF81B10B8
:10B7B000002242549DF81B0001308DF81B00E1E788
:10B7C0000AB080BD83B001468DF80B0000208DF8D3
:10B7D0000A009DF80B00024603280191009214D83C
:10B7E0000099DFE801F002060A0E00208DF80A0039
:10B7F0000FE003208DF80A000BE001208DF80A000D
:10B8000007E003208DF80A0003E003208DF80A000A
:10B81000FFE79DF80A0003B07047000080B588B0CC
:10B8200013468C468646069005918DF8132006989F
:10B8300000280393CDF808C0CDF804E004D1FFE759
:10B8400003208DF81F0024E006980021C0F8B812EC
:10B850000698C0F8C4120698C0F8D01205980028BF
:10B8600005D0FFE705980699C1F8B402FFE70698EE
:10B87000012180F89C129DF8130006990870069823
:10B8800000F074FA8DF812009DF812008DF81F0078
:10B89000FFE79DF81F0008B080BD000080B584B0B0
:10B8A0000A46034603908DF80B1000208DF80A001D
:10B8B0008DF809000398D0F8C8029DF80B1001928A
:10B8C0000093F7F713FB8DF80A009DF80A00FFF7C5
:10B8D00079FF8DF809009DF8090004B080BD0000D3
:10B8E00080B584B00A46034603908DF80B10002003
:10B8F0008DF80A008DF809000398D0F8C8029DF869
:10B900000B1001920093F7F797FA8DF80A009DF853
:10B910000A00FFF757FF8DF809009DF8090004B0F1
:10B9200080BD000080B594B013468C4686461290C8
:10B930008DF8471010929DF8470000280D93CDF820
:10B9400030C0CDF82CE040F08980FFE71298143029
:10B950000F901298D0F8940202286ED1FFE70F984A
:10B960004168808981421BD9FFE70F98818942682D
:10B97000511A41600F98818902691144016112983E
:10B980000F994A680969FFF79BFA129900220A90F9
:10B99000084611460992099B00F018FB08904BE0FD
:10B9A0000F9881894068814221D1FFE70F98016893
:10B9B000808981421BD3FFE70F9800681299D1F864
:10B9C0009812884213D2FFE7129800210791079A34
:10B9D000FFF776FA1299079AC1F898221299069001
:10B9E00008461146079B00F0F1FA059023E01298F3
:10B9F00090F89C02032813D1FFE71298D0F8B80200
:10BA0000C06800280BD0FFE712980021C0F8D412BC
:10BA10001298D0F8B812C96888470490FFE7FFE78A
:10BA20001298802100F01AFC129903900846FFF743
:10BA3000A9FA0290FFE7FFE7FFE7129890F8A0024B
:10BA400000280AD0FFE7129800F002FDDDF848E078
:10BA500000218EF8A0120190FFE746E012989DF8B1
:10BA6000471041F08001FFF7F5F98DF83A009DF895
:10BA70003A00FF2838D0FFE79DF83A00002833D17C
:10BA8000FFE7129890F89C0203282CD1FFE7129848
:10BA90009DF83A1000EB8100D0F8B8024069002808
:10BAA00020D0FFE79DF83A001299C1F8D40212980D
:10BAB0009DF83A1000EB8101D1F8B81249699DF860
:10BAC000472000911146009A90478DF83B009DF861
:10BAD0003B00002805D0FFE79DF83B008DF84F00A4
:10BAE00007E0FFE7FFE7FFE7FFE700208DF84F00E3
:10BAF000FFE79DF84F0014B080BD000080B592B004
:10BB000013468C46864610908DF83F100E9200200A
:10BB10008DF833009DF83F0000280B93CDF828C026
:10BB2000CDF824E040F09180FFE7109800F5AA706E
:10BB30000D901098D0F89402032840F08580FFE71C
:10BB40000D9841688089814226D9FFE70D98818947
:10BB50004268511A41600D9881890269114401615E
:10BB600010980D994A680B6989898A420890079351
:10BB700004D9FFE70D984068069003E00D9880898E
:10BB80000690FFE706980899059008460799059AD8
:10BB9000FFF778F9049056E0109890F8AA0200F0A8
:10BBA0001F0001460028039108D0FFE703980128F1
:10BBB00008D0FFE7039802280CD013E000208DF88E
:10BBC000320013E0109890F8AE12FFF74FF98DF89D
:10BBD00032000BE0109890F8AE12FFF73BF98DF8A9
:10BBE000320003E000208DF83200FFE79DF83200BC
:10BBF000002823D1FFE7109890F89C0203281CD15D
:10BC0000FFE710989DF8321000EB8100D0F8B802E1
:10BC10000069002810D0FFE79DF832001099C1F8A4
:10BC2000D40210989DF8321000EB8101D1F8B812BF
:10BC3000096988470290FFE7FFE7FFE71098FFF7E1
:10BC4000E1F90190FFE7FFE746E010989DF83F100B
:10BC500001F07F01FFF7FEF88DF832009DF8320009
:10BC6000FF2838D0FFE79DF83200002833D1FFE7E6
:10BC7000109890F89C02032822D1FFE710989DF8B5
:10BC8000321000EB8100D0F8B8028069002816D08D
:10BC9000FFE79DF832001099C1F8D40210989DF882
:10BCA000321000EB8101D1F8B81289699DF83F206C
:10BCB00000911146009A90478DF83300FFE7FFE7A7
:10BCC0009DF83300002805D0FFE79DF833008DF87C
:10BCD000470005E0FFE7FFE700208DF84700FFE79A
:10BCE0009DF8470012B080BD82B00146019000204F
:10BCF000009102B07047000080B584B00146039007
:10BD000000208DF80B000398012280F89C220398F4
:10BD1000D0F8B8020028019111D0FFE70398D0F8BD
:10BD2000B8124968027900911146009A904700289C
:10BD300004D0FFE703208DF80B00FFE7FFE79DF835
:10BD40000B0004B080BD000080B584B00A460346F5
:10BD500003908DF80B100398D0F8C8029DF80B10D3
:10BD600001920093F7F72CF904B080BD80B588B03C
:10BD70000146079007980078002806913CD1FFE71C
:10BD8000079842F6B821C2F20001C1F8E004079812
:10BD9000C0F8C8124FF0A0400860042008710220CB
:10BDA000C87100228A7148728A72CA720A738A73D1
:10BDB000CA730846F7F708FF002803D0FFE7F4F737
:10BDC000FDFCFFE742F6B820C2F20000802105909A
:10BDD0000491F6F73BFF00214022DDF814E00390C8
:10BDE0007046F6F743FF0121059A02901046049A27
:10BDF000F6F73CFF0190FFE7002008B080BD00008F
:10BE000086B00A46034604908DF80F100498D0F8C7
:10BE1000C80202909DF80F000006002801920093CE
:10BE20000DD5FFE702989DF80F1001F07F0101EB9F
:10BE3000C10100EB8100807D8DF817000DE00298B4
:10BE40009DF80F1001F07F0101EBC10100EB8100B3
:10BE500090F856028DF81700FFE79DF8170006B01E
:10BE60007047000080B588B00A46034606908DF8FA
:10BE700017100698D0F8D41200EB8100D0F8B80261
:10BE800000280492039304D1FFE703208DF81F00DC
:10BE900025E0069890F89C0203281CD1FFE706983D
:10BEA000D0F8D41200EB8100D0F8B802006A002864
:10BEB00010D0FFE70698D0F8D41200EB8101D1F83A
:10BEC000B812096A9DF8172002911146029A90470C
:10BED0000190FFE7FFE700208DF81F00FFE79DF8C6
:10BEE0001F0008B080BD000080B588B00A46034638
:10BEF00006908DF817100698D0F8D41200EB810048
:10BF0000D0F8B80200280492039304D1FFE703207D
:10BF10008DF81F0025E0069890F89C0203281CD19C
:10BF2000FFE70698D0F8D41200EB8100D0F8B802F1
:10BF3000406A002810D0FFE70698D0F8D41200EB32
:10BF40008101D1F8B812496A9DF817200291114673
:10BF5000029A90470190FFE7FFE700208DF81F004D
:10BF6000FFE79DF81F0008B080BD0000B0B588B0A5
:10BF70009C4696460C46054607908DF81B108DF89A
:10BF80001A20ADF8183000208DF817008DF8160033
:10BF90000798D0F8C8029DF81A30BDF818209DF80F
:10BFA0001B10CDF810C0CDF80CE002940195F7F706
:10BFB0001DF88DF817009DF81700FFF703FC8DF8AA
:10BFC00016009DF8160008B0B0BD0000B0B58AB0EC
:10BFD0009C4696460C46054609908DF8231007921C
:10BFE000069300208DF817008DF816000998D0F8F8
:10BFF000C802079A069B9DF82310CDF810C0CDF813
:10C000000CE002940195F7F775F88DF817009DF88C
:10C010001700FFF7D7FB8DF816009DF816000AB041
:10C02000B0BD000080B58AB00146099000208DF8AF
:10C030002300099A012382F89C32099AC2F89402DB
:10C04000099A5060099AC2F8A402099A82F8A002DB
:10C050000998D0F8B8020028079119D0FFE709988D
:10C06000D0F8B8024068002811D0FFE70998D0F84E
:10C07000B8124968027906911146069A904700283D
:10C0800004D0FFE703208DF82300FFE7FFE7FFE779
:10C090000998002140220591059B04921A46049BB1
:10C0A000FFF764FF0999012281F863210999049B34
:10C0B000A1F8603109994FF0800E0390084671464F
:10C0C000DDF814E002927246FFF750FF0999029AD8
:10C0D00081F823200999049B0B849DF8231001907B
:10C0E00008460AB080BD000082B001460190019868
:10C0F00090F89C020428009107D1FFE7019890F87E
:10C100009D02019981F89C02FFE7002002B0704770
:10C1100080B584B001460390039890F89C020328F0
:10C12000029116D1FFE70398D0F8B80200280FD08B
:10C13000FFE70398D0F8B802C069002807D0FFE7EE
:10C140000398D0F8B812C96988470190FFE7FFE764
:10C15000FFE7002004B080BD84B00A460346039088
:10C160008DF80B109DF80B000399087400200192C4
:10C17000009304B07047000080B584B00A460346BF
:10C1800003908DF80B1000208DF80A008DF809003F
:10C190000398D0F8C8029DF80B1001920093F7F7AE
:10C1A000F7FE8DF80A009DF80A00FFF70BFB8DF8EB
:10C1B00009009DF8090004B080BD000080B586B07C
:10C1C0000A46034605900491059800F2AA200499B6
:10C1D0000292019300F0C4F805980121C0F894126E
:10C1E0000598B0F8B012C0F89812059890F8AA0215
:10C1F00000F01F0001460028009108D0FFE70098DA
:10C2000001280CD0FFE70098022810D017E005980D
:10C2100000F2AA2100F0ACFA8DF80F0019E00598A1
:10C2200000F2AA2100F018FD8DF80F0011E005982A
:10C2300000F2AA2100F00AFB8DF80F0009E0059832
:10C2400090F8AA1201F0800100F008F88DF80F00B4
:10C25000FFE79DF80F0006B080BD000080B584B0F8
:10C260000A46034603908DF80B1000208DF80A0053
:10C270008DF809000398D0F8C8029DF80B100192C0
:10C280000093F6F77DFF8DF80A009DF80A00FFF78E
:10C2900099FA8DF809009DF8090004B080BD0000EE
:10C2A00080B584B00146039000208DF80B008DF816
:10C2B0000A000398D0F8C8020191F7F7B1FE8DF893
:10C2C0000B009DF80B00FFF77DFA8DF80A009DF832
:10C2D0000A0004B080BD000082B0014601900198C0
:10C2E00090F89C020428009107D0FFE7019890F88D
:10C2F0009C02019981F89D02FFE70198042180F8D2
:10C300009C12002002B07047B0B58AB09C46964699
:10C310000C46054609908DF82310079206930020DD
:10C320008DF817008DF816000998D0F8C802079A02
:10C33000069B9DF82310CDF810C0CDF80CE00294B8
:10C340000195F6F797FF8DF817009DF81700FFF796
:10C3500039FA8DF816009DF816000AB0B0BD00003D
:10C3600080B586B00A460346059004910498039070
:10C37000039800780599087003980130039003989A
:10C380000078059948700398013003900398029251
:10C390000193FCF77DFE05994880039801300390D6
:10C3A0000398013003900398FCF772FE059988808A
:10C3B0000398013003900398013003900398FCF731
:10C3C00067FE0599C88006B080BD000080B588B0C2
:10C3D0000A460346069005910020ADF81200059824
:10C3E00000280392029304D1FFE703208DF81F0079
:10C3F0002AE005980699C1F8B8020698D0F8D41238
:10C4000000EB8100D0F8B802C06A002812D0FFE724
:10C410000698D0F8D41200EB8100D0F8B802C06AB8
:10C420000DF1120101900846019988470699C1F85B
:10C43000D002FFE70698D0F8D8120131C0F8D81220
:10C4400000208DF81F00FFE79DF81F0008B080BD99
:10C4500082B0014601900020009102B070470000B8
:10C4600080B588B00A4603460790069106988088F2
:10C470000028049203933CD1FFE70698C088002867
:10C4800037D1FFE7069840887F2832D8FFE7069823
:10C49000807800F07F008DF81700079890F89C02D4
:10C4A000032805D1FFE707980699FEF727FD1FE04F
:10C4B0009DF81700079981F89E0207989DF81710BC
:10C4C000FFF75AFE079902900846FEF79BFD9DF87C
:10C4D00017100029019005D0FFE70798022180F886
:10C4E0009C1204E00798012180F89C12FFE7FFE707
:10C4F00004E007980699FEF701FDFFE708B080BD4C
:10C5000080B586B00A46034605908DF813100020CA
:10C510008DF812000598D0F8B80200280392029313
:10C520000DD0FFE70598D0F8B81209689DF81320E0
:10C5300001911146019A90478DF81200FFE79DF88E
:10C54000120006B080BD000080B592B00A460346D6
:10C5500010900F9100208DF83B000F98807840F6E6
:10C560000471C2F200010870087802280D920C9341
:10C5700008D3FFE710980F99FEF7C0FC03208DF851
:10C580004700B9E0109890F89C02014602280B91F0
:10C5900004D0FFE70B98032837D097E040F60470EB
:10C5A000C2F200000078002829D0FFE740F60470AE
:10C5B000C2F200000178109A5160109900780A9038
:10C5C00008460A99FFF79CFF8DF83B009DF83B0059
:10C5D000002809D0FFE710980F99FEF78FFC1098FC
:10C5E000022180F89C1209E01098FEF70BFDDDF89F
:10C5F00040E003218EF89C120990FFE704E01098B8
:10C60000FEF700FD0890FFE771E040F60470C2F20B
:10C6100000000078002819D1FFE71098022180F867
:10C620009C1240F60470C2F200000178109A51602A
:10C6300010990078079008460799FEF7C3FB1099F8
:10C6400006900846FEF7DEFC05903EE040F60470DA
:10C65000C2F2000000781099496888422FD0FFE7A5
:10C6600010980179FEF7AEFB40F60471C2F20001AA
:10C6700091F800E0109AC2F804E0109A097804904A
:10C680001046FFF73DFF8DF83B009DF83B0000286A
:10C690000FD0FFE710980F99FEF730FC1098017942
:10C6A000FEF790FB10994FF0020E81F89CE2039088
:10C6B00004E01098FEF7A6FC0290FFE704E0109853
:10C6C000FEF7A0FC0190FFE7FFE710E010980F993C
:10C6D000FEF714FC109840F60471C2F200010978CC
:10C6E000FEF770FB03218DF83B100090FFE79DF8EB
:10C6F0003B008DF84700FFE79DF8470012B080BD72
:10C7000080B586B00A460346059004910498408897
:10C7100001280392029309D1FFE705980121C0F88F
:10C72000A4120598FEF76EFC019015E0049840886D
:10C7300002280BD1FFE704988088000A059981F848
:10C74000A0020598FEF75EFC009004E005980499AD
:10C75000FEF7D4FBFFE7FFE706B080BD80B582B0EF
:10C760000146019001980091FFF79AFD02B080BD4B
:10C7700080B588B00A4603460790069100208DF8E0
:10C7800017000698007800F0600001460028049227
:10C790000393029118D0FFE70298202804D0FFE706
:10C7A0000298402849D1FFE70798D0F8D41200EB4F
:10C7B0008101D1F8B8128968069A01911146019A4F
:10C7C00090478DF817003DE006984078014609280B
:10C7D00000912CD80099DFE801F01B252A202A0AB5
:10C7E000052A160F07980699FEF736FD24E00798EC
:10C7F0000699FFF735FE1FE007980699FFF7A4FE9C
:10C800008DF8170018E007980699FEF7EDFC13E085
:10C8100007980699FEF736FF0EE007980699FFF78E
:10C820006FFF09E007980699FEF7EEFA04E0079813
:10C830000699FEF763FBFFE704E007980699FEF709
:10C840005DFBFFE79DF8170008B080BD80B59AB08A
:10C850000A4603461990189100208DF8590018983F
:10C8600080888DF85B001898007800F06000014621
:10C8700000281592149313913CD0FFE713982028B9
:10C8800005D0FFE71398402840F0DD81FFE71998B5
:10C890009DF85B10FEF7DEFA8DF85A009DF85A00FD
:10C8A000FF2826D0FFE79DF85A00002821D1FFE796
:10C8B0009DF85A001999C1F8D40219989DF85A1098
:10C8C00000EB8100D0F8B8028068002810D0FFE7A4
:10C8D00019989DF85A1000EB8101D1F8B8128968B7
:10C8E000189A12911146129A90478DF85900FFE755
:10C8F000FFE7ADE11898407801460028119100F05B
:10C90000D980FFE71198012857D0FFE71198032835
:10C9100040F09381FFE7199890F89C0201460228A5
:10C92000109104D0FFE7109803281FD03FE09DF836
:10C930005B00002814D0FFE79DF85B0080280FD033
:10C94000FFE719989DF85B10FFF788FC19994FF0E5
:10C95000800E0F9008467146FFF780FC0E9004E0B1
:10C9600019981899FEF7CAFAFFE725E01898408849
:10C97000002817D1FFE79DF85B00002811D0FFE7E2
:10C980009DF85B0080280CD0FFE71898C08800282D
:10C9900007D1FFE719989DF85B10FFF75FFC0D903A
:10C9A000FFE7FFE71998FEF72DFB0C9004E01998BC
:10C9B0001899FEF7A3FAFFE744E1199890F89C0252
:10C9C000014602280B9104D0FFE70B9803281FD0E3
:10C9D0006AE09DF85B00002814D0FFE79DF85B003B
:10C9E00080280FD0FFE719989DF85B10FFF736FC01
:10C9F00019994FF0800E0A9008467146FFF72EFCF9
:10CA0000099004E019981899FEF778FAFFE750E0CA
:10CA100018984088002846D1FFE79DF85B00400643
:10CA2000002807D0FFE719989DF85B10FEF736FF46
:10CA30000890FFE71998FEF7E5FADDF864E09DF845
:10CA40005B1007907046FEF705FA8DF85A009DF8C6
:10CA50005A00FF2826D0FFE79DF85A00002821D170
:10CA6000FFE79DF85A001999C1F8D40219989DF86A
:10CA70005A1000EB8100D0F8B8028068002810D06E
:10CA8000FFE719989DF85A1000EB8101D1F8B81210
:10CA90008968189A06911146069A90478DF85900B0
:10CAA000FFE7FFE7FFE704E019981899FEF726FA79
:10CAB000FFE7C7E0199890F89C020146022805910B
:10CAC00004D0FFE7059803283BD0B0E09DF85B0059
:10CAD00000280AD0FFE79DF85B00802805D0FFE71B
:10CAE00019981899FEF70AFAA6E09DF85B0000066F
:10CAF00000280CD5FFE719989DF85B1001F07F0125
:10CB000001EB810100EB8100143004900CE01998D6
:10CB10009DF85B1001F07F0101EB810100EB8100CA
:10CB200000F5AA700490FFE7049817901798002169
:10CB30008173199817990E310222FEF739FA039082
:10CB40007AE09DF85B000006002814D5FFE71998ED
:10CB50009DF85B1001F00F0101EB810100EB8100FA
:10CB600090F82300002805D1FFE719981899FEF7DF
:10CB7000C5F961E013E019989DF85B1001F00F0111
:10CB800001EB810100EB810090F86301002805D1E1
:10CB9000FFE719981899FEF7B1F94DE0FFE79DF806
:10CBA0005B00000600280CD5FFE719989DF85B1084
:10CBB00001F07F0101EB810100EB81001430029054
:10CBC0000CE019989DF85B1001F07F0101EB8101E9
:10CBD00000EB810000F5AA700290FFE70298179021
:10CBE0009DF85B00002805D0FFE79DF85B008028DA
:10CBF00004D1FFE717980021817310E019989DF880
:10CC00005B10FFF7FDF8002804D0FFE7179801211B
:10CC1000817303E0179800218173FFE7FFE71998FC
:10CC200017990E310222FEF7C3F9019004E019981A
:10CC30001899FEF763F9FFE704E019981899FEF7D1
:10CC40005DF9FFE704E019981899FEF757F9FFE737
:10CC50009DF859001AB080BD80B588B00A460346D9
:10CC60000790069100208DF817000698007800F0D4
:10CC700060000146002804920393029108D0FFE768
:10CC80000298202804D0FFE70298402862D1FFE7ED
:10CC9000079890F89C020138022855D8FFE70698BB
:10CCA000007901284AD8FFE7079806990979FEF725
:10CCB000DDF88DF816009DF81600FF282AD0FFE752
:10CCC0009DF81600002825D1FFE707989DF816105B
:10CCD00000EB8100D0F8B8028068002815D0FFE78B
:10CCE0009DF816000799C1F8D40207989DF8161010
:10CCF00000EB8101D1F8B8128968069A01911146BA
:10CD0000019A90478DF8170003E003208DF8170073
:10CD1000FFE703E003208DF81700FFE70698C088BF
:10CD200000280AD1FFE79DF81700002805D1FFE78A
:10CD30000798FEF767F90090FFE704E00798069967
:10CD4000FEF7DCF8FFE704E007980699FEF7D6F84F
:10CD5000FFE704E007980699FEF7D0F8FFE79DF893
:10CD6000170008B080BD000082B00146019000911C
:10CD700002B0704782B00146019041F20810C2F241
:10CD80000000009102B0704786B00A460346059045
:10CD900004910598039004980078029004984078D4
:10CDA00001280192009331D1FFE70498007800F048
:10CDB0000F00012101FA00F080B20399D1F81C287C
:10CDC0001043C1F81C080398029900EB4110D0F8F9
:10CDD000000910F4004F18D1FFE7049881686FF341
:10CDE000DF21007941EA8040029940EA8150039AAC
:10CDF00002EB4111D1F80029104348F20002C1F2C0
:10CE000000021043C1F80009FFE72EE00498007803
:10CE100000F00F00012101FA00F00399D1F81C285D
:10CE200042EA0040C1F81C080398029900EB411047
:10CE3000D0F8000B10F4004F16D1FFE7049881687A
:10CE40006FF3DF21007941EA80400399029A01EBF8
:10CE50004211D1F8002B104348F20002C1F2000247
:10CE60001043C1F8000BFFE7FFE7002006B0704752
:10CE700083B001460290029801900198D0F80029F1
:10CE800040F2FF739A43C0F800290198D0F80428B3
:10CE900042F48072C0F804280020009103B070476B
:10CEA00070B58EB0DDF848C09E4614460D46064665
:10CEB000CDF824C00893079206919DF824108DF8B0
:10CEC00034100699079A089B0C930B920A910590CF
:10CED0009DF82D00012803950294CDF804E00096FA
:10CEE00023D1FFE70598816B21F480318163059898
:10CEF000C1684FF6BF72CFF6BD721140C160059890
:10CF0000C16821F44011C1609DF83400012806D1A8
:10CF1000FFE70598C16841F48011C160FFE70598FB
:10CF200000F034F88DF813001BE00598C16841F05B
:10CF30004001C160059800F029F88DF813009DF8B4
:10CF40003100002806D1FFE70598816B41F480315C
:10CF5000816305E00598816B21F480318163FFE7EF
:10CF6000FFE79DF82A0001280BD1FFE705988168AB
:10CF700041F0060181600598816841F020018160DF
:10CF8000FFE79DF813000EB070BD000084B00146AD
:10CF90000290002001900091FFE70198013001907C
:10CFA0000198B0F1706F04D9FFE703208DF80F00EE
:10CFB0002FE0FFE70298006910F0004FEDD0FFE787
:10CFC0000A200190FFE70198002804D0FFE70198AC
:10CFD00001380190F7E70298016941F00101016110
:10CFE000FFE70198013001900198B0F1706F04D90A
:10CFF000FFE703208DF80F000BE0FFE702980069C0
:10D0000000F001000128ECD0FFE700208DF80F00B0
:10D01000FFE79DF80F0004B07047000086B00A4695
:10D0200003460590049105980390049800780290B7
:10D03000049840780128019200934ED1FFE70398AD
:10D04000029900EB4110D0F8000910F0004F15D004
:10D05000FFE70398029900EB4110D0F8001941F066
:10D060000061C0F800190398029900EB4110D0F854
:10D07000001941F08041C0F80019FFE704980078DA
:10D0800000F00F00012101FA00F00022CFF6FF723C
:10D0900062EA0000039BD3F83CC800EA0C00C3F826
:10D0A0003C080498007800F00F0001FA00F062EAF2
:10D0B00000000399D1F81C281040C1F81C080398FF
:10D0C000029900EB4110D0F8001947F60002CEF6A5
:10D0D00033421140C0F8001947E00398029900EB71
:10D0E0004110D0F8000B10F0004F15D0FFE7039867
:10D0F000029900EB4110D0F8001B41F00061C0F82C
:10D10000001B0398029900EB4110D0F8001B41F07E
:10D110008041C0F8001BFFE70498007800F00F0082
:10D12000012101FA00F0039AD2F83C3823EA0040CA
:10D13000C2F83C080498007800F00F0001FA00F0F3
:10D140000399D1F81C2822EA0040C1F81C08039872
:10D15000029900EB4110D0F8001B47F60002CEF612
:10D16000F3721140C0F8001BFFE7002006B07047C3
:10D1700083B001460290029801900198D0F8002EE9
:10D1800022F00302C0F8002E0198D0F8042822F003
:10D190000202C0F804280020009103B0704700008C
:10D1A00083B001460290029801900198D0F8002EB9
:10D1B00022F00302C0F8002E0198D0F8042842F0B3
:10D1C0000202C0F804280020009103B0704700005C
:10D1D00070B594B0DDF860C09E4614460D46064614
:10D1E000CDF83CC00E930D920C919DF83C108DF83B
:10D1F0004C100C990D9A0E9B1293119210910B905A
:10D2000000208DF82B000B99099108900795069442
:10D21000CDF814E00496FFE708980E280CD8FFE735
:10D220000B98089900EB81000021C0F80411FFE77A
:10D23000089801300890EFE79DF84A00002817D1C0
:10D24000FFE70998D0F8041841F00201C0F804186B
:10D250000B98816B41F4001181630B98816B21F471
:10D26000002181630B98816B21F4802181630AE0A6
:10D270000B98816B21F4001181630B98816B41F451
:10D2800000218163FFE709980021C0F8001E9DF886
:10D290004500012812D1FFE79DF84300002806D180
:10D2A000FFE70B98002100F0EFFE039005E00B98DC
:10D2B000012100F0E9FE0290FFE705E00B98032151
:10D2C00000F0E2FE0190FFE70B98102100F0E8FC6F
:10D2D000002804D0FFE701208DF82B00FFE70B9812
:10D2E00000F0A2FC002804D0FFE701208DF82B00FD
:10D2F000FFE709980021C0F810180998C0F8141821
:10D300000998C0F81C180891FFE708989DF840108C
:10D3100088423DD2FFE70998089900EB4110D0F808
:10D32000000910F0004F17D0FFE70898002809D136
:10D33000FFE70998089900EB41104FF00061C0F831
:10D34000001908E00998089900EB41104FF090414E
:10D35000C0F80019FFE707E00998089900EB4110B1
:10D360000021C0F80019FFE70998089900EB411067
:10D370000021C0F810190998089900EB41104FF6E8
:10D380007F31C0F80819FFE7089801300890BCE722
:10D3900000200890FFE708989DF8401088423DD291
:10D3A000FFE70998089900EB4110D0F8000B10F046
:10D3B000004F17D0FFE70898002809D1FFE7099828
:10D3C000089900EB41104FF00061C0F8001B08E025
:10D3D0000998089900EB41104FF09041C0F8001BEC
:10D3E000FFE707E00998089900EB41100021C0F819
:10D3F000001BFFE70998089900EB41100021C0F8D5
:10D40000101B0998089900EB41104FF67F31C0F8C6
:10D41000081BFFE7089801300890BCE70998D0F88E
:10D42000101821F48071C0F810180B980021816148
:10D430000B986FF0804141619DF84200002806D1B1
:10D44000FFE70B98816941F010018161FFE70B98BC
:10D45000816943F60002C8F23C02114381619DF8E4
:10D460004600002806D0FFE70B98816941F00801CB
:10D470008161FFE79DF84A00012808D1FFE70B987A
:10D4800081690422C4F2000211438161FFE79DF823
:10D490002B0014B070BD000082B0014601900198CD
:10D4A000826822F0010282600020009102B0704781
:10D4B00080B589B013468C46864607908DF81B10C0
:10D4C0000592079804900798006C0390039843F224
:10D4D0000B01C4F6547188420293CDF804C0CDF814
:10D4E00000E00CD3FFE70498D0F8000B10F0004FD9
:10D4F00004D0FFE700208DF823002EE0FFE704981A
:10D500000021C0F8101B0498D0F8101B41F4002132
:10D51000C0F8101B0498D0F8101B41F01801C0F897
:10D52000101B0498D0F8101B41F0C041C0F8101B2C
:10D530009DF81B0001280CD1FFE705980499C1F85C
:10D54000140B0498D0F8001B41F08021C0F8001B98
:10D55000FFE700208DF82300FFE79DF8230009B0C6
:10D5600080BD000086B00A460346059004910598E8
:10D570000390049800780290049840780128019262
:10D58000009320D1FFE70398029900EB4110D0F8F7
:10D59000001921F40011C0F800190498007903283B
:10D5A00005D0FFE70498007902280BD1FFE7039824
:10D5B000029900EB4110D0F8001941F08051C0F8F9
:10D5C0000019FFE71FE00398029900EB4110D0F823
:10D5D000001B21F40011C0F8001B049800790328F7
:10D5E00005D0FFE70498007902280BD1FFE70398E4
:10D5F000029900EB4110D0F8001B41F08051C0F8B7
:10D60000001BFFE7FFE7002006B0704786B00A4620
:10D6100003460590049105980390049800780290C1
:10D620000498407801280192009324D1FFE70398E1
:10D63000029900EB4110D0F8000910F0004F0FD113
:10D64000FFE7029800280BD0FFE70398029900EB50
:10D650004110D0F8001921F08041C0F80019FFE70F
:10D660000398029900EB4110D0F8001941F4001121
:10D67000C0F8001923E00398029900EB4110D0F89C
:10D68000000B10F0004F0FD1FFE7029800280BD0DD
:10D69000FFE70398029900EB4110D0F8001B21F03E
:10D6A0008041C0F8001BFFE70398029900EB41108E
:10D6B000D0F8001B41F40011C0F8001BFFE7002068
:10D6C00006B0704780B58CB013468C4686460B90EA
:10D6D0000A918DF827200B9808900A9800780790F7
:10D6E0000A98407801280593CDF810C0CDF80CE0D9
:10D6F00040F02D81FFE70A98006900281FD1FFE75D
:10D700000898079900EB4110D0F810196FF3DC412D
:10D71000C0F810190898079900EB4110D0F81019BB
:10D7200041F40021C0F810190898079900EB411046
:10D73000D0F810196FF31201C0F8101973E00898AF
:10D74000079900EB4110D0F810196FF31201C0F8DF
:10D7500010190898079900EB4110D0F810196FF3D1
:10D76000DC41C0F810190798002815D1FFE70A9886
:10D7700081680069884204D9FFE70A9881680161DD
:10D78000FFE70898079900EB4110D0F8101941F411
:10D790000021C0F8101938E00A988168006908442F
:10D7A0000138B0FBF1F0ADF81A00BDF81A00002105
:10D7B000C1F6F87101EAC0400899079A01EB4211DD
:10D7C000D1F810291043C1F810090A9800790128EE
:10D7D0001AD1FFE70898079900EB4110D0F810190B
:10D7E00021F0C041C0F81019BDF81A004FF0C04137
:10D7F00001EA40700899079A01EB4211D1F810290B
:10D800001043C1F81009FFE7FFE70A9800696FF3BA
:10D81000DF400899079A01EB4211D1F81029104313
:10D82000C1F81009FFE79DF8270001283CD1FFE768
:10D830000A98C069002809D0FFE70A98C0690899CA
:10D84000079A01EB4211C1F81409FFE70A98007921
:10D8500001281ED1FFE70898D0F8080810F4807F4F
:10D860000BD1FFE70898079900EB4110D0F8001999
:10D8700041F00051C0F800190AE00898079900EB40
:10D880004110D0F8001941F08051C0F80019FFE7AD
:10D89000FFE70898079900EB4110D0F8001941F014
:10D8A0000441C0F8001951E00898079900EB4110B5
:10D8B000D0F8001941F00441C0F800190A98007925
:10D8C000012814D0FFE70A98006900280ED0FFE76E
:10D8D0000A98007800F00F00012101FA00F0089981
:10D8E000D1F834281043C1F83408FFE72DE0089838
:10D8F000D0F8080810F4807F0BD1FFE7089807994B
:10D9000000EB4110D0F8001941F00051C0F80019A7
:10D910000AE00898079900EB4110D0F8001941F08F
:10D920008051C0F80019FFE70B980A99CA680B8A62
:10D9300009789DF827C0EE46CEF800C00291114646
:10D94000029A00F09FFC0190FFE7FFE7C8E008980B
:10D95000079900EB4110D0F8101B6FF31201C0F8CB
:10D96000101B0898079900EB4110D0F8101B6FF3BB
:10D97000DC41C0F8101B0798002824D1FFE70A9863
:10D980000069002804D0FFE70A9881680161FFE779
:10D990000A98816801620A98006A6FF3DF4008996B
:10D9A000079A01EB4211D1F8102B1043C1F8100B6C
:10D9B0000898079900EB4110D0F8101B41F40021A2
:10D9C000C0F8101B4AE00A980069002818D1FFE748
:10D9D0000A9880686FF3DF400899079A01EB4211BB
:10D9E000D1F8102B1043C1F8100B0898079900EBE1
:10D9F0004110D0F8101B41F40021C0F8101B2CE09E
:10DA00000A988168006908440138B0FBF1F0ADF86C
:10DA10001A000A988168BDF81A2051430162BDF8C6
:10DA20001A000021C1F6F87101EAC0400899079A6E
:10DA300001EB4211D1F8102B1043C1F8100B0A98DA
:10DA4000006A6FF3DF400899079A01EB4211D1F8A1
:10DA5000102B1043C1F8100BFFE7FFE79DF82700DC
:10DA600001280FD1FFE70A98C068002809D0FFE716
:10DA70000A98C0680899079A01EB4211C1F8140B83
:10DA8000FFE7FFE70A98007901281ED1FFE7089811
:10DA9000D0F8080810F4807F0BD1FFE708980799A9
:10DAA00000EB4110D0F8001B41F00051C0F8001B02
:10DAB0000AE00898079900EB4110D0F8001B41F0EC
:10DAC0008051C0F8001BFFE7FFE70898079900EBBB
:10DAD0004110D0F8001B41F00441C0F8001BFFE7E3
:10DAE00000200CB080BD000087B00A4603460690B7
:10DAF0000591002004908DF80F000698029005987B
:10DB000040780128019200933FD1FFE702980599E0
:10DB1000097800EB4110D0F8000910F0004F33D025
:10DB2000FFE702980599097800EB4110D0F8001939
:10DB300041F00061C0F8001902980599097800EBDE
:10DB40004110D0F8001941F08041C0F80019FFE7FA
:10DB5000049801300490049842F21171884204D371
:10DB6000FFE701208DF80F000DE0FFE7029805990F
:10DB7000097800EB4110D0F8000900F00040B0F146
:10DB8000004FE5D0FFE7FFE73EE0029805990978EE
:10DB900000EB4110D0F8000B10F0004F33D0FFE73E
:10DBA00002980599097800EB4110D0F8001B41F06C
:10DBB0000061C0F8001B02980599097800EB41103C
:10DBC000D0F8001B41F08041C0F8001BFFE704982B
:10DBD00001300490049842F21171884204D3FFE7A7
:10DBE00001208DF80F000DE0FFE7029805990978F4
:10DBF00000EB4110D0F8000B00F00040B0F1004FF6
:10DC0000E5D0FFE7FFE7FFE79DF80F0007B070479B
:10DC100082B0014601900198826842F00102826060
:10DC20000020009102B0704784B0014602900020AD
:10DC300001900091FFE70198013001900198B0F147
:10DC4000706F04D9FFE703208DF80F0024E0FFE791
:10DC50000298006910F0004FEDD0FFE7002001901E
:10DC6000029810210161FFE70198013001900198AD
:10DC7000B0F1706F04D9FFE703208DF80F000BE0BF
:10DC8000FFE70298006900F010001028ECD0FFE7D1
:10DC900000208DF80F00FFE79DF80F0004B07047DB
:10DCA00086B00A4603460490039100200290019238
:10DCB0000093FFE70298013002900298B0F1706F74
:10DCC00004D9FFE703208DF8170027E0FFE7049849
:10DCD000006910F0004FEDD0FFE70020029003989C
:10DCE000202141EA801004990861FFE70298013081
:10DCF00002900298B0F1706F04D9FFE703208DF80D
:10DD000017000BE0FFE70498006900F020002028CE
:10DD1000ECD0FFE700208DF81700FFE79DF8170013
:10DD200006B0704785B001460490049803900398AC
:10DD3000D0F8080800F00600019001980028009132
:10DD400004D1FFE700208DF80B0010E001980228B5
:10DD500004D0FFE70198062804D1FFE702208DF8E0
:10DD60000B0003E00F208DF80B00FFE7FFE79DF8A5
:10DD70000B0005B07047000082B001460190019889
:10DD8000406900F00100009102B0704784B0014684
:10DD90000390039802900298D0F818080190029816
:10DDA000D0F81C08019A10400190BDF804000091C1
:10DDB00004B0704784B00146039003980290029823
:10DDC000D0F8180801900298D0F81C08019A104069
:10DDD0000190BDF80600009104B0704788B00A4673
:10DDE000034607908DF81B10079805900598D0F80A
:10DDF000100803900598D0F83408029002989DF816
:10DE00001B1001F00F01C84000F00100039941EA26
:10DE1000C010039005989DF81B1000EB4110D0F83E
:10DE2000080903990840049004980192009308B0EF
:10DE30007047000086B00A46034605908DF813101F
:10DE40000598039003989DF8131000EB4110D0F84B
:10DE5000080B02900398D0F8140802990840029029
:10DE600002980192009306B07047000083B001460B
:10DE7000029002984069019002988069019A1040CE
:10DE800001900198009103B07047000080B58CB0FC
:10DE900013468C4686460B900A91ADF826200B98C7
:10DEA00008900A980790BDF8260080080490BDF8F5
:10DEB000260000F00300ADF80E000020059002934C
:10DEC000CDF804C0CDF800E0FFE70598049988423A
:10DED00017D2FFE708984FF480514058079908601F
:10DEE0000798013007900798013007900798013094
:10DEF0000790079801300790FFE7059801300590DB
:10DF0000E3E7BDF80E00002821D0FFE700200590D0
:10DF100008984FF4805140580690FFE706989DF806
:10DF20001410C900C8400799087005980130059081
:10DF3000079801300790BDF80E000138ADF80E00CB
:10DF4000FFE7BDF80E000028E8D1FFE7FFE70798DC
:10DF50000CB080BD80B588B00A46034606908DF8A7
:10DF60001710002004900698C16821F0C041C160DC
:10DF70009DF8170001280392029324D1FFE7069829
:10DF8000C16841F00051C160FFE70A20F3F78CFD42
:10DF900004980A300490FFE70698FFF7EDFE4FF073
:10DFA000000E0128CDF804E007D0FFE70498002117
:10DFB000C82838BF01210191FFE70198C007002858
:10DFC000E3D1FFE72DE09DF81700002824D1FFE7FB
:10DFD0000698C16841F08041C160FFE70A20F3F76D
:10DFE00063FD04980A300490FFE70698FFF7C4FE2B
:10DFF0004FF0000E0028CDF800E007D0FFE70498AE
:10E000000021C82838BF01210091FFE70098C00710
:10E010000028E3D1FFE703E001208DF81F000CE0AA
:10E02000FFE70498C82804D1FFE701208DF81F00FE
:10E0300003E000208DF81F00FFE79DF81F0008B0E7
:10E0400080BD000085B00A46034604908DF80F108D
:10E05000049802900298D0F8001821F4FE61C0F8EC
:10E0600000189DF80F004FF4FE6101EA00100299BC
:10E07000D1F800C840EA0C00C1F800080020019265
:10E08000009305B07047000085B00A46034604902F
:10E090008DF80F10049802909DF80F000299D1F8A6
:10E0A00000C840EA0C00C1F800080020019200936B
:10E0B00005B0704780B587B013468C4686460690FB
:10E0C00005918DF813209DF8130002280293CDF8D6
:10E0D00004C0CDF800E040F0B880FFE705984AF6AC
:10E0E000C041C0F2D80188420BD3FFE705984EF239
:10E0F000BF11C0F2E401884203D8FFE70F2003906C
:10E10000A2E005984EF2C011C0F2E40188420BD3A0
:10E11000FFE7059842F2FF31C0F2F401884203D8CC
:10E12000FFE70E2003908EE0059842F20041C0F216
:10E13000F40188420BD3FFE7059847F27F31C0F224
:10E140000611884203D8FFE70D2003907AE0059876
:10E1500047F28031C0F2061188420BD3FFE70598E1
:10E1600044F69F11C0F21A11884203D8FFE70C2031
:10E17000039066E0059844F6A011C0F21A11884297
:10E180000BD3FFE7059842F6FF41C0F231118842F8
:10E1900003D8FFE70B20039052E0059842F60051A8
:10E1A000C0F2311188420BD3FFE705984AF23F4194
:10E1B000C0F24C11884203D8FFE70A2003903EE0EA
:10E1C00005984AF24041C0F24C1188420BD3FFE758
:10E1D000059843F2FF51C0F26E11884203D8FFE761
:10E1E000092003902AE0059843F20061C0F26E1105
:10E1F00088420BD3FFE705984AF61F31C0F2A611FB
:10E20000884203D8FFE70820039016E005984AF6F5
:10E210002031C0F2A61188420BD3FFE7059844F2E3
:10E22000FF71C0F2E811884203D8FFE7072003908E
:10E2300002E006200390FFE7FFE7FFE7FFE7FFE7C5
:10E24000FFE7FFE7FFE7FFE70BE09DF8130000287B
:10E2500003D1FFE70920039002E009200390FFE7C4
:10E26000FFE70698C16821F47051C16003984FF42C
:10E27000705101EA80200699CA681043C8600020E6
:10E2800007B080BD70B58CB0DDF840C09E46144626
:10E290000D4606460B900A918DF82720ADF82430E4
:10E2A0008DF823C00B9807900A9806909DF82300DC
:10E2B0000028CDF80CE002940195009629D1FFE7E3
:10E2C000BDF8240003308008059000200490FFE78B
:10E2D0000498059988421BD2FFE7069800680799C1
:10E2E0009DF8272001EB02314FF4805288500698A8
:10E2F000013006900698013006900698013006908D
:10E30000069801300690FFE7049801300490DFE79B
:10E31000FFE700200CB070BDFFE7FEE780B504F01A
:10E32000E9FE80BD80B504F00DFF80BD80B504F02E
:10E3300059FF80BD80B504F02DFF80BD80B504F08D
:10E34000D1FE80BD80B584B00146039041F2040047
:10E35000CEF20000006802900298039A1268801AB8
:10E3600000EE100AB8EE400A40F22020C2F200008F
:10E3700090ED001AB8EE411A80EE010A8DED010A07
:10E380000298039A1060009101F020FC9DED010AB3
:10E3900004B080BD86B0B0EE601AB0EE402A0146EF
:10E3A00005908DED040ACDED030A059890ED000A65
:10E3B000DDED040AB4EEE00AF1EE10FA8DED021A7A
:10E3C0008DED012A009106DAFFE79DED040A05981C
:10E3D00080ED000A11E0059890ED000A9DED031A0A
:10E3E000B4EEC10AF1EE10FA06DDFFE79DED030A77
:10E3F000059880ED000AFFE7FFE706B070470000D0
:10E4000080B582B000F026F840F62C0EC2F2000E65
:10E410009EED000AB8EE400ABEF8040001EE100AB4
:10E42000B8EEC11A9FED092A01EE020ABEF80600F5
:10E4300001EE100AB8EEC11A9FED052A01EE020A9C
:10E440008DED010A9DED010A02B080BD6F12833A85
:10E45000BD37863570B588B001F0B8FB41F2040EC7
:10E46000CEF2000EDEF800E0CDF81CE040F23C2ECB
:10E47000C2F2000EDEF800E0079800214FF0FF32F4
:10E480000B46EEFB020340F23022C2F20002536060
:10E4900010601068536840F2202EC2F2000EDEF8C1
:10E4A00000C00691194605926246069BCDF810E021
:10E4B000F1F788FE42F25832C2F200025160106059
:10E4C000059801684368D2F800C0D2F804E0049CC3
:10E4D0002568ACFB05C60EFB056EB1EB0C0163EBCA
:10E4E0000E0342F2603CC2F2000CCCF80010CCF8F3
:10E4F0000430116840F62C02C2F200021160DCF810
:10E500000000DCF8041040F22423C2F20003D3F828
:10E5100000E003927246DDF818E002937346CDF8EE
:10E5200004C0F1F74FFE03998880019802684368A0
:10E53000B1F804C0DDF808E0DEF800400CFB04FC94
:10E54000B2EB0C0263F1000342F2683CC2F2000C31
:10E55000CCF80020CCF80430DCF80000DCF8041023
:10E5600040F22822C2F200021268069BF1F72AFE4E
:10E570000399C88008B070BDB0B592B09C4696466D
:10E580000C46054611908DF843108DF842208DF809
:10E59000413043F23E60C2F200000421018043F2A8
:10E5A0003C61C2F2000108220A809DF84310119AD2
:10E5B00011739DF84210119A51739DF84110119AF0
:10E5C0009173119900220A749DF841100F9008462A
:10E5D000CDF838C0CDF834E00C940B9505F03FFC35
:10E5E00011994861119840699DF84110F1F734FE86
:10E5F0000F9801889DF8412001FB02F005F02FFCE7
:10E6000011998861119880690F990A889DF84130A5
:10E6100002FB03F1F1F720FE0F9801889DF84120DD
:10E6200001FB02F005F01BFC1199C8611198C0694B
:10E630000F990A889DF8413002FB03F1F1F70CFEB7
:10E640000F9801889DF8432001FB02F005F007FCBC
:10E65000119908621198006A0F990A889DF8433051
:10E6600002FB03F1F1F7F8FD9DF8410005F0F7FB1F
:10E67000119948621198406A9DF84110F1F7ECFD3C
:10E680000F9801889DF8432001FB02F005F0E7FB9D
:10E6900011990860119800680F990A889DF8433015
:10E6A00002FB03F1F1F7D8FD0F9801889DF8412096
:10E6B00001FB02F005F0D3FB119948601198406806
:10E6C0000F990A889DF8413002FB03F1F1F7C4FD70
:10E6D0000F9801889DF8422001FB02F005F0BFFB76
:10E6E00011998860119880680F990A889DF84230C6
:10E6F00002FB03F1F1F7B0FD0F9801889DF843206C
:10E7000001FB02F005F0ABFB1199C1F8E80011988C
:10E71000D0F8E8000F990A889DF8433002FB03F116
:10E72000F1F79AFD119800F13001027BD0F8E83042
:10E7300001200A90084611460A9A04F0D8FD0F9865
:10E7400001889DF8432001FB02F005F088FB119938
:10E75000C1F8EC001198D0F8EC000F990A889DF8E8
:10E76000433002FB03F1F1F777FD119800F1380116
:10E77000027BD0F8EC30084611460A9A04F0B7FD47
:10E780009DF84200002828D0FFE743F23E60C2F225
:10E79000000001889DF8422051430990084605F089
:10E7A0005EFB1199C1F8F0001198D0F8F0000999BA
:10E7B0000A889DF842E002FB0EF1F1F74DFD119839
:10E7C00000F14001427BD0F8F0300120089008466B
:10E7D0001146089A04F08BFDFFE743F23E60C2F257
:10E7E000000001889DF8412051430790084605F03C
:10E7F00036FB1199C1F8F4001198D0F8F40007998C
:10E800000A889DF841E002FB0EF1F1F725FD119811
:10E8100000F14801827BD0F8F430012006900846D0
:10E820001146069A04F063FD079801889DF843207D
:10E83000514301FB02F005F012FB1199C1F8F800F9
:10E840001198D0F8F80007990A889DF843305A4388
:10E8500002FB03F1F1F700FD119800F15001027B7A
:10E86000D0F8F8300846114604F041FD07980188B9
:10E870009DF84320514301FB02F005F0F0FA119995
:10E88000C1F8FC001198D0F8FC0007990A889DF89F
:10E8900043305A4302FB03F1F1F7DEFC119800F11B
:10E8A0005801027BD0F8FC300846114604F01FFDE9
:10E8B000079801889DF84320514301FB02F005F0C1
:10E8C000CEFA1199C1F80001079801889DF84320FC
:10E8D000514301FB02F005F0C2FA1199C1F804019D
:10E8E0001198D0F8000107990A889DF843305A43DF
:10E8F00002FB03F1F1F7B0FC1198D0F8040107997D
:10E900000A889DF843305A4302FB03F1F1F7A4FC57
:10E91000119800F16001027BD0F8003108461146E1
:10E9200004F0E5FC119800F16801027BD0F8043195
:10E930000846114604F0DBFC9DF8420000282FD069
:10E94000FFE743F23E60C2F2000001889DF84320D9
:10E9500051439DF8422051430590084605F07FFA47
:10E960001199C1F808011198D0F8080105990A8891
:10E970009DF843E002FB0EF29DF842E002FB0EF12F
:10E98000F1F76AFC119800F17001027B90F80DE03C
:10E99000D0F8083108461146724604F0A8FCFFE79B
:10E9A00043F23E60C2F2000001889DF841205143CD
:10E9B0009DF8432051430490084605F050FA119900
:10E9C000C1F80C01049801889DF8432051439DF83B
:10E9D000412001FB02F005F042FA1199C1F8100143
:10E9E0001198D0F80C0104990A889DF841E002FBC7
:10E9F0000EF29DF843E002FB0EF1F1F72DFC1198A9
:10EA0000D0F8100104990A889DF843E002FB0EF249
:10EA10009DF841E002FB0EF1F1F71EFC119800F1A8
:10EA20007801027B90F80EE0D0F80C310846714670
:10EA300004F05DFC119800F18001027B837BD0F82B
:10EA400010010390084611461A46039B04F04FFC40
:10EA5000049801889DF84320514301FB02F005F022
:10EA6000FEF91199C1F814011198D0F81401049914
:10EA70000A889DF843305A4302FB03F1F1F7ECFB9F
:10EA8000119800F18801027BD0F814310846114634
:10EA900004F02DFC049801889DF84120514301FBAE
:10EAA00002F005F0DCF91199C1F818011198D0F8BD
:10EAB000180104990A889DF841305A4302FB03F17A
:10EAC000F1F7CAFB119800F19001827BD0F8183160
:10EAD0000846114604F00BFC049801889DF8432079
:10EAE00051439DF8412001FB02F005F0B8F911995E
:10EAF000C1F81C011198D0F81C0104990A889DF8EE
:10EB000043305A439DF8413002FB03F1F1F7A4FB77
:10EB1000119800F19801027B837BD0F81C010290D0
:10EB2000084611461A46029B04F0E1FB049801884E
:10EB3000119A127B514301FB02F005F090F91199F3
:10EB4000C1F8200104980188119A127B514301FBFE
:10EB500002F005F084F91199C1F8240104980188A4
:10EB6000119A127B514301FB02F005F078F91199DB
:10EB7000C1F8280104980188119A127B01FB02F068
:10EB800005F06DF91199C1F82C0104980188119ACA
:10EB9000127B01FB02F005F062F91199C1F8300116
:10EBA000119800F1A001027BD0F8203108461146EF
:10EBB00004F09DFB119800F1A801027BD0F82431EC
:10EBC0000846114604F093FB119800F1B001027B56
:10EBD000D0F828310846114604F089FB119800F15D
:10EBE000B801027BD0F82C31012001900846114673
:10EBF000019A04F07CFB119800F1C001027BD0F86F
:10EC0000303108461146019A04F071FB1198002139
:10EC100080F82810119880F82910119880F82A108F
:10EC2000119880F82B10119880F82C1012B0B0BDFC
:10EC300080B588B001460790079890F82A00002810
:10EC4000069140F08C80FFE7079800F17801803052
:10EC500005900846059904F0BBFD079981F8C800A6
:10EC60000798B0F87810A0F8A8100798B0F85A10D4
:10EC7000A0F8AA10079800F1780100F1580E00F1F1
:10EC8000A8020846714604F0B1FC079981F8C80053
:10EC90000798B0F8A810A0F8B0100798B0F8821044
:10ECA000A0F8B210079800F1A80100F18002B0307E
:10ECB000049008461146049A04F098FC079981F8DC
:10ECC000C8000798B0F89010A0F8A0100798B0F806
:10ECD0009210A0F8A210079800F1B00100F1900284
:10ECE000A030039008461146039A04F0A3FA07994E
:10ECF00081F8C800079800F1A001B03002900846E2
:10ED0000029904F0F9FA079981F8C8000798B0F859
:10ED10005810A0F8A8100798B0F88210A0F8AA1010
:10ED2000079800F1580100F18002A83001900846D0
:10ED30001146019A04F05AFC079981F8C800079817
:10ED400000F1A80100F1B002983000900846114689
:10ED5000009A04F04BFC079981F8C800FFE708B05F
:10ED600080BD000080B588B00146079007980591E6
:10ED700000F0E0F80798D0F8CC00002805D0FFE7B5
:10ED80000798D0F8CC108847FFE7079800F06CFE92
:10ED90000798D0F8D000002805D0FFE70798D0F8F2
:10EDA000D0108847FFE7079800F00EFE0798D0F8CC
:10EDB000D400002805D0FFE70798D0F8D410884782
:10EDC000FFE70798007C002805D1FFE70798C07B84
:10EDD000002820D1FFE70798FFF72AFF0798D0F80F
:10EDE000D800002805D0FFE70798D0F8D81088474A
:10EDF000FFE7079800F084FD0798D0F8DC000028B2
:10EE000005D0FFE70798D0F8DC108847FFE70798A0
:10EE100000F0DAF928E00798D0F8E810D0F8EC20F4
:10EE200043F23E63C2F20003B3F800C0007B0CFB68
:10EE300000F0049008461146049A0393F1F7F3F9A1
:10EE40000798D0F8F810D0F8FC20039BB3F800C066
:10EE5000007B0CFB00FC0CFB00F002900846114606
:10EE6000029AF1F7E0F9FFE70798D0F8E0000028F0
:10EE700005D0FFE70798D0F8E0108847FFE70020AB
:10EE80008DF81B00FFE79DF81B000799097B88425E
:10EE900030DAFFE70798D0F8F8109DF81B20037BC5
:10EEA00012FB032301EB830191ED000A006A00EBE2
:10EEB000820090ED001AB4EEC10AF1EE10FA12DAF7
:10EEC000FFE70798016A9DF81B2001EB820191ED95
:10EED000000AD0F8F810007B12FB002001EB800044
:10EEE00080ED000AFFE7FFE79DF81B0001308DF879
:10EEF0001B00C8E707980168D0F8E82043F23E639A
:10EF0000C2F200031B88007B58430190084611465B
:10EF1000019AF1F788F90798D0F8E400002805D0A5
:10EF2000FFE70798D0F8E4108847FFE707980068E4
:10EF300008B080BD80B586B0014605900598C07BBD
:10EF40000028049104D0FFE7059800F05FFE1FE061
:10EF50000598D0F8F410426843F23E63C2F2000311
:10EF6000B3F800C0807B0CFB00F00390084611460C
:10EF7000039A0293F1F757F905984168029A1388AA
:10EF8000807B5843019008460199F1F765F9FFE746
:10EF90000598D0F8F010826843F23E63C2F2000395
:10EFA0001B88407B5843009008461146009AF1F7B1
:10EFB0003AF906B080BD000080B582B043F23860F7
:10EFC000C2F200000168013101600068B0F5FA6F1B
:10EFD00007D9FFE743F24060C2F20000012101704F
:10EFE000FFE743F24060C2F200000078C00700284B
:10EFF00023D0FFE743F23820C2F20000019003F073
:10F0000081FB019803F04EFA43F24860C2F200001F
:10F0100080ED000A019803F04FFA43F24460C2F217
:10F02000000080ED000A019803F032FA43F24C60D0
:10F03000C2F2000080ED000AFFE702B080BD0000D0
:10F0400080B590B00146B0EE423AB0EE614AB0EE03
:10F05000415AB0EE606AB0EE407A8DED0F0ACDED08
:10F060000E0A8DED0D1ACDED0C1A8DED0B2A0A90BE
:10F070000A98012202709DED0F0A0A9880ED6C0A31
:10F080009DED0E0A0A9880ED6D0A9DED0D0A0A9815
:10F0900080ED6E0A0A984CF67742C3F22B22C0F834
:10F0A000CC210A98002280F838210A98C0F844211F
:10F0B000C0F840210A98C0F84C21C0F848219DEDC5
:10F0C0000C0AB7EE001AB4EEC10AF1EE10FA09917B
:10F0D0008DED083A8DED074A8DED065A8DED056AE6
:10F0E0008DED047A04DDFFE74FF07E500C90FFE7D2
:10F0F0009DED0C0A0A9880ED740A9DED0B0A0A98A2
:10F1000080ED640A0A98043006210022032303924A
:10F11000FFF732FA0A9800F5E07100F5E473012078
:10F12000029008460299029A04F0E1F80A98D0F891
:10F13000EC004FF07E5101600A98D0F8EC00039982
:10F1400041600A98D0F8EC0081600A98D0F8EC0091
:10F15000C1600A984FF65172C0F60002C0F8D02084
:10F160000A9840F29162C0F60102C0F8D4200A98D1
:10F170004FF6D152C0F60002C0F8D8200A984FF6D8
:10F18000A972C0F60002C0F8DC200A98029A80F842
:10F190002E200A9880F82F200A98D0F8040143F610
:10F1A0001C71C0F6010190231A460193F1F73BF858
:10F1B0000A98D0F8FC0040F23401C2F20001019A32
:10F1C000F1F731F810B080BD80B586B001460590EA
:10F1D000059890F82C000028049142D1FFE705988B
:10F1E000B0F89810A0F8A8100598B0F87A10A0F818
:10F1F000AA100598B0F8A810A0F8B0100598B0F8BB
:10F200005A10A0F8B210059800F1980100F17802A8
:10F21000A830039008461146039A04F0E7F90599CF
:10F2200081F8C800059800F1A80100F15802B0303B
:10F23000029008461146029A04F0D8F9059981F81F
:10F24000C800059800F1580100F1B002503001905B
:10F2500008461146019A04F05DFA059981F8C80044
:10F26000FFE706B080BD000080B598B011A9024646
:10F27000B0EE434AB0EE625AB0EE426AB0EE617A46
:10F28000F0EE413AF0EE604AF0EE405A81ED060AA7
:10F29000C1ED050A81ED041AC1ED031A81ED022AC0
:10F2A000C1ED012A81ED003A1090109800780028F5
:10F2B0000E910D928DED0C4A8DED0B5A8DED0A6A73
:10F2C0008DED097ACDED083ACDED074ACDED065A20
:10F2D0000ED1FFE71098B2EE040ADFEDDA0A9FEDD7
:10F2E000DA1AF7EE001A9FEDD92AFFF7A9FEFFE719
:10F2F0000E9890ED000A109981ED6F0A90ED060AC4
:10F30000109991ED581A30EE410A81ED5B0A90EDAB
:10F31000050A109991ED591A30EE410A81ED5C0A07
:10F3200090ED040A109991ED5A1A30EE410A81EDE0
:10F330005D0A109991ED5B0AB6EE001A20EE010A03
:10F3400090ED002A20EE020A42F27431C2F200016E
:10F3500081ED000A109A92ED5C0A20EE010A90ED10
:10F36000002A20EE020A42F27832C2F2000282ED56
:10F37000000A109B93ED5D0A20EE010A90ED001A41
:10F3800020EE010A42F27C33C2F2000383ED000A50
:10F39000DDF840C0DCF8040143F61C7CC0F6010C2B
:10F3A0004FF0900E05916146049272460393F0F778
:10F3B0003AFF059890ED000AB1EE400A1099D1F895
:10F3C000041181ED010A049991ED000AB1EE400AA1
:10F3D000109AD2F8042182ED020A039A92ED000AF3
:10F3E000B1EE400A109BD3F8043183ED030A90ED8F
:10F3F000000A109BD3F8043183ED060A92ED000A4F
:10F40000109BD3F8043183ED080A91ED000AB1EEA8
:10F41000400A109BD3F8043183ED090A91ED000AEC
:10F42000109BD3F8043183ED0C0A92ED000AB1EE83
:10F43000400A109BD3F8043183ED0D0A90ED000AC9
:10F44000109BD3F8043183ED0F0A92ED000A109B54
:10F45000D3F8043183ED120A91ED000A109BD3F822
:10F46000043183ED130A90ED000AB1EE400A109BBF
:10F47000D3F8043183ED140A109BD3F848C1D3F8B4
:10F480004C3143EA0C03002B11D1FFE70E9890EDAD
:10F49000030A109981ED5E0A90ED020A109981ED40
:10F4A0005F0A90ED010A109981ED600AFFE710985C
:10F4B00090ED5E0A90ED641A90ED6F2A20EE010A3D
:10F4C00032EE011A80EE010A0E9991ED033A23EE15
:10F4D000022A82EE011A30EE010A80ED5E0A1098CF
:10F4E00090ED5F0A90ED641A90ED6F2A20EE010A0C
:10F4F00032EE011A80EE010A91ED023A23EE022A61
:10F5000082EE011A30EE010A80ED5F0A109890ED4C
:10F51000600A90ED641A90ED6F2A20EE010A32EE37
:10F52000011A80EE010A91ED013A23EE022A82EEE1
:10F53000011A30EE010A80ED600A109890ED5E0A23
:10F5400090ED5F1A90ED602A21EE011A00EE001A8C
:10F5500002EE021AB0EE410A01F0D2F942F2703026
:10F56000C2F2000080ED000A00208DF83F00FFE7A6
:10F570009DF83F0002281BDCFFE710989DF83F1024
:10F5800000EB810292ED5E0A42F27032C2F200029A
:10F5900092ED001A20EE010A806800EB810080EDF8
:10F5A000000AFFE79DF83F0001308DF83F00DFE7DC
:10F5B000109890ED5B0A90ED5C1A90ED5D2A21EEBB
:10F5C000011A00EE001A02EE021AB0EE410A01F032
:10F5D00097F9B7EE001A81EE000A109880ED650ADF
:10F5E00042F27030C2F2000090ED000A81EE000A93
:10F5F000109880ED660A109890ED650A9FEDB91A93
:10F60000B4EEC10AF1EE10FA22DAFFE7109890ED9D
:10F61000660A9FEDB51AB4EEC10AF1EE10FA17DDD5
:10F62000FFE7109890ED660A9FEDB01AB4EEC10A9C
:10F63000F1EE10FA0CDAFFE71098012180F8391189
:10F640000BE000BF6F12833A8096184B0000000059
:10F650001098002180F83911FFE7109890ED6C0A9E
:10F6600090ED6F1A20EE010AD0F8180180ED000A23
:10F67000109890ED6C0A90ED6F1A20EE010AD0F808
:10F68000180180ED070A109890ED6C0A90ED6F1A42
:10F6900020EE010AD0F8180180ED0E0A109890EDC6
:10F6A0006C0A90ED6F1A20EE010AD0F8180180ED77
:10F6B000150A109890ED6D0A90ED6F1A20EE010A70
:10F6C000D0F8180180ED1C0A109890ED6D0A90EDAD
:10F6D0006F1A20EE010AD0F8180180ED230A109865
:10F6E00090ED6E0AD0F81C0180ED000A109890EDA4
:10F6F0006E0AD0F81C0180ED040A109890ED6E0A95
:10F70000D0F81C0180ED080A10980430FFF72AFB9E
:10F71000DDF840E0DEF8041091ED000A8EED540AA9
:10F720001099D1F804E09EED010A81ED550A109977
:10F73000D1F804E09EED020A81ED560A1099D1F845
:10F7400004E09EED030A81ED570A1099D1F804E018
:10F750009EED040A81ED580A1099D1F804E09EED5F
:10F76000050A81ED590A40F2C411C2F2000191ED7F
:10F77000000A109981ED5A0A109991ED540A91ED01
:10F78000551A91ED562A91ED573A21EE022A00EED4
:10F79000032A32EE022A21EE011A00EE001A31EE9F
:10F7A000010AB7EE001A70EE410AB0EE420A02906A
:10F7B0008DED011A04F00EFA9FED4D1A20EE010AAC
:10F7C000109880ED6A0A109890ED540A90ED552A31
:10F7D00090ED563AD0ED570A23EE203A00EE023A69
:10F7E00033EE032A20EEA03A00EE003A33EE030A8D
:10F7F0009DED013A70EE430AB0EE420A8DED001A1B
:10F8000004F0E8F99DED001A20EE010A109880ED51
:10F81000690A109890ED540A90ED552A90ED563AE9
:10F82000D0ED570A22EE202A00EE432AB8EE000A55
:10F8300022EE000A04F038F99DED001A20EE010ACC
:10F84000109880ED680A109890ED6A0A90ED762A7B
:10F8500030EE420A9FED272AB4EEC20AF1EE10FA0A
:10F8600007DDFFE71098B0F8D4110139A0F8D411E2
:10F8700016E0109890ED6A0A90ED761A30EE410A83
:10F880009FED1D1AB4EEC10AF1EE10FA07DAFFE798
:10F890001098B0F8D4110131A0F8D411FFE7FFE7B8
:10F8A0001098B0F9D41100EE101AB8EEC00A90ED1D
:10F8B0006A1A9FED122A00EE021A80ED6B1A109858
:10F8C00090ED6A0A80ED760A1098D0F84811D0F8C9
:10F8D0004C21013142F10002C0F84811C0F84C211E
:10F8E00018B080BD9A99993ECDCC1441CDCC24411D
:10F8F000E12E654200003443000034C30000B443ED
:10F9000080B588B001460790079890F82B00002832
:10F91000069157D1FFE70798B0F87810A0F8B81013
:10F9200007980121A0F8BA10079800F1780200F1B9
:10F930003803B8300590104604911946059A03F033
:10F9400055FE079981F8C8000798B0F84810A0F84C
:10F95000C01007980499A0F8C210079800F1480257
:10F9600000F1B801C03003901046039A03F0D2FEB4
:10F97000079981F8C8000798B0F89810A0F8B81057
:10F9800007980499A0F8BA10079800F1980200F1BE
:10F99000C001B83002901046029A03F027FE079982
:10F9A00081F8C800079800F1380100F1B802303042
:10F9B000019008461146019A03F03CFC079981F832
:10F9C000C800FFE708B080BD80B586B0014605904D
:10F9D000059890F829000028049143D1FFE7059885
:10F9E00000F16001683003900846039903F0F0FECF
:10F9F000059981F8C800059800F1600100F1500EEA
:10FA000000F158020846714603F0F0FD059981F8AF
:10FA1000C8000598B0F85810A0F8A8100598B0F8DC
:10FA20006A10A0F8AA10059800F1580100F16802C8
:10FA3000A830029008461146029A03F0D7FD0599B6
:10FA400081F8C800059800F1A80100F1880258303B
:10FA5000019008461146019A03F0ECFB059981F8E4
:10FA6000C800FFE706B080BD80B588B001460790AA
:10FA7000079890F828000028069154D1FFE70798CE
:10FA8000407B01283EDBFFE70798017BA0F8B81018
:10FA900007980121A0F8BA10079800F1600200F160
:10FAA0003003B8300590104604911946059A03F0CA
:10FAB0009DFD079981F8C8000798017BA0F8C01048
:10FAC00007980499A0F8C210079800F1700200F19D
:10FAD0004001C03003901046039A03F087FD079958
:10FAE00081F8C800079800F1B80100F1C002383071
:10FAF000029008461146029A03F09CFB079981F890
:10FB0000C8000FE0079800F1600100F130023830C2
:10FB1000019008461146019A03F068FD079981F8A3
:10FB2000C800FFE7FFE708B080BD000083B0B0EE7B
:10FB3000401A8DED020A9DED020AB5EEC00AF1EE03
:10FB400010FA8DED011A05DDFFE79DED020A8DED3E
:10FB5000000A06E09DED020AB1EE400A8DED000AB2
:10FB6000FFE79DED000A03B07047000084B0B0EEDF
:10FB7000401A8DED030A41F20400CEF20000006845
:10FB80000290039801908DED001AFFE741F2040006
:10FB9000CEF2000000680299401A00EE100AB8EE9A
:10FBA000400A9DED011A40F22020C2F2000090EDC3
:10FBB000002AB8EE422A21EE021AB4EEC10AF1EE92
:10FBC00010FA01DAFFE7E1E704B0704781B041F2D3
:10FBD0000400CEF2000000680090009840F2382146
:10FBE000C2F200010968884208D2FFE740F23C20D7
:10FBF000C2F20000016801310160FFE7009840F2A5
:10FC00003821C2F20001086001B0704710B58AB017
:10FC1000014609900998002202740998D0F8F4303E
:10FC2000D0F804C043F23E6EC2F2000EBEF80040AF
:10FC3000807B60430790184606916146079B0592BA
:10FC40001A46CDF810E0F0F7EEFA09984168049AE8
:10FC50001388807B5843039008460399F0F7FCFA19
:10FC60000998D0F81811049A1388807B43435843AD
:10FC7000029008460299F0F7EFFA0998D0F80C11B3
:10FC8000049A138890F80CC0807B03FB0CF3584354
:10FC9000019008460199F0F7DFFA05988DF82300E6
:10FCA000FFE79DF823000999897B884244DAFFE742
:10FCB0000998D0F8F4009DF8231000EB810090ED36
:10FCC000000AB5EE400AF1EE10FA2ED0FFE70998CF
:10FCD000D0F8F4109DF8232001EB820292ED000A87
:10FCE000007C01EB800080ED000A9DF8230009995B
:10FCF0004A6A097C5054099881699DF8232001EBD8
:10FD0000820191ED000AD0F80C11037B90F810C02D
:10FD10004069805C13FB0C0001EB800000ED010AE0
:10FD20000998017C01310174FFE7FFE79DF823008A
:10FD300001308DF82300B4E700208DF82200FFE7A2
:10FD40009DF822000999097C88421ADAFFE7099890
:10FD5000C169426A9DF82230D25C01EB820191EDCB
:10FD6000000AD0F81811007C13FB003001EB800072
:10FD700080ED000AFFE79DF8220001308DF8220097
:10FD8000DEE70998017CA0F878100998017BA0F8BB
:10FD90007A100998017BA0F880100998017CA0F8DE
:10FDA00082100998017CA0F890100998017CA0F8B5
:10FDB00092100998017BA0F898100998017CA0F88E
:10FDC0009A100998017CA0F848100AB010BD0000F4
:10FDD00070B586B0014605900598D0F8EC0090ED1E
:10FDE000000A30EE000A42F28030C2F2000080EDDC
:10FDF000000A059AD2F8EC2092ED010A30EE000AD2
:10FE000042F28432C2F2000282ED000A059BD3F86E
:10FE1000EC3093ED020A30EE000A42F28833C2F26F
:10FE2000000383ED000ADDF814C0DCF8ECC09CEDA3
:10FE3000030A30EE000A42F28C3CC2F2000C8CED58
:10FE4000000ADDF814E0DEF80C4143F23E65C2F230
:10FE500000052D889EF80C609EF80EE005FB0EFE56
:10FE60000EFB06FE04902046039171460293CDF8E6
:10FE700004C00092F0F7F0F9029890ED000AB1EE9C
:10FE8000400A0599D1F80C1181ED000A019991ED14
:10FE9000000A059AD2F80C2182ED010A049A92ED2B
:10FEA000000AB1EE400A059BD3F80C3183ED020A3B
:10FEB000009B93ED000ADDF814C0DCF80CC18CED5A
:10FEC000030A93ED000ADDF814C0DCF80CC18CEDD8
:10FED000060A92ED000ADDF814C0DCF80CC18CEDC6
:10FEE000070A91ED000ADDF814C0DCF80CC18CEDB6
:10FEF000080A90ED000ADDF814C0DCF80CC18CEDA6
:10FF0000090A92ED000ADDF814C0DCF80CC18CED92
:10FF10000C0A93ED000AB1EE400ADDF814C0DCF8DB
:10FF20000CC18CED0D0A90ED000AB1EE400ADDF82F
:10FF300014C0DCF80CC18CED0E0A91ED000ADDF85E
:10FF400014C0DCF80CC18CED0F0A06B070BD0000C7
:10FF500080B584B0014603900398D0F8F80040F2D1
:10FF60003402C2F20002902302901046029A0191DC
:10FF700011461A46F0F757F90398D0F81C1140F2D1
:10FF8000C820C2F2000048220092F0F74CF9039812
:10FF9000D0F80C1140F28020C2F20000009AF0F775
:10FFA00042F904B080BD000080B598B001461790BA
:10FFB000179800F17802803014901046149A13912B
:10FFC000114603F005FC179981F8C8001798B0F89E
:10FFD0007810A0F8A8101798B0F85A10A0F8AA1036
:10FFE000179800F1780100F15802A83012900846E5
:10FFF0001146129A03F0FAFA179981F8C800179877
:020000040801F1
:10000000B0F8A810A0F8B0101798B0F88210A0F8B7
:10001000B210179800F1A80100F18002B0301190E1
:1000200008461146119A03F0E1FA179981F8C800C1
:100030001798B0F89010A0F8A0101798B0F8921088
:10004000A0F8A210179800F1B00100F19002A030C2
:10005000109008461146109A03F0ECF8179981F8B1
:10006000C800179800F1A001B0300F9008460F9912
:1000700003F042F9179981F8C8001798D0F8EC00FE
:1000800090ED000A42F29030C2F2000080ED000ACA
:100090001799D1F8EC1091ED010A42F29431C2F2B5
:1000A000000181ED000A179AD2F8EC2092ED020AC5
:1000B00042F29832C2F2000282ED000ADDF85CE002
:1000C000DEF8ECE09EED030A42F29C3EC2F2000E26
:1000D0008EED000A179BB3F878C0A3F8B8C0179B41
:1000E0004FF0010CA3F8BAC091ED000A9EED001A82
:1000F00020EE010A90ED001A92ED002A01EE420A6C
:1001000030EE000A179BD3F82C3183ED000A90EDF6
:10011000000A91ED001A92ED002A9EED003A22EEBF
:10012000032A00EE012A32EE020A179BD3F82C3183
:1001300083ED010A90ED000A20EE000A91ED001A0D
:1001400001EE410A92ED001A01EE410A9EED001AFD
:1001500001EE010A1798D0F82C0180ED020A002068
:100160008DF85B00FFE79DF85B0002281EDCFFE7CF
:100170001798D0F82C019DF85B1000EB810090EDF2
:10018000000AB0EEC00A03F003FC9DF85B0040F2E9
:100190001031C2F2000101EB800080ED610AFFE73F
:1001A0009DF85B0001308DF85B00DCE71798B0F834
:1001B0004810A0F8C01017980121A0F8C210179895
:1001C00000F1480200F1B803C0300E9010460D91C6
:1001D00019460E9A03F09EFA179981F8C8001798ED
:1001E000B0F8C010A0F8A81017980D99A0F8AA10A0
:1001F000179800F1B00200F1C001A8300C90104631
:100200000C9A03F0F3F9179981F8C80017980D9923
:10021000A0F8B8101798B0F8C020A0F8BA20179826
:1002200000F1C00200F1B801104603F0D1FA1799AD
:1002300081F8C800179800F1B801A83040F21032D8
:10024000C2F2000202F5E0730B9008460B990A9285
:100250001A4603F0CBF9179981F8C8000A9890ED77
:10026000720A90ED731AB6EE002A21EE021AB4EE6D
:10027000C10AF1EE10FA08DAFFE740F21030C2F2DC
:100280000000012180F83811FFE740F21030C2F27F
:10029000000090ED720A90ED731AB4EEC10AF1EE0F
:1002A00010FA74DDFFE740F21030C2F2000090F85F
:1002B000380100286BD0FFE740F21030C2F2000096
:1002C00090F83901002810D0FFE740F21030C2F258
:1002D0000000D0F84011D0F84421013142F1000271
:1002E000C0F84011C0F8442109E040F21030C2F2D9
:1002F00000000021C0F84411C0F84011FFE740F2AF
:100300001030C2F20000D0F84011D0F84401333967
:1003100070F10000099108900BD3FFE740F2103014
:10032000C2F20000002180F83811179880F82C10D4
:100330002CE01798D0F8E810D0F8EC2043F23E6398
:10034000C2F20003B3F800C0007B0CFB00F0079082
:1003500008461146079A0693EFF765FF1798D0F8FD
:10036000F810D0F8FC20069BB3F800C0007B0CFB13
:1003700000FC0CFB00F0059008461146059AEFF7CB
:1003800052FF1798012180F82C1074E143E040F2ED
:100390001030C2F2000090ED720A90ED731A9FEDDA
:1003A000B72A21EE021AB4EEC10AF1EE10FA1CDDF2
:1003B000FFE740F21030C2F2000090F83801002848
:1003C00013D0FFE740F21030C2F2000090ED720A45
:1003D00090ED731A31EE400A9FEDA92A21EE021A20
:1003E00080EE010A80ED670A08E040F21030C2F2A8
:1003F00000004FF07E51C0F89C11FFE740F2103032
:10040000C2F200000021C0F84411C0F84011179852
:1004100080F82C10FFE71798B0F85810A0F8A81033
:100420001798B0F88210A0F8AA10179800F1580198
:1004300000F18002A830049008461146049A03F0A7
:10044000D5F8179981F8C800179800F1A80100F1B4
:10045000B0029830039008461146039A03F0C6F89C
:10046000179981F8C80000208DF85A00FFE79DF821
:100470005A001799B1F89820B1F89A105143884260
:100480001ADAFFE740F21030C2F2000090ED670A7E
:100490001798D0F81C019DF85A1000EB810090EDE0
:1004A000001A21EE000A80ED000AFFE79DF85A00CD
:1004B00001308DF85A00DAE704208DF85900FFE783
:1004C0009DF85900052835DCFFE700208DF858001D
:1004D000FFE79DF85800022825DCFFE79DF859004A
:1004E00040F21031C2F2000101EB800191ED5D0A92
:1004F0009FED661A80EE010A1799D1F81C1100EBE6
:1005000040009DF85820104401EB800090ED001A47
:1005100021EE000A80ED000AFFE79DF85800013047
:100520008DF85800D5E7FFE79DF8590001308DF8A8
:100530005900C5E71798B0F89810A0F8B8101798A8
:100540000121A0F8BA10179800F1980100F1C0023B
:10055000B830029008461146029A03F047F81799FE
:1005600081F8C80040F21030C2F2000090F8380163
:1005700000286BD0FFE704208DF85700FFE79DF8B7
:100580005700052861DCFFE71798D0F8BC009DF8FC
:10059000571000EB810090ED000A40F21030C2F2DB
:1005A000000090ED6F1A9FED372A21EE021AB4EE8B
:1005B000C10AF1EE10FA14DDFFE740F21030C2F28A
:1005C000000090ED6F0A9FED2F1A20EE010A179898
:1005D000D0F8BC009DF8571000EB810080ED000AB8
:1005E000FFE71798D0F8BC009DF8571000EB81008A
:1005F00090ED000A40F21030C2F2000090ED6F1A48
:100600009FED212A21EE021AB4EEC10AF1EE10FA92
:1006100014DAFFE740F21030C2F2000090ED6F0AEA
:100620009FED191A20EE010A1798D0F8BC009DF82A
:10063000571000EB810080ED000AFFE7FFE79DF80F
:10064000570001308DF8570099E7FFE71798D0F869
:10065000BC000021C160179800F1380100F1B80218
:100660003030019008461146019A02F0E3FD1799D7
:1006700081F8C800FFE718B080BD00BFCDCCCC3DED
:100680006666663F0AD7233C0AD723BCDA0FC93F08
:1006900080B584B0014603900398D0F8EC0090ED4B
:1006A000000A42F2A030C2F2000080ED000A039A74
:1006B000D2F8EC2092ED010A42F2A432C2F200021A
:1006C00082ED000A039BD3F8EC3093ED020A42F26C
:1006D000A833C2F2000383ED000ADDF80CC0DCF899
:1006E000ECC09CED030A42F2AC3CC2F2000C8CED73
:1006F000000A90ED000A92ED001A21EE011A00EEB8
:10070000001A93ED000A00EE001A9CED000A00EEBC
:10071000001AB0EE410A019100F0F2F842F2B03056
:10072000C2F2000080ED000A00208DF80B00FFE708
:100730009DF80B0003281ADCFFE742F2B030C2F24A
:10074000000090ED000A0398D0F8EC009DF80B1023
:1007500000EB810090ED001A21EE000A80ED000A06
:10076000FFE79DF80B0001308DF80B00E0E742F247
:10077000A430C2F2000090ED000A40F21031C2F243
:10078000000191ED6F1A20EE010AB0EE001A80EE22
:10079000010A039AD2F8002182ED040A42F2A8323B
:1007A000C2F2000292ED000A91ED6F2A20EE020AD9
:1007B00080EE010A039BD3F8003183ED050A42F273
:1007C000A033C2F2000393ED000A91ED6F2A20EEF0
:1007D000420A80EE010ADDF80CC0DCF800C18CEDA5
:1007E0000A0A42F2AC3CC2F2000C9CED000A91ED08
:1007F0006F2A20EE020A80EE010ADDF80CE0DEF836
:1008000000E18EED0B0A9CED000A91ED6F2A20EEBF
:10081000420A80EE010ADDF80CC0DCF800C18CED64
:10082000100A93ED000A91ED6F2A20EE420A80EE45
:10083000010A039BD3F8003183ED110A92ED000AFF
:1008400091ED6F2A20EE020A80EE010A039AD2F897
:10085000002182ED160A90ED000A91ED6F2A20EE3C
:10086000420A80EE010A0398D0F8000180ED170AD1
:1008700091ED740A0398D0F8F80090ED1C1A81EEFF
:10088000000A80ED1C0A91ED740A0398D0F8F80074
:1008900090ED231A81EE000A80ED230A0398D0F828
:1008A000F80090ED1C0A9FED151AB4EEC10AF1EEA6
:1008B00010FA09DDFFE70398D0F8F80044F20001D0
:1008C000C4F21C610167FFE70398D0F8F80090EDCF
:1008D000230A9FED0A1AB4EEC10AF1EE10FA0ADDFE
:1008E000FFE70398D0F8F80044F20001C4F21C615D
:1008F000C0F88C10FFE704B080BD00BF00401C466C
:1009000085B0B0EE401A8DED040A9DED040AB6EEF6
:10091000002A20EE020A8DED030A04980290029844
:100920000190019845F68621C5F63771A1EB60006C
:100930000190019802909DED020A9DED032A22EE9E
:10094000002AB7EE083A02EE403A20EE030A8DED97
:10095000020A9DED020A8DED001A05B070470000F5
:1009600084B001460390039840F2C402C2F2000230
:1009700013684DF6836CC4F21B3CA3FB0C3C4FEA9E
:100980009C4C80F806C0126844F6D35CC1F2620C3D
:10099000A2FB0C2C4FEA9C1CC0F808C002910192EB
:1009A000009304B07047000080B586B00A46034645
:1009B00005900491059803900292019300F0E8FEDF
:1009C000002806D0FFE70398017941F0800101710A
:1009D0000AE0039800F02CFADDF80CE09EF8041011
:1009E00008438EF80400FFE7039800F01BFE002880
:1009F00006D0FFE70398017941F0400101710AE058
:100A0000039800F071F9DDF80CE09EF8041008433B
:100A10008EF80400FFE703984179002905D0FFE72D
:100A20000499039800F0A8FA22E0049843F6AC0178
:100A3000C3F622314162049841F2B061C3F6CE118F
:100A400081620498C162049841F23F61C4F21B11B3
:100A50000163049890ED0C0A9FED071A81EE000ADD
:100A600080ED080A04980021C4F220218161FFE78B
:100A70000398007906B080BDC3F51C4180B588B0ED
:100A80000A46034607900691079842F2B631C2F231
:100A900000014FF0120C4FF0060E059004916146D4
:100AA000DDF810C0039262460293734601F04AF8E3
:100AB00004980178427841EA022142F2B432C2F24B
:100AC00000021180B2F9001000EE101AB8EEC00A50
:100AD00040F20C01C2F2000191ED001A20EE010A71
:100AE000069B83ED000A837890F803C043EA0C2349
:100AF0001380B2F9003000EE103AB8EEC00A91ED62
:100B0000001A20EE010A069B83ED010A037990F892
:100B100005C043EA0C231380B2F9002000EE102A2E
:100B2000B8EEC00A91ED001A20EE010A069981ED97
:100B3000020A002108230598049A00F0BFFF0498D8
:100B400001780F2940F09580FFE705984179002949
:100B50004AD0FFE742F2B630C2F200008178C27894
:100B600041EA022142F2B432C2F200021180B2F92B
:100B7000001000EE101AB8EEC00A40F21001C2F2E6
:100B8000000191ED001A069B93ED092A10EE012A4F
:100B900083ED032A037990F805C043EA0C23138000
:100BA000B2F9003000EE103AB8EEC00A91ED001A2A
:100BB000069B93ED0A2A10EE012A83ED042A83791D
:100BC000C07943EA00201080B2F9000000EE100A5C
:100BD000B8EEC00A91ED001A069890ED0B2A10EEBF
:100BE000012A80ED052A43E042F2B630C2F200004D
:100BF0008178C27841EA022142F2B432C2F20002A4
:100C00001180B2F9001000EE101AB8EEC00A40F2DE
:100C10001001C2F2000191ED001A20EE010A069BBC
:100C200083ED030A037990F805C043EA0C2313808F
:100C3000B2F9003000EE103AB8EEC00A91ED001A99
:100C400020EE010A069B83ED040A8379C07943EA0A
:100C500000201080B2F9000000EE100AB8EEC00AC1
:100C600091ED001A20EE010A069880ED050AFFE7D3
:100C7000FFE742F2B630C2F2000022210223059AB9
:100C800001901046019A00F05DFF019801784278CA
:100C9000C90041EA521142F2B432C2F2000211809C
:100CA000B2F90010B1F5806F09DBFFE742F2B43012
:100CB000C2F200000188A1F500610180FFE742F265
:100CC000B430C2F20000B0F9000000EE100AB8EE35
:100CD000C00AB4EE001AB3EE072A00EE012A069805
:100CE00080ED072A08B080BD80B58CB001460A901F
:100CF0000A9800228DF827208DF826200DF1260372
:100D000008900791114606921A46059300F064FF79
:100D10009620089904900846049901F0D3F80898A1
:100D20000699059A00F058FF0898049901F0CAF84E
:100D30001421B622089800F0B5FF5021089801F060
:100D400073F808980699059A00F046FF08980499E8
:100D500001F0B8F808980699059A00F03DFF089848
:100D6000049901F0AFF89DF826000F2804D0FFE7A2
:100D7000FF208DF82F0056E000208DF82700FFE7B8
:100D80009DF8270005284ADCFFE79DF8270000EBC7
:100D9000400040F29611C2F200010A18085C527835
:100DA000089B03901846DDF80CC00291614600F0E4
:100DB00079FF9620089901900846019901F082F880
:100DC0009DF8270000EB40000299095C0DF1260216
:100DD000089800F001FF0898019901F073F89DF858
:100DE00026009DF8271001EB4101029A1144497831
:100DF00088420DD0FFE79DF8270000EB400040F24D
:100E00009611C2F20001084480788DF82F000AE0A4
:100E1000FFE79DF8270001308DF82700B0E700209C
:100E20008DF82F00FFE79DF82F000CB080BD00006B
:100E300080B58CB001460A900A9800228DF82720D0
:100E40008DF826200DF12703089007911146069290
:100E50001A46059300F0F0FE962008990490084683
:100E6000049901F02FF808980699059A00F0E4FE1D
:100E70000898049901F026F87E21B622089800F01F
:100E800041FF5021089800F0CFFF08980699059A75
:100E900000F0D2FE0898049901F014F80898069919
:100EA000059A00F0C9FE0898049901F00BF89DF826
:100EB00027001E2804D0FFE7FF208DF82F0056E002
:100EC00000208DF82600FFE79DF8260005284ADC63
:100ED000FFE79DF8260000EB400040F2A811C2F2A7
:100EE00000010A18085C5278089B03901846DDF848
:100EF0000CC00291614600F005FF96200899019010
:100F00000846019900F0DEFF9DF8260000EB400046
:100F10000299095C0DF12702089800F08DFE0898EF
:100F2000019900F0CFFF9DF827009DF8261001EBF6
:100F30004101029A1144497888420DD0FFE79DF89B
:100F4000260000EB400040F2A811C2F20001084464
:100F500080788DF82F000AE0FFE79DF82600013029
:100F60008DF82600B0E700208DF82F00FFE79DF8F0
:100F70002F000CB080BD000080B596B008AA0B46CB
:100F800084461590149115980021139112910592A1
:100F90000493CDF80CC00290FDF732FA42F2C03053
:100FA000C2F2000080ED000AFFE7FDF729FA42F2E5
:100FB000C03EC2F2000E9EED001A30EE410AB2EEC3
:100FC000041AB4EEC10AF1EE10FA1ADDFFE7149824
:100FD00043F6AC01C3F622314162149841F2B0618C
:100FE000C3F6CE1181621498C162149841F23F6138
:100FF000C4F21B11016314980021C4F22021816105
:10100000FAE29FEDEA0AFEF7B1FDDDF850E00020BC
:10101000CEF83000DDF850E0CEF82400DDF850E0E6
:10102000CEF82800DDF850E0CEF82C00ADF81E0018
:10103000FFE7BDF81E0040F2BA11C2F200010988B4
:10104000884280F2EB81FFE7122112A80623029A60
:1010500001901046019A00F075FD9DF848009DF83A
:10106000491040EA0120ADF84600BDF9460000EE07
:10107000100AB8EEC00A40F20C00C2F2000090ED77
:10108000001A20EE010A149981ED000A9DF84A1019
:101090009DF84B2041EA0221ADF84610BDF94610FB
:1010A00000EE101AB8EEC00A90ED001A20EE010A08
:1010B000149981ED010A9DF84C109DF84D2041EAEC
:1010C0000221ADF84610BDF9461000EE101AB8EE38
:1010D000C00A90ED001A20EE010A149880ED020A71
:1010E000149890ED000A90ED011A90ED022A21EE7D
:1010F000011A00EE001A02EE021AB0EE410A02F0E6
:1011000091FE059880ED020A90ED020A149991ED86
:101110000C1A31EE000A81ED0C0A00210823029816
:10112000019A00F0CBFC9DF848000F285FD1FFE743
:101130009DF84A009DF84B1040EA0120ADF84600AA
:10114000BDF9460000EE100AB8EEC00A40F21000E9
:10115000C2F2000090ED001A20EE010A149981ED10
:10116000030A149991ED030A91ED091A31EE000A70
:1011700081ED090A9DF84C109DF84D2041EA0221AD
:10118000ADF84610BDF9461000EE101AB8EEC00AD0
:1011900090ED001A20EE010A149981ED040A1499C9
:1011A00091ED040A91ED0A1A31EE000A81ED0A0A66
:1011B0009DF84E109DF84F2041EA0221ADF84610EF
:1011C000BDF9461000EE101AB8EEC00A90ED001AF4
:1011D00020EE010A149880ED050A149890ED050A96
:1011E00090ED0B1A31EE000A80ED0B0AFFE7BDF817
:1011F0001E0000282DD1FFE70A9809900A98089050
:1012000000208DF81D00FFE79DF81D0002281FDC5F
:10121000FFE714989DF81D1000EB810090ED030A84
:101220000EA800EB810080ED000A14989DF81D10B7
:1012300000EB810090ED030A0BA800EB810080ED2C
:10124000000AFFE79DF81D0001308DF81D00DBE767
:101250006AE0059890ED020A90ED011AB4EEC10A19
:10126000F1EE10FA03DDFFE70A980990FFE7059811
:1012700090ED020A90ED001AB4EEC10AF1EE10FAF8
:1012800003DAFFE70A980890FFE700208DF81C00BA
:10129000FFE79DF81C00022845DCFFE714989DF845
:1012A0001C1000EB810090ED030A0EA800EB8100FA
:1012B00090ED001AB4EEC10AF1EE10FA0DDDFFE771
:1012C00014989DF81C1000EB810090ED030A0EA805
:1012D00000EB810080ED000AFFE714989DF81C10D8
:1012E00000EB810090ED030A0BA800EB810090ED6C
:1012F000001AB4EEC10AF1EE10FA0DDAFFE7149805
:101300009DF81C1000EB810090ED030A0BA800EB88
:10131000810080ED000AFFE7FFE79DF81C00013027
:101320008DF81C00B5E7FFE7059890ED010A90EDF8
:10133000001A30EE410A42F2C831C2F2000181EDDA
:10134000000A00218DF81B10FFE79DF81B00022802
:101350001DDCFFE79DF81B000EA901EB800191ED5C
:10136000000A0BA901EB800191ED001A30EE410A51
:1013700042F2CC31C2F2000101EB800080ED000AA4
:10138000FFE79DF81B0001308DF81B00DDE742F2FE
:10139000C830C2F2000090ED000AB6EE001AB4EEBA
:1013A000C10AF1EE10FA2DDC02E000BF0AD7A33B20
:1013B00042F2CC30C2F2000090ED000A9FED941A88
:1013C000B4EEC10AF1EE10FA1CDCFFE742F2CC30B9
:1013D000C2F2000090ED010A9FED8D1AB4EEC10A31
:1013E000F1EE10FA0EDCFFE742F2CC30C2F2000060
:1013F00090ED020A9FED861AB4EEC10AF1EE10FAE2
:1014000001DDFFE70AE09FED830AFEF7AFFBFFE790
:10141000BDF81E000130ADF81E000AE640F2BA1019
:10142000C2F20000008800EE100AB8EE400A1498DC
:1014300090ED0C1A81EE000A80ED0C0A00208DF868
:101440001A00FFE79DF81A0002281BDCFFE740F2B4
:10145000BA10C2F20000008800EE100AB8EE400A8E
:1014600014989DF81A1000EB810090ED091A81EE96
:10147000000A80ED090AFFE79DF81A0001308DF897
:101480001A00DFE7222112AA0223029800F05AFB79
:101490009DF848009DF84910C00040EA5110ADF891
:1014A0004600BDF94600B0F5806F07DBFFE7BDF8E9
:1014B0004600A0F50060ADF84600FFE7BDF9460024
:1014C00000EE100AB8EEC00AB4EE001AB3EE072A16
:1014D00000EE012A149880ED062A42F2C630C2F2CC
:1014E0000000018801310180FFE742F2C830C2F2FA
:1014F000000090ED000A0120B6EE001AB4EEC10A19
:10150000F1EE10FA009071DCFFE7149890ED0C0AF0
:101510009FED411A30EE010AB0EEC00A0120B6EE8E
:10152000001AB4EEC10AF1EE10FA00905EDCFFE79B
:1015300042F2CC30C2F2000090ED000A01209FED93
:10154000341AB4EEC10AF1EE10FA00904EDCFFE757
:1015500042F2CC30C2F2000090ED010A01209FED72
:101560002C1AB4EEC10AF1EE10FA00903EDCFFE74F
:1015700042F2CC30C2F2000090ED020A01209FED51
:10158000241AB4EEC10AF1EE10FA00902EDCFFE747
:10159000149890ED090AB0EEC00A01209FED1F1AC1
:1015A000B4EEC10AF1EE10FA00901FDCFFE71498C8
:1015B00090ED0A0AB0EEC00A01209FED181AB4EEB1
:1015C000C10AF1EE10FA009010DCFFE7149890EDDC
:1015D0000B0AB0EEC00A9FED111A0020B4EEC10A4A
:1015E000F1EE10FAC8BF01200090FFE70098C00795
:1015F00000287FF4DAACFFE7149890ED0C0A9FED19
:10160000081A81EE000A80ED080A16B080BD00BFFE
:101610009A99193E6F12033ACDCC1CC10AD7233CCC
:10162000C3F51C4180B58AB0014608900898002295
:101630008DF81F208DF81E200DF11F0306900591D7
:10164000114604921A46039300F0C6FA96200699B2
:1016500002900846029900F035FC06980499039A16
:1016600000F0BAFA0698029900F02CFC1421B62278
:10167000069800F017FB5020069901900846019942
:1016800000F0D2FB06980499039A00F0A5FA069898
:10169000029900F017FC06980499039A00F09CFA4E
:1016A0000698029900F00EFC3C210122069800F0F9
:1016B000F9FA0698019900F0B7FBFFE73C210DF11C
:1016C0001F02069800F088FA9621069800F0FAFBAF
:1016D0009DF81E0001308DF81E00FFE79DF81F00E9
:1016E000002180070028009108D4FFE79DF81E0024
:1016F00000210A28B8BF01210091FFE70098C00728
:101700000028DBD1FFE79DF81E000A2804D1FFE77F
:1017100040208DF827000DE09DF81F0040070028AD
:1017200004D5FFE740208DF8270003E000208DF866
:101730002700FFE79DF827000AB080BD80B588B07C
:101740000A46034607908DF81B1007989DF81B105A
:10175000D0F800C08CF80A1001680968EC464FF018
:10176000010ECCF800E040F2004CC4F2020C0590EF
:10177000084661460492724603937346F7F742FBAC
:1017800005990A6892F88A200290104608B080BD38
:1017900080B598B00146169016980022ADF8482002
:1017A00011928DF843208DF842200DF143030F90E4
:1017B0000E9111460D921A460C9300F03DFA9620B8
:1017C0000F990B9008460B9900F07CFB0F980D9930
:1017D0000C9A00F031FA0F980B9900F073FB7E2100
:1017E000B6220F9800F08EFA50210F9800F01CFBE3
:1017F0000F980D990C9A00F01FFA0F980B9900F0B2
:1018000061FB0F980D990C9A00F016FA0F980B993E
:1018100000F058FB9DF843001E2804D0FFE7FF208E
:101820008DF85F0046E100208DF84200FFE79DF84B
:10183000420003284EDCFFE79DF8420000EB400029
:1018400043F6AC71C0F601010A18085C52780F9B90
:101850000A901846DDF828C00991614600F052FA56
:1018600096200F9908900846089900F02BFB9DF8E8
:10187000420000EB40000999095C0DF143020F980A
:1018800000F0DAF90F98089900F01CFB9DF843006E
:101890009DF8421001EB4101099A114449788842B0
:1018A0000DD0FFE79DF8420000EB400043F6AC711D
:1018B000C0F60101084480788DF85F00FAE05021FD
:1018C0000F9800F0B1FAFFE79DF8420001308DF863
:1018D0004200ACE700208DF84200FFE79DF842008F
:1018E00001287BDCFFE79DF8420000EB400043F657
:1018F000AC71C0F601010844027B407B0F9B07904E
:10190000184606911146079A00F0FCF996200F99A7
:1019100005900846059900F0D5FA9DF8420000EBC5
:10192000400006990844017B0DF143020F9800F036
:1019300083F90F98059900F0C5FA9DF8420000EB75
:101940004000069908449DF84320407B82420DD018
:10195000FFE79DF8420000EB400043F6AC71C0F693
:1019600001010844807B8DF85F00A3E050210F98AF
:1019700000F05AFA122111AA06230F9800F0E2F89B
:101980009DF844009DF8451040EA01209DF8421062
:1019900001EB410113AA22F811009DF846009DF8C1
:1019A000471040EA01209DF8421001EB410102EB93
:1019B000410148809DF848009DF8491040EA012007
:1019C0009DF8421001EB410102EB41018880FFE7E5
:1019D0009DF8420001308DF842007FE76D20002223
:1019E0000F9904900846049900F08CF996200F99FD
:1019F00003900846039900F065FA0DF143020F9831
:101A0000049900F019F90F98039900F05BFA9DF81A
:101A10004300002804D0FFE704208DF85F0049E070
:101A20007E21B6220F9800F06DF950210F9800F03A
:101A3000FBF9BDF94C00BDF95210401A40F2555166
:101A4000884213DBFFE7BDF94E00BDF95410401A80
:101A500040F25551884209DBFFE7BDF95000BDF95E
:101A60005610401AB0F52A7F04DAFFE780208DF87F
:101A70005F001FE000200DF143010F9A0290104615
:101A8000029B01911946019A00F0D6F896200F9911
:101A900000900846009900F015FA0F980299019AF3
:101AA00000F0CAF80F98009900F00CFA02988DF82F
:101AB0005F00FFE79DF85F0018B080BDB0B58AB049
:101AC0009C4696460C46054609908DF823100792D1
:101AD0008DF81B30099840F20041C4F20201012246
:101AE000059008461146CDF810C0CDF80CE00294E0
:101AF0000195F0F70FFA9DF8230040F0800105985A
:101B0000FFF71CFE0090FFE79DF81B0000280FD098
:101B1000FFE755210598FFF711FE07990870079810
:101B2000013007909DF81B0001388DF81B00EBE792
:101B300040F20040C4F202000121F0F7EBF90AB0D4
:101B4000B0BD0000B0B58CB09C4696460C4605462C
:101B50000B908DF82B1009928DF823300B980021F3
:101B6000C4F202011022079008461146CDF818C0B1
:101B7000CDF814E004940395F0F7CCF99DF82B0010
:101B800040F080010798FFF7D9FD9DF82B1041F038
:101B90008001079A02901046FFF7D0FD0190FFE701
:101BA0009DF8230000280FD0FFE755210798FFF785
:101BB000C5FD099908700998013009909DF8230026
:101BC00001388DF82300EBE70020C4F20200102159
:101BD000F0F7A0F90CB0B0BD80B58AB013468C46C2
:101BE000864609908DF823100792099840F200412B
:101BF000C4F20201012206900846059111460493A1
:101C0000CDF80CC0CDF808E00192F0F783F99DF80B
:101C1000230040F080010698FFF790FD5521069AB9
:101C200000901046FFF78AFD079908700598019902
:101C3000F0F770F90AB080BD80B58CB013468C46C1
:101C400086460B908DF82B1009920B980021C4F258
:101C50000201102208900846079111460693CDF81C
:101C600014C0CDF810E00392F0F754F99DF82B0062
:101C700040F080010898FFF761FD5521089A029015
:101C800010460191FFF75AFD089900900846019906
:101C9000FFF754FD0999087007980399F0F73AF98E
:101CA0000CB080BD80B58AB013468C46864609903C
:101CB0008DF823108DF82220099840F20041C4F2DB
:101CC0000201012207900846069111460593CDF8BE
:101CD00010C0CDF80CE00292F0F71CF99DF823102B
:101CE0000798FFF72BFD9DF82210079A01901046E8
:101CF000FFF724FD0699009008460299F0F70AF9CB
:101D00000AB080BD80B58AB013468C4686460990DD
:101D10008DF823108DF8222009980021C4F20201C9
:101D2000102207900846069111460593CDF810C081
:101D3000CDF80CE00292F0F7EDF89DF8231007982B
:101D4000FFF7FCFC9DF82210079A01901046FFF760
:101D5000F5FC0699009008460299F0F7DBF80AB006
:101D600080BD000080B588B013468C46864606903C
:101D7000059104920698059900290393CDF808C0AF
:101D8000CDF804E0009004D1FFE700208DF81F009B
:101D900046E00598006843F20001C4F20101884260
:101DA00007D1FFE740F2F040C2F20000009908605E
:101DB00025E00598006843F60001C4F2000188425E
:101DC00007D1FFE740F20460C2F20000009908600A
:101DD00014E00598006843F60041C4F2000188420F
:101DE00007D1FFE740F21870C2F2000000990860C6
:101DF00003E000208DF81F0012E0FFE7FFE7FFE798
:101E00000098FEF7ADFDFFE704990098FEF7CCFDC2
:101E1000002801D0FFE7F7E701208DF81F00FFE75A
:101E20009DF81F0008B080BD89B00A46034608909F
:101E3000ADF81E10089800210691059104910391B8
:101E400002914EF21401CEF2000109680291BDF830
:101E50001E108068484306904EF21800CEF2000033
:101E60000068059001920093FFE74EF21800CEF251
:101E70000000006804900498059988421ED0FFE78E
:101E800004980599884207D2FFE705980499401AFB
:101E900003990844039008E002980499401A0599B0
:101EA0000844039908440390FFE7049805900398B9
:101EB0000699884201D3FFE701E0FFE7D5E709B0C3
:101EC0007047000089B00A4603460890ADF81E101E
:101ED00008980021069105910491039102914EF218
:101EE0001401CEF2000109680291BDF81E1080793C
:101EF000484306904EF21800CEF2000000680590AC
:101F000001920093FFE74EF21800CEF20000006845
:101F100004900498059988421ED0FFE7049805991B
:101F2000884207D2FFE705980499401A03990844AC
:101F3000039008E002980499401A0599084403990F
:101F400008440390FFE70498059003980699884297
:101F500001D3FFE701E0FFE7D5E709B070470000D4
:101F600082B0014601900198002202714271827193
:101F70008260009102B0704784B00A460346039025
:101F8000029102984FF07E51016002980021416059
:101F9000029881600298C1600192009304B070477A
:101FA00082B00146019001984FF07E5202600022FB
:101FB00042600023C4F27A438360C26002614261DE
:101FC000009102B07047000080B588B001460690CD
:101FD000069800228DF817208DF8162004900391A2
:101FE00000F006F9049800F09FF8049800F08AF8D1
:101FF0003220049902900846029900F09BF8049858
:1020000000F06EF80498029900F094F80498017FAB
:1020100000F0F4F88DF817009DF8170004994A7F36
:10202000904205D0FFE70498817D8DF81F1052E0A3
:1020300000208DF81600FFE79DF8160004998A7FAE
:10204000904243DAFFE7049800F120019DF8162042
:1020500002EB42028B188A5C5B78019111461A46AA
:1020600000F0FCF89620049900900846009900F0D2
:1020700071F89DF8160000EB40000199095C049886
:1020800000F0BCF88DF817000498009900F062F891
:102090009DF817009DF8161001EB4101019A1144BB
:1020A000497888420BD0FFE79DF8160000EB40000E
:1020B0000499084490F822008DF81F000BE0FFE718
:1020C0009DF8160001308DF81600B5E70498417DA3
:1020D0008DF81F10FFE79DF81F0008B080BD0000BD
:1020E00080B582B00146019041F60000C4F20200C2
:1020F00040220123009111461A46EFF723FF02B058
:1021000080BD000080B582B00146019041F600001C
:10211000C4F2020040220023009111461A46EFF754
:1021200011FF02B080BD000082B001460190009115
:1021300002B0704780B584B00A4603460390ADF8FC
:102140000A10BDF80A0001920093EFF7ADFC04B04D
:1021500080BD000089B00A4603460890ADF81E1005
:102160000020069005900490039002904EF2140017
:10217000CEF2000000680290BDF81E0000EBC00027
:10218000C00006904EF21800CEF2000000680590E4
:1021900001920093FFE74EF21800CEF200000068B3
:1021A00004900498059988421ED0FFE70498059989
:1021B000884207D2FFE705980499401A039908441A
:1021C000039008E002980499401A0599084403997D
:1021D00008440390FFE70498059003980699884205
:1021E00001D3FFE701E0FFE7D5E709B07047000042
:1021F00082B001460190009102B07047B0B58CB03A
:102200000A4603460B908DF82B100B9800218DF891
:102210002A10D0F800C0DCF800C0C07F40009DF854
:102220002BE06C46E1600A21A160012161600DF1A3
:102230002A05256009906046DDF824C008916146B2
:1022400007927246DDF820E006937346F5F716FC18
:102250009DF82A10059008460CB0B0BD70B58CB042
:1022600013468C4686460B908DF82B108DF82A204D
:102270000B9801680968C07F40009DF82B206C46D0
:102280000125E5600A26A66065600DF12A06266034
:1022900009900846099908932B46CDF81CE0CDF823
:1022A00018C0F5F7EBFB05900CB070BD80B586B09B
:1022B0000A46034604900391049803990029029268
:1022C0000193009004D1FFE700208DF8170041E052
:1022D0000398006845F20041C4F20001884207D12A
:1022E000FFE740F24420C2F200000099086025E0B8
:1022F0000398006845F60001C4F20001884207D146
:10230000FFE740F25820C2F200000099086014E094
:102310000398006845F60041C4F20001884207D1E5
:10232000FFE740F26C20C2F200000099086003E071
:1023300000208DF817000DE0FFE7FFE7FFE70098AA
:10234000FFF742FE002801D0FFE7F8E701208DF8F3
:102350001700FFE79DF8170006B080BD80B582B07A
:1023600001460190019802220275002343754FF047
:10237000400C80F816C049F69A1CC3F6996CC0F858
:1023800018C0037710234377042383774FF00E0C94
:1023900080F81FC04FF00B0C80F820C04FF0080EE3
:1023A00080F821E04FF0010E80F822E04FF0410E5E
:1023B00080F823E04FF0090E80F824E080F8252013
:1023C000422280F82620C02280F82720032280F8AD
:1023D00028200A2280F8292080F82AC080F82B3093
:1023E000009102B080BD0000B0B588B09C46964612
:1023F0000C460546079006918DF81720ADF814306D
:10240000BDF8140006990968C96A8842CDF810C061
:10241000CDF80CE00294019506D9FFE70698006814
:10242000C06AADF81400FFE7BDF81400B0F1FF3F3B
:1024300004DCFFE70020ADF81400FFE79DF817006B
:1024400001460C28009121D80099DFE801F0071F10
:102450001F1F0D1F1F1F131F1F1F1900BDF8140082
:1024600006990968486311E0BDF8140006990968E7
:1024700088630BE0BDF8140006990968C86305E09D
:10248000BDF81400069909680864FFE708B0B0BDFC
:1024900082B001460190019890ED4B0A009102B084
:1024A0007047000082B001460190019890ED490A02
:1024B000009102B07047000082B00146019001987F
:1024C00090ED4A0A009102B070470000B0B588B0A4
:1024D0009C4696460C460546079006910592049345
:1024E000049890ED000A90ED011A90ED022A90ED0B
:1024F000033AB6EE004AB0EE445A02EE425A03EEF8
:10250000435A069821EE026A00EE436A90ED007A83
:10251000D0ED010AD0ED021A26EE206A05EE076A18
:1025200020EE020A01EE030A00EE216A36EE060AE8
:10253000059880ED000A049890ED000A90ED011ACC
:1025400090ED022A90ED033A20EE035A01EE025A72
:102550000698B0EE446A01EE416A03EE436A90EDDC
:10256000007AD0ED010AD0ED021A26EE206A05EEBF
:10257000076A22EE032A00EE412A02EE216A36EEB5
:10258000060A059880ED010A049890ED000A90ED86
:10259000011A90ED022A90ED033A21EE035A00EE63
:1025A000425A069820EE010A02EE030A90ED003A24
:1025B00090ED016A90ED027A20EE060A05EE030A1C
:1025C00001EE414A02EE424A04EE070A30EE000AEA
:1025D000059880ED020ACDF80CC0CDF808E0019412
:1025E000009508B0B0BD0000B0B588B09C469646D6
:1025F0000C4605460790069105920493049890EDC9
:10260000000A90ED011A90ED022A90ED033AB6EE21
:10261000004AB0EE445A02EE425A03EE435A06987C
:1026200020EE036A01EE026A90ED007AD0ED010A15
:10263000D0ED021A26EE206A05EE076A21EE031A93
:1026400000EE421A01EE216A36EE060A059880ED88
:10265000000A049890ED000A90ED011A90ED022A0C
:1026600090ED033A21EE025A00EE435A0698B0EE7E
:10267000446A01EE416A03EE436A90ED007AD0EDC0
:10268000010AD0ED021A26EE206A05EE076A20EE56
:10269000010A02EE030A00EE216A36EE060A0598E8
:1026A00080ED010A049890ED000A90ED011A90ED7A
:1026B000022A90ED033A20EE025A01EE035A0698E0
:1026C00022EE033A00EE413A90ED000A90ED016AE5
:1026D00090ED027A23EE063A05EE003A01EE414A09
:1026E00002EE424A04EE073A33EE030A059880ED03
:1026F000020ACDF80CC0CDF808E00194009508B0AE
:10270000B0BD000080B588B001460790079842F23E
:10271000C432C2F2000213780133137000F57C72E8
:10272000059010460491FBF70DFE059880EDFA0A1E
:1027300090EDFA0A90EDFB1A31EE000A80EDFB0AEB
:102740002830059901F54671FEF798F90598D0F8FB
:10275000181300F1B402C0F8D010D0F81C13C0F860
:10276000D410D0F82013C0F8D810D0F82413C0F833
:10277000C410D0F82813C0F8C810D0F82C13C0F833
:10278000CC1090ED310AD0ED320A90ED331AD0ED35
:10279000341A90ED352AD0ED362A90EDFA3A00F54C
:1027A0009C700392FCF760FD0598D0F88812D0F871
:1027B0008C22D0F89032D0F894E2C0F8C0E0C0F893
:1027C000BC30C0F8B820C0F8B41000F5647100F156
:1027D000F802039BFFF77AFE059800F5677100F594
:1027E0008272039BFFF772FE059800F56A7100F58F
:1027F0008872039BFFF76AFE059800F5777143F234
:102800005062C2F20002039BFFF7EEFE00208DF83B
:102810001B00FFE79DF81B0002282CDCFFE79DF85A
:102820001B00059901EB800243F25063C2F20003E2
:1028300003EB800090ED000A92ED341A92ED372AF6
:1028400031EE400A91ED3D1A91EDFA3A20EE030A7D
:1028500031EE033A80EE030A22EE011A81EE031AEA
:1028600030EE010A82ED370AFFE79DF81B000130C8
:102870008DF81B00CEE7059800F1B40300F1DC01F0
:1028800000F1E802FFF722FE059800F0C7F842F2D7
:10289000C430C2F20000007848F21F51C5F2EB11BB
:1028A000A0FB01121209322302FB1300002802913F
:1028B00025D1FFE7059800F1600190EDCD0A0846AB
:1028C000019100F079FB9FED110A019800F08CF95D
:1028D000019800F09BF9019800F064FBBDEEC00A7E
:1028E00010EE100A43F23C01C2F200010022DDF8B2
:1028F00014E000907046009BFFF776FDFFE7012093
:10290000059981F8F80308B080BD00BF0000484277
:1029100080B58CB001460B900B9800F1280200F5B1
:10292000467342F69C7CC2F2000C0A901046099154
:1029300061461A46FFF716FA642108900846079187
:10294000EFF7B2F80A98343042F66421C2F200017F
:10295000FFF7ACFC079906900846EFF7A5F80A9830
:1029600000F56D71FFF708FB0A9800F59C70B2EE58
:10297000040A9FED241A9FED242AF7EE001A9FED1A
:10298000233AF0EE410A8DED051AB0EE421AB0EE90
:10299000432A8DED043AFCF753FB44F29630C3F61C
:1029A0000B400A99C1F8F40001F160009FED180A8C
:1029B000DFED180A9FED181A00229DED042A8DED17
:1029C000031AB0EE421AF0EE421A9DED032ADDED35
:1029D000032A9DED043ADDED043A9DED044ADDED58
:1029E000054A9DED045A1146029200F06DFA43F239
:1029F0003C00C2F200000299F3F7C2FB01900CB058
:102A000080BD00BF6F12833A8096184B0000000013
:102A10000000FA4400803B450000804F80B586B03E
:102A200001460590059890EDB80A80ED4B0AD0F864
:102A3000DC22C0F82821D0F8D822C0F82421D0F810
:102A4000E422C0F8302190EDED0A90EDEE1A90ED01
:102A5000EF2A90EDF03A21EE022A00EE032A32EE40
:102A6000022A21EE011A00EE001A31EE010AB7EE39
:102A7000001A70EE410AB0EE420A039102908DED09
:102A8000011A01F0A7F8029880EDF10A90EDED0A25
:102A900090EDEE1A90EDEF2A90EDF03A21EE031A48
:102AA00000EE421AB8EE000A21EE000A00F0FCFF28
:102AB000029880EDF20A90EDED0A90EDEE1A90ED9D
:102AC000EF2A90EDF03A22EE032A00EE012A32EED0
:102AD000021A23EE032A00EE002A32EE020A9DEDCE
:102AE000012A70EE420AB0EE410A01F073F8029832
:102AF00080EDF30A00210491FFE70498022815DC19
:102B0000FFE70498029901EB800090EDF10A9FED38
:102B1000081A20EE010A9FED071A80EE010A80EDE7
:102B2000F40AFFE7049801300490E6E706B080BDA0
:102B300000003443DA0F494080B584B00146039069
:102B4000039802900191FFF72BFA02982830FFF7C3
:102B500007FA02983430FFF701FC0298603000F069
:102B60003DFA4FF07E500299C1F890034FF0000EED
:102B7000C1F894E3C1F898E3C1F89CE3C1F8A0035D
:102B8000C1F8A4E3C1F8A8E3C1F8ACE3C1F8B0030D
:102B9000C1F8B4E3C1F8B8E3C1F8BCE3C1F8C0E3DD
:102BA000C1F8C4E3C1F8C8E3C1F8CCE3C1F8D0E38D
:102BB000C1F8D4E3C1F8D8E3C1F8DCE3C1F8E0E33D
:102BC0004FF2C350C4F21C10C1F8E40381F8F4E3DF
:102BD00081F8F5E381F8F6E381F8F7E381F8F8E3AB
:102BE000084604B080BD000084B0B0EE401A014633
:102BF00003908DED020A03989DED020A80ED110A03
:102C00008DED011A009104B07047000080B58CB0C2
:102C100001460B900B9800220A92099208920792A3
:102C200090ED110A90ED121A30EE410A8DED060A70
:102C30009DED060A03910290FCF778FF8DED050AE1
:102C40009DED050A029890ED011AB4EEC10AF1EE6D
:102C500010FA07DAFFE70298816C416400210691BF
:102C60000591FFE7029890ED080A9DED061A20EE07
:102C7000010A8DED0A0A90ED0E0AB5EE400AF1EE5A
:102C800010FA0DD1FFE7029890ED0F0AB5EE400A59
:102C9000F1EE10FA04D1FFE74FF07E50049044E0CB
:102CA0009DED050A029890ED0E1AB4EEC10AF1EE00
:102CB00010FA04DCFFE74FF07E50049026E0029803
:102CC00090ED0E0A9DED051AB4EEC10AF1EE10FA70
:102CD0001BDAFFE79DED050A029890ED0F1AB4EE9E
:102CE000C10AF1EE10FA10DAFFE7029890ED0E0A31
:102CF00090ED0F1A9DED052A31EE422A31EE400A81
:102D000082EE000A8DED040AFFE7FFE79DED050A5C
:102D1000029890ED0F1AB4EEC10AF1EE10FA03DB3F
:102D2000FFE700200490FFE7FFE7029890ED0C0A10
:102D3000B5EE400AF1EE10FA12D0FFE702984C30DF
:102D4000029991ED090A91ED0C1AB1EE412A82EE39
:102D5000002AC1EE000AB0EE420AFBF71BFBFFE7B8
:102D6000029890ED100AB5EE400AF1EE10FA18D173
:102D7000FFE79DED040A029890ED001A90ED132AEA
:102D800020EE010A9DED061A00EE012A80ED132ABD
:102D900090ED090A90ED131A20EE010A8DED090A53
:102DA00028E09DED050A029890ED101AB4EEC10AD4
:102DB000F1EE10FA18DAFFE79DED040A029890EDA3
:102DC000001A90ED132A20EE010A9DED061A00EE7E
:102DD000012A80ED132A90ED090A90ED131A20EED6
:102DE000010A8DED090A04E000200299C8640990E7
:102DF000FFE7FFE70298017A002912D1FFE7029866
:102E000090ED000A90ED061A90ED0A2A9DED063A23
:102E100033EE411A22EE011A81EE000A8DED080A06
:102E200011E0029890ED000A90ED051A90ED072A46
:102E300090ED0A3A32EE411A23EE011A81EE000AB1
:102E40008DED080AFFE7029890ED040A90ED0B1A49
:102E500090ED112A32EE400A20EE010A8DED070AAC
:102E60009DED0A0A9DED091A30EE010A9DED081A42
:102E700030EE010A9DED071A30EE010A80ED070AD7
:102E800090ED0D0AB5EE400AF1EE10FA10D0FFE712
:102E900002981C30029991ED0D0AB1EE401A8DEDA9
:102EA000010AB0EE410ADDED010AFBF773FAFFE714
:102EB0000298816CC160416C0161C16941610699F0
:102EC00081610CB080BD00002DED0C8B9AB00EAA74
:102ED0000B46B0EE456AB0EE647AF0EE445AF0EE7E
:102EE000636AF0EE437AB0EE628AB0EE429AB0EED8
:102EF00061AAB0EE41BAB0EE60CAB0EE40DA8446E4
:102F0000199082ED0A0AC2ED090A82ED081AC2ED93
:102F1000071A82ED062AC2ED052A82ED043AC2EDB7
:102F2000033A82ED024AC2ED014A82ED005A8DF861
:102F30003710199892ED0A0A80ED080A1799416234
:102F4000169981621599C1621499016313994163BD
:102F50000F9901600E994160129981631199C163C3
:102F6000109901649DF837100172CDF830C00B93B1
:102F70008DED0A6A8DED097ACDED085ACDED076A1F
:102F8000CDED067A8DED058A8DED049A8DED03AABF
:102F90008DED02BA8DED01CA8DED00DA1AB0BDECEF
:102FA0000C8B704782B001460190019890ED070AA2
:102FB000009102B07047000084B0B0EE401A0146A4
:102FC00003908DED020A03989DED020A80ED120A2E
:102FD0008DED011A009104B07047000082B00146E7
:102FE000019001980022C260026142618261C26167
:102FF000026242628262C262026342638263C263AD
:10300000026442648264C264009102B070470000AE
:1030100082B001468DF807009DF907000028009155
:103020000FDBFFE79DF9070000F01F01012202FA04
:1030300001F140094EF20012CEF2000242F82010D7
:10304000FFE702B0704700004EF60C50CEF20000D1
:103050000068C0F30220704784B00A4603468DF82A
:103060000F0002919DF90F000028019200930ADBE6
:10307000FFE7029800019DF90F104EF20042CEF2D8
:10308000000288540BE0029800019DF80F1001F037
:103090000F014EF61452CEF200028854FFE704B03E
:1030A0007047000084B001460390039800F00700C9
:1030B00001904EF60C50CEF2000002680292029A85
:1030C0004FF6FF031A400292029A019B42EA032242
:1030D0000023C0F2FA531A430292029A026000914E
:1030E00004B0704780B543F23820C2F20000FFF709
:1030F00023FD80BD80B582B042F22830C2F20000CC
:10310000002101609FED0C0A9FED0C1AF0EE410AC0
:1031100001908DED001A00F05DFD019880ED010A2F
:103120009FED070ADDED000A00F054FD019880EDE7
:10313000020A02B080BD00BF583934BE0BEFF2BDA9
:103140005839343E80B582B042F23430C2F20000C9
:10315000002101609FED0C0A9FED0C1AF0EE410A70
:1031600001908DED001A00F035FD019880ED010A07
:103170009FED070ADDED000A00F02CFD019880EDBF
:10318000020A02B080BD00BF583934BE0BEFF2BD59
:103190005839343E80B582B042F24030C2F200006D
:1031A000002101609FED0C0A9FED0C1AF0EE410A20
:1031B00001908DED001A00F00DFD019880ED010ADF
:1031C0009FED070ADDED000A00F004FD019880ED97
:1031D000020A02B080BD00BF583934BE0BEFF2BD09
:1031E0005839343E80B582B042F24C30C2F2000011
:1031F000002101609FED0C0A9FED0C1AF0EE410AD0
:1032000001908DED001A00F0E5FC019880ED010AB7
:103210009FED070ADDED000A00F0DCFC019880ED6F
:10322000020A02B080BD00BF583934BE0BEFF2BDB8
:103230005839343EB0B5B0F800C00B889C4553D126
:1032400045884B889D424FD113889C454CD153886B
:103250009D4249D143684968506805FB0CFC002237
:10326000B2EB9C0F30D04FEA9C0200BF93ED000AF6
:1032700091ED001A03F1100E30EE010A80ED000A04
:1032800093ED010A91ED011A01F1100430EE010AEB
:1032900080ED010A93ED020A91ED021A00F110058A
:1032A00030EE010A80ED020A93ED030A91ED031A54
:1032B000013A30EE010A80ED030A734628462146A2
:1032C000D4D12146284673461CF003020AD000BF21
:1032D000B3EC010AB1EC011A013A30EE010AA0EC9C
:1032E000010AF5D1002000E0FD2040B2B0BD018010
:1032F00042804360704700002DE9F04F81B02DED12
:10330000028B8EB0B0F800C0B0F802A0D44540F0F7
:103310003A810B88FD229C4540F036814F88BB42A4
:1033200040F0328140689FEDB08ABCF1000F009000
:1033300000F031814C686FF0030000EB8C0900272E
:1033400000266546CDF828C0204609940A98401BFF
:1033500008D0B1002046ECF77FFF3846013004F179
:103360000404FBD304F1040BB5F101084FF07E50C7
:10337000206012D0A9EB86015846ECF76DFF0120C2
:103380005C4600BF0130854204F10404FAD10136E5
:10339000013FB8F1000F4546D8D1DDF828C0BCF197
:1033A000000F00F0F8804FEACA000430029009983C
:1033B000009900EB8A00C0F10009042000EB8A00AC
:1033C000ACF1010801EB8A054FEA8A03019001F193
:1033D000040B4FF0000E0F46564600200A4604909C
:1033E000039300BF0EFB0AF002EB800191ED000A8F
:1033F0000C910999B5EE400AF1EE10FA01EB80004C
:103400000D90CDF82080CDE906950B922ED10EF1CE
:10341000010060450DD20020414600BF2A1892ED00
:10342000000AB5EE400AF1EE10FA06D1013918444F
:10343000F4D10498012817D0D4E0A0EB09000021B2
:1034400057F82130146842F8043B47F82140013115
:103450008E42F5D10D9A51461368046840F8043B3A
:10346000013942F8044BF7D1012004900C99AAEBE2
:103470000E0991ED008AB9F1010F4FF07E500860FE
:103480000DD00120594600BF91ED000A013080EEB9
:10349000080A864281ED000A01F10401F4D10D9978
:1034A0005046CDF814B000BF91ED000A013880EE0F
:1034B000080AA1EC010AF7D1DDF82C800998A9F1DE
:1034C000010B0022654600BF724505D108EB890358
:1034D00000EB8A0036E000BF0C9998ED008A91ED70
:1034E000000ABBF1000F28EE000A38EE400A88ED12
:1034F000000A17D00123042107EB010C08EB01049B
:103500009CED000A94ED001A28EE000A013331EE1A
:10351000400A9E4201F1040184ED000AECD108EB5F
:10352000010301E008F104030D9C5146B4EC011ABB
:1035300090ED000A28EE011A30EE410AA0EC010AD3
:103540000139F3D103EB8E08013D02F10102BBD139
:10355000079D02980B9ADDF820800544039BDDF857
:1035600018900198DDF814B0DDF828C00432013E4F
:103570000EF1010EA8F10108A9EB030907448344E9
:103580007FF430AF09E0FD2250B20EB0BDEC028BEB
:1035900001B0BDE8F08F00200490B5EE408AF1EE56
:1035A00010FA4FF00002EFD104980128ECD00AFB8A
:1035B0000CF14FF000004FF0000271B1009B00BF12
:1035C00093ED000AB5EE400AF1EE10FA05D1013292
:1035D000914203F10403F3D10A468A4208BF6FF017
:1035E0000400D2E7FB22CFE7000000002DE9F04FF6
:1035F00085B047880B889F4240F08480B0F800B0C7
:1036000013889B4540F07E80B1F802E053889E45C8
:1036100078D1D0F80480506849680190BC0827F040
:10362000030008EB800604FB0EF09FED390A07F05B
:10363000030C029101EB00104FEA8E020021009072
:10364000CDE903E70198DDF808A0009B00EB8109B4
:10365000B0EE401A5746404674B35546274640469A
:10366000B0EE401A95ED002A90ED003A154490ED29
:10367000014A23EE022A95ED003A154490ED025AD4
:1036800031EE021A24EE032A95ED003A154490ED2E
:10369000036A31EE021A25EE032A95ED003A31EE67
:1036A000021A26EE032A31EE021A013F00F1100041
:1036B0001544D7D11F463046BCF1000F0CD06546EB
:1036C00090ED002A97ED003A043022EE032A31EE05
:1036D000021A013D1744F3D1A9EC011ABEF1010E03
:1036E0000AF1040A03F10403B2D1DDF80CE0049FEF
:1036F000714408EB8708BBF1010B06EB8706A1D1EB
:10370000002000E0FD2040B205B0BDE8F08F00BF12
:1037100000000000B0B5B0F800C00B889C4553D144
:1037200045884B889D424FD113889C454CD1538886
:103730009D4249D143684968506805FB0CFC002252
:10374000B2EB9C0F30D04FEA9C0200BF93ED000A11
:1037500091ED001A03F1100E30EE410A80ED000ADF
:1037600093ED010A91ED011A01F1100430EE410AC6
:1037700080ED010A93ED020A91ED021A00F11005A5
:1037800030EE410A80ED020A93ED030A91ED031A2F
:10379000013A30EE410A80ED030A7346284621467D
:1037A000D4D12146284673461CF003020AD000BF3C
:1037B000B3EC010AB1EC011A013A30EE410AA0EC77
:1037C000010AF5D1002000E0FD2040B2B0BD0000AC
:1037D0002DE9F04FB0F800A04A88924545D14288C3
:1037E0000B889A4241D1D1F804C046684FEA92084A
:1037F00002F003094FEA0A1E4FEA8A014FF0000B5C
:10380000624600BFB8F1000F1AD01546474600BF08
:10381000336828462B6073680D444350B3686C18B6
:103820006B50F56806F1100366186550013F06EB12
:1038300001051E46ECD100EB0E071E4602E000BF5C
:103840000CEB8B07B9F1000F06D0484656F8043B45
:1038500001383B600F44F9D10BF1010BBAF1010AB9
:1038600002F10402CED1002000E0FD2040B2BDE80C
:10387000F08F000080B582B000200190EFF720F9B2
:103880000090F5F755FCF4F70DFBF4F78FFAF4F719
:1038900041FAF4F7BBFCF4F74DFDF4F791FDF4F7B2
:1038A000D5FDF4F765FCF4F75BFAF4F717FCF4F7D1
:1038B00037FCF4F711FEF4F72DFEF4F74FFEF4F7A2
:1038C0006BFEF6F72BF9FFE7FEE74100080218BF91
:1038D00004200A0E18BF40F001004FF07F4232EA88
:1038E000010108BF40F00200012808BF0520704711
:1038F0002DE9F0430B30DFF8889020F00705002712
:10390000A1F1010C1F4C21E0061D724203680CEA74
:103910000202934219D39E1AAE4216D34AB18618B8
:1039200050F8044F9B1AC6E9003440E901260446CA
:103930003046AB4205D95B1B42194668C2E90036E6
:1039400000E04268226020C004E0041D20680028D6
:10395000DAD13846002803D1D9F8000010B1002090
:10396000BDE8F083074B08481860084B1B1A23F08A
:103970000703C0E900370120C9F80000C0E70000D4
:103980000400002000000020643600206086002033
:1039900010B510EE104A4FF01A402DED028B00EBDF
:1039A0004400B0F1C85F4AD84FF0FC40B0EB440F80
:1039B00022D2B0EEC00AF7EE000A30EEC00AF6EEF0
:1039C000000A20EE208A18EE100A00F077FA00EEC6
:1039D000100A14F0004F1DBF9FED281ADFED280AD2
:1039E000B1EE400A9FED271A08BFF0EE410AF8EE4B
:1039F000001A20EE210A05E020EE008A9FED221A2F
:103A0000DFED220ADFED221A9FED222A70EEC00AB6
:103A100020EE080A08EE212ADFED1F1A48EE021AEE
:103A20009FED1E2A08EE212ADFED1D1A48EE021A2C
:103A3000BDEC028B40EE610A30EE810A10BD4FF002
:103A4000CC40B0EB440F82BF9FED160ABDEC028B59
:103A500010BD4FF07F40B0EB440F05D2BDEC028BA0
:103A6000BDE8104000F0FEB9012000F021FABDECE5
:103A7000028BBDE8104000F0FBB900000000494097
:103A800022AA7D3A000000000000C93F22AAFD39A9
:103A900024FE1C3DC78AD83C1E67383D1B93993DC8
:103AA000AFAA2A3EDB0FC93F10B54FF00E402DEDF7
:103AB000028BB0EE408A18EE104A00EB4400B0F1E1
:103AC000506F4AD84FF0FC40B0EB440F22D2B0EE1A
:103AD000C80AF7EE000A30EEC00AF6EE000A60EE01
:103AE000208A18EE900A00F0E9F901EE100A14F0AD
:103AF000004F1DBFDFED2D0A9FED2D0AB1EE411ADB
:103B0000DFED2C0A08BF9FED2C0AF8EE001A21EE1B
:103B1000218A05E0DFED290A68EE088AB0EE600A26
:103B20009FED271ADFED271A30EE080A48EE811ABA
:103B30009FED251A08EEA11ADFED241A48EE811A2E
:103B40009FED231A08EEA11A68EE281ABDEC028B2D
:103B500001EE810A30EE200A10BD4FF0E440B0EBD8
:103B6000440F0CD918EE100AFFF7AFFE042808BF67
:103B700000F086F9B0EE480ABDEC028B10BD4FF0A4
:103B80007F40B0EB440F07D2B0EE480ABDEC028B89
:103B9000BDE8104000F066B9012000F089F9BDECE5
:103BA000028BBDE8104000F063B900000000C9BFFF
:103BB00022AAFDB90000C93F22AAFD390000000079
:103BC00024FE1C3DC78AD83C1E67383D1B93993D97
:103BD000AFAA2A3E10EE100A10B510EE901A4FF060
:103BE000684202EB40032DED028BB3F1654F3CBF01
:103BF00002EB4102B2F1654F7CD200BFC0F3C75364
:103C0000C1F3C7529A1A1B2A09DD10F0004F14BFE6
:103C10009FED6E0A9FED6E0ABDEC028B10BD12F196
:103C20001A0F1BDA11F0004F09D010F0004F0CBF33
:103C30009FED680A9FED680ABDEC028B10BD80EE17
:103C4000208A18EE100AFFF740FE042808BF00F093
:103C500017F9B0EE480ABDEC028B10BD4200B2EB82
:103C6000410F37D910F0004F19BFDFED5C1A9FEDFF
:103C70005C1ADFED5C1A9FED5C1AB0EE602A0A4612
:103C8000F1EE400A80F00041B0EE420A10460A1AF6
:103C90005200B2F1807F34D2484010F0004FDFED87
:103CA000532A9FED533A1DBFBEEE002A71EEE21A71
:103CB00031EE431AB6EE002A04BF71EEA21A31EEBD
:103CC000031AF0EE402A42EE602A40EE020A82EE2B
:103CD000A02A18E011F0004F04BF9FED461AF0EE45
:103CE000411AD4D010F0004F1CBFDFED431A9FEDF6
:103CF000431A00E026E004BFDFED411A9FED411AB0
:103D0000C5E780EE202A22EE020ADFED3F0ADFED52
:103D10003F2ABDEC028B40EE202ADFED3D0A40EE4B
:103D2000220ADFED3C2A40EE202ADFED3B0A40EE7E
:103D3000220A22EE000A00EE201A31EE020A30EECC
:103D4000210A10BD4FF07F42B2EB400F28BFB2EB0B
:103D5000410F05D2BDEC028BBDE8104000F085B8E4
:103D600040EA01035B0008BF41F0FF410BD0B2EB1A
:103D7000400F08BFB2EB410F08D120F0804000EEA9
:103D8000100A21F0804100EE901A37E7B2EB400FA5
:103D900012BF5FEA410240F0FF4001F000413FF4F2
:103DA0002DAF4A0092EA40033FF528AF002AACBF8E
:103DB0009FED1A1A9FED1A1A20EE010A60EE810A91
:103DC00010EE100A10EE901A18E70000DB0FC9BFC2
:103DD000DB0FC93FDB0F4940DB0F49C00000C9BF03
:103DE00022AAFDB90000C93F22AAFD390060ED3EBC
:103DF000C30ACE3700000000000049C022AA7DBAE5
:103E00000000494022AA7D3A2DAD65BD8FB8D53D51
:103E10000FB511BE61C84C3EA8AAAABE0000804FD3
:103E20000000802F10B52DED028BB1EEC08A18EE88
:103E3000100A20F00040C0F1FF40C00F0AD010EE81
:103E4000100A20F00040C0F1FF40C00F04BF012065
:103E500000F02EF8B0EE480ABDEC028B10BD072131
:103E6000FFF746BD30EE000A704730EE200A70477B
:103E7000DFED020A80EEA00A70470000000000009B
:103E80009FED020A20EE000A7047000000000010BB
:103E900002E008C8121F08C1002AFAD17047704713
:103EA000002001E001C1121F002AFBD17047000071
:103EB00001490860704700000800002010B500EEBE
:103EC000100A2DED028BB1EEC08A18EE100A20F018
:103ED0000040C0F1FF40C00F0AD010EE100A20F0E1
:103EE0000040C0F1FF40C00F04BF0120FFF7E0FF1A
:103EF00018EE100ABDEC028B10BD0000000000009F
:103F00000000010203040607080900000000010286
:103F10000304000610160006101600000000803F83
:103F20000000000000000000000000000000000091
:103F300000000000000000000000803F00000000C2
:103F40000000000000000000000000000000000071
:103F5000000000000000803F0000000000000000A2
:103F60000000000000000000000000000000000051
:103F70000000803F00000000000000000000000082
:103F80000000000000000000000000000000803F72
:103F90000000000000000000000000000000000021
:103FA00000000000000000000000803F40AC037DE6
:103FB00004014103057C00026D0D026D09024344BA
:103FC0004320496E74657266616365004344432013
:103FD000436F6E6669670053544D6963726F656C19
:103FE000656374726F6E6963730053544D3332208E
:103FF0005669727475616C20436F6D506F727400F6
:104000003840010800000020C8010000F402000848
:1040100040410108C801002098D40000A03E0108DA
:104020001DA3FFFFF9A2FFFFFDA2FFFF09A3FFFFF2
:10403000FDA2FFFF00000000C1100CE7416B3A58E1
:10404000A08B3A8281011389B0140805B11B08299D
:10405000041A69041AC1041A31141AAD04110808AB
:104060001250C347CDCCCC3D0409531C110B1AC8C8
:10407000421C111324F413E1A71408BDA41C08D199
:10408000ABA03113D9A5140821A31B083914C113FF
:10409000F5A61B0881041A6D301A6508140902433D
:1040A00013020125C03209041B01020B130524165B
:1040B0001001052401100901042402020524061739
:1040C000010705820308151009040133020A2E07AF
:1040D00005010240072A810711130A063202334004
:1040E000011A12231302021E4083044057591B0277
:1040F00003151305041B0801041391031B08410851
:104100001A75040718040309041A03120F1608107D
:10411000820911160A15800B1610090C18010D7D65
:1041200004017C160240AB0341280A0553080658D7
:10413000040770177032100500A59BC4BB00000077
:040000050800018965
:00000001FF
