:020000040800F2
:10000000C8E0002075020008D76A00081D640008D7
:10001000D56A0008150A0008879F00080000000044
:10002000000000000000000000000000C172000895
:10003000F90B000800000000E56A0008C372000820
:100040008F0200088F0200088F0200088F0200084C
:100050008F0200088F020008FB0B00088F020008C7
:100060008F020008010C0008070C00088F0200082E
:100070000D0B0008190B00088F020008250B000863
:100080008F0200088F0200088F0200088F0200080C
:10009000190A0008210A00088F0200080D0C000848
:1000A0008F0200088F0200088F0200088F020008EC
:1000B0008F0200088F020008ED7300088F0200080D
:1000C0008F0200088F0200088F0200088F020008CC
:1000D0008F020008118100088F0200081D810008AE
:1000E0008F0200088F0200088F0200088F020008AC
:1000F0008F0200088F0200088F0200088F0200089C
:100100008F0200088F020008F97300088F020008B0
:100110008F0200088F0200088F0200088F0200087B
:100120008F020008310B00083D0B0008490B000846
:100130008F0200088F0200088F0200088F0200085B
:100140002D0A0008350A00088F020008D96A000845
:10015000550B0008610B00086D0B00082981000891
:100160008F0200088F0200088F0200088F0200082B
:100170008F0200088F0200088F02000800000000B4
:100180008F0200088F02000800F002F800F062F809
:100190000AA090E8000C82448344AAF10107DA45E2
:1001A00001D100F057F8AFF2090EBAE80F0013F0D2
:1001B000010F18BFFB1A43F0010318473C2301004D
:1001C0005C2301000A444FF0000C10F8013B13F0CF
:1001D000070408BF10F8014B1D1108BF10F8015BA0
:1001E000641E05D010F8016B641E01F8016BF9D193
:1001F00013F0080F1EBF10F8014BAD1C0C1B09D1EA
:100200006D1E58BF01F801CBFAD505E014F8016B5B
:1002100001F8016B6D1EF9D59142D6D370470000ED
:100220000023002400250026103A28BF78C1FBD8FF
:10023000520728BF30C148BF0B6070471FB511F08F
:1002400008FC9DE8030000F0CDF900F09DF91FBD0A
:1002500010B510BD00F0F6FA1146FFF7EFFF10F0F1
:10026000ABFE00F028FB03B4FFF7F2FF03BC00F085
:100270009FFA00000948804709480047FEE7FEE76B
:10028000FEE7FEE7FEE7FEE7FEE7FEE7FEE7FEE746
:1002900004480549054A064B70470000DD73000815
:1002A00089010008C8400020C8E00020C890002054
:1002B000C890002070B5064600F078F9056806F190
:1002C0000B0020F00704B4429CBF002070BD2B46F9
:1002D0006A68BAB11068A04210D304F108018842DC
:1002E0003CBF5068586007D35168101941601168CD
:1002F000091B016058601460101D70BD13465268E0
:10030000002AE7D12146284600F058F90028DED11E
:1003100070BD53EA020C00F069802DE9F04B4FF0FC
:100320000006002B1FBFB3FA83F503FA05F424FA85
:1003300005F65E4012BF1643B2FA82F502FA05F4E2
:10034000C5F120051EBF22FA05FC44EA0C04203545
:1003500056EA044C4FEA144418BF641C4FF00008DE
:100360004FF00009904271EB030C39D3002919BFFB
:10037000B1FA81F701FA07F6B0FA80F700FA07F64A
:10038000C7F120071EBF20FA07FC46EA0C062037FB
:10039000B6FBF4FCA7EB0507103F07F01F0BCBF1F2
:1003A00020062CFA06F60CFA0BFB44BFB3460026D7
:1003B000202FA4BF5E464FF0000B5BEA060C08BF7F
:1003C0004FF0010B19EB0B0948EB0608ABFB027C65
:1003D00006FB02CC0BFB03CCC01B71EB0C01C1E78D
:1003E0000B46024641464846BDE8F08B13B54FF038
:1003F00000004FF00001AFF30080BDE81C407047E3
:10040000032A40F2308010F0030C00F0158011F840
:10041000013BBCF1020F624498BF11F801CB00F818
:10042000013B38BF11F8013BA2F1040298BF00F86C
:1004300001CB38BF00F8013B11F0030300F0258029
:10044000083AC0F0088051F8043B083A51F804CB50
:10045000A0E80810F5E7121D5CBF51F8043B40F816
:10046000043BAFF30080D20724BF11F8013B11F821
:1004700001CB48BF11F8012B24BF00F8013B00F865
:1004800001CB48BF00F8012B704710B5203AC0F0EF
:100490000B80B1E81850A0E81850B1E81850A0E857
:1004A0001850203ABFF4F5AF5FEA027C24BFB1E8F0
:1004B0001850A0E8185044BF18C918C0BDE8104033
:1004C0005FEA827C24BF51F8043B40F8043B08BF3C
:1004D0007047D20728BF31F8023B48BF11F8012B03
:1004E00028BF20F8023B48BF00F8012B70474FF0AF
:1004F00000020429C0F0128010F0030C00F01B80F1
:10050000CCF1040CBCF1020F18BF00F8012BA8BFFE
:1005100020F8022BA1EB0C0100F00DB85FEAC17CC2
:1005200024BF00F8012B00F8012B48BF00F8012B75
:1005300070474FF0000200B51346944696462039A6
:1005400022BFA0E80C50A0E80C50B1F12001BFF48C
:10055000F7AF090728BFA0E80C5048BF0CC05DF8F2
:1005600004EB890028BF40F8042B08BF704748BF40
:1005700020F8022B11F0804F18BF00F8012B7047B4
:10058000704770477047000070B5064C7C44064DBC
:100590007D4403E0206820448047241DAC42F9D10B
:1005A00070BD0000881F0100881F010000487047CF
:1005B000C8010020704770477047704738B504463F
:1005C0000A4600206946AFF30080002808BF38BD06
:1005D00002460099204600F0F9F8012038BD0120BC
:1005E00000F015B9F8B5AFF30080054600200C46C1
:1005F000102000BF0646A819A0420DD93246694610
:100600000020AFF30080070008BF00F000F9009859
:10061000A04218BF0546C419FFF7C8FF056007468A
:10062000F01D20F007004619284600F00AF8B442F1
:1006300008BFF8BDA21B31463868BDE8F84000F09D
:10064000C5B800210160C0E9011070471020704753
:1006500070B50446051FFFF7A9FF0068002C14BF02
:10066000446870BD002C18BFAC423CBF2046646893
:10067000F8D301680A18AA4218BF456003D12A6856
:1006800005461144016028684119A1421CBF6C60F5
:1006900070BD6168696021680844286070BD2DE9FB
:1006A000F04791460C468046FFF780FF076860429E
:1006B00034EA000001D1042C02D20520BDE8F08705
:1006C000601E40F0070609F10B0020F007054D45BC
:1006D0009CBF0020BDE8F0873B467A6882B314686F
:1006E000101D404206EA000C644525D9A4EB0C001D
:1006F000854221D8BCF1000F0BD01046016862443E
:10070000A1EB0C01116041685160C0F800C0586055
:100710000346116805F10800814205D35019491BB1
:10072000016015605860034652F8040F58600020BD
:10073000C8F80020BDE8F08713465268002ACED1E1
:1007400029463846FFF73AFF0028C5D10620BDE804
:10075000F08710B500F036F8006810BD10B50446FB
:1007600000F030F8046010BD10B5002000F048F82B
:10077000FFF76EFDBDE81040012000F019B8000041
:1007800080E8FF1FC0F834D0C0F838E0C0F83CE083
:100790004FF00000704700BF80EC200B704700BF97
:1007A00080EC200B704700BFC0EC200B70470000AE
:1007B00001491820ABBEFEE7260002000048704742
:1007C000C001002000487047C00100200346406877
:1007D0008C46002818BF88423CBF03464068F8D3C7
:1007E00018681844884207D00CF1030020F0070075
:1007F000001D411A521A0146081D0A60FFF728BF62
:1008000010B500F067F8BDE8104000F05DB810B515
:1008100000F078F8BDE8104000F056B886469EE833
:10082000FF1FDEF834D0DEF83CE0704790EC200B80
:10083000704700BF90EC200B704700BFD0EC200B3E
:10084000704770477546FFF7B9FFAE460500694629
:10085000534620F00700854618B020B5FFF718FD75
:10086000BDE820404FF000064FF000074FF00008B1
:100870004FF0000BAC46ACE8C009ACE8C009ACE8EE
:10088000C009ACE8C00921F007018D46704770B57A
:10089000A0FB0140B4F1805170F1000024BF0020A2
:1008A00070BD2046FFF706FD05001CBF2146FFF77F
:1008B0001EFE284670BD10B50446AFF300802046EA
:1008C000BDE81040FFF7CFBC002801D0FFF770BF94
:1008D0007047000010B5002102A000F07BF8012055
:1008E00010BD0000534947414252543A2041626EC4
:1008F0006F726D616C207465726D696E6174696F81
:100900006E00000010B5012805D0002103A000F002
:1009100061F8012010BD09A1F8E7000053494752D2
:10092000544D454D3A204F7574206F6620686561BF
:1009300070206D656D6F7279000000003A20486587
:100940006170206D656D6F727920636F7272757062
:10095000746564000000000030B44FF0013C50F8B2
:10096000042B51F8043BCCFA52F4D51A20D1FCB92F
:1009700050F8042B51F8043BCCFA52F4D51A17D195
:10098000B4B950F8042B51F8043BCCFA52F4D51A00
:100990000ED16CB950F8042B51F8043BCCFA52F448
:1009A000D51A05D1002CDAD030BC4FF000007047CA
:1009B00029BAB1FA81F111F01801D1F12000844077
:1009C000F2D1CA40CB4012F0FF0213F0FF0330BC5B
:1009D000D01A704770B505460C460A2000E06D1C21
:1009E00000F011F835B128780028F8D102E0641C35
:1009F00000F009F814B120780028F8D1BDE8704063
:100A00000A20AFF3008008B569468DF80000032086
:100A1000ABBE08BDFEE70000034800F05DBA00BFB2
:100A2000014800F059BA00BF9C380020034800F08C
:100A300053BA00BF014800F04FBA00BFC4380020CD
:100A400010B504462068144A90420ED0134A9042D2
:100A500014D1134800220023046081622046002143
:100A60000AF00BFB20460C2104E00D48C4624165EE
:100A700020467021002200230AF0FFFA204600F0F1
:100A8000CEFC2046022100F0C6F820461021BDE829
:100A9000104000F0C0B800BF006800400064004093
:100AA000B003002080B588B002910021CDE9031188
:100AB000CDE9051302A901AB00F0C1F808B080BD73
:100AC000002070470020704710B50E4C05490022E9
:100AD000204607F0DFFC0449204607F0CDFC00204B
:100AE00010BD00BF902B00209023002010B5054CB6
:100AF0000146204607F0C0FC204607F098FC002085
:100B000010BD00BFC035002000207047014800F034
:100B10003BBD00BF20060020014800F035BD00BFEE
:100B200020020020014800F02FBD00BFA0040020DB
:100B3000014800F029BD00BFD0060020014800F0A8
:100B400023BD00BF80020020014800F01DBD00BF92
:100B500000050020014800F017BD00BFE0020020A2
:100B6000014800F011BD00BF30070020014800F02F
:100B70000BBD00BF6005002001686FF00F02182355
:100B800052FA81F2B2FBF3FC07A35F2A13F80CC000
:100B900040F2FF3321EA030188BF41F00401C0E9BC
:100BA000161C0846704700BF0006101600061016F7
:100BB0000D494FF0000C0A6842F080720A604FF451
:100BC0007A720A49C1F804C00B6843F001030B6054
:100BD000084B07494843B0FBF2F2B0FBF1F1C3E91F
:100BE0000002C3E9021C7047FCED00E0001000E0C9
:100BF00040420F00800400207047012000F08CBFAD
:100C0000082000F089BF102000F086BF202000F0EF
:100C100083BF72B6FEE790F82020013AD2B2012AD3
:100C200004D8006800F11402002004E000F124025E
:100C300001204FF48021136819431160704710B5EB
:100C400090F82040D0F800C0DCF808E0013CE4B2A5
:100C5000012C0ED81EF0E05F11D0CEF3016001240C
:100C600084401C60D1E9023E7BB14C6843EAC40376
:100C70000DE000F1240301204FF4802123E000F176
:100C8000240301204FF400111DE00B685B050CEB01
:100C9000001043EA0E03C0F880310B69C0F88431BC
:100CA00000F5C073097D012901BF00F5C2710C6810
:100CB00044F480740C605168C0F88C111168C0F85D
:100CC0008811002001211A681143196010BD00002D
:100CD00090F82020013AD2B2012A2BD8B0B533487F
:100CE000026842F001020260026822F47C52026053
:100CF0004A6A036843EA0222012302604C6904F055
:100D00001F0203FA02F2C3696FEA020C9343C36144
:100D1000CB69012B14D043BBC36800EBC40E03EABC
:100D20000C03C360CB688D8845EA0343CEF840309E
:100D30008E4612E0416A41F48021416201207047F1
:100D4000C36800EBC40E1343C3600D688B8843EA8D
:100D50000543CEF8403001F10C0E00EBC4038C6863
:100D6000BEF8005045EA04455D648B69456845EA74
:100D70000204002B08BF05EA0C0444600B694569B6
:100D800045EA0204002B08BF05EA0C044461096A25
:100D90000129BDE8B04002BFC1691143C1610168CA
:100DA00021F0010101600020704700BF0066004093
:100DB000704710B590F82040013CE4B2012C19D8DE
:100DC000D0F800C000290CBFDCF80C40DCF8104063
:100DD00014F0030F14D00CEB011CDCF8B0410CF53F
:100DE000D87E14F004049460DCF8B0410ED1640D98
:100DF00014600DE000F1240201204FF4802166E030
:100E000000F1240201204FF4001160E0E408546076
:100E1000DEF800400CF5DA7E04F00204D460DCF861
:100E2000B44114F0080F06BFDEF8004004F00F04D0
:100E3000082400291461DEF80040C4F307249461FB
:100E4000DEF800404FEA14445461DCF8B8211A700F
:100E5000026802EB0112D2F8B8214FEA12225A704E
:100E6000026802EB0112D2F8B8214FEA12429A70DE
:100E7000026802EB0112D2F8B8214FEA1262DA706E
:100E8000026802EB0112D2F8BC211A71026802EB6F
:100E90000112D2F8BC214FEA12225A71026802EB09
:100EA0000112D2F8BC214FEA12429A71026802EB99
:100EB00001124FF02001D2F8BC214FEA1262DA7120
:100EC000006800F1100208BF00F10C020020136856
:100ED0001943116010BD00002DE9F84F0446206849
:100EE0004669D0F804908768D0F80CB0D0F810A00C
:100EF000D0F8188016F0010F01D1002549E0F9075C
:100F00000ED001218160B80707D478071DD43807B7
:100F100021D4204600F0AFFA02E0204600F0ACFAFF
:100F20000025F8051CD520684FF480718160B80554
:100F300007D478050CD4380510D4204600F09DFA6B
:100F40000EE0204600F09AFA0AE04FF40065E8E768
:100F500045F4005504E04FF48055E2E745F4804540
:100F6000F80316D520684FF480318160B80307D4A8
:100F7000780309D438030AD4204600F080FA08E048
:100F8000204600F07DFA04E045F4004501E045F418
:100F90008035300707D51BF010001FBF20681021D7
:100FA000C16045F40075700708D51BF0080005D036
:100FB00020680821C160204600F0E2F9B00707D59B
:100FC0002068C06810F0030F1CBF204600F0DAF95B
:100FD000700607D51AF010001FBF206810210161AC
:100FE00045F48065B00608D51AF0080005D02068E1
:100FF00008210161204600F0E7F9F00607D52068D6
:10100000006910F0030F1CBF204600F0DFF9B003A9
:1010100008D519F0100005D0206810214160204645
:1010200000F0FCF9F00308D519F0080005D020689D
:1010300008214160204600F024FA300444D55FEADC
:1010400049703ED506F4807018F0020F08EA1020AF
:1010500040EA0500014618BF41F0020116F4007F86
:1010600008BF014618F0040F0D4618BF45F00405EF
:1010700016F4806F08BF0D4616F4006F18BF18F005
:1010800070001ED010380009052815D8DFE800F0E0
:101090000306090C0F1245F008050DE045F0100598
:1010A0000AE045F0200507E045F0400504E045F082
:1010B000800501E045F480752068816921F07001A8
:1010C00081612068042141603DB1606A284360620B
:1010D0002046BDE8F84FFFF76BBEBDE8F88FB0B50E
:1010E0000446C4B194F8200010B9204600F0B2F8CC
:1010F0002068016841F00101016000F0EDFD054646
:101100002068416811F0010F07D100F0E5FD401B98
:101110000B28F5D312E00120B0BD016821F00201D7
:10112000016000F0D9FD05462068416811F0020F0A
:101130000BD000F0D1FD401B0B28F5D3606A0521D0
:1011400040F400306062012044E0217E026822F019
:101150008003012908BF42F080030360617E0268BA
:1011600022F04003012908BF42F040030360A17E42
:10117000026822F02003012908BF42F02003036027
:10118000E17E026842F01003012908BF22F010033B
:101190000360217F026822F00803012908BF42F0A2
:1011A00008030360617F026822F00403012908BF7D
:1011B00042F004030360D4E901C2D4E90335616954
:1011C0001A432A431143ACF101021143C1610020CB
:1011D0000121606284F82010B0BD000080B5016874
:1011E00064488B4A91421BD08A4A914218BF80BD05
:1011F00062490A68013A0A6005D14FF451514258D8
:1012000022F00072425000F50060032100F018FC4B
:10121000142000F0C3FF1520BDE8804000F0BEBFE1
:101220004FF45151425822F080624250534A1368A1
:10123000013B136002BF425822F00072425060210D
:1012400000F0FEFB402000F0A9FF4120BDE88040F7
:1012500000F0A4BF10B586B0044601A81421FFF722
:1012600068F9226843484449694B9A423AD0694B2D
:101270009A427CD1414A13685C1C002B14600AD14D
:10128000002200920A6942F000720A610A6902F0C3
:1012900000720092009A002200F5006000920B6834
:1012A00043F008030B600223096801F00801009174
:1012B000009903210191CDE90232049109210591A0
:1012C00001A900F033FC14200021002200F086FF69
:1012D000142000F075FF15200021002200F07EFF91
:1012E000152042E04FF0000CCDF800C00B6943F030
:1012F00080630B610B6903F080630093009B1F4BBD
:101300001C68621C002C1A600AD1CDF800C00A6962
:1013100042F000720A610A6902F000720092009ABB
:10132000CDF800C00A6842F002020A60096801F0C4
:10133000020100910099602101910221CDE9021C76
:10134000032104910921059101A900F0EFFB402040
:101350000021002200F042FF402000F031FF412038
:101360000021002200F03AFF412000F029FF06B0E2
:1013700010BD00BF0004024030380240B00D002014
:1013800070470000B0B50168214A91420DD0214A52
:10139000914218BFB0BD204D00212C1D05F1200346
:1013A0002246FFF706FDA96A09E01B4D002105F161
:1013B000300405F14C032246FFF7FBFC696D204623
:1013C000BDE8B040084700BF70470000B0B50168F5
:1013D0000F4A91420DD00F4A914218BFB0BD0E4D39
:1013E00001212C1D05F120032246FFF7E2FCA96A2A
:1013F00009E0094D012105F1300405F14C032246B5
:10140000FFF7D7FC696D2046BDE8B040084700BF34
:101410000068004000640040B00300207047B0B591
:10142000044694F8200001281CD1022084F82000F2
:101430002068016821F00101016000F04DFC0546C3
:101440002068406810F0010F12D000F045FC401BEE
:101450000B28F5D3606A40F400306062052084F800
:10146000200003E0606A40F4002060620120B0BD0B
:1014700000206062B0BD704770477047704770478A
:101480007047704770B50446A66D00F025FC054610
:1014900094F83500022829D12068016821F016014E
:1014A0000160416921F080014161216C09B9A16CA1
:1014B00019B1016821F008010160016821F0010102
:1014C000016005E000F008FC401B052812D82068E8
:1014D000006810F0010FF5D1E06D3F2101FA00F036
:1014E000B060012084F83500002008E080206065AD
:1014F000012004E020206065032084F835000021ED
:10150000C0B284F8341070BD90F8351002291FBFA6
:101510008021416501207047052180F83510006861
:10152000016821F0010101600020704770B5044698
:101530002CB194F83500022803D1022621E00126BF
:101540001FE020680026016821F0010101602121CF
:10155000066046608660C660066141612046FFF70E
:101560000BFB054604F13C001821FEF7E2FFE06D9D
:101570003F2101FA00F0A860666584F8356084F8C0
:101580003460F0B270BD0000F8B5044600200821B8
:1015900000905C480568D4E916603768814039429C
:1015A0000DD02268136813F0040F08D0136823F0DD
:1015B00004031360B160616D41F0010161650121B7
:1015C0008140394209D02268526912F0800F1FBF52
:1015D000B160616D41F002016165042181403942D1
:1015E00009D02268126812F0020F1FBFB160616D4E
:1015F00041F00401616510218140394219D0206811
:10160000026812F0080F14D0B1600268016812F489
:10161000802F06D1C9055EBF016821F00801016075
:1016200001E0080301D4216C00E0A16C09B120465F
:101630008847E16D202000FA01F23A423CD0206850
:10164000036813F0100F37D0B26094F83530026899
:10165000052B19D122F016020260426922F08002A5
:101660004261226C0AB9A26C1AB1026822F0080227
:1016700002603F208840B060012084F835000020DF
:1016800084F83400216D39E0016852030CD4C90597
:101690000ED4016821F010010160012084F83500AA
:1016A000002084F8340003E0080301D4616C00E0FA
:1016B000E16B09B120468847606D10B3606D10F092
:1016C000010F1AD005214FF4165084F83510B5FBE0
:1016D000F0F021680A6822F001020A60009A0132E3
:1016E0008242009203D80A6812F0010FF6D101205D
:1016F00084F83500002084F83400E16C09B12046FC
:101700008847F8BDD80000202DE9F041044600F0DC
:10171000E3FA0546002C4DD0022084F83500002065
:1017200084F834002068016821F00101016005E0BF
:1017300000F0D2FA401B05283ED82068016811F05D
:10174000010FF5D101683A4AD4E9013504F10C08DA
:1017500001EA020C98E8C201D4E9072E43EA0C031F
:101760002B4319433143394341EA08011143626A6B
:1017700041EA0E03042A23D1D4E90B171943394354
:10178000016050F8141FD4E90A5E21F00701BEF190
:10179000000F41EA020145EA010C18D0B8F5005FDC
:1017A00026D0B8F1000F38D1022D39D0012D2ED01E
:1017B000B5B30CE0012218E003232021032222E02C
:1017C000036050F8141F21F0070141EA020CC0F831
:1017D00000C02046FFF7D0F9E16D3F22012302FA55
:1017E00001F10022816000210DE0D0B2BDE8F0815E
:1017F000032DECD80123402102EB85060122DFE80E
:1018000005F0020F0206616584F83530EDE7AEF1B0
:10181000C071B1FA81F1490904E0032D04D3D6D196
:10182000CEF300610029D2D0012340210122EAE752
:101830003F8010F02DE9F84F93460D46044600F026
:101840004BFA844694F83500022860D1206800687D
:1018500010F4807F62D11021002D00950BF1010A58
:101860004FF008074FF001064FF0040508BF202194
:10187000D4E9169001FA00F8D9F8001031E0BAF175
:10188000000F0ED0BBF1000F4DD0654600F024FADA
:10189000AC46042501260827A0EB0C00584542D889
:1018A000E06DD9F8001007FA00F20A421FBF636D1D
:1018B00043F001036365C9F8082006FA00F20A4202
:1018C0001FBF636D43F002036365C9F8082005FA82
:1018D00000F20A4205D0636D43F004036365C9F862
:1018E000082011EA080F04BF616D11F0010FC6D086
:1018F000616D19B1616D11F0010F21D1009979B3BA
:10190000102101FA00F0C9F80800002014E080203E
:101910006065002084F8340001200DE04FF48070F1
:101920006065012008E020206065012084F8350012
:10193000002084F834000320C0B201B0BDE8F08F6D
:101940002046FFF79FFDE06D302101FA00F00021F5
:10195000C9F80800012084F8350084F83410EBE75A
:10196000302101FA00F0C9F80800012084F83500A0
:10197000002084F83400DFE710B590F834C0BCF1E3
:10198000010F46D04FF0010CD0F858E080F834C079
:1019900090F835C0BCF1010F38D14FF0020C80F83F
:1019A00035C04FF0000CC0F854C0D0F800C0DCF8CF
:1019B000004024F48024CCF80040CCF80430836844
:1019C000402B0B4608BF1346CCF8083008BF0A4628
:1019D000CCF80C203F22C16D02FA01F1CEF80810BC
:1019E000DCF8001041F01601CCF80010006C28B1B2
:1019F000DCF8000040F00800CCF80000DCF8000043
:101A000040F00100CCF80000002003E0002180F845
:101A100034100220C0B210BD70B505466E1C00F037
:101A20005BF904461EB1B2480078054401E04FF06E
:101A3000FF3500F051F9001BA842FAD370BD00BF7A
:101A40002DE9FC4F964A08274FF000094FF0000A95
:101A50000026904208BF0727924A02444FEAB22369
:101A6000072B38BF4FEAB227012200910197102EB1
:101A700008BFBDE8FC8F02FA06F70F4244D08C4D38
:101A80004FEA960E09F00C0C0F21FF4301FA0CFBF4
:101A9000A5F57E7252F82E80019B08EA0B0403FA2A
:101AA0000CF39C4212D12B683B402B606B683B408F
:101AB0006B60814B1C683C401C60AB683B40AB607A
:101AC00052F82E3023EA0B0342F82E30036803222B
:101AD00002FA0AF29343036009F01C03724C01FA04
:101AE00003F304EA560505442C6A24EA03032B6237
:101AF000C3689343C36043683B404360836823EA01
:101B0000020282600122009909F104090AF1020A25
:101B10000136ACE77047000003490A6802421CBF67
:101B20000860FFF7F7BF7047143C01402DE9FC4FF8
:101B30005B4A08274FF0010E4FF0030A4FF0000BED
:101B40004FF00008904208BF0727564A02444FEA68
:101B5000B223072B38BF4FEAB22700970027102F78
:101B600008BFBDE8FC8F0A680EFA07F4224200F0B5
:101B700090804B6803F00302551E012D15D8D0F854
:101B800008C00AFA08F52CEA050CCD6805FA08F534
:101B900045EA0C058560C3F3001505FA07FC4568A6
:101BA000A54345EA0C05456001E0032A1DD0C6683F
:101BB0000AFA08F5022A26EA05068D6805FA08F5EC
:101BC00046EA0506C66010D1374D0BF01C020F2304
:101BD000934005EA57060644356A25EA03030D6972
:101BE00005FA02F21A4332624B68056803F00302F9
:101BF0000AFA08F613F4403F02FA08F225EA06064C
:101C000042EA0602026044D000220192274A136889
:101C100043F480431360126802F48042019227F07B
:101C20000302234B019E234D0BF00C0602EB03092C
:101C30000F2259F805C002FA06FE009A2CEA0E0C93
:101C400002FA06F64FF0010E46EA0C0649F8056066
:101C50009A684E68A24316F4801F18BF224316F4F8
:101C6000001F9A60144A156825EA040518BF254329
:101C700016F4003F15605A6822EA040218BF224396
:101C800016F4803F5A601A6822EA040218BF224301
:101C90001A600BF1040B08F1020801375FE700BF7F
:101CA000001C02400000FEBFFCFFFF7F44380240E2
:101CB000003C014008FCFFFF0C3C0140426902EA85
:101CC0000103914341EA034181617047002A08BF43
:101CD0000904816170470000E2488068704700BFD6
:101CE000E0480078704700BFDE484068704700BF9A
:101CF0000000002010B504466CB394F8410028B9E8
:101D0000002084F84000204604F022F9242084F8C2
:101D100041002068C16821F40051C160204606F0EE
:101D200009F92068016921F490410161416921F0BC
:101D300022014161416941F008014161C16841F4FA
:101D40000051C16000202021606484F8411084F8B3
:101D50004210606310BD012010BD0000B0B5044604
:101D60002CB394F83D0028B9002084F83C002046AC
:101D700000F0ACF8242084F83D002068016821F0D0
:101D800001010160016841F400410160016821F432
:101D90000041016001F01AF965684849484A8D42DE
:101DA0003CBF48F28042C0F21E02904201D20120A4
:101DB000B0BD4449B0FBF1F2216801384B6823F013
:101DC0003F0313434B600B6A23F03F0C3B4B9D4298
:101DD00021BF4FF4967312FB03F24FF47A73B2FBF8
:101DE000F3F201324CF6FF7342EA0C020A62CA694E
:101DF00022EA030C344A954209D86A00B0FBF2F09B
:101E000001306FF31F30042898BF04202DE0D4F870
:101E100008E0BEF1000F08D0192204236A43B0FB8A
:101E2000F2F2013263F31F3206E005EB4502B0FB2C
:101E3000F2F201326FF31F3212050BD0BEF1000F28
:101E40000AD019226A43B0FBF2F00422013062F397
:101E50001F3008E0012008E005EB4502B0FBF2F07E
:101E600001306FF31F3040F4004040EA0C00C861BD
:101E70000868D4E9072320F0C000104348F2FF327D
:101E80001843086088689043D4E90323184310433B
:101E90008860C868D4E9052320F0FF001043184388
:101EA000C860086840F0010008600020202120641C
:101EB00084F83D10206384F83E00B0BDA186010087
:101EC00000093D0040420F00A08601002DE9F04FBF
:101ED00087B0044602A81421FEF72BFB20683E4E73
:101EE000B04275D1002102AD4FF012094FF0010A46
:101EF0004FF0030B4FF004080191384F386840F061
:101F000004003860386800F00400019001980191E5
:101F10002946386840F001003860386800F0010058
:101F2000019001984FF40070029006F5D630CDF87C
:101F30000C90CDF810A0CDF814B0CDF81880FFF7B4
:101F4000F5FD4FF4807002A981E8010E06F5D2304C
:101F50002946CDF818804FF00008FFF7E7FDCDF8CF
:101F600004801F4D4FF480691421386940F400004B
:101F7000386138694FF0C06700F4000001900198A3
:101F8000184E05F1140085E8C001C5E90389FEF784
:101F9000D0FA2846FFF7B8FB08B1FEF73AFEA56372
:101FA000AC63114D06F130004021C5E9000705F191
:101FB000080080E8020305F114001421FEF7B9FAC5
:101FC0002846FFF7A1FB08B1FEF723FE6563AC636B
:101FD00007B0BDE8F08F00BF005C00403038024021
:101FE0002002002040600240A00400201D4801782B
:101FF000826811448160704780B50B48016841F4E4
:1020000000710160016841F480610160016841F480
:1020100080710160032000F00DF90F2000F006F838
:1020200000F060F8002080BD003C024070B50D4E0D
:1020300004464FF47A713078B1FBF0F00A49096830
:10204000B1FBF0F002F092F901250F2C08D838B955
:102050004FF0FF3021460022002500F0BFF87460E9
:10206000284670BD00000020D8000020B0B504460E
:102070000D46A4B394F8410028B9002084F840002C
:10208000204603F065FF242084F841002068C168E1
:1020900021F40051C160204605F04CFF2068016921
:1020A00021F400610161416921F02A014161016966
:1020B00041F480410161016921F020010161016960
:1020C00029430161C16841F40051C1600020202111
:1020D000606484F8411084F842106063B0BD012050
:1020E000B0BD000082B0002001900B494A6842F464
:1020F00080424A604A6802F480420192019A00904C
:10210000086840F080500860086800F08050009037
:10211000009802B0704700BF4038024070B50446D6
:1021200015460E46BCB394F8410028B9002084F847
:102130004000204603F00CFF242084F84100206872
:10214000C16821F40051C160204605F0F3FE20680B
:10215000016921F490410161416921F02A01416145
:10216000016921F00F010161016931430161C16819
:1021700021F40061C160C1682943C160C16841F4B4
:102180000051C16000202021606484F8411084F86F
:102190004210606370BD012070BD000000280CDBA0
:1021A00000F01F010122400902FA01F1034A42F83E
:1021B0002010BFF34F8FBFF36F8F704780E100E0B7
:1021C000002808DB00F01F010122400902FA01F19A
:1021D000014A42F82010704700E100E0B0B5144C0D
:1021E0001A4D00F00F03B0F1FF3FA3F104032B449D
:1021F00003F10C03C8BF03192868C0F30220051DB2
:10220000C41E80F00700072D4FF0010538BF0024E1
:10221000042828BF042005FA00F00138084005FA18
:1022200004F10F31A0401140084300011870B0BD07
:1022300000E400E005494FF6FF030A681A4060F326
:102240000A22034810430860704700BF0CED00E00D
:102250000000FA0570470068416200207047D0F81E
:1022600000C00029DCF824001BD080B5DCF8283041
:10227000A1F1010E00EB1343002006E00CEB8101FD
:102280000130D1F8041103EB1143C1B28E45F5D8EA
:102290000CEB8E0043EA0241C0F80411BDE8804017
:1022A00003E040EA0240CCF8280000207047D0F854
:1022B000E00406F05DBB01EBC10200EB8202D0F846
:1022C000E004126A06F0BCBA01EBC10200EB820224
:1022D000D0F8E004D2F8602206F00BBBD0F8E0049E
:1022E00006F048BB01F00F0211F0800F02EBC202B2
:1022F00000EB820303F1140208BF03F515720068B6
:10230000114607F075BA10B50A46044602F00F00F0
:1023100012F0800F00EBC00104EB810303F1140104
:1023200008BF03F51571C2F3C0124A70087094F823
:102330009404012801D1022008E0012084F89404CB
:10234000206806F0E5FF002084F89404C0B210BDB8
:10235000B0B504460A46217902F00F00884201D93F
:1023600001251FE000EBC00112F0800F4FF00005C7
:1023700004EB810303F1140108BF03F51571C2F3E7
:10238000C0124A708D70087094F89404012801D12D
:10239000022507E0012084F89404206807F01CF966
:1023A00084F89454E8B2B0BD01F00F0101EBC10113
:1023B00000EB8100D0F86802704770B50C46064605
:1023C0006FF3DF2204F00F0014F0800C00EBC0016B
:1023D00006EB810505F1140108BF05F51571C4F37D
:1023E000C015BCF1000F4D7008708A600B7118BFEA
:1023F0004883022B04BF0020487196F894040128FA
:1024000001D1022008E0012086F89404306806F02B
:10241000C1FE002086F89404C0B270BD80B501F002
:102420000F0E0EEBCE0100EB810C0021CCE99823BE
:10243000CCF868128CF855128CF854E20CF5157132
:102440008379012B08BFCCF870221A46006807F088
:10245000F9F8002080BDB0B5044601F00F05012059
:10246000227995422AD801EBC10211F0800F04EBCA
:10247000820305EBC50204EB820202F1140208BFDD
:1024800003F51572C1F3C01151709070157094F876
:102490009404012801D1022010E00120114684F8A3
:1024A0009404206807F0B1F82DB9A179206804F2EE
:1024B0009C4207F065F8002084F89404C0B2B0BDD7
:1024C00080B501F00F0E0EEBCE0100EB810C002168
:1024D000CCE90823CCF8281001218CF815106146AE
:1024E00001F814EF8379012B08BFCCF830201A468D
:1024F000006807F0A7F8002080BD00002DE9F04F2C
:1025000089B08146D9F80040204607F010FA10B192
:1025100009B0BDE8F08FD9F8000007F0CFFB002824
:10252000F6D0D4F80808C0F30D20C9F8D404D9F8BF
:10253000000007F0C3FB0146D9F8000011F0020FBC
:102540001EBF416901F00201416104F5006104917F
:1025500007F0B4FB0146D9F80000069411F0100F03
:1025600040D0816921F010018161246AC4F34340A5
:1025700004F00F0506281DD002282CD147F6F07074
:10258000044028D005EBC50009EB8005D5F86012A2
:10259000C4F30F12069807F095FBD5F8600200EB24
:1025A0001410C5F86002D5F8680200EB1410C5F8E5
:1025B000680210E0069809F29C41082207F082FBAD
:1025C00005EBC50009EB8000D0F86812C4F30A12CD
:1025D0001144C0F86812D9F80000816941F0100177
:1025E0008161069C07F06AFB10F4002FCDF8209063
:1025F00000F0DA80D9F8000007F03FFB064609F248
:102600009C4009F51D7A4FF430684FF0000B05909F
:10261000C7E0F00700F0BA80D9F800005FFA8BF14C
:10262000079107F043FB0746E24817F0010F814688
:1026300057D004EB080001218160089D286808EB51
:102640000001036C8A68AD79012D24D110072DD4C7
:10265000900644D412F0280F43D14846834202D357
:1026600012F4004028D1DAF800000969B8F5306F9B
:102670006FF3DF41A0EB01004AF80C0C2AD1089A55
:10268000D2F86412002900F08980D2F86012084460
:10269000C2F860021EE04D46FF35AB420FD1100478
:1026A0000AD4900644BF2020886013E04846834245
:1026B00017D312F4004014D04FF4004010E0B8F5E6
:1026C000306F07D10899D1F8641219B90021059A21
:1026D00006F056FFDDE90710FFF7F6FD01E02020C8
:1026E0008860380723D504EB08000821A9F101040C
:1026F00081600898016808EB01000D6C816811F495
:10270000004F04D0A54284BF4FF400418160089877
:1027100000F081FBA542069C09D908988079012820
:1027200005D10898059A0121006806F029FFF806EE
:1027300042BF04EB080010218160B80717D560691B
:1027400010F0800F1FBF0499486840F48060486013
:102750001AF81D0C012806D100200AF81D0CDDE92D
:10276000071000F07FFA04EB080002218160B80630
:1027700042BF04EB080020218160B804DDF82090FE
:1027800042BF04EB08004FF4005181600AF1240AB3
:1027900008F1200876080BF1010B02E01068012116
:1027A00095E7002E7FF435AFD9F8000007F086FAE0
:1027B000DDF810A010F4802F00F0D080D9F80000D0
:1027C00007F054FA054609F29C400023029004F5F4
:1027D00010600590BFE0E80700F0BA80D9F800006B
:1027E000DFB20793394607F04FFA044614F0010FA1
:1027F0002AD0079BDAF83410012203F00F0002FA06
:1028000000F021EA0000CAF83400059800EB4310FC
:10281000826099F80600012812D103EBC300002B57
:1028200009EB8000D0E907121144016208D1D9F800
:10283000240028B9D9F80000029A012106F0A0FE70
:1028400048463946FFF737FD079B200741BF0598EB
:1028500000EB431008218160E00641BF059800EBC2
:10286000431010218160600641BF059800EB4310C2
:1028700040218160A00718D50698194607F023F873
:10288000079B03EBC30009EB800010F8171F012919
:1028900006D1002101704846394600F0DFF9079B58
:1028A0000598022100EB43108160200650D503EB10
:1028B000C30009EB800BD84658F8240F464656F85B
:1028C000042F904244D30395851A5BF81C1FD9F856
:1028D00000408D420BF1040988BF0D4604EB431103
:1028E00001F5106A19E0089DDBF80030D9F80010F6
:1028F000AD790095851A20463A469D4288BF1D460F
:10290000ABB207F02BFBD9F800002844C9F800004F
:10291000306842193260D8F80000DAF8181030B187
:10292000904204D9EB1C89B29B089942DBD2DDE9C5
:10293000035ADDE9073990420AD803F00F0001215C
:1029400001FA00F0D4F8341821EA0000C4F8340881
:10295000069C6D080133002D7FF43DAFD9F80000CF
:1029600007F0ACF9002802DBD9F800001AE0DAF829
:10297000040020F00100CAF8040099F8CC040128F2
:1029800007D10020002189F8CC044846FFF762FCFB
:1029900002E0484600F023FAD9F80000416901F04E
:1029A0000041416107F08AF910F4006F04D1D9F8B1
:1029B00000000FE00B30544FDAF8080010F0010F60
:1029C0001CBF484600F050FAD9F80000416901F4F4
:1029D0000061416107F072F910F4805F02D1D9F80B
:1029E00000005BE0D4F80408102120F00100C4F8D6
:1029F0000408D9F8000006F066FF99F8041004F501
:102A000010604FF67F3214E082600139036823F4CE
:102A100000130360C0F80822D0F8003223F400133A
:102A2000C0F80032D0F8003243F00063C0F8003242
:102A300020300029E8D1DAF81C0040F00110CAF873
:102A40001C0099F80F0040B1DAF8840040F00B0048
:102A5000CAF884000AF1440008E0DAF8140042F2EF
:102A60002B010843CAF814000AF11000016809F2AA
:102A70009C4241F00B010160DAF8000020F4FE6096
:102A8000CAF8000099F80610D9F8000006F078FDA1
:102A9000D9F80000416901F48051416107F00EF955
:102AA0000146D9F8000011F4005F1AD006F0B0FB1F
:102AB000D9F8000006F02CFF89F80700D9F800408B
:102AC00000F080FA99F807200146204607F068F9DF
:102AD000484600F06FF9D9F80000416901F400514F
:102AE000416107F0EBF810F0080F02D1D9F80000AF
:102AF00008E0484600F077F9D9F80000416901F094
:102B00000801416107F0DAF810F0800F17D006983D
:102B1000012440F27B250146886920F0800088610D
:102B200009E019F80500012803D1E1B24846FFF792
:102B3000D9FB2435013499F804008442F1D3D9F843
:102B4000000007F0BBF810F4801F02D1D9F8000094
:102B500022E0069809F13B040126012700F51265E1
:102B600010E02868B0F1FF3F09DC6078012806D149
:102B700047F080002670C1B24846FFF7B3FB24340B
:102B80002035013799F804008742EAD3D9F80000CC
:102B9000416901F480114161069C07F08FF810F43F
:102BA000001F02D1D9F8000032E099F8042009F59D
:102BB0001F7004F53261012301271AE00E68B6F197
:102BC000FF3F13DC0578012D02BFD9F8D45485EA04
:102BD00016465FEAC67609D100F8013CA66946F0C0
:102BE0008006A661666916F0800F05D0243020317A
:102BF00001379742E2D305E0DAF8040040F40070B0
:102C0000CAF80400D9F80000416901F400114161DB
:102C100007F054F810F0804F02D1D9F8000008E016
:102C20004846FFF744FBD9F80000416901F08041B4
:102C3000416107F043F810F0040F3FF469ACD9F894
:102C40000000446814F0040F04D04846FFF746FB28
:102C5000D9F8000041682143416059E4D0F8E0040C
:102C600005F0DFBED0F8E00405F0F3BEBCB50446C5
:102C7000002C50D0256894F8950428B9002084F8D9
:102C80009404204600F054F80320B5F1A04F84F8D6
:102C9000950404BF0020A071206806F06BFC94E846
:102CA0000F00257C009506F0C3FA88BB2068002140
:102CB000002507F033F858BB20794FF0010C0022B3
:102CC0000DE0D90051FA82F104EB810181F815C0C1
:102CD0000A75CB850D76C1E907554D620132D3B235
:102CE0008342EED304F515710022002307E04A70F9
:102CF0000B700A71C1E902220A6124310133984242
:102D0000F5D194E80F00257C009506F05FFB30B10B
:102D1000022084F895040125284602B0B0BD0025A4
:102D20000120657484F89504206806F041FBF3E700
:102D3000B0B586B0044601A81421FDF7FAFB20685F
:102D4000B0F1A04F2FD1002501A90095174C2068A4
:102D500040F001002060206800F001000090009821
:102D60004FF4C05001900220CDE9020503200490E9
:102D70000A2005900E48FEF7D9FE60680021002267
:102D800040F0800060600095606940F480406061C0
:102D9000606900F48040009000984320FFF71EFA1D
:102DA0004320FFF70DFA06B0B0BD00BF3038024037
:102DB0000000024010B50446E07928B1022818BF8F
:102DC000FDF727FF012100E00021D4F8E00405F021
:102DD000C6FED4F8E004BDE8104005F075BED0F89A
:102DE000E00405F0A3BED0F8E00405F0A9BE10B5DC
:102DF000044694F89404012801D1022009E001203E
:102E000084F894046174206806F0B9FF002084F807
:102E10009404C0B210BDD0F8E02400F29C411046EA
:102E200005F0B2BE10B5044694F89404012801D10F
:102E3000022016E02068012184F89414C16811F082
:102E4000400F06D0617B012902BF816B41F48031C4
:102E5000816306F00FFD206806F09CFA002084F8DC
:102E60009404C0B210BD000010B50446D4F8E004CC
:102E700005F0DCFE2068D0F8001E41F00101C0F82A
:102E8000001EE07A20B10348016841F006010160AC
:102E900010BD00BF10ED00E02DE9F041044688466A
:102EA000002C00F08480444FD7F8000400F00700A5
:102EB000404507D287F80084D7F8000400F00700E7
:102EC000404574D1206810F0020F11D0410742BF75
:102ED000B96841F4E051B960010742BFB96841F4F3
:102EE0006041B960B968A26821F0F0011143B9608E
:102EF000C0072BD06068811E022904D2396811F006
:102F0000007F0BD153E0012804D1396811F4003F50
:102F100004D14CE0396811F0020F48D0B96821F0B3
:102F200003010843B860FEF7D7FE064641F2883534
:102F3000B868616800F00C00B0EB810F06D0FEF7B6
:102F4000CBFE801BA842F3D9032031E0D7F8000460
:102F500000F00700404507D987F80084D7F800043F
:102F600000F00700404522D1206810F0040F05D082
:102F7000B968E26821F4E0511143B960000706D551
:102F8000B868216920F4604040EAC100B86000F0F0
:102F900037F8B968094AC1F30311515CC8401549B3
:102FA000086007480068FFF741F8002000E00120B2
:102FB000C0B2BDE8F08100BF00380240481D0108E2
:102FC000040000200B480068704700BF09480B4A06
:102FD000006809490968C1F38221515CC840704703
:102FE0000448064A006804490968C1F34231515C4B
:102FF000C8407047D800002008380240581D01081A
:1030000010B5F04C606800F00C011248082904D09B
:10301000042904BF104810BD10BD226820680E4965
:10302000002310F4800F02F03F0204BF42F200417F
:10303000C0F2F4012068C0F38810A1FB0001FDF785
:1030400068F921680222C1F3014102EB4101B0FBA2
:10305000F1F010BD0024F400001BB7002DE9F84F7B
:103060008246BAF1000F00F064819AF80000D44E55
:10307000D44FC0074AD0786800F00C00042807D16C
:10308000306810F4003F41D0DAF80400F0BB50E1A2
:10309000786800F00C00082803D1386810F4800F1D
:1030A000EED1DAF80480B8F5803F06D03068B8F584
:1030B000A02F13D140F480203060306840F480307D
:1030C0003060FEF709FE0546306810F4003F1DD160
:1030D000FEF702FE401B6428F6D9C3E020F48030DE
:1030E0003060306820F480203060FEF7F5FD054642
:1030F000B8F1000FE8D1306810F4003F06D0FEF7B9
:10310000EBFD411B03206429F5D913E19AF8000077
:10311000AD4C800731D5786810F00C0F1CD0786862
:1031200000F00C00082804BF386810F4800F13D09A
:10313000DAF80C00002800F0978001202060FEF7EC
:10314000CBFD0546306810F0020F0ED1FEF7C4FD2E
:10315000401B0228F6D985E0306810F0020F1CBF32
:10316000DAF80C00012840F0E4803068DAF810103A
:1031700020F0F80040EAC10030609AF80000000733
:1031800022D5DAF8140078B10120C4F8800EFEF7D9
:10319000A3FD0546386F10F0020F15D1FEF79CFD18
:1031A000401B0228F6D95DE00020C4F8800EFEF72F
:1031B00093FD0546386F10F0020F05D0FEF78CFD29
:1031C000401B0228F6D94DE09AF80000A3464007BC
:1031D0007CD5F86B4FF0000810F0805F0CD1CDF873
:1031E00000804FF00108F86B40F08050F863F86BF6
:1031F00000F08050009000987448305810F4807FA0
:1032000012D17248315841F480713150FEF764FD9B
:1032100005466E48305810F4807F05D1FEF75CFDFE
:10322000401B0228F5D91DE0DAF80890B9F1010F2A
:1032300006D0F86EB9F1050F27D140F00400F8660A
:10324000F86E40F00100F866FEF746FD054641F2D3
:103250008834F86E10F0020F31D1FEF73DFD401BAF
:10326000A042F6D9032065E000202060FEF734FD7F
:103270000546306810F0020F3FF47FAFFEF72CFDDB
:10328000411B03200229F4D954E020F00100F86624
:10329000F86E20F00400F866FEF71EFD0546B9F151
:1032A000000FD4D141F28839F86E10F0020F06D029
:1032B000FEF712FD411B03204945F5D93AE0B8F16C
:1032C000010F02BFF86B20F08050F863DAF8184065
:1032D000002C72D0786800F00C0008282ED1012C48
:1032E00027D03868DAF81C1000F480028A4220D116
:1032F000DAF8201000F03F028A421AD1DAF82420CE
:1033000047F6C0710140B1EB821F12D1DAF82810E4
:103310004FF6FF72C903914300F44032A1F58031AA
:103320008A4206D1DAF82C1000F07060B0EB016F21
:1033300043D00120C0B201B0BDE8F08F0020CBF82F
:103340006000FEF7C9FC0546022C0BD15C463068D4
:1033500010F0007F11D0FEF7BFFC411B03200229B3
:10336000F5D9E7E7306810F0007F26D0FEF7B4FC0F
:10337000411B03200229F5D9DCE70AF11C052FCDFA
:103380000843D90340EA82104FF6FF72914340EAA6
:103390000560A1F580310843386001202066FEF702
:1033A0009BFC0446306810F0007F06D1FEF794FCC9
:1033B000011B03200229F5D9BCE70020BAE700BFB2
:1033C0000038024004380240000047420038FEFF47
:1033D0001FB50446904845F6C0510068B0FBF1F0B7
:1033E000642148430290029803902168486820F0C5
:1033F00020004860486810F0800F11D08748606452
:10340000039838B103980138039094F851000728C5
:10341000F6D103E0606D40F04000606502980390D3
:10342000486810F0400F11D07D482064039838B1EF
:1034300003980138039094F851000728F6D103E06F
:10344000606D40F04000606502980390486810F09D
:10345000020F1CBFA06C002819D000210165FEF7E7
:1034600011F808B1402060652168486820F002002A
:103470004860039838B1039801380390886810F0C9
:10348000020FF6D003E0606D40F0400060654868D0
:1034900010F0010F1CBFE06C00280FD00021016567
:1034A000FDF7F0FF08B1402060652168086820F052
:1034B00040000860486820F00100486000234FF099
:1034C000010CE387E386606D40284FF001001CBFCC
:1034D000636500200193CA6801928A680192019A8B
:1034E000019389680191019984F851C004B010BD1D
:1034F000704700007FB50446474845F6C051006854
:10350000B0FBF1F0642148430290029803902168D7
:10351000486820F020004860486810F0800F11D003
:103520003E486064039838B103980138039094F8DA
:1035300051000728F6D103E0606D40F0400060655F
:1035400002980390486810F0400F11D0344820646E
:10355000039838B103980138039094F85100072874
:10356000F6D103E0606D40F0400060650298039082
:10357000A06C30B14A682B4B12F0020208BF134610
:103580000365E26C32B14B68274E13F0010308BFAC
:103590001E4616654968012611F0020F18BF002863
:1035A00008D0FDF7B1FF002620B1A06C06654020D1
:1035B000012660652068406810F0010F1CBFE06CB8
:1035C000002807D0FDF7A0FF002508B3E06C0565D3
:1035D000402060650025012E1AD1E587E58601258A
:1035E0000120616D40294FF000011CBF0025656579
:1035F00001912268D368019393680193019B019123
:1036000091680191019984F851002046FFF770FFFD
:10361000284604B070BD00BFD8000020E96B000848
:10362000916B0008716F0008256E0008704700005C
:103630001CB5044620684168826811F0400F05D02F
:1036400002F04103012B01D1216C05E00B0607D5E7
:1036500012F0020304D0616C2046BDE81C4008470C
:103660008B0661D512F4B0735ED012F0400316D011
:1036700094F85130032B07D100210191C1680191C9
:103680008068019001984FE0636D43F00403636527
:1036900000230193C368019383680193019B02F4A3
:1036A000807312F020020CD0626D42F0010262655C
:1036B0000022019282680192026822F040020260B8
:1036C000019A43B1626D42F00802626500220192E4
:1036D00082680192019A626D32B34268890722F0D2
:1036E000E00242604FF0010284F851201DD0416891
:1036F00021F003014160E06C40B10E490165FDF726
:1037000003FF18B1606D40F040006065A06C58B1D7
:1037100008490165FDF7F8FE002808BF1CBD606D73
:1037200040F0400060651CBD1CBD2046BDE81C404B
:10373000FFF77CBF7D6D000870B504464CB1D4F82E
:1037400024C0BCF1000F06D00021216104F1140156
:1037500007E0012550E06168B1F5827F03D004F1F4
:103760001C0100220A6000254FF0000EA56294F8AB
:10377000511041B9204684F8505000F03FF8D4E988
:1037800009C101F4005E022284F851202268136806
:1037900023F040031360D4E90130D4E9031603F4A5
:1037A000827300F4044001F400611843084306F0FA
:1037B00002010843616901F001010843A16901F4B4
:1037C00000731843E36903F038031843236A03F0D6
:1037D0008003184340EA0E001060042000EA114004
:1037E0000CF0100108435060D06920F40060D061F3
:1037F0000120656584F85100284670BD2DE9F04F21
:1038000087B0044602A81421FCF793FE2068424FBB
:10381000B8427DD1002602AD4FF002094FF0010AF7
:103820004FF003084FF0050B01963C48416941F405
:1038300080514161416901F48051019101990196E2
:10384000016841F002010160016801F0020101918B
:1038500001990196016841F0010101602946006863
:1038600000F00100019001981820029007F55440E3
:10387000CDF80C90CDF810A0CDF81480CDF818B08C
:10388000FEF754F9802002A981E8010607F55040AF
:103890002946CDE9058BFEF749F9214D214F4FF01F
:1038A000C06A4FF480694FF440304FF0040BC5E913
:1038B000007AC5E90266C5E90496C5E90666C5E968
:1038C000080B2846C5E90A862E63FDF71DFF08B1DF
:1038D000FDF79FF9E564AC63134D07F11800402133
:1038E000C5E9000A05F1080080E842024FF4003003
:1038F000C5E90566EE61C5E9080B2846C5E90A86F3
:103900002E63FDF701FF08B1FDF783F9A564AC63F1
:1039100007B0BDE8F08F00BF0030014030380240F2
:103920008002002040640240000500202DE9FC4197
:1039300004461D4617460E4694F85100012811D141
:10394000012086B17FB16068B0F5827F04BFA068B6
:10395000002800F08F80FEF7BFF9804694F85000F1
:10396000012804D10220C0B202B0BDE8F0810120DC
:1039700084F85000042084F8510000206065A6639C
:10398000A787E7872063A086E086C4E91000A168C6
:103990002068B1F5004F07D1016821F040010160B6
:1039A000016821F48041016001686E1C11F0400F34
:1039B00002BF016841F040010160E06800BB43E0E4
:1039C0002068816811F0010F12D1FEF785F9A0EB94
:1039D00008003146A8424FF0000028BF0120002E09
:1039E00018BF0121002D52D00840012808D14EE017
:1039F000C068A16B21F8020BA163E08F0138E0875A
:103A0000E08F0028DCD122E02068816811F0010FEE
:103A100011D1FEF761F9A0EB08003146A8424FF042
:103A2000000028BF0120002E18BF01217DB30840EF
:103A3000012809D12BE0007BA16B0870A06B01303D
:103A4000A063E08F0138E087E08F0028DCD12046BA
:103A50002946424603F0D0FA08B1202060650120D3
:103A600084F85100002084F85000606D002818BFD1
:103A7000012078E70420314632463B4684F8510065
:103A80002046009500F0A4F902B0BDE8F0810120C5
:103A900084F85100002084F85000032063E7000000
:103AA00010B5044613460A4694F85100012815D172
:103AB0000120A2B19BB1A06860B96168B1F5827FB5
:103AC00008D10420114684F851002046BDE810407A
:103AD00000F08ABA94F85010012902D10220C0B235
:103AE00010BD01214FF0000CB0F5004F84F85010CC
:103AF0004FF0040184F85110C4F854C0A263A387A6
:103B0000E387C4E910CCA4F834C0A4F836C0216817
:103B100007D1086820F040000860086820F4804061
:103B20000860E06C144B0C310364144BC363144BFA
:103B3000C0E9133CE38FFDF71FFF40B1606D40F01B
:103B400010006065002084F850000120C7E721685C
:103B5000086810F0400F02BF086840F0400008609D
:103B6000002084F850004A6842F020024A604A6807
:103B700042F001024A60B2E7A76D0008B96D000883
:103B8000896D0008134690F85120012A15D10122B1
:103B9000A1B19BB1D0F808C0BCF1000F09D14268B7
:103BA000B2F5827F05D1042280F851200A4600F048
:103BB000A3BA90F85020012A02D10222D0B2704755
:103BC000012280F85020042280F851200022426512
:103BD00081638387C38702638286C2864264114AF7
:103BE000114BC168002918BF1346BCF5004F036490
:103BF000016807D10A6822F040020A600A6822F4CC
:103C000080420A600A6812F0400F02BF0A6842F060
:103C100040020A60002280F85020486840F06000AE
:103C20004860CBE7F57000081371000870477047D3
:103C30002DE9FC411D4616460F460446FEF74CF89A
:103C4000804694F85100012806D101202FB126B1F9
:103C500094F85000012804D10220C0B202B0BDE89F
:103C6000F081012084F85000032084F851000020E6
:103C700060652763A686E686A063A087E087C4E91F
:103C80001000A1682068B1F5004F07D1016821F04C
:103C900040010160016841F480410160016811F058
:103CA000400F02BF016841F0400101606268E368B3
:103CB000711EB1FA81F14909B2FA82F2B3F5006FCF
:103CC0004FEA521241EA02012ED1012906D137F8FA
:103CD000021BC1602763E08E0138E0866E1C1FE086
:103CE0002068816811F0020F12D1FDF7F5FFA0EBFB
:103CF00008003146A8424FF0000028BF0120002EE6
:103D000018BF0121002D5BD00840012808D157E0E1
:103D1000216B31F8022BC2602163E08E0138E0860E
:103D2000E08E0028DCD12EE0012907D1397801731B
:103D3000206B01302063E08E0138E0866E1C1FE0AE
:103D40002068816811F0020F11D1FDF7C5FFA0EBCB
:103D500008003146A8424FF0000028BF0120002E85
:103D600018BF012165B30840012809D128E0216B63
:103D700009780173206B01302063E08E0138E08602
:103D8000E08E0028DCD120462946424603F060F947
:103D900008B120206065A06838B900200190206833
:103DA000C1680191806801900198012084F8510058
:103DB000002084F85000606D002818BF01204CE7F7
:103DC000012084F85100002084F85000032044E7CB
:103DD0002DE9F8431E4615460F460446FDF77CFFC5
:103DE00094F85110814601290BD06068B0F5827FAC
:103DF00015D104294FF0020004BFA168002940F04A
:103E0000CC800120002F00F0C880002D00F0C5807C
:103E1000002E00F0C28094F85000012801D1022049
:103E2000BBE00120DDF8208084F8500094F85100B8
:103E300004281CBF052084F8510000206065A5639C
:103E4000E687A6872763E686A686C4E91000206871
:103E5000016811F0400F02BF016841F040010160AC
:103E60006268E368711EB1FA81F14909B2FA82F21F
:103E7000B3F5006F4FEA521241EA02013CD1012929
:103E800006D137F8021BC1602763E08E0138E08657
:103E9000012608F10105E08E18B9E08F002800F036
:103EA00080802068816811F0020F0CD0E18E012E15
:103EB00009D141B1216B002631F8022BC260216388
:103EC000E18E0139E186816811F0010F1CBFE18F9D
:103ED000002908D0C068A16B012621F8020BA1635C
:103EE000E08F0138E087FDF7F7FE002DD3D0A0EB7F
:103EF00009004045CFD349E0012907D13978017342
:103F0000206B01302063E08E0138E086012608F145
:103F10000105E08E10B9E08F002842D0206881684A
:103F200011F0020F0ED0E18E012E0BD151B1216B99
:103F3000002609780173206B01302063E08E013880
:103F4000E0862068816811F0010F1CBFE18F002915
:103F500009D0C068A16B01260870A06B0130A06376
:103F6000E08F0138E087FDF7B7FEA0EB0900294696
:103F700040454FF0000028BF0120002D18BF01214F
:103F8000B8F1000F02D008400128C2D1012084F806
:103F90005100002084F850000320C0B201B0BDE8F9
:103FA000F083204641464A4603F052F830B12020C3
:103FB0006065002084F850000120EEE7A06838B961
:103FC000002000902068C1680091806800900098EF
:103FD000012084F85100002084F85000606D002812
:103FE00018BF0120D9E70000B0B5044694F851503D
:103FF000012D0AD06068B0F5827F0ED1042D4FF0FC
:10400000020004BFA568002D08D1012031B12AB1FA
:1040100023B194F85000012802D10220C0B2B0BDF3
:1040200001200025DFF8C8C084F8500094F8510042
:1040300004281CBF052084F8510065652163A38610
:10404000E386A263A387E387C4E91055274B94F85E
:1040500051102548042908BF0346E06C042987490C
:104060000364244B08BF6346C363C0E9131521688A
:10407000E38F0C31FDF780FC38B1606D40F010002B
:10408000606584F850500120C8E72268506840F00D
:10409000010050600C32A06CC0E90F55C0E9135507
:1040A000216BE38EFDF768FC40B1606D40F01000BD
:1040B0006065002084F850000120AFE7216808689F
:1040C00010F0400F02BF086840F040000860002078
:1040D00084F850004A6842F020024A604A6842F080
:1040E00002024A609AE700BFA76D0008B36D00089E
:1040F000B96D00080F6F000880B590F851E0BEF16F
:10410000010F0ED0D0F804C0BCF5827F13D1BEF1F0
:10411000040F4FF0020C04BFD0F808E0BEF1000F0E
:104120003ED14FF0010CD9B3D2B3CBB390F850C00D
:10413000BCF1010F02D14FF0020C31E04FF0010C45
:1041400080F850C090F851C0BCF1040F1CBF4FF074
:10415000050C80F851C04FF0000CC0F854C001634A
:104160008386C38682638387C3870F4A0F4BC168E8
:1041700000290F4908BF13460E4A036408BF0A46C8
:10418000426401680A6812F0400F02BF0A6842F0F8
:1041900040020A6080F850C0486840F0E000486083
:1041A0005FFA8CF080BD00BF0F6B0008E76A000863
:1041B000636B00083B6B000810B5044694F851008F
:1041C000012806D1012029B122B194F8500001281C
:1041D00002D10220C0B210BD01204FF0000C84F8C3
:1041E0005000032084F85100C4F854C02163A28613
:1041F000E286C4F838C0C4E910CCA4F83CC0A4F8E6
:104200003EC0A0682268B0F5004F07D1106820F0CA
:1042100040001060106840F480401060A06C154BA6
:104220000C320364144BC363144BC0E9133CE38E9C
:10423000FDF7A2FB40B1606D40F01000606500200A
:1042400084F850000120C5E72168086810F0400F8D
:1042500002BF086840F040000860002084F8500069
:104260004A6842F020024A604A6842F002024A600C
:10427000B0E700BFAD6D00089D6E0008896D0008B5
:104280000123E1B3DAB390F85130012B03D190F858
:104290005030012B01D1022331E0012380F850304E
:1042A000032380F851300023436501638286C28670
:1042B00083638387C3870364124A134BC168002951
:1042C00018BF1346436482680168B2F5004F07D1F6
:1042D0000A6822F040020A600A6842F480420A60DA
:1042E0000A68002312F0400F02BF0A6842F0400241
:1042F0000A6080F85030486840F0A0004860D8B2AA
:10430000704700BFC1710008DF7100087047704737
:1043100010B500680E49884208D00E49884207D07F
:104320000D49884218BF10BD0E4C02E00C4C00E055
:104330000A4C21896068FDF7C1FCD4F81031B4F84B
:104340000A2104F10A0004F18A01BDE8104018476F
:1043500000380040003C004000300140F0170020D1
:10436000DC160020C815002070470000411E002008
:10437000B0EB116F1CBF01207047044AF02351605D
:1043800003490B70072190601160704710E000E056
:1043900023ED00E0B0B5064C2578854206D02070AC
:1043A0006068FDF743FE08B12570B0BD0020B0BDC8
:1043B0000000002070477047704790F83C20012AA9
:1043C00001D102211FE0B0B501F10805D1E900CE0D
:1043D0003CCDC96923F47C5322F470521A432EF465
:1043E000F0431A432CF4E0431A4324F4C0431A4325
:1043F0002A4322F48042114302685164002180F86C
:104400003C10BDE8B040C8B27047000090F83C30A6
:10441000012B01D102213CE0012380F83C304FEA1E
:104420003113D0F800C0032B0AD8DCF8083023F091
:104430007003CCF80830DCF808301943CCF80810C9
:10444000DCF8041041F00101CCF80410DCF8041091
:1044500021F00401CCF80410DCF8041011430E4ADA
:10446000CCF80410416BCA630C4A416B0A64994A48
:10447000416BCA64DCF80C1021F02001CCF80C1060
:10448000DCF80C1041F40051CCF80C10002180F83D
:104490003C10C8B2704700BF0574000811740008D2
:1044A00090F83C300222012B35D010B5012380F862
:1044B0003C3080F83D200268D2F804E0D2F808C011
:1044C0000C68B2F1804F2EF0700343EA040353608E
:1044D000BDE8104014D0994B9A421CBF984B9A42A9
:1044E0000ED0984B9A421CBF974B9A4208D0974BDC
:1044F0009A421CBF964B9A4202D0964B9A4204D1E4
:1045000049682CF08003194391600121002280F852
:104510003D1080F83C20D0B2704700BF10B5044673
:1045200034B394F83D0028B9002084F83C002046BC
:1045300000F020F80220211D84F83D00206802F0E0
:104540006DFF012084F8460084F83E0084F83F00A7
:1045500084F8400084F8410084F8420084F8430065
:1045600084F8440084F8450084F83D00002010BD24
:10457000012010BDE0B501682D48704A914216D067
:104580006F4A91421DD06F4A91422FD0294A9142E1
:1045900041D06E4A914218BF8CBD00210191416803
:1045A00041F001014160406800F001003CE0002161
:1045B0000191016841F002010160006800F0020011
:1045C00032E0002100220191016841F00401016004
:1045D0000121006800F00400019001981E20FDF701
:1045E000FDFD1E20BDE88C40FDF7EABD0021002244
:1045F0000191016841F0080101600121006800F0AB
:104600000800019001983220FDF7E8FD3220BDE856
:104610008C40FDF7D5BD00210191416841F4003186
:104620004160406800F40030019001988CBD00BFEB
:10463000403802400044014010B50446134694F847
:104640003D00022801D1022019E094F83D00012824
:1046500014D1012099B193B10220C94A84F83D00D8
:10466000206AC263C74A206A0264C24A206AC264DE
:104670002268206A2C32FDF77FF910B10120C0B208
:1046800010BD2068C168B0F1804F41F48071C160F5
:1046900014D02A4988421CBF294988420ED0294992
:1046A00088421CBF2849884208D0284988421CBF3C
:1046B0002749884202D02749884204D1816801F005
:1046C0000701062903D0016841F0010101600020C3
:1046D000D5E700BF5576000890F83D1001291CBFB2
:1046E00001207047022180F83D100068C168B0F1D8
:1046F000804F41F00101C16014D0104988421CBFB5
:104700000F4988420ED00F4988421CBF0E4988428B
:1047100008D00E4988421CBF0D49884202D00D497D
:10472000884204D1816801F00701062903D001689D
:1047300041F0010101600020704700BF000400400B
:1047400000080040000C004000180040000001403C
:10475000004001400004014010B50446022094F8D6
:104760003C20012A70D001224FF6777384F83C2058
:1047700084F83D00206882689A4382600A6812B318
:10478000102A20D0202A18BF302A1CD0402A21D03D
:10479000502A2BD0602A35D0B2F5005F3ED0B2F55A
:1047A000805F4AD0702A51D1D1E90123C9681A43E8
:1047B00042EA0121826822F47F42114381608168CC
:1047C00041F0770138E0816821F07701114341F031
:1047D000070131E04B68CA68194603F022F92068E6
:1047E000816821F0770141F0470125E04B68CA68F4
:1047F000194603F016F92068816821F0770141F02D
:10480000570119E04B68CA68194603F05DF9206842
:10481000816821F0770141F067010DE0D1E90123C2
:10482000C9681A4342EA0121826822F47F42114397
:104830008160816841F4804181600020012184F819
:104840003D10002184F83C10C0B210BD0120F5E7F6
:10485000F8B5054614460E4695F84600022801D1E3
:10486000022084E095F84600069F012805D10BB987
:10487000002F72D1022085F84600DDF81CC0B4F587
:10488000804F1DD0B4F5007F26D0B4F5806F2FD0B7
:10489000B4F5006F38D0B4F5805F41D0B4F5005F57
:1048A0004AD0B4F5807F58D1286A8849C1638849C5
:1048B000286A01648049286AC1642968286A46E038
:1048C000A86B7B49C1637B49A86B01647A49A86BDB
:1048D000C1642968A86B3AE0686A2749C16327491F
:1048E000686A01647449686AC1642968686A2EE06C
:1048F000A86A2149C1632149A86A01646E49A86A6E
:10490000C1642968A86A22E0E86A1B49C1631B499F
:10491000E86A01646849E86AC1642968E86A16E0DF
:10492000286B1549C1631549286B01646249286BDE
:10493000C1642968286B0AE0686B6049C1636049FB
:10494000686B01645C49686BC1642968686B1A46CE
:104950004C316346FDF710F808B1012007E02968E3
:1049600047EA06008864C8682043C8600020C0B2D7
:1049700001B0F0BD55760008ED74000871750008AF
:10498000B1760008C7760008F8B5054614460E460D
:1049900095F84600022801D1022085E095F84600EE
:1049A000069F012805D10BB9002F73D1022085F88D
:1049B0004600DDF81CC0B4F5804F1DD0B4F5007F73
:1049C00026D0B4F5806F2FD0B4F5006F38D0B4F591
:1049D000805F41D0B4F5005F4AD0B4F5807F59D1F3
:1049E000286A3A49C1633A49286A0164E749286A52
:1049F000C1642968286A46E0A86B2D49C1632D4926
:104A0000A86B0164E149A86BC1642968A86B3AE00E
:104A1000686A2C49C1632C49686A0164DB49686A89
:104A2000C1642968686A2EE0A86A2649C1632649DC
:104A3000A86A0164D549A86AC1642968A86A22E005
:104A4000E86A2049C1632049E86A0164CF49E86AFD
:104A5000C1642968E86A16E0286B1A49C1631A49DB
:104A6000286B0164C949286BC1642968286B0AE076
:104A7000686B1249C1631249686B0164C349686B72
:104A8000C1642968686B01F14C0219466346FCF762
:104A900073FF08B1012007E0296847EA060088642F
:104AA000C8682043C8600020C0B201B0F0BD00BF9C
:104AB000CD760008E37600085576000805740008F6
:104AC00011740008A97500081D760008B176000869
:104AD000C7760008E0B5DDF810C04FF0010E0EEB10
:104AE0001C2ECDE900CEFFF7B3FE02B080BDE0B5CD
:104AF000DDF810C04FF0010E0EEB1C2ECDE900CEFC
:104B0000FFF742FF02B080BD2DE9F84F04460D4685
:104B1000002C4DD094F83D0028B9002084F83C00CA
:104B2000204600F049F8022044F2070284F83D00D4
:104B30002068816891438160211D02F06FFC20682C
:104B40008168D0F818A0D0F820C0D5E9003ED5E99A
:104B500002B7D5E90489D5E9062619432B6A4BEA41
:104B600002224FF6FC4581604FF6FF71AA432AEA04
:104B700001013943114341EA062141EA081141EAA2
:104B8000033181612CF0AA0141EA0E0141EA0911C9
:104B90000162012084F8460084F83E0084F83F005A
:104BA00084F8420084F8430084F83D00002000E0CF
:104BB000012001B0BDE8F08F704700002DE9F843F7
:104BC00004469946DDF820800220042994F83E60CE
:104BD00094F83F7094F8425094F843301BD0002969
:104BE0004CD1022E18BF022D00F0C880012E4FF0CC
:104BF000010008BF012D40F0C1800120002A00F013
:104C0000BD80B8F1000F00F0B980022084F83E00AA
:104C100084F842008AE0022F18BF022B00F0AE8019
:104C2000012F4FF0010008BF012B40F0A780B9F120
:104C3000000F4FF0010018BFB8F1000F00F09E8088
:104C4000022050494A46434684F83F0084F8430016
:104C5000A06AC1634C49A06A01644C49A06AC1645E
:104C60002168A06A3831FCF787FE00286ED12068E1
:104C700010226FF010034FF480676FE0022E18BF10
:104C8000022F7BD0022D18BF022B77D0012E4FF0C0
:104C9000010008BF012F71D1012D08BF012B6DD17B
:104CA0000120002A6AD0B9F1000F18BFB8F1000F37
:104CB00064D00220002984F83E0084F83F0084F884
:104CC000420084F8430031D0606AED4DED4EEE4F66
:104CD0004346C563606A0664606AC7642168606AA7
:104CE0003431FCF749FE88BBA06A4A464346C56397
:104CF000A06A0664A06AC7642168A06A3831FCF71C
:104D00003BFE18BB20686FF010030127C16841F417
:104D10000071C160C16841F48061C160014651F811
:104D2000202F22F001020A60102219E0606AD449A3
:104D30004346C163D349606A0164D349606AC16470
:104D40002168606A3431FCF717FE08B1012015E0D4
:104D5000206801226FF001034FF4007700F10C018D
:104D60000E6837430F60016A19400162016A1143FE
:104D70000162016841F0010101600020C0B201B090
:104D8000BDE8F083ED7400087175000855760008E1
:104D90007047704770470000B0B504460D4694F860
:104DA0003C00012801D102206CE04FEAB201012051
:104DB000032984F83C0062D8DFE801F0020C1637C2
:104DC000D5E90012EB68206802F03CFE206850F83C
:104DD000181F25E0D5E90012EB68206802F086FE76
:104DE000206850F8181F41E0D5E900C22368E86840
:104DF000D3F820E0196A60F30712184621F4807195
:104E0000196250F81C1F21F0F30111432EF42062A7
:104E100001604FF4206101EA0C211143196201681D
:104E200021F00C010160A96825E0D5E900C02368E4
:104E3000EA68D3F820E0196A000221F4805119626F
:104E40004FF2FF0120EA0101184662F30F3150F8DA
:104E50001C2F22F4734211432EF4204201604FF4C0
:104E6000204101EA0C3111431962016821F44061CB
:104E70000160A96809020268114301600020002155
:104E800084F83C10C0B2B0BD10B5044634B394F8F9
:104E90003D0028B9002084F83C00204600F020F8AE
:104EA0000220211D84F83D00206802F0B7FA01209D
:104EB00084F8460084F83E0084F83F0084F84000FF
:104EC00084F8410084F8420084F8430084F84400E8
:104ED00084F8450084F83D00002010BD012010BD7D
:104EE0007047000070B5064639B10320082908BF95
:104EF0000220042908BF012000E00020304490F87F
:104F00003E5090F842400220022D00F0B780022C63
:104F10001CBF0120002A00F0B180012D08BF012C28
:104F200040F0AC80002B00F07980022041B10829CC
:104F30000BD004290ED186F83F0086F843000DE01F
:104F400086F83E0086F8420008E086F8400086F8C1
:104F5000440003E086F8410086F84500D6F800C01A
:104F600001F01F0501204FEAB10100FA05F5032900
:104F7000DCF8204024EA0504CCF82040DCF820408E
:104F800045EA0405CCF8205054D8DFE801F00214BB
:104F90002638706A3A49C1633A49706A01643A49ED
:104FA000706AC1640CF13401706AFCF7E5FCA8BBBF
:104FB0004FF4007036E0B06A3149C1633149B06ADC
:104FC00001643149B06AC1640CF13801B06AFCF780
:104FD000D3FC18BB4FF4806024E0F06A2849C16319
:104FE0002849F06A01642849F06AC1640CF13C0167
:104FF000F06AFCF7C1FC88B94FF4006012E0306B36
:105000001F49C1631F49306B01641F49306BC16484
:105010000CF14001306BFCF7AFFC08B101202DE032
:105020004FF48050D6F800C0DCF80C100843CCF8E0
:105030000C000020BCF1804F14D014498C451CBFDB
:1050400013498C450ED013498C451CBF12498C4521
:1050500008D07D498C451CBF10498C4502D01049B1
:105060008C4505D1DCF8081001F00701062905D0B0
:10507000DCF8001041F00101CCF80010C0B270BDA6
:10508000ED740008717500085576000800040040B2
:1050900000080040000C00400018004000400140A3
:1050A00000040140B0B504462068C168026901EA05
:1050B0000205A90714D56FF00201016101212177D2
:1050C000806910F0030F03D02046FFF762FE05E071
:1050D000204600F0E3F8204600F020FB0020207777
:1050E000680715D520686FF004010161022121775E
:1050F000806910F4407F03D02046FFF74AFE05E0A8
:10510000204600F0CBF8204600F008FB0020207776
:10511000280715D520686FF0080101610421217767
:10512000C06910F0030F03D02046FFF732FE05E000
:10513000204600F0B3F8204600F0F0FA0020207777
:10514000E80615D520686FF010010161082121776C
:10515000C06910F4407F03D02046FFF71AFE05E037
:10516000204600F09BF8204600F0D8FA0020207777
:10517000E80706D020686FF001010161204600F0C9
:10518000BFFB280606D520686FF08001016120462C
:10519000FFF710F9680606D520686FF0400101613D
:1051A000204600F068FCA80658BFB0BD20686FF02C
:1051B000200101612046BDE8B040FFF7FCB80000C7
:1051C00010B586B0044601A81421FBF7B2F9226895
:1051D0001A481B491B4B9A4216D0C34B9A422BD1FB
:1051E000002200920B6843F010030B60096801F085
:1051F0001001009100994FF4005101910221CDE975
:1052000002120121049213E0002200F58060009256
:105210000B6843F020030B60096801F02001009146
:105220000099402101910221CDE90212049103214C
:10523000059101A9FCF77AFC06B010BD00100240F0
:1052400030380240004401400000014010B50446DF
:1052500094F83C00012801D102201DE04FEAB2027F
:105260000120032A84F83C0013D8DFE802F002068C
:105270000A0E206802F0C6FA0AE0206802F0F4FA8A
:1052800006E0206802F024FB02E0206802F054FBF4
:105290000020002184F83C10C0B210BD704710B54A
:1052A000044634B394F83D0028B9002084F83C004B
:1052B000204600F020F80220211D84F83D002068DF
:1052C00002F0ACF8012084F8460084F83E0084F82F
:1052D0003F0084F8400084F8410084F8420084F8DC
:1052E000430084F8440084F8450084F83D00002021
:1052F00010BD012010BD7047B0B50C4605463CB14D
:105300000320082C08BF0220042C08BF012000E065
:105310000020284490F83E00022801D102207EE0BF
:105320003CB10320082C08BF0220042C08BF012038
:1053300000E000202844002A90F83E104FF00100C1
:105340006DD001296BD1002B68D0022044B1082C0C
:1053500009D0042C14BF85F8410085F83F0004E013
:1053600085F83E0001E085F840004FEAB4000328CC
:1053700054D8DFE800F002172C41686A5349C16332
:105380005349686A01645349686AC1642968686A54
:1053900001F1340C11466246FCF7EEFAF0BB4FF413
:1053A000007140E0A86A4949C1634949A86A01649B
:1053B0004849A86AC1642968A86A01F1380C1146F5
:1053C0006246FCF7D9FA48BB4FF480612BE0E86AEB
:1053D0003E49C1633E49E86A01643E49E86AC164E6
:1053E0002968E86A01F13C0C11466246FCF7C4FAF0
:1053F000A0B94FF4006116E0286B3449C163344909
:10540000286B01643349286BC1642968286B01F15A
:10541000400C11466246FCF7AFFA10B10120C0B251
:10542000B0BD4FF480512868C268B0F1804F41EAA6
:1054300002014FF00102C16004F01F0102FA01F104
:10544000026A22EA01020262026A41EA0201016280
:1054500030D0214988421CBF204988422AD02049A7
:1054600088421CBF1F49884224D01F49884205D06A
:105470001E4988421ED01E49884220D1416CB0F19D
:10548000804F41F40041416414D0134988421CBF4D
:10549000124988420ED0124988421CBF11498842E5
:1054A00008D0114988421CBF1049884202D01049D7
:1054B000884204D1816801F00701062903D0016800
:1054C00041F0010101600020A9E700BFA9750008B3
:1054D0001D760008557600080004004000080040D2
:1054E000000C004000180040000001400040014056
:1054F0000004014070B588B01E460D460446B24215
:1055000001D101205EE094F83C100220012959D01D
:105510000121042A84F83C1084F83D002868019099
:1055200068680290A8680390E8680490286906906B
:105530006869079008D0002A4FF001003CD120682C
:1055400001A902F05FF903E0206801A902F08CF9DB
:10555000042E13D07EBB05F118030ECB206802F099
:1055600071FA2068816921F00C018161816821F064
:1055700070018160816841F0500111E005F118036C
:105580000ECB206802F0B2FA2068816921F44061F4
:105590008161816821F070018160816841F0600162
:1055A0008160816821F007018160816841F0060116
:1055B0008160002000E00120012184F83D100021DD
:1055C00084F83C10C0B208B070BDB0B504460D46BA
:1055D00034B394F83D0028B9002084F83C002046FC
:1055E00000F020F80220211D84F83D00206801F021
:1055F00015FF2068016821F0080101600168294356
:105600000160012084F8460084F83E0084F83F00E1
:1056100084F8420084F8430084F83D000020B0BDC7
:105620000120B0BD70470000B0B504460D4694F8A7
:105630003C00012801D1022041E04FEAB2010120E3
:10564000032984F83C0037D8DFE801F0020A12226F
:105650002068294602F0D6F8206850F8181F0EE09E
:105660002068294602F000F9206850F8181F16E05B
:105670002068294602F02CF9206850F81C1F41F0E0
:1056800008010160016821F00401016029690FE04F
:105690002068294602F050F9206850F81C1F41F498
:1056A00000610160016821F48061016029690902DB
:1056B0000268114301600020002184F83C10C0B250
:1056C000B0BD10B5044634B394F83D0028B90020AD
:1056D00084F83C00204600F020F80220211D84F8C8
:1056E0003D00206801F09AFE012084F8460084F80D
:1056F0003E0084F83F0084F8400084F8410084F8BC
:10570000420084F8430084F8440084F8450084F89B
:105710003D00002010BD012010BD7047704770474C
:10572000B0B50C4605463CB10320082C08BF02204A
:10573000042C08BF012000E00020284490F83E001F
:10574000022801D102207EE03CB10320082C08BFD2
:105750000220042C08BF012000E000202844002A79
:1057600090F83E104FF001006DD001296BD1002B55
:1057700068D0022044B1082C09D0042C14BF85F84D
:10578000410085F83F0004E085F83E0001E085F81F
:1057900040004FEAB400032854D8DFE800F00217B5
:1057A0002C41686A5349C1635349686A016453498B
:1057B000686AC1642968686A01F1340C114662465E
:1057C000FCF7DAF8F0BB4FF4007140E0A86A4949F1
:1057D000C1634949A86A01644849A86AC164296843
:1057E000A86A01F1380C11466246FCF7C5F848BBBF
:1057F0004FF480612BE0E86A3E49C1633E49E86AA4
:1058000001643E49E86AC1642968E86A01F13C0C18
:1058100011466246FCF7B0F8A0B94FF4006116E0FB
:10582000286B3449C1633449286B01643349286BC0
:10583000C1642968286B01F1400C11466246FCF7EF
:105840009BF810B10120C0B2B0BD4FF48051286860
:10585000C268B0F1804F41EA02014FF00102C1601D
:1058600004F01F0102FA01F1026A22EA0102026257
:10587000026A41EA0201016230D04C4988421CBFF1
:105880004B4988422AD04B4988421CBF4C49884228
:1058900024D05249884205D04E4988421ED04C49F6
:1058A000884220D1416CB0F1804F41F40041416405
:1058B00014D03E4988421CBF3D4988420ED03D4924
:1058C00088421CBF3E49884208D0444988421CBFD8
:1058D0004049884202D03E49884204D1816801F0A3
:1058E0000701062903D0016841F001010160002091
:1058F000A9E700BFA97500081D76000855760008C5
:105900000068B0F1804F2AD0284988422AD028491F
:1059100088422AD0274988422AD0274988422AD05B
:10592000264988422AD0264988422AD025498842D9
:105930002AD0254988422AD0244988422AD024499D
:1059400088422AD0234988422AD0234988422AD033
:105950002249884218BF70472148406800472048C4
:10596000C06800471E48406900471D48C06900479D
:105970001B48406A00471A48C06A00471848406BF5
:1059800000471748C06D00471548406E004714484F
:10599000C06E00471248406D00471148C06B004779
:1059A0000F48406C00470E48C06C004700040040A0
:1059B00000080040000C00400010004000140040AF
:1059C00000180040001C004000200040004801403A
:1059D000000401400040014000440140000001403B
:1059E000100400207047B0B50446022094F83C2013
:1059F000012A1AD0012584F83C5084F83D00204645
:105A000001F0C0FF00284FF0010009D12068C168F3
:105A100021F04001C160C16821F48041C1600020D3
:105A2000002184F83D5084F83C10C0B2B0BDB0B540
:105A30000446022094F83C20012A1AD0012584F85B
:105A40003C5084F83D00204601F09CFF00284FF0B8
:105A5000010009D12068C16841F04001C160C168FE
:105A600021F48041C1600020002184F83D5084F879
:105A70003C10C0B2B0BD704770477CB5044694F886
:105A80004200202820D10125F9B1F2B1012520469C
:105A900000262563666302F0B3FA216B012914D155
:105AA000019621680A6801924A680192019A00E011
:105AB000216851E8031F226841F0100142E80313F6
:105AC000002BF5D1054600E00225284602B070BD46
:105AD000F8B504460D4620682B49884211D02B4961
:105AE000884210D02A49884223D02A49884222D0AD
:105AF0002949884230D02949884218BFF8BD2F4F24
:105B00001AE02D4F18E02A4F2946A7F8085107F14F
:105B10008406D7F80C213046904730462946FAF7DC
:105B200008FDB7F8042120463146FFF7A6FF2148BB
:105B300023E01E4F00E01C4FA7F8085107F1840630
:105B40002946D7F80C2130469047B7F80421204663
:105B50003146FFF792FFF8BD114F2946A7F80851CB
:105B600007F18406D7F80C2130469047B7F8042196
:105B700020463146FFF781FF0A480068016821F09E
:105B800008010160F8BD00BF00440040004800402B
:105B9000004C004000500040001401400010014043
:105BA0005C1E0020D00600204C1D00203C1C002064
:105BB0002C1B0020200600201C1A00200C1900209D
:105BC00010B504462068416994F84120212A15D176
:105BD00011F0800101D111E0206850E8050F216823
:105BE00020F0800041E80502002AF5D1A06B08B141
:105BF000FBF748FC204602F0C1F82068416994F8A0
:105C00004220222A14D111F0400101D110E0206875
:105C100050E8050F216820F0400041E80502002A05
:105C2000F5D1E06B08B1FBF72DFC204602F07FF8C0
:105C3000002010BD70470000F8B5044620680168D8
:105C4000C268456901F02F0602F02003202E05D11D
:105C500023B12046BDE8F84002F006B95FEA017CB6
:105C600008D005F0010E12F4907F8EF0010557D197
:105C7000002D55D01140CA06226B3BD5012A39D1DF
:105C800000210091016800914168009100994169EB
:105C900011F0400F40F0A580A18DE28DE38D002B27
:105CA00000F01981891A89B209B914E1206850E815
:105CB000030F226820F4907042E80303002BF5D113
:105CC000206850E8050F226820F0010042E8050333
:105CD000002BF5D1202084F84200002020632068AA
:105CE00050E8030F226820F0100042E80303002B65
:105CF000F5D1D5E00A0640F1BA8094F84110212987
:105D000040F0E980A168B1F5805F04BF21690029F6
:105D100000F0D380216A4A1C226209784160D3E0F6
:105D2000CE0706D012F480761EBF666C46F00106E0
:105D3000666401F00407012686EA97072F4302BF35
:105D4000676C47F00207676401F0020786EA5706AE
:105D5000354302BF656C45F00405656453EA0E03E4
:105D600018BF0123BCF1000F05D5012B02BF636CE6
:105D700043F008036364636C002B00F0AC801140B7
:105D8000890603D5204602F06FF820684069616CEF
:105D900000F0400001F00801084300F08880204630
:105DA00001F0C5FF2068416911F0400F01D16CE09E
:105DB000206850E8050F216820F0400041E8050206
:105DC000002AF5D1E06B00285FD048490165FBF758
:105DD0009BFB002800F07F80E06B016DBDE8F84080
:105DE0000847E36B19684D68A28DA9B2002951D00C
:105DF00091424FD2E585D969B1F5807F01D130E07C
:105E0000206850E8030F216820F4807041E8030205
:105E1000002AF5D1206850E8050F216820F0010024
:105E200041E80502002AF5D1206850E8050F2168F5
:105E300020F0400041E80502002AF5D1202084F836
:105E4000420000202063206850E8030F216820F002
:105E5000100041E80302002AF5D1E06BFBF712FBCA
:105E6000A28D02206063E08D101A81B21AE049060B
:105E700031D5C16821F04001C160202084F8410083
:105E80002046BDE8F84000F0C7BA2046BDE8F8401B
:105E9000FFF7D0BE8A4204BFD869B0F5807F1AD11F
:105EA000022060632046BDE8F840FFF711BE20469F
:105EB000FFF7C0FE00206064F8BD216A31F8022BB4
:105EC0006FF35F2242602162E18C4FF6FF7201396D
:105ED0001142E18400D0F8BDC16821F08001C160A9
:105EE000C16841F04001C160F8BD00BFEF7B000810
:105EF00010B504464CB394F8410028B9002084F84A
:105F00004000204600F024F8242084F84100206856
:105F1000C16821F40051C160204602F00BF82068EE
:105F2000016921F490410161416921F02A01416137
:105F3000C16841F40051C16000202021606484F8F0
:105F4000411084F84210606310BD012010BD0000B4
:105F50002DE9F04F87B0044602A81421FAF7E9FAB8
:105F600021689E4D9E489F4F9F4A914200F0878036
:105F70009E4A914200F0C8809D4A914240F02B8198
:105F800000260DF108084FF0020A4FF003094FF008
:105F9000070B0196416941F010014161416901F02F
:105FA0001001019101990196016841F0020101601F
:105FB000016801F00201019101990196016841F027
:105FC000010101604146006800F001000190019864
:105FD0008020029005F58060CDE903A6CDF81490ED
:105FE000CDF818B0FBF7A2FD4FF400704146CDE9A3
:105FF000020A04A880E8400A2846FBF797FD804D76
:1060000007F160004FF0006A4FF480680421C5E991
:10601000000A4FF4403005F12002C5E90266C5E9E7
:106020000486C5E9066682E803022846C5E90B66D0
:10603000FBF76AFB08B1FAF7ECFDE563AC63714D61
:1060400007F190004021C5E9000A05F1080080E849
:1060500042014FF48030C5E90566EE61C5E90806E6
:106060002846FBF751FB08B1FAF7D3FD252005219F
:106070000022A563AC63FCF7B1F82520A9E0002657
:106080000196016941F480210161016901F48021D7
:10609000019101990196016841F00401016002A992
:1060A000006800F00400019001984FF440600290F5
:1060B0000220CDE90306032005900720069005F590
:1060C0000060FBF733FD4D4DA7F580604FF0006198
:1060D0004FF4806285E843004FF44030C5E9036225
:1060E000C5E90566EE61C5E908062846FBF70CFB25
:1060F00008B1FAF78EFD272005210022E563AC6385
:10610000FCF76CF8272064E000264FF0030A0196A4
:10611000416941F020014161416901F02001019193
:1061200001990196016841F04001016002A90068EF
:1061300000F04000019001984FF48440029002204A
:10614000CDE903060820CDF814A0069005F5C0504F
:10615000FBF7ECFC274D4FF020694FF480684FF4BB
:1061600080700421C5E90079C5E90266C5E90486A5
:10617000C5E906604FF4003005F1200282E803040F
:106180002846C5E90B66FBF7BFFA08B1FAF741FDEF
:10619000E563AC63184D07F178004021C5E90009BB
:1061A00005F1080080E842014FF48030C5E905663A
:1061B000EE61C5E908062846FBF7A6FA08B1FAF72A
:1061C00028FD472005210022A563AC63FCF706F8F3
:1061D0004720FBF7F5FF07B0BDE8F08F0000024055
:1061E000303802402864024000480040001401405A
:1061F00000100140D00600203007002020060020BB
:10620000E0020020600500202DE9F84304461D4609
:106210001746884694F8420020281ED1B8F1000F96
:106220004FF0010018BF002F49D04FF00009222085
:10623000C4F8449084F84200C4F83090FBF74CFD59
:10624000A785E7850646A068B0F5805F07D1276976
:10625000002F0CBFC146474625E002202FE04746ED
:1062600021E02046202132462B4601F019FF10BBC9
:1062700047B1A068B0F5805F0CD008B9206948B17B
:106280007F2008E02068002740686FF35F2029F82E
:10629000020B05E0FF2021684968084007F8010B60
:1062A000E08D0138E085E08D0028DAD1202084F8E7
:1062B0004200002003E0202084F842000320C0B206
:1062C00001B0BDE8F08390F84230202B06D10123C5
:1062D00029B122B10023036301F092BE0223D8B298
:1062E0007047704770472DE9F84304461D4617462E
:1062F000884694F8410020281CD1B8F1000F4FF0D7
:10630000010018BF002F42D04FF000092120C4F82F
:10631000449084F84100FBF7DFFCA784E78406463D
:10632000A068B0F5805F07D12769002F0CBFC14678
:10633000474618E002202AE0474614E02046802124
:1063400032462B4601F0ACFEE8B9206817B117F8C9
:10635000011B04E039F8021B00276FF35F21416045
:10636000E08C0138E084E08C0028E7D12046402111
:1063700032462B4601F094FE2021002884F841107B
:1063800018BF032003E0202084F84100032001B05F
:10639000BDE8F08310B50446134694F84100202868
:1063A00020D10120F9B1F3B14FF0000C212021627E
:1063B000A384E384154AC4F844C084F84100A06B68
:1063C000C263134A0264134AC0E9132C22680432E0
:1063D000FBF7D2FA48B110206064202084F8410015
:1063E000012000E00220C0B210BD20686FF0400123
:1063F000016000E0206850E8050F216840F080004F
:1064000041E80502002AF5D10020ECE7EB7C00080A
:10641000297D0008F97B000870477047FEE710B53A
:1064200001314FF0300C4FF0370E00230DE00EEB32
:106430001074B0F1204FA2F1010238BF4CEA107481
:10644000000101F8014C0B700231002AEFD110BDA0
:1064500080B50C480C494FF4C02201600321416013
:106460000021C0E9021102614FF4A0024261164A04
:1064700082618183FAF733FE18B1BDE88040FAF7F4
:10648000C8BB80BD9C3800200064004080B50C482B
:106490000C494FF480220160032141600021C0E9D2
:1064A000021102614FF4E0024261074A8261818376
:1064B000FAF715FE18B1BDE88040FAF7AABB80BD17
:1064C000C43800200068004000010100BCB5002075
:1064D000854C019080490A6842F400120A600A68FB
:1064E00002F400120192019A00900868002240F420
:1064F000800008600868052100F480000090009882
:106500000C20A047794D0C20A8470D200021002227
:10651000A0470D20A8470F2000210022A0470F20F0
:10652000A847392005210022A0473920A8473A2052
:1065300005210022A0473A20A8473B200021002245
:10654000A0473B20A847442000210022A047442028
:10655000A847452000210022A0474520A847462003
:1065600000210022A04746202946BDE8BC4008473C
:106570002DE9F04F87B00021594E4FF04009012519
:10658000069101915448026842F0020202600268DA
:1065900002F002020192019A0191026842F0400267
:1065A0000260026802F040020192019A01910268C1
:1065B00042F001020260026802F001020192019AB7
:1065C0000191026842F008020260026802F00802CB
:1065D0000192019A0191026842F00402026002688D
:1065E00002F004020192019A0191026842F08002D5
:1065F0000260026802F080020192019A0191026831
:1066000042F020020260026802F020020192019A28
:1066100001910168012241F01001016040210068F0
:1066200000F01000019001982C4C04F5C05738463A
:10663000B0472046102101224FF0100AB04704F560
:106640008068012101224046B047CDE90295DFF87C
:10665000949002AE3846CDE904553146C84709202A
:106660004FF4041B314602903846CDE903B5C847C4
:10667000022720463146CDE902A504950597C84773
:1066800030203146CDE9020B04F500600495C8477F
:1066900040463146CDE90255CDE90457C847124C72
:1066A000062002210022A047104D0620A8470920FD
:1066B00001210022A0470920A8470A200121002229
:1066C000A0470A20A847172001210022A047172031
:1066D000A84707B0BDE8F08F303802400000024004
:1066E000CD1C00082D1B0008DD210008C121000879
:1066F00080B50B480B494FF4804201600A49416064
:106700000021C0E902110162C0E90611C0E90421BB
:10671000FBF724FB18B1BDE88040FAF77ABA80BDD8
:10672000EC380020005C0040801A0600B0B510482C
:1067300010494FF4827200234FF0020C4FF0010E0B
:106740004FF40074382580E80E0000F10C0181E858
:1067500008500A21C0E90645C0E90833C0E90A31FA
:10676000FCF7EAFF18B1BDE8B040FAF752BAB0BD85
:10677000243E00200030014080B588B001A81C21D3
:10678000F9F7D7FE14481549002241F28733C0E9D2
:106790000012C0E9022302618261FDF7BFFE08B169
:1067A000FAF737FA0C48FEF78CFF08B1FAF731FA1E
:1067B000602001A9002201900020CDE9020005908F
:1067C0000548FEF731FF08B1FAF723FA0248FEF751
:1067D000F7FC08B080BD00BFC43E0020004401406B
:1067E000B0B596B009AC00251C212046CDE9145562
:1067F000CDE91255CDE91055F9F79BFE01A82021EE
:10680000F9F797FE26482749A72241F2873380E807
:106810002600C0E90335C0E90555FDF77FFE08B144
:10682000FAF7F7F94FF4805012A912901C48FDF7BF
:1068300093FF08B1FAF7EDF91948FEF742FF08B1E6
:10684000FAF7E7F9002010A9CDE910001448FDF788
:1068500027FE08B1FAF7DDF9602018210990201D04
:10686000F9F767FE0E4821460822FEF7DDFE08B163
:10687000FAF7CFF901AC14212046F9F75AFE4FF48C
:10688000005021460690002008900548FDF795FD30
:1068900008B1FAF7BEF90248FEF792FC16B0B0BD97
:1068A0007C3E002000000140FEB500211548532326
:1068B00040F2E73CCDE90411CDE90211CDE9001128
:1068C000114AC0E90023C0E9021C01618161FDF7A2
:1068D00025FE08B1FAF79DF94FF4805002A9029005
:1068E0000848FDF739FF08B1FAF793F90020694627
:1068F000CDE900000348FDF7D3FD08B1FAF789F9A7
:1069000006B080BD0C3F002000040040FEB5002111
:106910001548532340F2E73CCDE90411CDE90211BB
:10692000CDE90011114AC0E90023C0E9021C016150
:106930008161FDF7F3FD08B1FAF76BF94FF4805070
:1069400002A902900848FDF707FF08B1FAF761F9BC
:1069500000206946CDE900000348FDF7A1FD08B11C
:10696000FAF757F906B080BD543F002000080040F8
:10697000FEB500211548532340F2E73CCDE9041150
:10698000CDE90211CDE90011114AC0E90023C0E9A7
:10699000021C01618161FDF7C1FD08B1FAF739F907
:1069A0004FF4805002A902900848FDF7D5FE08B1C7
:1069B000FAF72FF900206946CDE900000348FDF7FA
:1069C0006FFD08B1FAF725F906B080BD9C3F0020A5
:1069D000000C004080B50B480B494FF4E132002316
:1069E0004FF00C0C80E80E00C0E90333C0E905C38A
:1069F000C361FFF77DFA18B1BDE88040FAF709B925
:106A000080BD00BFE43F00200010014080B50C486D
:106A10000C494FF4806201600B4941604FF4805192
:106A200081600021C16002610C22C0E90521C161C1
:106A3000FFF75EFA18B1BDE88040FAF7EAB880BD0A
:106A40002C40002000480040A086010080B50B4883
:106A50000B494FF4E13200234FF00C0C80E80E009C
:106A6000C0E90333C0E905C3C361FFF741FA18B1B8
:106A7000BDE88040FAF7CDB880BD00BF744000206B
:106A80000014014080B50F480F49002201F0A3FE19
:106A900008B1FAF7BEF80B480C4902F0FBF808B150
:106AA000FAF7B7F807480A4901F0DAFC08B1FAF733
:106AB000B0F8044802F016F918B1BDE88040FAF7C2
:106AC000A8B880BDC03500202C000020DC000020CC
:106AD00078010020FEE7FEE70148FBF70FBD00BF8D
:106AE0004039002070470168CA68836B23F8022B85
:106AF0008363C28F013AC287C28F2AB94A6822F0E3
:106B000040024A60C18E01B1704700F07BB8016855
:106B1000097B826B1170816B01318163C18F0139F7
:106B2000C187C18F31B901684A6822F060024A60AA
:106B3000C18E01B1704700F065B8026B016832F890
:106B4000023BCB600263C28E013AC286C28E2AB972
:106B50004A6822F080024A60C18F01B1704700F09C
:106B600051B8026B016812780A73016B013101633D
:106B7000C18E0139C186C18E31B901684A6822F0DF
:106B800080024A60C18F01B1704700F03BB800003D
:106B900082B0002145F6C052019177490968B1FBE6
:106BA000F2F1642251430091009941B100990139F9
:106BB000009101688A6812F0020FF5D004E0416D7F
:106BC00041F04001416501680A6822F040020A6014
:106BD0004A6822F0E0024A60C968019101990721E0
:106BE00080F8511002B0704701684A6822F08002B4
:106BF0004A600A6822F040020A60072180F85110BA
:106C0000704700001CB50446FA4845F6C0510068BC
:106C1000B0FBF1F0642148430190FBF75DF80246B8
:106C20002068416821F020014160019939B1019942
:106C300001390191816811F0020FF6D003E0606D17
:106C400040F0200060652046642100F001FA18B190
:106C5000606D40F020006065A06838B900200090A9
:106C60002068C1680091806800900098606D30B124
:106C7000012084F851002046FCF7D8FC1CBD94F894
:106C80005100012184F85110042803D12046FCF75B
:106C9000CDFF1CBD2046FDF73BFB1CBD1CB50446CB
:106CA0002068416821F060014160FBF715F8024659
:106CB0002046642100F0A0F918B1606D40F020007A
:106CC0006065A06838B9002001902068C168019112
:106CD000806801900198012084F85100606D20B116
:106CE0002046BDE81C40FCF7A1BC2046BDE81C4086
:106CF000FCF79CBF1CB50446F14845F6C05100683E
:106D0000B0FBF1F0642148430190FAF7E5FF024639
:106D1000019840B10198013801902068816811F014
:106D2000020FF5D004E0606D40F02000606520683F
:106D3000416821F0A00141602046642100F088F9FB
:106D400018B1606D40F020006065A06838B900207F
:106D500000902068C1680091806800900098012030
:106D600084F85100606D18B12046FCF75FFC1CBD33
:106D70002046FDF7CBFA1CBDD8000020806B002117
:106D8000C187C186FCF752BC806B01684A6822F05B
:106D900003024A60416D41F010014165012180F814
:106DA0005110FCF743BC806BFCF741BF806BFDF7D3
:106DB000AEBA806BFDF7D8BAB0B50546AC6BFAF742
:106DC0008BFF02462868006810F4807F25D1206878
:106DD000416821F020014160A16831B96168B1F5D5
:106DE000827F02D16FF0030101E06FF0010143687F
:106DF000194041602046642100F0FEF808B12020CF
:106E000060650020E087012084F85100606D20B1AA
:106E10002046BDE8B040FCF709BC2046BDE8B040C4
:106E2000FCF704BF1CB5846B00222068016821F0C8
:106E300040010160E16C0A65416821F00101416097
:106E4000FAF74AFF02462046642100F001F918B122
:106E5000606D40F040006065A06C10B1006D00B145
:106E60001CBD0020E087E086616D402918BF606589
:106E700001902168C968019121688968019101998F
:106E800000902068806800900098012084F85100EC
:106E9000204602B0BDE81040FCF72ABBBCB5054651
:106EA000AC6BFAF719FF02462868006810F4807F7F
:106EB00028D12068416821F020014160416821F01B
:106EC000020141602046642100F0C2F818B1606DF3
:106ED00040F020006065A06840B900200190206863
:106EE000C068019020688068019001980020E086C9
:106EF000012084F85100606D20B12046BDE8BC40FF
:106F0000FCF794BB2046BDE8BC40FDF7FFB9B0B527
:106F10000546AC6BFAF7E0FE02462868006810F4FC
:106F2000807F1FD12068416821F020014160204608
:106F3000642100F08DF818B1606D40F020006065AC
:106F40002068416821F0030141600020E086E0876D
:106F5000012084F85100606D20B12046BDE8B040AA
:106F6000FCF764BB2046BDE8B040FDF7D1B9000096
:106F7000F8B5806B0022816C0A65D04945F6C05295
:106F80000968B1FBF2F164225143039101684A6838
:106F900022F002024A60039941B103990139039139
:106FA0000168896811F0020FF5D003E0416D41F0EE
:106FB00040014165C16C11B1096D01B18FBD002166
:106FC000C187C186426D402A18BF4165029102689F
:106FD000D2680292026892680292029A0191016854
:106FE000896801910199012180F85110FCF780FA1C
:106FF0008FBD00BFD8000020BCB504460B466068BA
:10700000B0F5827F0ED1A068B0F5004F18BFB0F583
:10701000806F0CD12168B0F5806F0D6825F04005B8
:107020000D6004D1002520460121009203E000926A
:10703000002520468021002200F0E2F820B1606D9A
:10704000032540F020006065E8B202B0B0BD00004A
:107050007CB50D4616460221012204462B460096B9
:1070600000F0CEF828B1606D032640F02000606586
:1070700023E0D84800681349B0FBF1F04FF47A716F
:1070800010FB01F001906068B0F5827F0AD12046C4
:10709000802100222B460096002600F0B1F800283F
:1070A000E1D10AE0019838B10198013801902068D7
:1070B000806810F0800FF5D10026F0B202B070BDEC
:1070C000D800002000366E010268374B9A4208D083
:1070D000364B9A4207D0364B9A4218BF7047374A10
:1070E00002E0354A00E0334A02F588731060196007
:1070F000704700BF0168C968826B22F8021B826377
:10710000C18F0139C187C18F002908BFFFF7C6BDF4
:1071100070470168097B826B1170816B013181635B
:10712000C18F0139C187C18F002908BFFFF7B6BDE4
:10713000704700001CB5D0F800E0DDF810C01A4C14
:10714000A6451BD0194CA6451AD0194CA6451EBF02
:10715000002002B010BD194C61604FF47A71228199
:10716000A4F80A31A4F80CC104F18A0201230091A9
:1071700004F10A01FCF72CFE02B010BD0E4C00E039
:107180000C4C61600CEB03012281A4F80A31A4F8D5
:107190000CC104F18A028BB204F10A0102B0BDE80D
:1071A0001040FCF721BF00BF00380040003C004009
:1071B00000300140F0170020DC160020C815002028
:1071C000026B016832F8023BCB600263C18E013969
:1071D000C186C18E002908BFFFF78CBD7047026BC6
:1071E000016812780A73016B01310163C18E0139A4
:1071F000C186C18E002908BFFFF77CBD7047000023
:107200002DE9FC470A9F984615460E460446FAF7B4
:1072100063FD381A00EB080AFAF75EFD81466D48F7
:1072200008F101070068C0F3CB3000FB0AF00190C1
:107230000EE06FB1FAF750FDA0EB0900504512D2F5
:10724000019818B101980138019001E04FF0000A4F
:10725000206880683040801BB0FA80F04009A84266
:10726000E7D1002026E02068416821F0E00141607C
:107270006168B1F5827F0AD1A168B1F5004F18BFEE
:10728000B1F5806F03D1016821F040010160A16A6E
:10729000B1F5005F07D1016821F400510160016878
:1072A00041F400510160012084F85100002084F86D
:1072B00050000320C0B202B0BDE8F087D800002023
:1072C0007047FAF793BE0000B0B592B0002401A851
:1072D0001421CDE90A44CDE90844F9F72AF90094CC
:1072E00002251F48016841F080510160006800F0EC
:1072F00080500090009800941A48016841F4804141
:107300000160006800F48040009000980120069021
:107310004FF4803007904FF480000C950D900620BC
:107320000E90A820CDE90F050720119006A8FBF7C5
:1073300095FE08B172B6FEE70F200521CDE90105E3
:107340004FF4A050039404904FF48050059001A88E
:10735000FBF7A2FD08B172B6FEE712B0B0BD00BFE8
:1073600040380240007000401748416801F00C03AB
:107370001649174A082B04D0042B19D01146002BAC
:1073800016E0036813F4800F4FF0020308BF1146A4
:10739000026802F03F02B1FBF2F10268C2F3881208
:1073A00051430268C2F3014203EB4202B1FBF2F126
:1073B000084A094B11604068C0F30310185C21FAB9
:1073C00000F01060704700BF04380240001BB70097
:1073D0000024F400D8000020481D0108024801687C
:1073E00041F470010160704788ED00E00148FDF74D
:1073F00059BE00BF543F00200148FDF753BE00BFF7
:107400009C3F0020806B012180F83D10FCF7D3BF2A
:10741000806B012180F83D10FCF7CEBFD0F800C092
:10742000B0F1804F0ED0EA4B98421CBFE94B984216
:1074300008D0E94B98421CBFEE4B984202D0F04B6B
:10744000984204D14B682CF0700243EA020CB0F170
:10745000804F20D0DE4B98421CBFDE4B98421AD0A2
:10746000DD4B98421CBFDF4B984214D0DE4B984254
:107470001CBFDE4B98420ED0E14B98421CBFDD4B47
:10748000984208D0DC4B98421CBFD94B984202D09E
:10749000DA4B984204D1CB682CF4407243EA020CD8
:1074A00010B58B684A69C3620B6883622CF0800355
:1074B000EC4C1A4340F48063A342BDE8104004BF83
:1074C00009690163016841F0040101600121416122
:1074D000026070470348044A4FF400710823F9F72B
:1074E000E1BA00BF9C3800209807002010B5014683
:1074F000886B426A8A4214D0826A8A421CD0C26A6D
:107500008A4225D0026B00F11C048A422BD108224A
:107510002270C96939BB012180F8411080F84510FB
:1075200021E00122044604F81C2FC969D9B980F86A
:107530003E2080F8422016E00222044604F81C2F68
:10754000C96981B9012180F83F1080F843100AE031
:107550000422044604F81C2FC96921B9012180F8CE
:10756000401080F84410FDF714FC0020207010BD7E
:1075700010B5846B616A81420AD0A16A814209D048
:10758000E16A814208D0216B814207D1082004E0E2
:10759000012002E0022000E0042020772046FDF7D1
:1075A000F9FB0020207710BD10B50146886B426AB8
:1075B0008A4212D0826A8A4218D0C26A8A421FD096
:1075C000026B00F11C048A4223D108222270C9698F
:1075D000F9B9012180F841101BE00122044604F8AA
:1075E0001C2FC969A9B980F83E2012E00222044686
:1075F00004F81C2FC96961B9012180F83F1008E027
:107600000422044604F81C2FC96911B9012180F82D
:107610004010FEF783F80020207010BD10B5846B79
:10762000616A81420AD0A16A814209D0E16A81423D
:1076300008D0216B814207D1082004E0012002E03C
:10764000022000E0042020772046FEF768F80020A2
:10765000207710BD10B5846B616A81420BD0A16A9E
:1076600081420DD0E16A814210D0216B814213D05A
:1076700004F13D0014E00120207784F83E0011E081
:1076800002202077012084F83F000BE004202077BF
:10769000012084F8400005E00820207704F1410033
:1076A000012101702046FDF773FB0020207710BDFB
:1076B000806B016AC96909B1FEF722B9012180F81E
:1076C0003D10FEF71DB9806BFEF78CB9806B816BA6
:1076D000C96909B1FEF7CFB9012180F83D10FEF765
:1076E000CAB9806BFEF7C8B910B50368374AB3F161
:1076F000804F29D0ED4CA3422AD0ED4CA3422CD090
:10770000EC4CA3422ED0354CA34230D0344CA34293
:1077100032D0E94CA34234D0334CA34236D0334C60
:10772000A34238D0324CA3423AD0E64CA3423CD0DC
:10773000E34CA3423ED0314CA34240D0DF4CA342A5
:1077400018BF10BD131D3EE002F10C0308323AE0F1
:107750001E4A02F11403103235E01C4A02F11C03E8
:10776000183230E0194A02F1240320322BE0174A84
:1077700002F12C03283226E0144A02F1340330329D
:1077800021E0124A02F15C0358321CE00F4A02F178
:107790006403603217E00D4A02F16C03683212E0B4
:1077A0000A4A02F1540350320DE0084A02F13C0348
:1077B000383208E0054A02F14403403203E0034A4C
:1077C00002F14C0348321060196010BD1004002013
:1077D0000004004000080040000C00400010004081
:1077E0000014004000180040001C00400020004031
:1077F00000480140000401400040014000440140B5
:1078000000000140B0B5026A036A23F0010322F0D0
:1078100002020362D0F804E083698D680C681543A6
:1078200023F07302A74B42EA040C40F480629A42B0
:1078300001BF25F00C03CC6824F0040444EA0305DE
:10784000A04B9A4201BFD1E905232EF44074224394
:1078500042EA030EC0F804E0C0F818C0496841636A
:107860000562B0BD0004014070B5026A036A23F0EE
:10787000100322F020020362466883698D680C6859
:1078800042EA051E23F4E6428E4B42EA042C40F401
:1078900080629A4201BFCB686FF04F0404EA031381
:1078A0002EF0C00508BF43EA050E864B9A4201BF81
:1078B000D1E9052326F4406444EA820242EA8306C1
:1078C0004660C0F818C049688163C0F820E070BD08
:1078D00070B5026A036A23F4807322F400720362B3
:1078E0004668C3698D680C6842EA052E23F073026E
:1078F000744B42EA040C40F480629A4208D1CB688F
:1079000040F2FF442EF440651B02A34343EA050EF8
:107910006C4B9A4201BFD1E9052326F4405444EA56
:10792000021242EA03164660C0F81CC04968C163EF
:10793000C0F820E070BD00BFB0B5D0F820C0036A29
:1079400023F480532CF4005203624368C5698C68A9
:10795000D1F800E042EA043C5A4C25F4E64240F4F7
:10796000806542EA0E22A54202BF4D6923F480439E
:1079700043EA85134360C26149680164C0F820C0CE
:10798000B0BD00BF80B500688268D1E900E322F095
:10799000770C23F0070242EA0C0242EA0E028260F0
:1079A0004FEA3312072A0AD84FF0000CDFE802F042
:1079B00037373737040A121ABEF1050F20D14FF0BE
:1079C000010C2CE08B680A69194600F02AF84FF088
:1079D000000C24E08B680A69194600F075F84FF036
:1079E000000C1CE0D1E9022309694FF0000C1A4396
:1079F00042EA0121826822F47F42114381600EE055
:107A0000026A036A4FF0000C23F0010303628369EA
:107A1000096923F0F00343EA0111816102626046C3
:107A200080BDD0F820C0036A23F00103036283699C
:107A300023F0F00343EA021282612CF00A021143A0
:107A40000162704710B5D0F820C0D0F820E0B0F146
:107A5000804F2EF0010EC0F820E0D0F818E014D0CE
:107A6000124CA0421CBF124CA0420ED0114CA0429E
:107A70001CBF114CA04208D0104CA0421CBF104C9F
:107A8000A04202D00F4CA04203D12EF003042243A7
:107A900001E04EF0010263F3071201F00A01826176
:107AA0002CF00A021143016210BD00BF0004004027
:107AB00000080040000C0040001800400000014099
:107AC0000040014000040140D0F820C0036A23F0C8
:107AD00010030362836923F4704343EA0232826134
:107AE0002CF0A00242EA01110162704780B5D0F883
:107AF00020C0D0F820E02EF0100EC0F820E04FEAB1
:107B0000022E4FF2FF022EEA020263F30F32836964
:107B100023F473431A438261A02202EA01112CF07C
:107B2000A0021143016280BDCE480A22011D014816
:107B3000FEF730BCE43F0020B0B5A820F9F738F8D4
:107B40001D481E49F8F77CFF1D4C1E492046FFF7D3
:107B5000CBFD2046FCF7C0FD1B4C00212046FFF763
:107B6000C3FD2046FCF7B8FD184C194912222046E7
:107B700000F012F91748B1EE000AB2EE001AF6EE64
:107B8000001AF0EE400A06F095FC144D124821460A
:107B90002A4604F0BFFA12480021FFF795FA11496E
:107BA0002846802200F0F8F80F482946A522BDE8B3
:107BB000B04005F0F9BA00BF9C38002015B60008A7
:107BC0009C3F00200DAE0008C43E00202C40002049
:107BD00075AB0008D4070020C00C002074400020C2
:107BE000243E00202DB00008981300207047806BC1
:107BF0000021C185FEF71EB810B5846B206841696D
:107C000094F84120212A08D111F0800105D00020EC
:107C1000E084204600F0B2F82068406994F84210F1
:107C2000222907D110F0400004D00020E085204632
:107C300000F07DF8606C40F0100060642046BDE804
:107C40001040FDF7F7BF0168806B096811F4807F71
:107C500032D10021C185016851E8031F026821F477
:107C6000807142E80313002BF5D1016851E8051F2C
:107C7000026821F0010142E80513002BF5D10168EB
:107C800051E8051F026821F0400142E80513002B6E
:107C9000F5D12021844680F842105CF8302F012A6B
:107CA0000CD1026852E8032F036822F0100243E867
:107CB00003210029F5D101E000F1300C00214163DE
:107CC000DCF80010012918BFFEF70BBB818DFDF712
:107CD000FFBE806B01214163016B012918BFFEF7D4
:107CE00001BB818D4908FDF7F3BE0168806B09680F
:107CF00011F4807F18BFFEF78FBB0021C18401689B
:107D000051E8051F026821F0800142E80513002BAD
:107D1000F5D1016851E8031F026841F0400142E8D3
:107D20000313002BF5D17047806BFEF776BB01681B
:107D300051E8031F026821F4907142E80313002BFD
:107D4000F5D1016851E8051F026821F0010142E800
:107D50000513002BF5D1016B012909D1016851E808
:107D6000031F026821F0100142E80313002BF5D134
:107D7000202180F84210002101637047016851E81A
:107D8000031F026821F0C00142E80313002BF5D164
:107D9000202180F841107047B0B50368254CA342FC
:107DA00011D0254CA34210D0244CA3421ED0244C09
:107DB000A3421DD0914CA34225D0224CA34218BF10
:107DC000B0BD284B15E0264B13E0234B1860C3F8D9
:107DD0000C1103F18401A3F80421FDF74EFE1F48A6
:107DE0000068016821F008010160B0BD194B00E096
:107DF000174B1860C3F80C1103F18401A3F8042198
:107E0000FDF73BFEB0BD104D05F184042860C5F8B8
:107E10000C11A5F804212146FDF72FFE0B48006840
:107E2000016821F0080101602046B5F80411F8F757
:107E300080FBB0BD0044004000480040004C0040C2
:107E400000500040001001405C1E0020D0060020C1
:107E50004C1D00203C1C00202C1B00202006002074
:107E60001C1A00200C19002090F84210222918BF7B
:107E700070478368B3F5805F06D1026900F128017D
:107E8000A2B1D1F800C008E00146002B51F828CF7C
:107E900001D103690BB17F2300E0FF230268526820
:107EA0001A4001238CF800200A6806E00368826A01
:107EB0005B686FF35F23138002231A440A604FF656
:107EC000FF72C18D01391142C18500D07047016830
:107ED000CA6822F02002CA60CA6822F48072CA60AE
:107EE0004A6922F001024A61202280F842200022E1
:107EF0004263036B012B18BFFEF7F3B9026351E82D
:107F0000031F026821F0100142E803130168002BEF
:107F1000F5D10A6812F0100F08D081B0002200924B
:107F20000A68009249680091009901B0818DFDF7BF
:107F3000CFBD0000B0B5044649F20C652068016968
:107F4000E26821F4405111430161D4F808C0D4E93A
:107F50000423D4F81CE0C16842EA0C02A9431A4386
:107F600042EA0E021143C1604169A26921F44071E5
:107F70001143416140F480602049884202D1FBF7FF
:107F80002FF801E0FBF722F8E26963681921A0FBF2
:107F90000101B2F5004F16D15A00DB0FF8F7B9F91D
:107FA00064216FF06303B0FBF1F202FB03003223A4
:107FB00003EBC000B0FBF1F14FF4F87000EA4100B0
:107FC00001F0070113E09A009B0FF8F7A2F9642172
:107FD0006FF06303B0FBF1F202FB0300322303EB0B
:107FE0000010B0FBF1F101F0F00001F00F0100EB27
:107FF0000210084321688860B0BD00BF0014014032
:10800000BCB513460A460446002522202149A26237
:10801000A385656484F84200E06BC1631E49016476
:108020001E49C0E9131521680431F9F7A5FC30B1E8
:1080300010206064202084F84200012028E001958F
:10804000206801680191416801910199216909B98C
:1080500009E0206850E8030F216840F4807041E88F
:108060000302002AF5D1206850E8050F216840F08E
:10807000010041E80502002AF5D1206850E8050F0B
:10808000216840F0400041E80502002AF5D10020B7
:1080900002B0B0BD477C0008D37C0008F97B000823
:1080A0002DE9FC4104461D4690460F4620686E1C93
:1080B00001683940B94226D0002EF9D0F9F70CFEFC
:1080C00003210DB3A0EB0800A8421DD82068C168A9
:1080D00011F0040F18BF402FEAD0802F1CBF016899
:1080E00011F0080FE4D00025019501680191406866
:1080F000019001982046FFF71AFE082001216064D4
:1081000084F8405000E00021C8B202B0BDE8F08120
:108110000148FDF791BD00BFE43F00200148FDF795
:108120008BBD00BF2C4000200148FDF785BD00BF7E
:108130007440002070B58C46D0F8D41200EB810357
:10814000D3F8C01219B30CF00F0E0EEB8E0200EB39
:10815000820252F8144F5CB1D0F8C8620EEBCE0523
:1081600006EB8506F669B4FBF6F505FB164686B107
:108170000024C1F81442D3F8C402036983B1D1F8D2
:10818000080201F5047162469847002408E00324C0
:1081900006E00024614600231460002200F054FD34
:1081A000E0B270BDB0B50446D4F8D40204EB800050
:1081B000D0F8C05295B1204600F0ECFBC5F80C0297
:1081C00005F50371D4F8D40204EB8000D0F8C402A2
:1081D000C268D5F804029047002000E00320C0B236
:1081E000B0BD000070B5164E81210446B047002591
:1081F0002046012184F83750B0472046822184F878
:108200007751B04784F84B506564D4F8D40204EB3E
:108210008000D0F8C01289B1D0F8C402406880470D
:10822000D4F8D40204F5307656F8200000F0ADFF03
:10823000D4F8D40246F82050C4F8BC52002070BDD7
:108240002188000810B5D0F8D41200EB8100D0F8D6
:10825000C04284B1D0F8C41259B194F80002FF288A
:1082600007D08B6894F8012221469847FF2084F8B4
:108270000002002000E00320C0B210BD0A210180EE
:1082800000487047580100202DE9F0412F4F304C35
:10829000804682213846A047064638460121A0473D
:1082A000054638468121A0470EB11021B1710DB1AC
:1082B0004021A98008B1402181804320A8F8000016
:1082C0002248BDE8F08100BF2DE9F0411F4F204C4E
:1082D000804682213846A047064638460121A047FD
:1082E000054638468121A0470EB11021B17115B164
:1082F0004FF40071A98010B14FF4007181804320C8
:10830000A8F800001148BDE8F08100BF2DE9F04158
:108310000E4F0F4C804682213846A047064638460D
:108320000121A047054638468121A0470EB1102102
:10833000B1710DB14021A98008B140218180432055
:10834000A8F800000148BDE8F08100BF140100203A
:108350002987000870B504464FF4077000F016FF37
:108360000546EDB128464FF40771F8F7E2F8D4F866
:10837000D40204F5307141F82050D4F8D40251F8F9
:108380002000C4F8BC02207C90B12046812102224A
:10839000402300F077FB012001210222402313E05B
:1083A000D4F8D402002104EB8000C0F8C0123BE0F6
:1083B0002046812102224FF4007300F063FB01206C
:1083C000012102224FF4007384F83700204600F0A8
:1083D00059FB0126102082210322082384F87761AB
:1083E0006064204600F04EFB84F84B600026C5F820
:1083F0000462D4F8D40204EB8000D0F8C402006810
:108400008047C5F81462C5F81862D5F804225AB13D
:10841000207C01210028204614BF40234FF4007324
:1084200000F042FB002000E00220C0B270BD80B529
:10843000D0F8D41200EB8101D1F8C01269B1D1F8A3
:108440000422017C00294FF0010114BF40234FF4A6
:10845000007300F029FB002000E00320C0B280BDC3
:1084600039B1D0F8D42200EB8200C0F8C412002049
:1084700000E00320C0B27047D0F8D42200EB8200A5
:10848000D0F8C00200281ABFC0F804120020032050
:10849000C0B27047D0F8D43200EB8300D0F8C002ED
:1084A00028B1C0F80812C0F81022002000E0032014
:1084B000C0B270477CB504460D46D4F8D40204EB34
:1084C00080010020D1F8C0628DF80700ADF80400EB
:1084D000002E4ED02B7813F0600012D0202844D10B
:1084E000EA886878EAB11B0623D4402A86F800029D
:1084F0002046314628BF402286F8012200F065F868
:108500002DE068780B282CD0012828D00A281CD010
:1085100058BB94F89C02032827D101A920460222C7
:108520001BE0D1F8C412002200248B68294698472A
:1085300020E0D1F8C4128B6831469847EA8820467B
:108540003146072A28BF072207E094F89C02032837
:108550000BD10DF107012046012200F050F8002454
:1085600008E094F89C020328F9D02046294600F040
:1085700021F80324E0B202B070BD80B5D0F8B82273
:1085800052689047002818BF032080BD0020704724
:108590000020704780B513460A46002100F084FA97
:1085A000002080BD80B513460A46002100F04CFB38
:1085B000002080BD10B58021044600F015FB204648
:1085C0000021BDE8104000F00FBB80B513460A46FD
:1085D0000321C0F894120021C0F86421C0E955338A
:1085E00000F062FA002080BD80B505210022002342
:1085F000C0F89412002100F057FA002080BD80B529
:1086000013460A460221C0F8941200214262C0E9D2
:10861000053300F019FB002080BD80B50421002245
:108620000023C0F89412002100F00EFB002080BD52
:1086300010B5044C0A4604A0214600F08AF82046F2
:1086400010BD00BF701F002043444320436F6E667F
:10865000696700001220088000487047640100200C
:1086600010B5044C0A4604A0214600F072F82046DA
:1086700010BD00BF701F002043444320496E746545
:10868000726661636500000004200880004870473E
:108690008C01002010B5044C0A4604A0214600F0CD
:1086A00058F8204610BD00BF701F002053544D697C
:1086B00063726F656C656374726F6E6963730000DB
:1086C00010B5044C0A4604A0214600F042F82046AA
:1086D00010BD00BF701F002053544D333220566927
:1086E000727475616C20436F6D506F72740000007E
:1086F0001A2008800A4908688A6880180ED0B0B528
:10870000084D4C680822A91CFDF789FE05F11201ED
:1087100020460422FDF783FEBDE8B04001487047C3
:10872000107AFF1F900100200278B0F802C0944533
:108730000DD993B263450AD20378184413FA82F232
:108740004378052B04BF83788B42F2D17047002019
:10875000704780B5F0B34FF0000C864603E00EF191
:10876000010E0CF1010C9EF80030002BF7D15FFADE
:108770008CFC022303EB4C03B3F5007F02D94FF4CA
:10878000007310E04FF0000C864603E00EF1010E7E
:108790000CF1010C9EF80030002BF7D15FFA8CFC35
:1087A000022303EB4C03138003224FF0020E4FF021
:1087B000000C0B704A700AE05FFA8EF201308B54A5
:1087C0004EF001020EF1020ED2B201F802C003789F
:1087D000002BF1D180BD80B100230029C0F8B83250
:1087E000C0F8C432C0F8D03201D0C0F8B4120121B0
:1087F00080F89C12027000F0D1B80320704700008E
:1088000080B5D0F8C802F9F7A3FD032804D8DD49E4
:10881000C00021FA00F000E00320C0B280BD00BF1C
:1088200080B5D0F8C802F9F76EFD032804D8F649E0
:10883000C00021FA00F000E00320C0B280BD00BFFC
:10884000B0B5044689B194F89C0203284FD1D4F8FE
:10885000B8024269002A4AD00020C4F8D402204657
:108860009047002808BF0020B0BDD4F89402022829
:1088700037D1218CA06988420ED9421AA261606A60
:10888000014420466162FFF78DFE20460021002250
:10889000002300F009F924E00FD1616981420CD373
:1088A000D4F89802814208D22046002100220025F7
:1088B000FFF778FEC4F89852E7E794F89C02032883
:1088C00008D1D4F8B802C16821B10020C4F8D4029C
:1088D000204688472046802100F086F92046FFF791
:1088E00083FE94F8A00210B1002084F8A0020020BA
:1088F000B0BD10B5044681B194F89C02032835D16F
:10890000D4F8B80282698AB30020C4F8D4022046A1
:108910009047002808BF002010BDD4F89402032817
:1089200024D1B4F86021D4F8580190420ED9801AAD
:10893000C4F858019042D4F864111144C4F8641189
:1089400088BF02462046FFF725FE0FE094F89C0200
:10895000032808D1D4F8B802016921B10020C4F875
:10896000D402204688472046FFF757FE002010BD5E
:1089700000207047012180F89C12D0F8B8223AB14B
:1089800080B5017952689047002818BF032080BD48
:1089900000207047D0F8C802F9F706BD017859BB2E
:1089A00010B516490022C1F8E004C0F8C8124FF013
:1089B000A0400860042008710220C8718A714872C2
:1089C00008468A72CA720A738A73CA73FAF74EF932
:1089D00008B1F8F71EF9094C80212046F9F73BFC55
:1089E000204600214022F9F73AFC2046012180224E
:1089F000F9F735FCBDE810400020704740390020F1
:108A0000D0F8C80201F07F0211F0800F02EBC20221
:108A100000EB820000F1160208BF00F25622107827
:108A20007047D0F8D42200EB8202D2F8B8226AB1A3
:108A300090F89C32032B07D1126A2AB180B5904777
:108A40000020BDE8804002E0002000E00320C0B22A
:108A50007047D0F8D42200EB8202D2F8B8226AB173
:108A600090F89C32032B07D1526A2AB180B5904707
:108A70000020BDE8804002E0002000E00320C0B2FA
:108A80007047000080B5D0F8C80294461A46634685
:108A9000F9F793FC032804D87349C00021FA00F0C9
:108AA00000E00320C0B280BD80B5D0F8C802F9F75D
:108AB000B5FC032804D86C49C00021FA00F000E09E
:108AC0000320C0B280BD00BFF8B5044601260025D2
:108AD00084F89C62C4F894526560C4F8A45284F887
:108AE000A052D4F8B80250B142683AB120460021F1
:108AF00090470546002D18BF032500E000252046BD
:108B00000021002240234027FFF7BCFF20468021A0
:108B10000022402384F86361A4F86071FFF7B2FF7C
:108B200084F823602784284601B0F0BD90F89C1299
:108B3000042904BF90F89D1280F89C120020704711
:108B400090F89C12032908D1D0F8B81229B1C9694C
:108B500019B180B58847BDE8804000207047017496
:108B60000020704780B5D0F8C802FAF740F9032812
:108B700004D83D49C00021FA00F000E00320C0B253
:108B800080BD00BF00030103B0B5044604F2AA256E
:108B9000284600F06BF80120C4F89402B4F8B00243
:108BA000C4F8980294F8AA0200F01F01022908D024
:108BB00001290CD089B920462946BDE8B04000F013
:108BC00093B820462946BDE8B04000F0F9B92046E8
:108BD0002946BDE8B04000F09EBA00F08001204672
:108BE000BDE8B040AFF3008080B5D0F8C802F9F717
:108BF00032FC032804D81C49C00021FA00F000E030
:108C00000320C0B280BD00BF0003010380B5D0F8CF
:108C1000C802FAF707F9032804D81349C00021FA5B
:108C200000F000E00320C0B280BD00BF90F89C12AD
:108C300004291CBF90F89C1280F89D12042180F832
:108C40009C1200207047000080B5D0F8C802F9F7E8
:108C500037FC032804D80449C00021FA00F000E0E2
:108C60000320C0B280BD00BF000301030A78027078
:108C70004A7842708A78CB7842EA032242800A79A5
:108C80004B7942EA032282808A79C97942EA01213A
:108C9000C18070471CB5044600200029ADF80600CD
:108CA00015D0C4F8B81204F52E71D4F8D40251F8D6
:108CB0002000C16A21B10DF106008847C4F8D00236
:108CC000D4F8D8020130C4F8D802002000E0032014
:108CD000C0B202B010BDD0F8B8220AB11268104775
:108CE00000207047FFF792BFBCB50D4604462878B8
:108CF00010F0600011D0402818BF202840F05381A8
:108D0000D4F8D402294604EB8000D0F8B802826877
:108D1000204602B0BDE8B04010476878092800F24C
:108D20004281DFE810F00A00200040012E004001DF
:108D300058007B00400139004B0094F89C02013838
:108D4000022800F23081E888022840F02C81D4F813
:108D5000A402032102220028204608BF0121E1606D
:108D600004F10C011CE194F89C020138022800F285
:108D70001A8168880025012840F01981C4F8A4529E
:108D8000E0E06888022800F07480012840F00B8140
:108D90000120C4F8A4020DE1E888012840F0038115
:108DA00094F89C02411E022967D2002521462046E4
:108DB000012241F8085FFFF722FCF8E068887F4D48
:108DC000C1B200F0FE00022829703DD32046FFF713
:108DD000F1FB0325EBE0A888002840F0E480E88858
:108DE000002840F0E08068887F2800F2DC8094F85A
:108DF0009C12032900F0D78000F07F052046E9B2DD
:108E000084F89E52FFF7AEFE2046FFF706FC0120D5
:108E1000002D18BF022084F89C02C7E000204FF00C
:108E2000FF31ADF80600688801EB1021062900F239
:108E3000BA80DFE801F0045129B8B85E6800D4F8C0
:108E4000B412207C0A689CE094F89C02032828D085
:108E5000022865D1002900F0AD8020466160FFF74F
:108E60003AFF05462046002D70D0FFF7A3FB0220F5
:108E70006FE0687984F8A0029CE0032840F09380BA
:108E8000211D204601228BE0C0B2052800F28B8014
:108E9000DFE800F00362666A6E72D4F8B4024268DA
:108EA0006DE0002945D06068884200F08380C1B23F
:108EB0002046FFF762FB297820466160FFF70BFF31
:108EC0000546002D76D02046FFF774FB2179204619
:108ED000FFF753FB02203CE0217CD4F8B8020029C4
:108EE00014BFC16A816A0DF106008847014602205D
:108EF00014E0207C002856D1D4F8B802416B0DF163
:108F00000600884740E0207C00284CD1D4F8B80205
:108F1000016B0DF10600884701460720487034E0D8
:108F20002046FFF747FB29782046FFF726FB03255D
:108F30003DE002200025002184F89C022046656067
:108F4000FFF71BFB2046FFF768FB30E0FFF765FBF0
:108F5000032084F89C022AE0D4F8B40282680EE070
:108F6000D4F8B402C2680AE0D4F8B402026906E098
:108F7000D4F8B402426902E0D4F8B402826992B132
:108F8000207C0DF1060190470146EA8892B1BDF8B8
:108F9000060040B1904238BF02462046ADF8062098
:108FA000FFF72DFB02E02046FFF704FB00252846D3
:108FB00002B0B0BD2046FFF730FBF7E76C1F002082
:108FC000F8B50E4604463078357910F0600017D0B9
:108FD000402818BF202879D120462946FFF7D6FA25
:108FE000002876D1C4F8D40204EB8000D0F8B8028F
:108FF0008268002A6DD020463146BDE8F84010470F
:109000007078B8B101282ED003285FD194F89C0263
:1090100003282CD1708848B945F08000802805D0FD
:10902000F08818B920462946FFF7DEFD2046FFF7F5
:10903000F4FA4EE094F89C02032827D0022804BFDB
:1090400045F08000802841D105F07F0104F5AA7029
:1090500015F0800F18BF04F1140001EB810100EB43
:109060008101002050E094F89C02032834D00228AB
:109070002CD145F08000802828D020462946FFF7D3
:10908000B3FD20468021FFF7AFFD22E005F00F0180
:1090900015F0800001EB810104EB810114BF91F810
:1090A000231091F8631189B1002804F5AA7645F0E0
:1090B000800005F07F0718BF04F11406802818D13E
:1090C00007EB870006EB800100201DE02046FFF73C
:1090D00071FA002001B0F0BD70880028F9D168064F
:1090E00003D020462946FFF78BFB2046FFF795FA71
:1090F00072E720462946FFF783FC07EB870100282B
:1091000006EB810118BF012001F80E0F2046022254
:10911000FFF775FADDE7B0B50D460446287810F084
:10912000600018BF402801D0202810D194F89C027C
:10913000013802280BD8A88800F0FE01012906D8C2
:10914000C1B22046FFF724FA30B10320B0BD20465B
:10915000FFF730FA0020B0BD04EB8001D1F8B8224F
:109160009268002AF1D001F52E71C4F8D402086883
:1091700029468268204690470028ECD1E9880029DA
:10918000E9D12046FFF749FAE4E770470048704705
:109190007021002070B50B784D78012603F00F0286
:1091A000012D06FA02F4194E4FEA431215D1D0F8F8
:1091B0001C582543C0F81C5800F51060855815F45C
:1091C000004F20D10D79896814586FF3DF2141EAEF
:1091D0008351214341EA854113E0D0F81C3843EA2A
:1091E0000443C0F81C3800F53060835813F4004F76
:1091F00009D10B79896815586FF3DF21294341EABA
:10920000834131431150002070BD00BF0080001029
:10921000D0F8001940F2FF729143C0F80019D0F85D
:10922000041841F48071C0F8041800207047000051
:1092300070B5044602F47F401E460D46B0F5807FAF
:1092400018D1A16B049821F48031C0B2A163012828
:10925000E168184A01EA0201E160E16821F4401185
:10926000E16002BFE06840F48010E060204600F05A
:1092700023F80FE0E06840F04000E060204600F096
:109280001BF8A16B16F47F4F21F4803208BF41F424
:109290008032A26305F47F01B1F5803F18BF70BD35
:1092A000A16841F00601A160A16841F02001A16020
:1092B00070BD00BFBFFFBDFF81B0002100910099CC
:1092C000013100910099B1F1706F1CD80169B1F1C1
:1092D000FF3FF4DC0A2101E0009901390091009977
:1092E0000029F9D1016941F00101016100990131C1
:1092F00000910099B1F1706F05D8016911F0010F6B
:10930000F4D1002000E00320C0B201B0704700009B
:1093100010B50A784B781E4C5101012B014410D135
:1093200001F51063D1F80019B1F1FF3F07DC1968AE
:1093300041F000611960196841F080411960012114
:1093400012E001F53063D1F8001B04F17074B1F143
:10935000FF3F07DC196841F000611960196841F0AE
:10936000804119604FF4803102F00F029140D0F833
:109370003C288A43C0F83C28D0F81C2822EA010186
:10938000C0F81C18186820401860002010BD00BFED
:10939000007833ECD0F8001E21F00301C0F8001E65
:1093A000D0F8041821F00201C0F80418002070471A
:1093B000D0F8001E21F00301C0F8001ED0F80418F8
:1093C00041F00201C0F80418002070472DE9F84F61
:1093D0008A4680464120002102E048F820100130F2
:1093E0005028FAD1C3F30749B9F1000F0AD0D8F8D1
:1093F000380020F40010C8F83800D8F8380040F4DD
:10940000002015E0D8F8040840F00200C8F804086D
:10941000D8F8380040F40010C8F83800D8F8380000
:1094200020F40020C8F83800D8F8380020F4802054
:1094300002F47F41C8F838000020B1F5807FC8F8F9
:10944000000E009209D1D8F8001808F5006BB0EBB7
:109450001A6F0BD1CBF800100CE0D8F8000808F513
:10946000006B40F00300C8F8000803E041F0010081
:10947000CBF800004046102100F025FA0746404690
:1094800000F0FEF95FFA8AF10022384308F5106314
:109490004FF67F3700264942CBF81020CBF8142036
:1094A000CBF81C200EE0002E4FF09045A6F10106EF
:1094B00008BF4FF000651C6805EAE4751D601A617D
:1094C0009F602033B142EED1002808F530624FF0A2
:1094D00000034FF67F374FF0000618BF01200EE063
:1094E000002E4FF09045A6F1010608BF4FF0006531
:1094F000146805EAE4751560136197602032B14283
:10950000EED1DBF810101AF47F0F21F48071CBF844
:1095100010104FF00001C8F818101349C8F81410C3
:1095200002BFD8F8181041F01001C8F81810D8F888
:1095300018100E4A1143C8F81810009911F47F0F43
:109540001EBFD8F8181041F00801C8F81810B9F17A
:10955000010F01BFD8F81810054A1143C8F81810B8
:1095600001B0BDE8F08F00BFFFFFFFBF00383C80B7
:1095700004000040816821F00101816000207047F3
:1095800010B5036C134CA34203D3D0F8003B002B5F
:109590001EDB00230129C0F8103BD0F8103B43F438
:1095A0000023C0F8103BD0F8103B43F01803C0F87C
:1095B000103BD0F8103B43F0C043C0F8103B01BF54
:1095C000C0F8142BD0F8001B41F08021C0F8001B1C
:1095D000002010BD0B30544F4B780A78012B4FEA16
:1095E000421214BF00F5306000F51060835823F478
:1095F00000138350097901F0FE01022902BF1158BE
:1096000041F080511150002070470A784B78510189
:10961000012B014404D101F51060D1F8001903E0D9
:1096200001F53060D1F8001B2AB1002903DB016885
:1096300021F080410160016841F4001101600020C7
:10964000704700002DE9FC41964691F800C04A7829
:1096500080466348634E644F644D4FEA4C13012AC1
:1096600027D108EB03020C6902F51063D2F8102928
:10967000002C43D02A40BCF1000F1A611A6902EA9B
:1096800007021A618F6857D0E219013AB2FBF7F569
:1096900006EAC5421E6932431A610A79012A57D186
:1096A0001A6922F0C0421A614FF0C04202EA4575C1
:1096B0004BE008EB0302BCF1000FD2F8103B03EAC9
:1096C0000503C2F8103BD2F8103B03EA0703C2F8C7
:1096D000103B02F530638F680C691BD0ECB1E219C6
:1096E000013AB2FBF7F295B206EAC2426F430F624B
:1096F0001E6932431A6107EA000214E002EA070019
:1097000000241861186940F400201861186900EA03
:10971000050220E004B10F610F621A69384010435E
:109720004FF4002218611869BEF1010F40EA0200EF
:10973000186117D1C86813E0BC4204D90F614FF417
:1097400000253C4601E04FF400251A692A431A61BE
:109750001A6920400243BEF1010F1A6118D1C8698D
:1097600000B15861087901280AD1D8F808084FF0EB
:10977000805121EA0050196800F1805008431860B8
:10978000186840F004401860002002B0BDE8F08185
:10979000186840F0044018600879012813D1D8F8FF
:1097A00008084FF0805222EA00501A6800F18050F9
:1097B000104362461860A3B24046C968CDF800E085
:1097C00000F0CCFBE0E7002CDED00CF00F00012114
:1097D00001FA00F0D8F834180843C8F83408D3E781
:1097E000FFFF07000000F81FFFFF07E00000F8FF81
:1097F00081B0002200924A78012A1BD1097800F535
:10980000106049014258B2F1FF3F2EDC0A5842F085
:1098100000620A500A5842F080420A5042F2107226
:10982000009B01330093009B934220D84358002BA8
:10983000F6DB1AE0097800F5306049014258B2F1D0
:10984000FF3F12DC0A5842F000620A500A5842F008
:1098500080420A5042F21072009B01330093009B39
:10986000934204D84358002BF6DB002000E001208F
:1098700001B07047816841F00101816000207047AC
:1098800081B0002100910099013100910099B1F15E
:10989000706F14D80169B1F1FF3FF4DC0021009131
:1098A000102101610099013100910099B1F1706FAF
:1098B00005D8016911F0100FF4D1002000E0032059
:1098C000C0B201B0704781B000220092009A01320C
:1098D0000092009AB2F1706F16D80269B2F1FF3FA0
:1098E000F4DC00220092202242EA811101610099F9
:1098F000013100910099B1F1706F05D8016911F043
:10990000200FF4D1002000E00320C0B201B0704766
:10991000D0F8080810F0060006D040F004010F202F
:10992000062908BF022000E00020C0B2704740694D
:1099300000F0010070470000FEB594464A78C74B1E
:1099400098421AD091F806E0BEF1010F04D1CF7809
:10995000D7B38C8A01254EE00C6A002C45D08B8A47
:10996000E518013DB5FBF3F5AEB2B6F5807F82BFD9
:109970001B02CB614FF4807538E0BCF1010F10D1B0
:109980008B7C43F00203022B04BF8B79002BD9D1CF
:1099900000EB4213D3F80C6526F07006C3F80C6593
:1099A000D0E70B79002BCDD14B79012BCAD174496B
:1099B00000EB42100222C0F81015D0F8001562F337
:1099C0009F71C0F80015D3E08C7C0B6A012C40F02D
:1099D000A080CD68BD2BC0F0A4808C8A6B1E0125B1
:1099E000022B0C6238BF0225A1E00125CF7817B108
:1099F0008B8AACB25C43CC618B7D6FF3DF44BCF1EE
:109A0000000F65F3DC444FF0C04505EA437343EAB9
:109A1000040300EB4214C4F8103504F5A0641CBF25
:109A20008B696361BEF1010FD0F80834256825F019
:109A3000005525604FF0005525EA4373256843EA39
:109A40000503236034D10B7C4D7C43EAC51343F0FE
:109A500000436360E36843F06003E360CD79012D68
:109A600008BF002F07D1636843F480336360E36865
:109A700043F04003E3608B7C43F00206032E19D1D0
:109A8000012D05D1012F02BF666846F4803666605D
:109A9000012B08BF002F0DD1CB68013B032B09D848
:109AA000DFE803F002484C50636843F4004300E0F1
:109AB000002363602368002F0293029B23F08043FE
:109AC0000293029B0CBF23F4004343F40043029330
:109AD000029B43F000430293029B23605CEA07036E
:109AE00046D10B6A002B43D0CF79002F40D18E7C1A
:109AF000032E37D8DFE806F0022A022ADF1CC7F35C
:109B00008F07C66AB6B2B7422CD9876947F02007DB
:109B100027E0BCF1010F2ED18C8AA34298BF1C46CE
:109B20002AE06C1E0425022C1C4638BF0325CC619C
:109B3000CD6022E0636843F00E03BAE7636843F444
:109B40008043B6E7636843F44043B2E7DF1CC7F3E2
:109B50008F07D0F81064B6B2B74203D9876947F0CF
:109B600080678761896900279BB2009700F0F6F94A
:109B7000002003B0F0BD1C46CC61012500273BE767
:109B80000000088070B5044600200D46C4F8000EA1
:109B9000A06B40F40010A063A06B20F40020A06331
:109BA000A06B20F48020A063E06810F0400F0DD17E
:109BB000D4F8001405F07F40B0F1807F21F004025A
:109BC00008BF41F00402C4F8002405E0D4F8000402
:109BD00020F00400C4F8000420461021FFF773FEB3
:109BE00006462046FFF74CFE304304F5A061C5F35E
:109BF00007224FF0FF33002603E08B60CE60203158
:109C0000013A002AF9D100218022A1614FF0FF31F1
:109C1000616112498C4208BF4FF400726262104ABF
:109C200004BF40F20022C0F200128C42A2620D4A30
:109C300004BF40F20032C0F2E0020028C4F8002164
:109C400018BF012015F47F0F02BFA16941F0100178
:109C5000A161A169044A1143A16170BD00000440E3
:109C600080006000E0004000080020A3D0F8181831
:109C7000D0F81C08084080B27047D0F81818D0F807
:109C80001C080840000C7047D0F810C8D0F83438D1
:109C900001F00F0200EB4110D0F8080923FA02F29C
:109CA000D201D2B242EA0C021040704700EB4111DF
:109CB000D1F8081BD0F81408084070474169806942
:109CC00008407047B0B5034622F0030C90084FF4EB
:109CD000805E0C4604E053F80E50013844F8045BF3
:109CE0000028F8D101EB0C0012F0030108BFB0BD51
:109CF0004FF4805201254FF6FF7E04469A584B1EC2
:109D000015FA83FC002322FA03F50139083304F81D
:109D1000015B11EA0E0FF6D16044B0BDB0B5044648
:109D20000029E06820F0C040E06013D001291CBF8A
:109D30000120B0BDE068002540F00050E0600A203E
:109D4000F7F76AFE60690A35C72D12D810F00100D6
:109D5000F5D00EE0E068002540F08040E0600A2089
:109D6000F7F75AFE60690A35C72D02D810F00100D6
:109D7000F5D1A5F1C800B0FA80F04009B0BDD0F827
:109D8000002822F4FE62C0F800284FF4FE6202EAC6
:109D90000111D0F800281143C0F8001800207047C6
:109DA000022A34D1284A294B0A449A4202D24FF45B
:109DB00070512EE0264A274B0A449A4202D24FF4B1
:109DC000605126E0244A254B0A449A4202D24FF4BD
:109DD00050511EE0224A234B0A449A4202D24FF4C9
:109DE000405116E0204A214B0A449A4202D24FF4D5
:109DF00030510EE01E4A1F4B0A449A4202D24FF4E1
:109E0000205106E01C4A1D4B0A449A420AD24FF4E4
:109E10001051C26822F47052C260C2681143C1601E
:109E200000207047164A174B0A449A4202D24FF458
:109E30000051EEE7144A154B0A444FF4C0519A42C0
:109E400038BF4FF4E051E4E7405327FF00350C00E2
:109E5000401E1BFF40420F0000DC0BFF804F120032
:109E6000808CF9FE20D6130060B6E5FE60E3160094
:109E700000D3CEFE40771B00C05BB3FEC091210033
:109E800000CA91FE20753800E05459FEE09C410064
:109E900010B504460E484FF67F3105E022182030F9
:109EA000C2F8E81AC2F8E81C0028F7D10020C4F86C
:109EB0001008C4F81408C4F81C082046FFF7E0FC9A
:109EC00000B110BD20461021BDE81040FFF7FBBCDB
:109ED00020FEFFFF7CB50026044610210196A068F5
:109EE00020F00100A0602046FFF7EDFC054620466B
:109EF000FFF7C6FC184A284304F5A06105E08B591A
:109F0000134043F080438B512036B6F5007FF6D1E5
:109F100000284FF0000318BF012010E05E018D59AA
:109F2000154045F040458D51019D01350195019D3C
:109F3000B5F57A7F02D87558002DF5DB0133102B6B
:109F4000ECD14FF0FF31C4F814146161A16841F005
:109F50000101A16002B070BDFF7FFF3FDDF800C0CE
:109F6000BCF1000F0DD103334FEA023C00F58050E5
:109F70009B0804E051F8042B013B4CF80020002B17
:109F8000F8D100207047FEE7B0B52DED028B9FEDB4
:109F9000198A164D9FED160A0024F0EE480A2C602F
:109FA00007F01CFA14489FED150AF0EE480A6860A5
:109FB00007F014FA1248A860124804F01FFB124878
:109FC0004FF0894181601149C1604C301821F6F78A
:109FD000B0FA0F4880F851400E4804F02BFE0E48AE
:109FE000BDEC028BBDE8B04003F018B990330020FF
:109FF000583934BE0BEFF2BD687C0AC05839343E84
:10A00000687C0A40D4070020C00C002000002544D2
:10A010005C0D0020B80D0020981300207047014609
:10A020008A680AB101201047704780B58AB0694636
:10A0300007F002F80299002818BF002108460AB06C
:10A0400080BD80B58AB0694606F0F6FF0099002809
:10A0500018BF002108460AB080BD70B5ADF5407D3F
:10A0600062AD04462846F6F78BFB00206E46294673
:10A07000E060304607F006F8B6A9304606F0DCFF8F
:10A08000A8B96D46B6AEB99B5BB1B69821462A46D3
:10A09000A064BE98E064BB9820650020984708281B
:10A0A0000AD12846314606F0C7FF0028EBD003202E
:10A0B000C0B20DF5407D70BD062803D00928F6D149
:10A0C0000920F5E762A869462246002301F01EFB3D
:10A0D0000220EDE7B0B5ADF5367D62AD0446284609
:10A0E000F6F74EFB694628462246012301F00EFB97
:10A0F000F6F73AFB70B5049C1546064601290AD0CE
:10A1000011BB02200F2D1DD8E3B930462946224647
:10A1100006F0A1FF13E0052B07D0012B07D10F2D6F
:10A1200005D8304606F0DAFF03E01F2D01D90220E2
:10A1300008E005F580713046224606F065FF0028EC
:10A1400018BF0220C0B270BDF6F70EFB2DE9F04F2C
:10A1500081B01C4691460D468346A14580F0FE80A5
:10A160000026E8462FE00AF0070001210123E9E07C
:10A17000A74280F0FF8087F003010137695C01F09E
:10A180007F0211F0800F02FA00F200F1070046EAA8
:10A190000206EDD158460D21424606F05CFF0098BC
:10A1A0000D2100EB860000F501725846009206F082
:10A1B000B4FFB9465646CCE05846012100F0DFF81E
:10A1C00009F10209C5E089F0030009F1010715F85A
:10A1D00000A01AF0800F1AD158460D21424606F011
:10A1E0003AFF4FEA8A006FF003011AF0400FC0B245
:10A1F000A1EB00004FF0040108BF01EB8A000099B9
:10A200004218009258460D2106F087FFA0E00AF0A0
:10A21000F00080380009052800F2AC80DFE800F08B
:10A2200003253444718BA74280F0A480294687F02F
:10A2300003005B46C346B0464FEA0A36085CB1B23B
:10A2400041EA0012002A00F095801F4600210023F9
:10A25000384600F094F806F400404646D84609F126
:10A260000209BB4646EAD03673E04AF0020000F02D
:10A270000F000F2800F07E800AF00F01584642467A
:10A2800006F0E9FE009ABDE70AF0070120224FF42C
:10A290008040002302FA01F100EACA20103941EAA5
:10A2A00000025846002151E0AAF1B00107293FF60B
:10A2B0005AAF0920DFE801F0501612045F5F5F5FBC
:10A2C00087F003004FF470210123285C01EA00317C
:10A2D00000F00F00013041EA00026DE7B2460026AF
:10A2E000002045E7A74245D287F003002A5C0920F9
:10A2F000002A40D012F0F0013DD158460021002341
:10A300005CE70AF0FE00C82834D187F00300BAF1F8
:10A31000C80F4FF01002295C4FEA111008BF42EA43
:10A32000111001F00F0142181F2A23D80131052313
:10A3300041EA004240E75FEA0A701BD40AF00700D6
:10A3400001210523013040F40022584600F017F89F
:10A35000B946A145FFF437AFF00709D16A46584620
:10A360000E2106F078FE009A58460F2106F0D5FE21
:10A37000082000E00920C0B201B0BDE8F08F2DE94F
:10A38000F04385B01E461546044601292DD000290C
:10A3900067D1A6BB02AA20460D2106F05CFE70BB69
:10A3A00000274FF001080DF11009002608FA06F009
:10A3B000284213D0029832460023011D0291002149
:10A3C0000068CDF800900490204600F04CF8B0B939
:10A3D000A6F10D00B0FA80F0400907430136102EB7
:10A3E000E4D3F80734D000200AE046F00400052842
:10A3F00005D104AA20460D2106F02DFE20B1022031
:10A40000C0B205B0BDE8F083A8B2C8B100EB1547F3
:10A410002D0C0DF108080498334600F1080201687C
:10A4200004922A464068CDE9021020460121CDF869
:10A43000008000F018F80028E1D10135BD42EAD3D0
:10A44000012E03D10498021D049202E0049A00E058
:10A45000029A20460D2106F060FE002818BF022057
:10A46000CEE7F6F781F970B5049E1446054601293A
:10A470000AD019BB02200F2C1ED8EBB9326828462F
:10A48000214606F04AFE14E0052B07D0012B07D128
:10A490000F2C05D8284606F021FE03E01F2C01D919
:10A4A000022009E0D6E9002304F58071284606F071
:10A4B00018FE002818BF0220C0B270BDF6F754F98C
:10A4C00080B52DED047B7B497D4A09680191019996
:10A4D00092ED000A0268891AB8EE400A019A01EE6C
:10A4E000101A0260B8EE411A81EE008A01F062F99A
:10A4F000B0EE480ABDEC047B80BD00BFF8B56D49E5
:10A500006F4A09680091009914680268009B036013
:10A51000881A07F037FA054620460E4607F032FA49
:10A5200004460F4601F046F92846314622463B468E
:10A5300007F0D0F841EC100B01B0F0BD284A904272
:10A5400012D0284A904218BF7047881E092884BF3D
:10A5500025487047DFE800F00517191C1E21232647
:10A56000282B214802307047881E092884BF2148C3
:10A570007047DFE800F0051E202325282A2D2F3202
:10A580001C4802307047184828E0174806307047CA
:10A590001748704716480230704715481EE01448A7
:10A5A00006307047114870471048023070470F4816
:10A5B00014E0104812E00F48063070470F4870470B
:10A5C0000E48023070470D4808E00C4806307047CE
:10A5D0000948704708480230704707480430704700
:10A5E0009C380020C4380020B0070020B8070020A5
:10A5F000A807002098070020A0070020900700204F
:10A6000080B500F01FF80C489FED0C2A9FED0C3A26
:10A61000C18890ED000A808801EE100A04EE101A3D
:10A62000B8EE411AB8EE400AB8EE444A01EE020A0A
:10A6300004EE030A80BD00BF041900206F12833AA4
:10A64000BD378635F8B501F0B5F81A484FF0FF313F
:10A65000002500230068009017480068009CE0FB7C
:10A66000014516482946C0E90045154806682046B8
:10A670003246F5F74EFE134A2C4FA0FB063CE41A77
:10A6800001FB06C39D41002333C238600E482946B2
:10A69000066820463246F5F73CFE0C4AB88080B288
:10A6A00000237043201A65F100011268F5F731FEAE
:10A6B000F880F8BD041000E08C040020C8070020DA
:10A6C000800400204003002084040020880400202F
:10A6D00080B5FFF7B7FF0A484FF47A739FED091A68
:10A6E00081880268C08800EE100A02FB0311B8EEF0
:10A6F000402A00EE101AB8EE400A02EE010A80BDB0
:10A70000041900206F12833A80B5FFF79BFF0748BA
:10A7100043F609524FF47A73016851438288C08826
:10A720005A4302EB81110844002180BD0419002026
:10A73000DFF8A4C706E010F8013B01395A40D2B255
:10A740001CF802200029F6D1D0B270472DE9FE4F47
:10A75000DFF8B49604460420DFF848B31D4692465D
:10A760008846A9F800000820A9F80200002084F813
:10A770000C8084F80DA0A57320742846D84729467C
:10A780006061F5F7B4FEAF003846D8473946A0619E
:10A79000F5F7CFFE3846D8473946E061F5F7C9FEF0
:10A7A0004FEA88063046D84731462062F5F7C1FEA9
:10A7B0002846D84729466062F5F799FE3046D847C3
:10A7C00031462060F5F7B5FE3846D8473946606017
:10A7D000F5F7AFFE4FEA8A073846D8473946A060FA
:10A7E000F5F7A7FE3046D84707463146C4F8E8706B
:10A7F000F5F79FFE04F13000414601223B4606F08A
:10A80000F0F8B9F8000000FB08F63046D8470746D4
:10A810003146C4F8EC70F5F78CFE217B04F138006A
:10A8200001223B4606F0DDF8BAF1000F13D09C4838
:10A83000008800FB0AF63046F5F73CFD0746314636
:10A84000C4F8F070F5F775FE617B04F14000012259
:10A850003B4606F0C6F8DFF8B0950295B9F800005F
:10A8600000FB05F63046D84707463146C4F8F47079
:10A87000F5F75FFEA17BCDF804A0DFF82CA204F170
:10A88000480001223B46D047B9F8000018FB08F504
:10A8900005FB00F63046D84707463146C4F8F87045
:10A8A000F5F747FE217B04F150003B460A46D047AE
:10A8B000B9F8000005FB00F63046D8470746314698
:10A8C000C4F8FC70F5F735FE217B04F158003B46D7
:10A8D0000A46D047B9F80000009505FB00F630465F
:10A8E000D84707463046C4F80071D8470546384671
:10A8F0003146C4F80451F5F71CFE28463146F5F7F9
:10A9000018FE217B04F160003B460A46D047217BBC
:10A91000D4F8043104F168000A46D0470198A8B180
:10A92000E04910FB08F0098800FB01F52846F5F71F
:10A93000C1FC06462946C4F80861F5F7FAFD217BFB
:10A94000627B04F17000334606F04BF8D548DDF821
:10A950000890014619FB08F208880192884602FB1C
:10A9600000F52846D84706462846C4F80C61D84763
:10A97000074630462946C4F81071F5F7DAFD384627
:10A980002946F5F7D6FD227BA17BDFF81CA104F157
:10A9900078003346D047D4F81031217BA27B04F1F4
:10A9A0008000D047B8F80000009901FB00F5284668
:10A9B000D84706462946C4F81461F5F7BAFD217B4D
:10A9C00004F1880033460A46D047B8F8000019FB66
:10A9D00009F101FB00F52846D84706462946C4F888
:10A9E0001861F5F7A6FDA17B04F1900033460A46F5
:10A9F000D047B8F80000019901FB00F52846D84778
:10AA000006462946C4F81C61F5F793FD217BA27B1D
:10AA100004F198003346D047B8F80000257B05FBC9
:10AA200000F606FB05F73846D84780463846C4F896
:10AA30002081D847C4F824013846D847C4F82801F3
:10AA40003046D847C4F82C013046D847C4F8300106
:10AA500004F1A00029462A464346D047217BD4F87A
:10AA6000243104F1A8000A46D047217BD4F82831CC
:10AA700004F1B0000A46D047D4F82C31217B04F110
:10AA8000B8000122D047D4F83031217B04F1C00056
:10AA90000122D047002084F82C00A062BDE8FE8F80
:10AAA000A8030020B5020008E30901082DE9F84FCA
:10AAB000044694F82A0008B1BDE8F88F04F178053F
:10AAC00004F180092846494606F0FCF984F8C800DC
:10AAD000DFF89CB004F1580804F1A80AB4F8780033
:10AAE00041465246A4F8A800B4F85A00A4F8AA00B7
:10AAF0002846D84784F8C80004F1B0074946B4F89E
:10AB0000A8003A46A4F8B000B4F88200A4F8B20055
:10AB10005046D84784F8C800254635F8900F28825B
:10AB200005F110062946688832466882384605F0E5
:10AB3000FBFE84F8C8003046394605F057FF84F81C
:10AB4000C80049465246B4F85800A4F8A800B4F822
:10AB50008200A4F8AA004046D84784F8C80005F14E
:10AB6000080250463946D84784F8C800BDE8F88F37
:10AB7000E10C01080146C64801F096BAA0B180B5C3
:10AB8000DFF82CC00BE010F801EBD3B202F47F42E7
:10AB9000013983EA0E033CF8133083EA12220029BC
:10ABA000F1D1BDE8804001E04FF6FF7290B27047EE
:10ABB000601D0108F8B5074600F092F8D7F8CC10F0
:10ABC00009B138468847384600F04CFDD7F8D01018
:10ABD00009B138468847384600F0E8FCD7F8D41069
:10ABE00009B138468847387C98B13846FFF75EFF90
:10ABF000D7F8D81009B138468847384600F094FC99
:10AC0000D7F8DC1009B138468847384600F0DAF941
:10AC100014E0F87B0028E8D07B4C387B218800FBCF
:10AC200001F2D7E93A01F5F730FC2088397B484337
:10AC300000FB01F2D7E93E01F5F727FCD7F8E01059
:10AC400009B138468847387B0421002200230024BC
:10AC500001EB800112E03E6AD7F8F85001341D4440
:10AC600016440B44043296ED000A95ED001AB4EE3A
:10AC7000C01AF1EE10FAB8BF85ED000AA042EAD181
:10AC80006149098801FB00F23868D7F8E810F5F748
:10AC9000FCFBD7F8E41009B138468847386801B0A2
:10ACA000F0BD00BFA8030020C0B1032916D310B522
:10ACB000DFF824E2C1F10102A1F1010CFF230146FA
:10ACC00006E011F8014B01326340DBB21EF803309D
:10ACD000002AF6D100F80C30BDE81040704700BFE4
:10ACE00070B50446E07B002872D0474E00252574DD
:10ACF000A07B318800FB01F26168D4F8F400F5F71D
:10AD0000C4FB3088A17B41436068F5F712FC3088B2
:10AD1000A17B48434143D4F81801F5F70AFC308879
:10AD2000217BA27B484300FB02F1D4F80C01F5F72C
:10AD300000FC23E0D4F8F41001EB800292ED000A4D
:10AD4000B5EE400AF1EE10FA17D0227C01EB820139
:10AD500081ED000A616A8D54D4E90512237C52F812
:10AD60002020085C217B13FB0100D4F80C1101EBBF
:10AD7000800040F8042C581C20740135A17BE8B2F7
:10AD80008842D7D3207C00210BE0666AE369D4F8BF
:10AD900018510131B65C10FB022253F8263045F8F9
:10ADA0002230CAB28242F0D3A4F87800217BA4F802
:10ADB0007A10A4F88010A4F88200A4F89000A4F8F7
:10ADC0009200A4F89810A4F89A00A4F848000FE0A4
:10ADD0000D4DA07B298800FB01F26168D4F8F400D6
:10ADE000F5F753FB2888A17B41436068F5F7A1FB89
:10ADF0000549607B098800FB01F2A168D4F8F000E6
:10AE0000F5F743FB70BD00BFA803002010B51C4C34
:10AE1000A068322804D30020A0601A4803F066FE20
:10AE2000184803F0A5FD606801306060B0F5FA6F66
:10AE3000A16801F10101A16002D90120207001E0A7
:10AE40002078E0B1104803F00DFC1048012180F893
:10AE5000D0140F49CA6E91ED190AC0F8D4240A6FB4
:10AE600000F2DC41B1EE400AC0F8D82481ED000ABE
:10AE7000012103F01DFBBDE81040FCF72BBB10BD0A
:10AE800090040020B80D00205C0D0020D4070020A5
:10AE9000C00C00200022E8B103291BD310B5DFF855
:10AEA00038E0C1F10102A1F1010CFF23014606E0E7
:10AEB00011F8014B01326340DBB21EF80330002A67
:10AEC000F6D110F80C00D9B2081AB0FA80F0420995
:10AED000BDE81040104670471420010870B50546C3
:10AEE0000C466DB1032C0BD3A61E28464FF6FF72FD
:10AEF0003146FFF743FEA855000A291901F8010C55
:10AF000070BD0000B0B504460120002506210022D6
:10AF10000323207004F5D87080EC030AB7EE000A12
:10AF20002148F4EEC01AF1EE10FAC4F8CC0184F80E
:10AF30003851C4E95055C4E95255C8BFF0EE401A23
:10AF4000201DC4ED741A84ED642AFFF7FFFB04F59D
:10AF5000E07004F5E4730121012205F042FDD4F80C
:10AF6000EC004FF07E519022C0E90015C0E9025577
:10AF70000E481249C4F8D0000D48C4F8D4000D485A
:10AF8000C4F8D8000C48C4F8DC0040F20110E08599
:10AF9000D4F80401F5F779FAD4F8FC0008499022B6
:10AFA000F5F773FAB0BD00BF77CC2B3285B8000837
:10AFB00065BC0008E5B70008BDB80008601F0108BF
:10AFC00048000020F8B5044694F82C0000B1F8BD04
:10AFD00034F8980F208204F1100534F81E1C2A461C
:10AFE00061822083A4F1200134F83E0C6083204666
:10AFF00005F076FEA4F1400604F1180784F830004D
:10B00000284631463A4605F06BFE84F83000A4F13C
:10B0100048023046394605F0F7FE84F83000F8BDA6
:10B0200042780A7000784870704700000A4601466E
:10B03000014801F0EFBF00BF9813002070B505462E
:10B040000C460020002D08BF70BD032C14D3A61E93
:10B0500028464FF6FF723146FFF790FDAA5DC1B258
:10B060008A421CBF002070BD291911F8011CC1EBD8
:10B070001020B0FA80F0400970BD10B58AB0CC083D
:10B080004FF0000C11F0020F0594CDF818C007D155
:10B090004FEA421E5B0110220024CDF81CC00BE0D9
:10B0A0004FEAC20E01240794C3F34F34C2F34F3C5E
:10B0B00061F3420EDB0006221A43CDE900CE029472
:10B0C0000392C1F3800104910E210991012108919D
:10B0D0006946F5F7FDFD08B1F5F79BFD0AB010BD17
:10B0E000F8B52DED108B0446B0EE43BAB0EE628A8F
:10B0F000B0EE42AAB0EE619AB0EE41CAB0EE60DAAC
:10B10000B0EE40EA207860B9DFEDEB0A9FEDEB1A74
:10B110009FEDEB2AB2EE040AF7EE001A2046FFF785
:10B12000F1FE84ED6FBAB6EE003AF44EF449902287
:10B1300094ED580A3EEE400A84ED5B0A94ED591AEC
:10B140003DEE411A20EE03DA84ED5C1A2DEE0BEA97
:10B1500094ED5A2A3CEE420A21EE03CA20EE03FA8D
:10B160006CEE0B8A84ED5D0A86ED00EA6FEE0B9AB9
:10B17000C6ED018AC6ED029AD4F80401F5F785F907
:10B18000D4F804012DEE4B0A2CEE4B1A2FEE4B2A6D
:10B1900004F5A47780ED010A80ED021A80ED032A00
:10B1A00080ED06EAC0ED089A80ED091AC0ED0C8A20
:10B1B00080ED0D2A80ED0FEAC0ED129AC0ED138AE2
:10B1C00080ED140A201DD4E952121143CD4906D056
:10B1D00094ED5E1A94ED5F2A94ED600A0BE0B0EEF8
:10B1E000480AB0EE4A2AB0EE491A84ED5E9A84ED20
:10B1F0005FAA84ED608A94ED643A94ED6F4A00236F
:10B2000023EE022A33EE045A24EE0A6A21EE031AD0
:10B2100024EE097A23EE000A24EE083A82EE052A8B
:10B2200086EE056A87EE054A81EE051A80EE050A6C
:10B2300083EE053A36EE022A31EE041A33EE003A76
:10B24000BEEE000A22EE024A84ED5E1A84ED5F2A09
:10B2500084ED603A01EE014AB7EE081A03EE034AA4
:10B26000B0EE413A14EE102A24EE004AA1EB62023D
:10B2700005EE102A04F5BC7224EE052A02EE053A0A
:10B2800023EE052A86ED032A09E0D618A56896ED77
:10B29000003AEE18043323EE023A86ED003A0C2B06
:10B2A000F3D194ED5C4A94ED5B3A94ED5D5A002342
:10B2B00024EE044A03EE034A05EE054A14EE102A72
:10B2C00024EE000A9FED924AA1EB6201002203EEF8
:10B2D000101A002120EE030A00EE031AB7EE000A4E
:10B2E00021EE031A9FED883A80EE011A80EE020AE1
:10B2F0009FED862A84ED651A84ED660AB4EEC31AC2
:10B30000F1EE10FAB4EEC20AB8BF0122F1EE10FA63
:10B31000B4EEC40AC8BF0123F1EE10FA02EA030238
:10B32000B8BF0121114084F8391194ED6C0A94EDF5
:10B330006F1AD4F8181120EE010A81ED000A94ED7D
:10B340006C0A94ED6F1A20EE010A81ED070A94ED64
:10B350006C0A94ED6F1A20EE010A81ED0E0A94ED4D
:10B360006C0A94ED6F1A20EE010A81ED150A94ED36
:10B370006D0A94ED6F1A20EE010A81ED1C0A94ED1E
:10B380006D0A94ED6F1A20EE010A81ED230AD4F8BC
:10B390001C11D4F8B8210A60D4F8B8210A61D4F895
:10B3A000B8210A62FFF706FC6068BFEE008A0168F8
:10B3B000C4F8501101EE101A4268C4F8542100EE8E
:10B3C000102A836820EE002A01EE012AC4F85831C1
:10B3D00003EE103A32EE022AC66820EE030A72EE3D
:10B3E000080AC4F85C6103EE106A056901EE030AFD
:10B3F000C4F8605130EE000A4069C4F86401454861
:10B400000068C4F8680105F0E9FF9FED439A20EE5B
:10B41000090A84ED6A0A94ED573A94ED562A94EDA0
:10B42000540A94ED551A23EE034A22EE032A00EE45
:10B43000004A00EE012A34EE041A32EE020A71EEDE
:10B44000080A05F0CBFF20EE090A84ED690A94EDA5
:10B45000551A94ED573A94ED540A94ED562A21EE7C
:10B46000031AB8EE003A00EE421A21EE030A05F084
:10B470001FFF20EE090A9FED292A84ED680A94ED4A
:10B480006A0A94ED761A30EE411AB4EEC21AF1EE61
:10B4900010FA02DD4FF6FF7007E09FED212AB4EEAF
:10B4A000C21AF1EE10FA0DDA0120B4F8D4110844F2
:10B4B000A4F8D40108E000BF6F12833A8096184BBD
:10B4C00000000000B4F8D4019FED161A00B2B0EEEF
:10B4D000403A02EE100AB8EEC22A02EE013A84EDBA
:10B4E0006B3A84ED760AD7E90001013041F10001A1
:10B4F000C7E90001BDEC108B01B0F0BD8006002053
:10B50000601F0108865A375F9A99993ECDCC144145
:10B51000CDCC2441B4010020E12E6542000034432B
:10B52000000034C30000B4432DE9F843044694F806
:10B530002B0008B1BDE8F883204604F1B80604F1F9
:10B5400038084FF0010930F8781F3246A4F8B810D7
:10B550004146A4F8BA9005F0C3FB84F8C800204621
:10B5600004F1C00730F8481F3A46A4F8C01031462D
:10B57000A4F8C29005F048FC84F8C8002546394676
:10B58000324635F8980FA4F8B8002846A4F8BA90C7
:10B5900005F0A6FB84F8C800A5F1680240463146D4
:10B5A00005F0C2F984F8C800BDE8F883F8B5044690
:10B5B00094F8290000B1F8BD04F1600504F16806B3
:10B5C0002846314605F07EFC04F1580784F8C8008F
:10B5D00004F1500128463A4605F082FB84F8C80081
:10B5E00004F1A8053146B4F858002A46A4F8A8008A
:10B5F000B4F86A00A4F8AA00384605F071FB84F894
:10B60000C80004F1880128463A4605F08DF984F80F
:10B61000C800F8BD0168A1F20121032988BF704765
:10B62000DFE801F00216080F00F11C010C4854304D
:10B6300002F0B0BD00F11C01094800F51B7002F0DA
:10B64000A9BD00F11C01064800F55E7002F0A2BD24
:10B6500000F11C01024800F5B07002F09BBD00BF74
:10B66000D407002070B5044694F8280000B170BDDE
:10B67000607B38B3207B04F1B805012604F130016A
:10B680002A46A4F8B80004F16000A4F8BA6005F0F6
:10B6900027FB84F8C80004F14001207BA4F8C00017
:10B6A000A4F8C26004F1C00604F17000324605F04F
:10B6B00017FB84F8C80004F138022846314605F02B
:10B6C00033F907E004F1600004F1300104F13802BD
:10B6D00005F006FB04F1C801087070BD3E480A4A37
:10B6E000016892ED001AB8EE411A21EE000A0268D4
:10B6F000521A01EE102AB8EE411AB4EEC10AF1EE68
:10B7000010FAF4DC704700BF800400202DE9F047F8
:10B710008CB00C4601469A461546204605F0B2FC10
:10B7200001260DF12C080DF1040904E0286A0B999B
:10B7300081422ED0013E1AF001004FF0010718BFE0
:10B74000022708D03EB92A6920464FF0FF3105F0A4
:10B75000E4FC4FF0000A20466FF00101424605F07C
:10B760007AFC2046494605F067FCF8B9049B002B9B
:10B77000E0D0019829462246A8640998E864069812
:10B78000286538469847072805D00828CED00928CC
:10B790000CD1F4F7E9FF6A4620464FF0FF3105F07F
:10B7A0005AFC00982861204605F08FFC0CB0BDE8DB
:10B7B000F087000081B008480068009007480099B1
:10B7C000026891423FBF06490A6801320A60009947
:10B7D000016001B0704700BF041000E0D0070020F6
:10B7E0008C04002010B52DED088B04462349D4F8B5
:10B7F000EC0090ED000A30EE008A81ED098A90EDB0
:10B80000010A30EE009A81ED0A9A90ED020A30EEBC
:10B8100000AA81ED0BAA90ED030A194830EE00BA98
:10B82000008881ED0CBAA27B217B50434143D4F8C0
:10B830000C01F4F77EFED4F80C01B1EE4A0AB1EE29
:10B84000481A80ED000A80ED01BA80ED021AB1EECF
:10B85000491A80ED039A80ED069A80ED078A80ED03
:10B8600008BA80ED09AA80ED0C8A80ED0D1A80EDF2
:10B870000E0A80ED0FBABDEC088B10BD80060020CB
:10B88000A803002010B5044609489022D4F8F81007
:10B89000F4F7FBFDD4F81C1106484822F4F7F5FD37
:10B8A000D4F80C1104484822F4F7EFFD10BD00BF96
:10B8B0004800002060030020D00500202DE9FE4F45
:10B8C000044604F1780504F180062846314605F067
:10B8D000F9FA84F8C80004F1A80704F15801B4F893
:10B8E00078003A46A4F8A800B4F85A00A4F8AA00D0
:10B8F0002846019105F0F4F984F8C80004F1B00875
:10B900003146B4F8A8004246A4F8B000B4F882006A
:10B91000A4F8B2003846029605F0E2F984F8C800AF
:10B92000254635F8900F288205F1100629466888CB
:10B9300032466882404604F0F7FF84F8C80030467B
:10B94000414605F053F884F8C800BE4A05F1280ABC
:10B95000E86D0168516302EE101A436822EE025A44
:10B96000936300EE103A866800EE405AD66303EE09
:10B97000106AB54EC06803EE435A106401EE100A17
:10B980000120B4F8782020EE014A23EE016A01EE8E
:10B99000015A02EE434A02EE006A2A85688534EEB7
:10B9A000040A36EE062AD5F89C00002580ED000A30
:10B9B00080ED012A80ED025A0CE0D4F82C012844D5
:10B9C00090ED000A05F0E0FB05F0E6FB7019043588
:10B9D00080ED610A0C2DF0D125464FF0010951464A
:10B9E00035F8480F05F1780BA5F878002846A5F83A
:10B9F0007A905A4605F008FA85F8800059463A468A
:10BA0000B5F87800A5F860004046A5F8629005F00A
:10BA100067F985F88000A5F870905146B5F8780070
:10BA2000A5F87200584605F04DFA85F8800006F535
:10BA3000E0725046394605F053F985F88000B6EEBD
:10BA4000002A96ED731A96ED720A21EE022AB4EEE0
:10BA5000C20AF1EE10FA02DA86F8389106E096F89A
:10BA60003891B9F1000F18BF4FF00109B4EEC10AC7
:10BA7000F1EE10FA1ADDB9F1010F17D1D6E9501025
:10BA800096F83921013140F10000002A04BF114627
:10BA90001046C6E95010333970F10000C0F0BA808A
:10BAA000002086F83801DDE9010120E09FED672ADA
:10BAB0000021002221EE022AB4EEC20AF1EE10FAB1
:10BAC000C8BF012101EA0901012908D19FED602ABF
:10BAD00031EE400A21EE021A80EE010A01E0B7EED3
:10BAE000000ADDE9010186ED670AC6E9502200255A
:10BAF00084F82C50B4F85820A4F8A820B4F8822078
:10BB0000A4F8AA203A4605F0EBF804F1980984F865
:10BB1000C800384641464A4605F0E2F884F8C800B5
:10BB2000B4F89800B4F89A1041430CE0D4F81C31F2
:10BB300096ED670A013503EB820292ED001A20EEC2
:10BB4000010A82ED000AEAB29142EFD89FED420A63
:10BB50000421302218E006EB8103002703F5BA73B5
:10BB60000EE0D4F81C5193ED001A154481EE001A32
:10BB70003D44043795ED002A21EE021A85ED001AA6
:10BB80000C2FEED10C3201310629E4D1A4F8B80013
:10BB9000012059465246A4F8BA00484605F0A0F8DC
:10BBA00084F8C80096F8380128B39FED2C0A9FED61
:10BBB0002C1A10201DE0D4F8BC1096ED6F2A014419
:10BBC00022EE004A043091ED003AB4EEC43AF1EEB0
:10BBD00010FAC2BF81ED004A96ED6F2AB0EE443AEA
:10BBE00022EE012AB4EEC23AF1EE10FAB8BF81EDAE
:10BBF000002A1828DFD1D4F8BC00002104F130025B
:10BC0000C16004F13800514604F08EFE84F8C8008B
:10BC1000BDE8FE8F0F4D207B298800FB01F2D4E99F
:10BC20003A01F4F732FC2888217B484300FB01F2FB
:10BC3000D4E93E01F4F729FC012084F82C00BDE88A
:10BC4000FE8F00BF80060020B8110020CDCCCC3D77
:10BC50006666663FA8030020DA0FC93F0AD7233C77
:10BC60000AD723BC80B5D0F8EC10DFF850C1BEEE87
:10BC7000003AB7EE087A0A68CCF8102001EE102AD4
:10BC80004B68CCF8143000EE103AD1F808E020EE02
:10BC9000005A01EE015ACCF818E002EE10EA91EDDC
:10BCA000034A474B02EE025A8CED074A04EE045A4F
:10BCB00015EE102A25EE035AA3EB620206EE102AB7
:10BCC000002225EE065A05EE067A27EE065A8CED7E
:10BCD000085A07E08B18043293ED006A25EE066AD5
:10BCE00083ED006A102AF5D13649D0F80021B6EE6E
:10BCF000006A91ED6F5A25EE005A25EE065A82ED44
:10BD0000045A91ED6F5A25EE025A25EE065A82ED3D
:10BD1000055A91ED6F5A21EE455A25EE065A82EDED
:10BD20000A5A91ED6F5A24EE055A25EE065A82ED15
:10BD30000B5A91ED6F5A24EE054A24EE034A82ED28
:10BD4000104A91ED6F4A21EE441A21EE061A82ED57
:10BD5000111A91ED6F1A21EE021A21EE061A82EDE8
:10BD6000161A91ED6F1A21EE000A20EE030A82EDF9
:10BD7000170AD0F8F80091ED740A90ED1C1A81EEC4
:10BD8000002A80ED1C2A91ED740A90ED231A81EEB1
:10BD9000000A9FED0D1A80ED230AB4EEC12AF1EEE0
:10BDA00010FAB4EEC10AC4BF07490167F1EE10FAF8
:10BDB000C4BF0549C0F88C1080BD00BF80060020BC
:10BDC000865A375FB811002000401C46032B0BD069
:10BDD000022B0FD0012B1ED1032A14D0022A07D028
:10BDE000012A18D1002015E0032A0ED0022A05D11D
:10BDF00004200FE0032A0AD0022A0AD0012A18BF21
:10BE00007047022006E0012004E0032002E0052044
:10BE100000E006200870704784B0CDE90212069950
:10BE20000091079901910299009ABDF804305140A0
:10BE3000BDF80C205A406FF31F32114318BF012187
:10BE400080F8611004B070472DE9F04188B0804659
:10BE5000D8F8005008F1100C05F184030FCBACE8C2
:10BE60000F00B5F89400A8F82000D5F8840098EDEC
:10BE7000020A98ED031A6FF3DF2002EE100AB8EE03
:10BE8000C22A32EE402A82EE012A88ED192AD5F81C
:10BE90008400C0F3CA2002EE100AB8EEC22A32EEC5
:10BEA000402A82EE012A88ED1A2AD5F88410B5F8C6
:10BEB0008800890D41EA802008F174016FF3DF20CA
:10BEC00002EE100AB8EEC22A32EE402A82EE012AB1
:10BED00088ED1B2AB5F88800C0F34A0002EE100A6C
:10BEE000B8EEC22A32EE400A80EE010A88ED1C0A42
:10BEF000B5F88820B8F82600920B830BFFF766FF91
:10BF0000B8F82600B5F8882008F17501C2F30132AF
:10BF1000C0F30133FFF75AFF98F8620018B108F137
:10BF20002E06903540E0B5F98A009FED380A464666
:10BF300001EE100AB8EEC11A21EE001A88ED1E1AA1
:10BF4000B5F98C0001EE100AB8EEC11A21EE001A04
:10BF500088ED1F1AB5F98E0001EE100AB8EEC11A6D
:10BF600021EE000A88ED200A16F82E3F15F8902FD2
:10BF700006F1560100F026F973786A7806F1570148
:10BF800000F020F906F1580700240BE06888391901
:10BF9000E04000F001027088E04000F0010300F092
:10BFA00011F90134102CF1D1A88898ED020A98ED0E
:10BFB000031A6FF3DF2002EE100AB8EEC22A32EE47
:10BFC000400A80EE010A88ED260A3068B8F832701F
:10BFD000D8F81060D8F81450D8F81840D8F81CC019
:10BFE000B8F820E0D8F82A30D8F82620D8F822105F
:10BFF000CDE9000704A8CDE9026580E8105040466D
:10C00000FFF70AFF08B0BDE8F08100BF000000386C
:10C01000F8B505460C220C4605F13400F4F7F0F9AA
:10C02000B4F900009FED1F0A05F1840101EE100A2A
:10C03000B8EEC11A21EE001A85ED1E1AB4F90200FD
:10C0400001EE100AB8EEC11A21EE001A85ED1F1A92
:10C05000B4F9040001EE100AB8EEC11A21EE000A8C
:10C0600085ED200A95F84630A27900F0ABF895F8F6
:10C070004730E27905F1850100F0A4F805F1860664
:10C080000027102F08BFF8BD2089F119F84000F0F3
:10C090000102B5F84800F84000F0010300F092F802
:10C0A0000137EEE70000003810B50446E06C0130BF
:10C0B000E0642046FFF7C8FE216804F12200122246
:10C0C0008431BDE81040F4F79BB9B0B50446087858
:10C0D000A5281DD148798A7940EA0220B0F5417F30
:10C0E00018BFB0BD48788A7840EA02200C280FD1EA
:10C0F000606DCD1D2946013060652046FFF788FF41
:10C1000004F1400029460C22BDE8B040F4F778B9AC
:10C11000B0BD00000968204B994210D01F4B9942D6
:10C120000FD01F4B99420ED01E4B99420DD01E4B83
:10C1300099420CD01D4B99420BD1214908E01C4972
:10C1400006E01E4904E01C4902E01A4900E01149DA
:10C1500001601168104A914211D0104A914210D0EA
:10C160000F4A91420FD00F4A91420ED00E4A91428F
:10C170000DD00E4A914218BF7047114908E00C4992
:10C1800006E00E4904E00C4902E00A4900E00149DA
:10C19000416070470C190020001401400048004025
:10C1A000004C00400050004000100140004400409E
:10C1B0005C1E00204C1D00203C1C00202C1B00207D
:10C1C0001C1A0020012B05D06BB9012A07D052B9E7
:10C1D000002007E0012A04D02AB9022002E0012051
:10C1E00000E003200870704703F08FBE80B5AFF306
:10C1F0000080BDE8804003F08ABF2DE9F04343F2A0
:10C20000A839C2F2000948452CD309F500739842B9
:10C2100028D243F2A85C011FC2F2000CDCF800E057
:10C22000BEF1000F18BF9E4514D030F8028C0026D6
:10C23000774601EB88047D8807EB85028A4215D09A
:10C24000BC4218D03A8809EB82051DB13E469D429A
:10C250002F46F0D1AEEB090080080880CCF8001022
:10C26000BDE8F083BDE8F043F4F7F2B905EB080050
:10C270007880BDE8F08305EB0802002E20F8022C40
:10C2800004D0A1EB09003146800802E0CCF8001090
:10C2900020880880BDE8F08380B5AFF30080BDE85A
:10C2A000804003F034BF70B50D460646F4F7EFFA50
:10C2B00004465CB97543284600F00AFB044624B1E5
:10C2C00020462946F4F713F900E00024204670BD0B
:10C2D00010B50446F3F7EEFF00B110BD2046BDE8EF
:10C2E000104000F0F5BA80B5AFF30080BDE88040A3
:10C2F00003F00DBF2DE9F04F8FB00D4618210B93C1
:10C3000090468246F4F715F9032015F001098AF8E2
:10C31000180004D015F00E0F40F0778108E0A80750
:10C3200040F1738105F00C000C2801D102205AE184
:10C33000189C2046FDF779FE0746002F0D9700F068
:10C3400051810020CAF80C7000210F2200230E90AA
:10C350000EA800902046FDF7CDFEDDF838B020464F
:10C36000FDF76FFE0446781C0D900DA8397800F09B
:10C37000CDF90D9AA44600282BF00101A1F101018D
:10C3800002F101060D9608BF6046089012780495E8
:10C39000FF2A4FF000020FD0002316F8017B07F0B0
:10C3A0007F0417F0800F04FA02F402F1070243EA57
:10C3B0000403F2D1F2180D96CDF81C90CDE9098254
:10C3C000CDF814A0A1EB0C0A711C002000220D91E5
:10C3D000357811F8013B03F07F0713F0800F07FA5F
:10C3E00000F700F1070042EA0702F2D101EB020B6D
:10C3F0000EAFCDE90D11594580F0398138462946F7
:10C4000000F084F980463846294600F07FF98146DD
:10C410003846294600F07AF90E990023002211F8D7
:10C42000014B04F07F0614F0800F06FA03F603F1C7
:10C43000070342EA0602F2D1D0450E919CBF09EBF8
:10C4400008039A4502D3C245D5D210E1002800F076
:10C45000D9800899002A00EB010300F0C7800BEB9C
:10C460000200049A07994FF0FF380393A0F1010AE4
:10C4700002F0040002F0080B0843B0FA80F0400913
:10C48000089002F0060006900B9800F1580401E0B5
:10C4900009EB020A00200021D14619F8012B02F015
:10C4A0007F0312F0800F03FA00F300F1070041EA66
:10C4B0000301F2D108FA00F352060D4648BF1D43AE
:10C4C000202828BF0D46012D2EDB0A98002800F0F9
:10C4D000CE80A0EB8500006868B30999012963D17B
:10C4E0000B9B44F64767C4F24C37D3E900127A40FD
:10C4F00042F60137C4F22B3779401143214608BF79
:10C5000053F8281C00290C9100F0B58053F8241C26
:10C51000002900F0B080026813690CAA984701282E
:10C5200042D10798B8B390E0B5F1FF3F0ADD069815
:10C53000022839D16CE00898002869D0BBF1000FBF
:10C5400032D194E00998012829D10B9A44F6476327
:10C550002646C4F24C33D2E90001594042F6013379
:10C56000C4F22B3358400843114608BF52F8286CD8
:10C57000002E1CBF51F8243C002B00F08880CDE930
:10C580000061EF1728460A9A394600F06AF958B157
:10C590000798002864D1BBF1000F05D16FE008981F
:10C5A000B0B3BBF1000F6ED000220021002019F8BB
:10C5B0000230013203F07F0713F0800F07FA01F712
:10C5C00001F1070140EA0700F1D15A0608FA01F724
:10C5D000024648BF3A43202928BF0246002A7FF47A
:10C5E00057AF0FE008208AF818000EE0049800F01A
:10C5F0000600022806D105990020C1E900000B6160
:10C60000062001E00599082008760FB0BDE8F08FFC
:10C61000059AE81744F64767C4F24C371560506036
:10C62000C2F808A0039810610B9BD3E90001794080
:10C6300042F60137C4F22B377840084308BF53F85D
:10C64000284C062054611076DFE70599E817C1E908
:10C650000050C1F808A0039808610C984861CFE722
:10C66000059981E8A0040398C1E90406C8E7099880
:10C670000B9900F03DF80120194600F039F80B99AC
:10C68000012000F035F80B99002000F031F801206E
:10C6900000F02EF8F0B583B00C461546029002AEBD
:10C6A000002100220023002720460096FDF7DBFE34
:10C6B0002868002101220023009602902046FDF701
:10C6C000D2FE2D69204600210F22002302970096FA
:10C6D000FDF710FD029800210F220023009600F0C4
:10C6E0000100284302902046FDF7BDFE03B0F0BDD7
:10C6F000B0B50C460546204603F0C6FD012D04BF2B
:10C7000054F8180C03F014FC03F0D8FC70B5FF29A2
:10C710001ED001F00F020C2A00F29780D0F800C062
:10C72000DFE802F02A3B4D07199393939356730762
:10C7300019009CF800209CF801309CF802609CF8DD
:10C74000035046EA052642EA032242EA064E21E069
:10C750004FF0000E77E09CF800209CF801309CF828
:10C7600002609CF8035046EA052642EA032242EAA8
:10C77000064E0CF1080650E09CF800209CF80130B1
:10C780009CF802509CF8034045EA042542EA032243
:10C7900042EA054E0CF104063FE000224FF0000E85
:10C7A000664616F8013B03F07F0413F0800F04FA8D
:10C7B00002F402F107024EEA040EF2D12DE09CF8D9
:10C7C00000209CF801300CF1020642EA032E24E01E
:10C7D00000220024664616F8013B03F07F0513F0A3
:10C7E000800F05FA02F502F1070244EA0504F2D1CE
:10C7F0004FF0FF355B06A64605FA02F548BF4EEA44
:10C80000050E202A28BFA64607E09CF901209CF8C7
:10C8100000300CF1020643EA022EC1F302122AB1E3
:10C82000012A12D1BEF1000F0AD0E64449B2B1F19B
:10C83000FF3F07DCBEF1000F18BFDEF800E001E0AB
:10C840004FF0000E0660704670BDF3F78DFF0128B3
:10C8500004BF01F1580003F049BE51F8180C03F071
:10C8600067FBF0B581B01C46B2B1069E6FF00301C4
:10C870006D4681EA80008718386850B100962A46D4
:10C8800001680B692146984704370128F4D100203C
:10C8900000E0012001B0F0BD07990020FFF728FF5C
:10C8A00010B5012809D1A1F12804206803F01EFE6B
:10C8B0002046BDE81040FFF7A0BC51F8180C03F06B
:10C8C00037FB80EC020A80ED020AC0ED030A7047D4
:10C8D00043F2A85C0146C2F2000CDCF8003043B918
:10C8E00043F2A8338020C2F200031880CCF8003055
:10C8F0005880B0B50020E3B143F2A83EC2F2000E6A
:10C900000EF50072934214D0C81C0121002501EBE2
:10C91000900419464B889C420CD308889C4214D042
:10C920000EEB80030020002B08BFB0BD93420D46E4
:10C93000EFD1B0BD181B0022488080B221F8202022
:10C9400001EB800044800430B0BD0DB1288003E0CD
:10C950000EEB8000CCF80000002021F8040B084604
:10C96000B0BDB0B58AB00C4605466946204604F015
:10C9700063FB95F85000C00704D10298006808B125
:10C98000092106E0204604F0E9FB0921012808BF3F
:10C990000821C8B20AB0B0BD2DE9F04F95B0DFF85C
:10C9A000705680464FF0000B4146A5F800B051F894
:10C9B000150B139108F12201B0F80401129108F14E
:10C9C0002501119108F14D01109108F153010F91CA
:10C9D00008F158010E9108F15D01E8800D9108F110
:10C9E0006C010C9108F17E010B9108F18C010A9108
:10C9F00008F19501099108F19901089108F19C014C
:10CA0000079108F1A501069108F1AD01059108F122
:10CA1000BE01049108F1B301039108F1BB01029139
:10CA200008F1C601019108F20B21009181B21FFAB1
:10CA30008BFA8A4524BF15B0BDE8F08FD8F8007096
:10CA4000B7F80411BAFBF1F202FB11A23A4492F8D2
:10CA50008420A52A40F0D6820620052310FA8BF008
:10CA600013FA8BF380B29BB2B0FBF1F2B3FBF1F699
:10CA700002FB110007F1840206FB1133105CD35C4A
:10CA800043EA0029022010FA8BF0A5F8029080B248
:10CA9000B0FBF1F303FB1100012313FA8BF3105CDD
:10CAA0009BB2B3FBF1F606FB1131515C41EA002465
:10CAB000A0B2802828BF802404F10900AC8086B28F
:10CAC000052003F02DFB0546304603F029FB064602
:10CAD00000200DE0B7F804210AEB000189B2B1FB98
:10CAE000F2F303FB1211394491F8841029540130F8
:10CAF0000528EFD128460521FEF7CCF9012840F0A2
:10CB00007782092010FA84F1A0B2149000200DE081
:10CB1000B7F804310AEB000292B2B2FBF3F404FB63
:10CB200013223A4492F88420325401308142EFD1EA
:10CB30003046FEF783FA012840F05A82A9F201201C
:10CB40000D282BD8DFE810F00E0069008500A10049
:10CB5000BB00D700F1000D0127014101660066000E
:10CB60005B0177011499DDF834C00AF10700023146
:10CB70000FE0D8F8003084B201300139B3F8047105
:10CB8000B4FBF7F202FB17421A4492F884200CF827
:10CB9000012B0029EDD10AF1160027E2B9F1010FAE
:10CBA00000F06381B9F1020F00F07B81B9F1030F4E
:10CBB00000F09381B9F5817F00F0AB81B9F5827FF8
:10CBC00000F0C38140F20510814500F0D88140F2A9
:10CBD0000130814500F0EF8140F20330814519D1E9
:10CBE0001499DDF800C00AF1070002310FE0D8F80F
:10CBF000003084B201300139B3F80471B4FBF7F2AC
:10CC000002FB17421A4492F884200CF8012B0029E9
:10CC1000EDD137E00BF10100E8E11499DDF830C007
:10CC20000AF1070002310FE0D8F8003084B2013079
:10CC30000139B3F80471B4FBF7F202FB17421A444E
:10CC400092F884200CF8012B0029EDD10AF119008B
:10CC5000CCE11499DDF82CC00AF1070002310FE095
:10CC6000D8F8003084B201300139B3F80471B4FB54
:10CC7000F7F202FB17421A4492F884200CF8012BB9
:10CC80000029EDD10AF11500B0E11499DDF828C0B2
:10CC90000AF1070002310FE0D8F8003084B2013009
:10CCA0000139B3F80471B4FBF7F202FB17421A44DE
:10CCB00092F884200CF8012B0029EDD14EE0149954
:10CCC000DDF824C00AF1070002310FE0D8F8003087
:10CCD00084B201300139B3F80471B4FBF7F202FBFE
:10CCE00017421A4492F884200CF8012B0029EDD148
:10CCF0000AF10B007AE11499DDF820C00AF107006F
:10CD000002310FE0D8F8003084B201300139B3F8B5
:10CD10000471B4FBF7F202FB17421A4492F8842024
:10CD20000CF8012B0029EDD1D4E01499DDF81CC0DA
:10CD30000AF1070002310FE0D8F8003084B2013068
:10CD40000139B3F80471B4FBF7F202FB17421A443D
:10CD500092F884200CF8012B0029EDD10AF1100083
:10CD600044E11499DDF818C00AF1070002310FE020
:10CD7000D8F8003084B201300139B3F80471B4FB43
:10CD8000F7F202FB17421A4492F884200CF8012BA8
:10CD90000029EDD14CE01499DDF814C00AF1070028
:10CDA00002310FE0D8F8003084B201300139B3F815
:10CDB0000471B4FBF7F202FB17421A4492F8842084
:10CDC0000CF8012B0029EDD1BCE01499DDF810C05E
:10CDD0000AF1070002310FE0D8F8003084B20130C8
:10CDE0000139B3F80471B4FBF7F202FB17421A449D
:10CDF00092F884200CF8012B0029EDD118E0149949
:10CE0000DDF80CC00AF1070002310FE0D8F800305D
:10CE100084B201300139B3F80471B4FBF7F202FBBC
:10CE200017421A4492F884200CF8012B0029EDD106
:10CE30000AF10F00DAE01499DDF808C00AF10700E2
:10CE400002310FE0D8F8003084B201300139B3F874
:10CE50000471B4FBF7F202FB17421A4492F88420E3
:10CE60000CF8012B0029EDD134E01499DDF84CC009
:10CE70000AF1070002310FE0D8F8003084B2013027
:10CE80000139B3F80471B4FBF7F202FB17421A44FC
:10CE900092F884200CF8012B0029EDD10AF114003E
:10CEA000A4E01499DDF848C00AF1070002310FE050
:10CEB000D8F8003084B201300139B3F80471B4FB02
:10CEC000F7F202FB17421A4492F884200CF8012B67
:10CED0000029EDD10AF10A0088E01499DDF844C078
:10CEE0000AF1070002310FE0D8F8003084B20130B7
:10CEF0000139B3F80471B4FBF7F202FB17421A448C
:10CF000092F884200CF8012B0029EDD10AF12900B8
:10CF10006CE01499DDF840C00AF1070002310FE01F
:10CF2000D8F8003084B201300139B3F80471B4FB91
:10CF3000F7F202FB17421A4492F884200CF8012BF6
:10CF40000029EDD10AF10D0050E01499DDF83CC044
:10CF50000AF1070002310FE0D8F8003084B2013046
:10CF60000139B3F80471B4FBF7F202FB17421A441B
:10CF700092F884200CF8012B0029EDD118E01499C7
:10CF8000DDF838C00AF1070002310FE0D8F80030B0
:10CF900084B201300139B3F80471B4FBF7F202FB3B
:10CFA00017421A4492F884200CF8012B0029EDD185
:10CFB0000AF10C001AE01499DDF804C00AF1070028
:10CFC00002310FE0D8F8003084B201300139B3F8F3
:10CFD0000471B4FBF7F202FB17421A4492F8842062
:10CFE0000CF8012B0029EDD10AF12700084908802F
:10CFF000304603F086F8284603F083F8044DE888AD
:10D00000B5F800B00BF1010BA5F800B00EE500BFBC
:10D0100050030020C1680131C160FFF7BDBC7CB581
:10D02000044640F201300E46ADF80600E079A179E1
:10D030000844217A084400F10A0520682946043092
:10D04000F3F777FA2068217901710A212068A0F8A6
:10D05000051020686179C1712068A1790430FDF75D
:10D0600023FEA0792168E27908440DF1060104301D
:10D07000F3F7C6F9A079E1790A2208442168084447
:10D0800031460430F3F7BCF9206829460430FDF737
:10D0900025FF2068A0F80A516079013060717CBDDD
:10D0A0007CB5044640F201300E46ADF80600E0794A
:10D0B000A1790844217A084400F10A05206829462C
:10D0C0000430F3F736FA2068217901710A212068CB
:10D0D000A0F8051020686179C1712068A179043039
:10D0E000FDF7E2FDA0792168E27908440DF106011F
:10D0F0000430F3F785F9A079E1790A220844216820
:10D10000084431460430F3F77BF92068294604309F
:10D11000FDF7E4FE2068A0F80A51607901306071E3
:10D120007CBD000010B5044694F85D0004F219219E
:10D1300084F81B021B480068C4F81F022046FFF752
:10D140006EFF21680A23B1F80A2151F8040BBDE8EB
:10D150001040F9F7C8B800BF10B5044694F85D0058
:10D1600004F22321072884F8250203D06B2804D178
:10D170006D2000E0092084F827020A488288A4F87C
:10D180002922C088A4F82B022046FFF789FF2168D6
:10D190000A23B1F80A2151F8040BBDE81040F9F751
:10D1A000A2B800BFC00700200968114B994210D0F7
:10D1B000104B99420FD0104B99420ED00F4B994211
:10D1C0000DD00F4B99420CD00E4B99420BD1124906
:10D1D00008E00D4906E00F4904E00D4902E00B4963
:10D1E00000E0024901600271704700BF0C19002085
:10D1F0000014014000480040004C00400050004036
:10D2000000100140004400405C1E00204C1D002026
:10D210003C1C00202C1B00201C1A00200021052291
:10D22000417182710222C2710272C0E9031101755B
:10D230004FF48071A0F8E61040F20111A0F8EE1052
:10D240004FF48171A0F8031140F20311A0F82711E7
:10D250004FF48271A0F878114FF48871A0F8D811BA
:10D260004FF49071A0F8191248F28001A0F81D1235
:10D270004FF40071A0F8231270470000B0B50C46BF
:10D28000054600F02DFC08B1802002E0284600F0A1
:10D290003FF9297908432871284600F0B9FB08B105
:10D2A000402002E0284600F0CBF829790843287195
:10D2B000697929B12846214600F094F92879B0BD52
:10D2C000054961620549C4E90A1105492163054917
:10D2D00021620549A161B0BDAC38223BB016CE3900
:10D2E0003F161B41C48B813F000020422DE9F047CF
:10D2F000524F0C4612210623054607F1020A5246F8
:10D3000000F02AFDDFF8EC96B878F9785246082349
:10D310004FF0000840EA012099ED010A00B201EE49
:10D32000100AB8EEC11A20EE010A84ED000A38791D
:10D33000797999ED010A40EA012000B201EE100A64
:10D34000B8EEC11A20EE011A84ED011AB879F97904
:10D3500040EA012001B201EE101A0021B8EEC11A14
:10D360003880284620EE010A84ED020A00F0CCFC49
:10D37000B8780F2841D138797A7995F805C099EDB8
:10D38000021A40EA0220BCF1000F388000B2BA79DC
:10D39000FB79397A7E7A00EE100AB8EEC00A42EACA
:10D3A000032241EA062012B201B202EE101A03EE85
:10D3B000102AB8EEC24AB8EEC33A21EE002A21EE96
:10D3C000040A21EE031A11D094ED093A32EE432AF1
:10D3D00084ED032A94ED0A2A31EE421A84ED041AF0
:10D3E000388094ED0B1A30EE410A04E084ED032AF4
:10D3F00084ED041A388084ED050A2846222152461D
:10D40000022300F0A9FCF978B878B4EE001AB3EE64
:10D41000072A490941EAC000B8EB902F18BF40F431
:10D42000784001B200EE101AB8EEC00A388000EE63
:10D43000012A84ED072ABDE8F08700BFC00500205F
:10D440002DE9FC47304E824600200DF107050021F2
:10D450008DF8070050462A46B047604F5046962147
:10D46000B847504600212A46B04750469621B84753
:10D4700050461421B62200F011FD5046502100F014
:10D480007FFD504600212A46B04750469621B847B6
:10D49000504600212A46B04750469621B8479DF88D
:10D4A00007000F282AD1DFF8649000250DF1070846
:10D4B000ECB2052C24D8600050FA85F019F8006011
:10D4C00048444778504631463A4600F0E7FC50461B
:10D4D000962100F06DFD50463146424600F0A4FC16
:10D4E0005046962100F064FD9DF807000135B842D2
:10D4F000DED004EB44004844807802E0FF2000E0E6
:10D50000002002B0BDE8F08729DE0008F01F010806
:10D510002DE9FC47304E824600200DF10705002121
:10D520008DF8070050462A46B0472C4F50469621AA
:10D53000B847504600212A46B04750469621B84782
:10D5400050467E21B62200F0C3FC5046502100F028
:10D5500017FD504600212A46B04750469621B8474D
:10D56000504600212A46B04750469621B8479DF8BC
:10D5700007001E282AD1DFF8689000250DF1070862
:10D58000ECB2052C24D8600050FA85F019F8006040
:10D5900048444778504631463A4600F099FC504698
:10D5A000962100F005FD50463146424600F058FCF9
:10D5B0005046962100F0FCFC9DF807000135B8426A
:10D5C000DED004EB44004844807802E0FF2000E015
:10D5D000002002B0BDE8F08761DE0008B1DF00087E
:10D5E000022001082DE9F84F2DED1A3B824600205C
:10D5F0000C46CDE90800FDF703F8DFF8F4039FEDD2
:10D60000F68ADFF8F0839FEDF5EA9FEDF59A9FED3E
:10D61000F5FADFEDF5AADFEDF5BA04F1240704F120
:10D620000C06B2EE04CA0DF114090DF1080BB6EEAA
:10D6300000DAF4EE008AF3EE079A009780ED000A14
:10D64000FCF7DEFFEA4890ED001A30EE410AB4EE36
:10D65000CC0AF1EE10FA00F3A981B0EE480AFEF709
:10D660003DF80022C7E90022C7E9022205E0B0EE3A
:10D67000490AFEF733F8019A013290B241F26F7114
:10D68000884200F2168108AD01925046122106230D
:10D6900057462A4600F060FB9DF820009DF82110B7
:10D6A00098ED010A40EA012000B201EE100AB8EE3E
:10D6B000C11A20EE010A84ED000A9DF822009DF8AF
:10D6C000231098ED011A40EA012000B202EE100A80
:10D6D000B8EEC22A21EE022A84ED012A22EE02BA15
:10D6E0009DF824009DF8251000EE00BA40EA0120C4
:10D6F00000B203EE100AB8EEC33A21EE031A01EEAF
:10D7000001BA84ED021AB0EE4B0A03F08FFFB0EEBF
:10D7100040AAB4EE4AAAF1EE10FA05D0B0EE4B0AD8
:10D7200003F084FFB0EE40AA94ED0C0A38460021C5
:10D730002A460823BA463AEE000A84ED0C0A00F0A5
:10D74000E3FA9DF820000F2840D19DF822009DF8B3
:10D75000231098ED020A40EA012000B201EE100AFF
:10D76000B8EEC11A20EE011A84ED031A94ED092ACD
:10D7700032EE011A84ED091A9DF824009DF8251057
:10D7800040EA012000B201EE100AB8EEC11A20EE04
:10D79000011A84ED041A94ED0A2A32EE011A84ED7E
:10D7A0000A1A9DF826009DF8271040EA012000B2D1
:10D7B00001EE100AB8EEC11A20EE010A84ED050A46
:10D7C00094ED0B1A31EE000A84ED0B0A0198000467
:10D7D0002DD0009F002019E009EB0001321892EDD6
:10D7E000000A91ED001AB4EEC10AF1EE10FAC8BFBA
:10D7F00081ED000A0BEB0001043091ED001AB4EE4C
:10D80000C10AF1EE10FAB8BF81ED000A0C28E3D18D
:10D81000B4EEEDAAF1EE10FAB4EEECAAB8BFF0EE59
:10D820004ADAF1EE10FAC8BFF0EE4ACA0FE0009FE4
:10D83000002006E056F8201049F820104BF8201080
:10D8400001300328F6D1F0EE4ACAF0EE4ADA3CEE97
:10D85000ED0A002088ED030A0EE009EB00010BEB56
:10D86000000291ED002A92ED001A08EB000104304D
:10D8700032EE411A81ED041A0C28EED1B4EECD0A35
:10D88000F1EE10FADEBF98ED040AB4EECE0AF1EE26
:10D8900010FA0EDC98ED050AB4EECE0AF1EE10FA9D
:10D8A000DEBF98ED060AB4EECE0AF1EE10FA7FF76D
:10D8B000DEAE94ED0C0A08AA002080EE0F0A84ED7B
:10D8C0000C0A07E03918043091ED000A80EE0F0AC7
:10D8D00081ED000A0C28F5D150462221022300F0E8
:10D8E0003BFA9DF821109DF820000022B0EE691A45
:10D8F000490941EAC0004049B2EB902F18BF0843E4
:10D9000000EE100AB8EEC00A00EE281A84ED061ADE
:10D91000B8F800000130A8F8000098ED030AB4EE52
:10D92000CD0AF1EE10FA3FF78BAE94ED0CAA3AEE69
:10D930002A0A03F029FCB4EECD0AF1EE10FADEBF9C
:10D9400098ED040AB4EECE0AF1EE10FA3FF778AE85
:10D9500098ED050AB4EECE0AF1EE10FADEBF98EDAE
:10D96000060AB4EECE0AF1EE10FA3FF769AE97ED73
:10D97000000A03F009FCB4EEEB0AF1EE10FA3FF7EF
:10D980005FAE94ED0A0A03F0FFFBB4EEEB0AF1EE92
:10D9900010FA3FF755AE94ED0B0A03F0F5FBB4EE29
:10D9A000EB0AF1EE10FA3FF74BAE0AE013489FED99
:10D9B00016AA60621248C4E90A001248124921639B
:10D9C000A0619FED120A80EE0A0A84ED080ABDEC00
:10D9D0001A3B01B0BDE8F08F0AD7A33B9A99193ED4
:10D9E0006F12033A0080BB45CDCC1CC10AD7233C43
:10D9F000B03500201000002000F8FFFFAC38223BBB
:10DA0000B016CE39000020423F161B41C3F51C4121
:10DA10002DE9FC41DFF8A0800DF10705002600216B
:10DA200004462A468DF80760C047B54F2046962128
:10DA3000B847204600212A46C04720469621B847CD
:10DA400020461421B62200F029FA2046502100F089
:10DA500097FA204600212A46C04720469621B8471B
:10DA6000204600212A46C04720469621B847204636
:10DA70003C21012200F012FA2046502100F080FAE9
:10DA800020463C212A4600F0CFF92046962100F09E
:10DA90008FFA9DF807000136F1B2092902D810F07B
:10DAA0000202EDD040220A2902EA001008BF4020FD
:10DAB00002B0BDE8F08100BF29DE00081CB50446B5
:10DAC00001220123206881720121206800680091F1
:10DAD000E249F9F72FFB206890F88A0002B010BDE8
:10DAE0002DE9F04F87B0854E824600200DF10705E5
:10DAF0000021ADF80C0002908DF8070050462A4630
:10DB0000B0477F4F50469621B847504600212A46DD
:10DB1000B04750469621B84750467E21B62200F0C5
:10DB2000D7F95046502100F02BFA504600212A46E2
:10DB3000B04750469621B847504600212A46B04784
:10DB400050469621B8479DF807001E2840F0918066
:10DB5000DFF8B09100250DF1070821E0600050FAD0
:10DB600085F019F8006048444778504631463A46F7
:10DB700000F0AEF95046962100F01AFA50463146B0
:10DB8000424600F06DF95046962100F011FA9DF8DA
:10DB90000700B8426FD15046502100F0F1F901352D
:10DBA000ECB2042CDAD300260DF1100B44E008F19E
:10DBB000040000EB400009EB000419F80070504627
:10DBC000657839462A4600F083F95046962100F0E0
:10DBD000EFF9504639460DF1070200F041F9504681
:10DBE000962100F0E5F99DF80700A84248D150467B
:10DBF000502100F0C5F95046122102AA062300F078
:10DC0000ABF89DF808109DF8092008EB4800013694
:10DC100041EA02219DF80B202BF810109DF80A1004
:10DC20000BEB400041EA02219DF80D2041809DF858
:10DC30000C1041EA022181805FFA86F8B8F1010FE9
:10DC4000B5D950466D21002200F042F95046962188
:10DC500000F0AEF90DF1070250466D2100F000F919
:10DC60005046962100F0A4F99DF8070050B1042514
:10DC70002AE0FF2528E004EB44004844857823E0AF
:10DC8000A57821E050467E21B62200F021F95046C9
:10DC9000502100F075F9BDF91000BDF91610411AB8
:10DCA00040F2555081420EDBBDF91210BDF918202B
:10DCB000891A814207DBBDF91400BDF91A10401A18
:10DCC000B0F52A7F04DA8025284607B0BDE8F08F3A
:10DCD0000DF10706504600210025324600F0C0F83D
:10DCE0005046962100F064F950460021324600F07B
:10DCF000B7F85046962100F05BF9E5E761DE0008D1
:10DD0000B1DF0008D82401082DE9F04107466F482B
:10DD10000E4601211C4615468046F3F7CFFF46F01C
:10DD200080013846FFF7CAFE06E038465521FFF766
:10DD3000C5FE05F8010B013C2006F6D14046012145
:10DD4000BDE8F041F3F7BABFE0B50DF107020021DD
:10DD500000F06AF88CBD00002DE9F04107466848E4
:10DD60000E4610211C4615468046F3F7A7FF46F0E5
:10DD7000800638463146FFF7A1FE38463146FFF7A8
:10DD80009DFE06E038465521FFF798FE05F8010B89
:10DD9000013C2006F6D140461021BDE8F041F3F7E2
:10DDA0008DBF00BFF8B5494D0F46064601211C4600
:10DDB0002846F3F783FF30463946FFF77FFE04E03D
:10DDC00030465521FFF77AFE013C2006F8D128465F
:10DDD0000121BDE8F840F3F771BF00BFE0B50DF1D8
:10DDE0000702002100F03CF88CBD00002DE9F04155
:10DDF000074643480E4610211C4615468046F3F759
:10DE00005DFF38463146FFF759FE05E015F8011B66
:10DE10003846FFF753FE013C2006F7D1404610215B
:10DE2000BDE8F041F3F74ABFF8B5284C0E46074667
:10DE3000012115462046F3F741FF46F080013846A0
:10DE4000FFF73CFE38465521FFF738FE2870204684
:10DE50000121BDE8F840F3F731BF00BF00040240E4
:10DE6000F8B5274C0E460746102115462046F3F715
:10DE700025FF46F08001084E3846B0473846552108
:10DE8000B04738465521B047287020461021BDE8DC
:10DE9000F840F3F713BF00BFBDDA0008F8B50B4F29
:10DEA0000D460646012114463846F3F707FF304673
:10DEB0002946FFF703FE30462146FFF7FFFD3846AF
:10DEC0000121BDE8F840F3F7F9BE00BF00040240AD
:10DED000F8B50B4F0D460646102114463846F3F7A9
:10DEE000EDFE30462946FFF7E9FD30462146FFF7B3
:10DEF000E5FD38461021BDE8F840F3F7DFBE00BF6E
:10DF000000000240B0B51446054671B108681449D6
:10DF100088420CD0134988420BD01349884204D15F
:10DF2000134801210160134804E00020B0BD0B48F4
:10DF300000E00E482860104800681049B0FBF1F17D
:10DF4000A9714FF47A71B0FBF1F0A8602846214620
:10DF5000FFF794F90028F9D10120B0BDDC160020AC
:10DF600000380040003C004000300140F017002025
:10DF7000BC350020C8150020D800002040420F000A
:10DF800080B5174AD2F800C0806800FB01FE5068D7
:10DF9000002153689842FCD0014498421846A1EBF6
:10DFA000030198BF6144714528BF80BDF1E700BF00
:10DFB00080B50B4AD2F800C0807900FB01FE5068A2
:10DFC000002153689842FCD0014498421846A1EBC6
:10DFD000030198BF6144714528BF80BDF1E700BFD0
:10DFE00014E000E002210175002141754021817596
:10DFF000054981610549C1610549016205494162DF
:10E0000005498162704700BF9A99993E0010040E3D
:10E010000B080141090242C0030A0B04B0B50446D3
:10E020000868BD4DA84204D0BC4DA84204D1BC48EC
:10E0300000E0B848C4F8A0000846114684F8A420BF
:10E0400084F8F03084ED2B0AC4ED2C0AFCF776FA44
:10E05000C4F8A800B0BD00BF7CB50446484E0DF121
:10E060000601D4F8A05005F12000B04705F12200C8
:10E0700001A9B04705F124000DF10201B04705F1F7
:10E0800026006946B04794F8B4C0BCF1010F11D125
:10E090002146002251F8E00F31F82A3CA2EB53064A
:10E0A000BDF80620101A00B2B0420ADAD4F8E8002F
:10E0B00001300CE0B4F8B630BDF8062004F1E00100
:10E0C00007E0B0EB530F04DDD4F8E8000138C4F8E2
:10E0D000E800D4F8E80000EE103A9FED2A2A9FED00
:10E0E0002A3ABCF1000FB8EE400A00FB032001EE13
:10E0F000100AB8EEC11AC4F8E40081EE000A94EDEB
:10E100002B1A30EE004A20EE030AB1EE083A24EE54
:10E11000022A82EE012A80EE010A84ED332A84ED80
:10E12000320A9FED1A0ABDF9040002EE100AB8EE99
:10E13000C22A22EE000A22EE032A80EE010A82EEB3
:10E14000011A84ED340A84ED351ABDF9020000EE9F
:10E15000100AB8EEC00A84ED360A9FED0D0ABDF92B
:10E16000000001EE100AB8EEC11A31EE000A84ED8B
:10E17000370A0A6004BF012084F8B4007CBD00BFE8
:10E1800021B00008DB0F49400000B4435077D63D72
:10E1900033938843D0F8BC100131C0F8BC10FFF7AE
:10E1A0005BBF000010B5044694F8F000032812D8B5
:10E1B000DFE800F002021417B4F8B80094ED2C0A5E
:10E1C00094ED411A02EE100A81EE000AB8EE422ADE
:10E1D00020EE020A1DE09FED120A1AE0D4F80001B9
:10E1E0000BE0D4F8FC006064D4F8CC00A0642046B6
:10E1F00000F058FDE069C4F80001C4F89400D4F8B8
:10E20000D000C4F8980004F1500000F04BFD94EDEC
:10E210001B0A84ED420A2046BDE8104000F020B8F9
:10E2200000000000B0B5044608683B4DA84204D089
:10E230003A4DA84204D13A4800E03648C4F8A0005C
:10E240000846114684F8A42084F8F03084ED2B0AA7
:10E25000C4ED2C0AFCF772F9C4F8A800B0BD00BFE9
:10E2600090ED420ABDEEC00AD0F8A81010EE102AB8
:10E27000120A0A7090ED420AD0F8A800BDEEC00A5A
:10E2800010EE101A4170704710B50446442104F195
:10E290000C00F2F74EF904F15C004421F2F749F961
:10E2A00000204FF4005184F8B400A4F8B6104FF4E5
:10E2B0008041A4F8B810C4E92F0084F8C4000320FA
:10E2C000182184F8F00004F1F400F2F732F9204646
:10E2D00010BD0000B0B5044608680F4DDDF810C051
:10E2E000A84204D00D4DA84204D10D4800E00948D1
:10E2F000C4F8F0000846114684F8F42084F8403150
:10E30000C4F8FCC084ED400AFCF718F9C4F8F80022
:10E31000B0BD00BFB00300200064004000680040B2
:10E32000DC030020B0B590F8D0144A1E032A21D295
:10E3300000F5A2710022022302E08B5402F58672DE
:10E34000B2F5866FF9D100F2844191ED000AB5EE85
:10E35000400AF1EE10FA2CD000F2D441B1EE401A8E
:10E3600091ED002AB4EEC12AF1EE10FA18DA81ED2F
:10E37000001A1EE0002940F09680002102220023AE
:10E380000AE0C51803F5867385F84421C5F8A01086
:10E39000C5F85411C5F85C11B3F5866FF1D182E070
:10E3A000B4EEC02AB0EE401AF1EE10FAC8BF81ED0B
:10E3B000001A00F5916191ED000AB5EE400AF1EE08
:10E3C00010FA16D000F59B61B1EE401A91ED002ACB
:10E3D000B4EEC12AF1EE10FA02DA81ED001A08E07B
:10E3E000B4EEC02AB0EE401AF1EE10FAC8BF81EDCB
:10E3F000001A00F28C4200F2DC4192ED001AB5EEF8
:10E40000401AF1EE10FA14D091ED000AB1EE412A53
:10E41000B4EEC20AF1EE10FA06DBB4EEC10AB0EEB9
:10E42000412AF1EE10FA06DDB0EE420A81ED002A33
:10E4300001E091ED000A00F59B6100F2D4429FEDEE
:10E440001A1A9FED1A4A00F15404002591ED003A82
:10E4500092ED002A00F58F6120EE010A33EE021AD8
:10E4600033EE422A31EE403A32EE005A31EE001AD3
:10E4700032EE400A23EE043A25EE445A21EE441AC5
:10E4800020EE040A80ED553A80ED985A80EDDB1AB3
:10E4900081ED000A04E06019FFF784FE05F586753A
:10E4A000B5F5866FF7D1B0BD9A99993E632776414D
:10E4B000FFF738BF70B52DED068B04469FED448AFB
:10E4C0009FED449A444D04F2844080ED000A04F527
:10E4D0009160C0ED000A04F28C4080ED001A04F552
:10E4E0009260B0EE480AF0EE490AC0ED001A2046EC
:10E4F000A84704F11C00B0EE480AF0EE490AA8470C
:10E500009FED360A04F13800F0EE400AA8479FED6F
:10E51000348A9FED349A9FED34AA002521E06119D9
:10E52000F0EE4A0AB0EE4A1AF0EE4A1AB0EE4A3A53
:10E53000F0EE4A3AB0EE4A4AF0EE494AB0EE4A5A94
:10E5400001F1A400B1F80C1100EE101A0021B8EE90
:10E55000402AB0EE480AF0EE422A00F07FFC05F5B2
:10E560008675B5F5866FDAD1204D9FED218A9FED36
:10E57000219A214E04F15400012202232946B0EED3
:10E58000480AF0EE490AB04704F5B0702946022265
:10E590000223B0EE480AF0EE490AB04704F51B70BA
:10E5A000294603220223B0EE480AF0EE490AB0479A
:10E5B00004F55E70294604220223B0EE480AF0EE0C
:10E5C000490AB446BDEC068BBDE87040604700BF09
:10E5D0006F12833B6F12033CC3C80008CDCC4C3D87
:10E5E0000080BB446F12833A000000009C3800207A
:10E5F0002CA099410000804625E2000870B5044631
:10E600000020542540F28446C4E90400A061C4E916
:10E610000B006063C4E9120020656019FFF734FE47
:10E6200005F58675B542F8D14FF07C501521C4F838
:10E6300090044FF08140C4F894040948C4F8980449
:10E640004FF08D40C4F89C0404F2BC40F1F771FF18
:10E6500004F2D4401821F1F76CFF204670BD00BFD2
:10E660000060EA46B0B5044694F8511004EBC100CE
:10E67000042950F8042F02F10102026000F289809F
:10E68000DFE801F0033256666F00424A536C002205
:10E6900043B104F8312002600120042284F82000F4
:10E6A00084F851203D4890F8600001280BD1D0B289
:10E6B0000021022204F8301004EBC0004160012068
:10E6C000207484F85120D0B204EBC00151F8042F1B
:10E6D000B2F57A7F5DD9002204F8302001200A606B
:10E6E000207284F85100B0BD2C4ADFF8B4C000237A
:10E6F00092F8605001228CF8D034012D08D18CF8AA
:10E70000D02404F8313003602274022284F85120AE
:10E710002048406CE8B3002004EBC20104F832004A
:10E720004860012084F82000042084F85100B0BD26
:10E730001A4A92F86020002A18BFB0BD002204F8DF
:10E740003120026001202076032084F85100B0BD02
:10E75000002204F8312002600120207084F851204A
:10E76000B0BD0C4D2846F7F72BFA0B48B0F8042142
:10E7700000F184012846F7F780F994F85100002150
:10E7800004F8301004EBC00041600120207084F8D0
:10E790005110B0BD2C4000202C1B0020C00C0020CC
:10E7A000D407002093ED012A93ED023A93ED001A6D
:10E7B00093ED034A91ED017AB6EE000A91ED006AFD
:10E7C000D1ED020AF0EE401A23EE025A43EE431A4C
:10E7D00004EE415A44EE441A23EE011A27EE053A9C
:10E7E000B0EE405A04EE021A06EE213A01EE203A4B
:10E7F00033EE031A82ED001A93ED012A93ED001A0D
:10E8000093ED034A93ED023A91ED017A91ED006A9E
:10E81000D1ED020A02EE425A61EE041A04EE445AA5
:10E8200042EE031A23EE044A25EE073A02EE414A6D
:10E8300006EE213A04EE203A33EE031A82ED011A75
:10E8400093ED023A93ED034A93ED012A93ED001AFA
:10E8500091ED017A91ED006AD1ED020A24EE035A9E
:10E8600022EE044A02EE420A02EE015A01EE434A47
:10E8700003EE430A25EE071A06EE041A00EE201AEC
:10E8800031EE010A82ED020A704793ED001A93ED12
:10E89000034A93ED012A93ED023A91ED017AB6EE27
:10E8A000000A91ED006AD1ED020AF0EE401A24EE62
:10E8B000015A43EE431A03EE025A44EE441A24EE80
:10E8C000022A27EE054AB0EE405A03EE412A06EE30
:10E8D000214A02EE204A34EE041A82ED001A93ED2A
:10E8E000012A93ED023A93ED034A93ED001A91ED5C
:10E8F000017A91ED006AD1ED020A02EE425A62EE0F
:10E90000031A04EE445A41EE441A23EE043A25EE6B
:10E91000074A02EE013A06EE214A03EE204A34EE9F
:10E92000041A82ED011A93ED023A93ED034A93ED36
:10E93000001A93ED012A91ED017A91ED006AD1ED73
:10E94000020A24EE035A61EE031A02EE420A02EEB4
:10E95000415A42EE041A03EE430A25EE071A06EE68
:10E96000211A00EE201A31EE010A82ED020A7047E8
:10E97000F8B5594F044638780130387004F57C708A
:10E98000FBF79EFD84EDFA0A04F1280004F54671B8
:10E9900094EDFB1A30EE010A84EDFB0AFEF7A6FCAB
:10E9A000D4F8181304F59C70C4F8D01001EE901A36
:10E9B000D4F81C23C4F8D42002EE102AD4F8203353
:10E9C000C4F8D83002EE903AD4F82463C4F8C46096
:10E9D00000EE106AD4F82853C4F8C85000EE905ADC
:10E9E00094EDCB1A84ED331A94EDFA3AFCF778FBE8
:10E9F00004F52273394E04F1B40C04F1B4050FCBC5
:10EA0000ACE80F0004F5647104F1F8022B46B0473E
:10EA100004F5677104F582722B46B04704F56A71FC
:10EA200004F588722B46B0472D4E04F577712B46BE
:10EA30003246FFF72AFF6FF00B001CE02218311856
:10EA400094ED3D3A94EDFA4A043092ED370A91ED97
:10EA5000032A92ED3A1A30EE420A34EE032A23EEEC
:10EA6000011A20EE040A81EE021A80EE020A30EE4C
:10EA7000010A82ED3A0A0028E0D104F1DC0104F138
:10EA8000E8022B46FFF78EFE204600F05BF8387850
:10EA90003221B0FBF1F202FB1100C0B9D4F834030B
:10EAA000C4F8A8000F48C4F8A40004F1600000F006
:10EAB000F9F80D4894ED1F0A0068BDEEC00A10EE8B
:10EAC000101AC26A8A4238BFC16A89B24163012002
:10EAD00084F8F803F8BD00BFB4350020A5E70008AE
:10EAE000BC40002000004842C43E002090F8F813CB
:10EAF00039B390EDC60A90EDD31A00F5467100F5D2
:10EB00005372B4EE401AF1EE10FA13D190EDC70A29
:10EB100090EDD41AB4EE401AF1EE10FA0AD190ED4D
:10EB2000C80A90EDD51AB4EE401AF1EE10FA01D1F0
:10EB3000002300E0012380F8B03010463422F1F7C2
:10EB40005FBC704710B52DED028B0446BFEE008A06
:10EB5000D4F8E002C4F82C01D4F8DC02C4F828018F
:10EB6000D4F8D802C4F82401D4F8E402C4F830017F
:10EB700094EDEE1A94EDED0A94EDEF2A94EDF03A4F
:10EB800021EE014A21EE021A00EE004A00EE031ABD
:10EB900034EE042A31EE010A72EE080A02F01EFC7D
:10EBA00084EDF10A94EDEE1A94EDF03A94EDED0A4D
:10EBB00094EDEF2A21EE031AB8EE003A00EE421A65
:10EBC00021EE030A02F074FB84EDF20A94EDF03AB0
:10EBD00094EDEF2A94EDED0A94EDEE1A23EE034A3C
:10EBE00022EE032A00EE004A00EE012A34EE041A57
:10EBF00032EE020A71EE080A02F0F0FB84EDF30A2D
:10EC00009FED0A0A9FED0A1A6FF00B0009E0211828
:10EC1000043091EDF42A22EE002A82EE012A81EDE1
:10EC2000F72A0028F3D1BDEC028B10BD000034435D
:10EC3000DA0F494070B504464FF07E560025266035
:10EC400065601648C4E9020504F13400C4E90455BE
:10EC500084F82C5084F82D5084F82E502563FFF74B
:10EC6000C1F904F16C004421F1F763FC04F56D7007
:10EC70003021C4E9E465C4E9E655C4E9E865C4E9BE
:10EC8000EA55C4F8B063F1F754FC0548C4F8E4034E
:10EC9000204684F8F853C4F8F45370BD00007A4459
:10ECA000C3F51C4190ED112A90ED121A90ED013A36
:10ECB00032EE410AB0EEC04AB4EEC34AF1EE10FAA9
:10ECC000BFBF9FED650A80ED111AB0EE412AB0EE8C
:10ECD000404A90ED0E6A90ED083AB5EE406AF1EECA
:10ECE00010FA09D190ED0F5AB5EE405AF1EE10FA34
:10ECF00002D1B7EE005A22E0B4EEC64AF1EE10FAA5
:10ED000012DDB4EEC46AF1EE10FA0FDA90ED0F7A6C
:10ED1000B4EEC74AF1EE10FABEBF37EE465A37EEF0
:10ED2000446A86EE055A01E0B7EE005A90ED0F6A8C
:10ED3000B4EEC64AF1EE10FAA8BF9FED475A90ED27
:10ED40000C6AB5EE406AF1EE10FA18D0D0ED091A4F
:10ED5000D0ED130AB1EE467A87EE217AF4EEC70AB7
:10ED6000F1EE10FA02DA80ED137A08E086EE217AED
:10ED7000F4EEC70AF1EE10FAC8BF80ED137A90EDF9
:10ED8000106AB5EE406AF1EE10FA04D0B4EEC64A4D
:10ED9000F1EE10FA59DA90ED004A90ED136A25EE83
:10EDA000045A00EE056A80ED136A90ED095A25EECB
:10EDB000065A017A90ED0A6A20EE033A31B190EDDD
:10EDC000077A00F1140200F11C0105E000F11C01BA
:10EDD00000F11802B0EE407AD2ED000AD0ED0B1A25
:10EDE00033EE053A37EE607AD0ED040A26EE076A74
:10EDF00086EE044A33EE043A32EE605A05EE213ACA
:10EE000080ED073A13EE102A90ED0D4AB5EE404A18
:10EE1000F1EE10FA11D0B1EE445AB4EEC53AF1EE6B
:10EE200010FA06DBB4EEC43AB0EE445AF1EE10FA32
:10EE300003DD15EE102A81ED005A80ED031A80EDF6
:10EE4000042A426180ED060A704700219FED025AB4
:10EE5000C16490ED004AACE70000000000F1200220
:10EE6000C0EC024A82EC090A01727047012180F865
:10EE700048107047B0B50C46054624F00F00B0F5B9
:10EE8000887F10D0B0F5807F24D195F84900D8B99B
:10EE9000012085F8490005F1500095F8481089B126
:10EEA000F1F77EFC10E095F84A0030B9012085F8B2
:10EEB0004A0005F1D800F1F777FC05EBC400A0F596
:10EEC000F56005E0F1F768FC05EBC400A0F5F6601D
:10EED00003C8B0BDF1F748FCF0B581B00E46074657
:10EEE0001C46154626F00F00B0F5887F10D0B0F50F
:10EEF000807F26D197F84900D8B9012087F84900CA
:10EF000007F1500097F8481089B1F1F749FC10E07B
:10EF100097F84A0030B9012087F84A0007F1D80075
:10EF2000F1F742FC07EBC600A0F5F56005E0F1F74C
:10EF300033FC07EBC600A0F5F660C0E9005401B051
:10EF4000F0BDF1F711FC90F88101704710B582B067
:10EF500004460020694601AACDE90000D4F87801F2
:10EF600002F001F8DDE9002301462046FBF7EEF848
:10EF70000838B0FA80F0400902B010BD21F01F003F
:10EF8000A0F58070B0FA80F04009704780B5016844
:10EF9000CA684FF0FF319047002080BD083000F074
:10EFA00095B92DE9F04F91B004460F91134610A882
:10EFB0000FA900255E686268CDE90062CDE90231E3
:10EFC00004900CA8002100F069FF0C9A002A00F0C0
:10EFD000C480B24200F0C1800E98036803EBC209FE
:10EFE000B9F104000CD0077846788578C17845EAF5
:10EFF000012147EA062747EA014EBEF1010F01D180
:10F000000025AAE019F8071C13F832304A46BEF171
:10F01000000F099199F8031099F8016099F802C05E
:10F020000A9112F8088D92F802B092F803A0CDF878
:10F030002CC02ADB4FF00047CDE9056A079307EAA9
:10F040004E0646EA0E06355C304446788178C37831
:10F0500045EA062641EA032146EA014EBEF1FF3F9A
:10F0600015DD07EA4E014FF0000C41EA0E014FF0AA
:10F07000000E01440891014651F8043F1B0E01EBBC
:10F080008301079BDDE9056A36E0012503E0079B64
:10F09000DDE9056A0025CEF30367022F11D0012FA9
:10F0A00016D0002F5DD140F22321AE46071D4FF050
:10F0B000000CBEF1000FC0F6010118BF0027089137
:10F0C0001BE040F233214FF0010CC0F6010105E0D6
:10F0D00040F22B214FF0000CC0F601010891CEF355
:10F0E0000747AE46002F394618BF012101EA0E013D
:10F0F000012936D000EB87010F1D43EA06210A9D46
:10F100000B9BBCF1000F43EA05234BEA0A2541EAB9
:10F1100003414FF0004303EA410641EA0601099E1C
:10F12000494448EA062646EA05464FF0010503EA47
:10F13000460343EA06031A44C4E956210899C4F871
:10F140007801C4E9587118BF4FF0020CBEF1000FEE
:10F1500018BF4FF0010CC4F86CC1284611B0BDE8CF
:10F16000F08FF1F701FBB0B582B004460D464FF0C9
:10F17000FF312068C2682046904742F21C5142F697
:10F180004422C0F60101C0F601020091511ACA17CB
:10F1900001EB5271CA1001920022B2EBE10F07D0CD
:10F1A00020F001006A46411B2046FFF7FAFE10B925
:10F1B000012084F8800102B0B0BDB0B5044694F8D7
:10F1C000800168B92046FFF7C1FE012818BFB0BD15
:10F1D00020680121426B2046904794F8800108B1D5
:10F1E0000020B0BDD4F8680168B120686FF001015B
:10F1F000D0E9032520469047D4F868110A18204624
:10F200006FF00101A8470120B0BD0C2906DD0F29D0
:10F2100008D00E290AD00D2906D009E08A1C03D097
:10F220004A1C05D1443008E03C3006E0403004E0A0
:10F230000C2904D800EB810008300068704780B5C5
:10F24000F1F792FA10B500F10804204600F008FA30
:10F250002046BDE81040F1F7E1BA0C2908DD0F297E
:10F260000AD00E2904BF026470470D2906D007E0BA
:10F270008B1C03D04B1C03D142647047C2637047A0
:10F280000C299EBF00EB81008260704780B5F1F7CA
:10F290006BFAB0B500F5B075D0E956CE01F10807AC
:10F2A0003CCD3CC7C1E900CE00F5B8752CCDD0F8F7
:10F2B0007C01486201F118002CC0B0BD103900205B
:10F2C00011F1130F88BF0120704770478A1C612A13
:10F2D00000F268800FF23420DFE812F062007D0057
:10F2E0007E00800082008400860088008A008C00F6
:10F2F0008E009000920094009600620098007D00BD
:10F300007C007C007C007C007C007C007C007C001D
:10F310007C007C007C007C007C007C007C007C000D
:10F320007C007C007C007C007C007C007C007C00FD
:10F330007C007C007C007C007C007C007C007C00ED
:10F340007C007C007C007C007C007C007C007C00DD
:10F350007C007C007C007C007C007C007C007C00CD
:10F360009A009C009E00A000A200A400A600A80095
:10F37000AA00AC00AE00B000B200B400B600B80005
:10F38000BA00BC00BE00C000C200C400C600C80075
:10F39000CA00CC00CE00D000D200D400D600D800E5
:10F3A000A8A07047A1F580701F2813D8DFE800F0EF
:10F3B0001070727476787A7C7E80828486888A8CDB
:10F3C0008E90929496989A9C9EA0A2A4A6A8AAAC6D
:10F3D0006EA070479DA0704799A0704797A0704796
:10F3E00095A0704793A0704791A070478FA0704779
:10F3F0008DA070478BA0704789A0704787A0704789
:10F4000085A0704783A0704781A070478EA0704789
:10F410007EA070477CA070477AA0704778A07047A4
:10F4200076A0704774A0704772A0704770A07047B4
:10F430006EA070476CA070476AA0704768A07047C4
:10F4400066A0704764A0704762A0704760A07047D4
:10F450005EA070475CA070475AA0704758A07047E4
:10F4600056A0704754A0704752A0704750A07047F4
:10F470004EA070474CA070474AA0704748A0704704
:10F4800046A0704744A0704742A0704740A0704714
:10F490003DA070473BA0704739A0704737A0704728
:10F4A00035A0704733A0704731A070472FA0704738
:10F4B0002DA070472BA0704729A0704727A0704748
:10F4C00025A0704723A0704721A070471FA0704758
:10F4D0001DA070471BA0704719A0704717A0704768
:10F4E00015A0704713A0704711A070470FA0704778
:10F4F0000DA070470BA0704709A0704707A0704788
:10F5000005A0704703A0704701A07047706300001A
:10F5100064333100643330006432390064323800BF
:10F5200064323700643236006432350064323400AD
:10F5300064323300643232006432310064323000AD
:10F540006431390064313800643137006431360089
:10F550006431350064313400643133006431320089
:10F5600064313100643130006439000064380000D7
:10F570006437000064360000643500006434000025
:10F580006433000064320000643100006430000025
:10F590007333310073333000733239007332380003
:10F5A00073323700733236007332350073323400F1
:10F5B00073323300733232007332310073323000F1
:10F5C00073313900733138007331370073313600CD
:10F5D00073313500733134007331330073313200CD
:10F5E000733131007331300073390000733800001B
:10F5F0007337000073360000733500007334000069
:10F600007333000073320000733100007330000068
:10F6100072313200723131007231300072390000C3
:10F620007238000072370000723600007235000038
:10F630007234000072330000723200007231000038
:10F6400072300000737000006C720000756E6B6E9B
:10F650006F776E20726567697374657200000000D1
:10F6600010B5044694F8410048B194F8401004F1F4
:10F67000480011B1F1F7DEF801E0F1F7D7F894F89E
:10F68000420028B104F1D000BDE81040F1F7D6B82F
:10F6900010BD70477047704770B50E461546059A05
:10F6A0001C46B168012A07D149684068F1F754F94E
:10F6B000002818BF70BD02E0884200D070BD3146FE
:10F6C0002A462346BDE8704000F05DB8F0B581B031
:10F6D0000C461646069A1D46A168012A0CD14768B9
:10F6E00049683846F1F738F9B0B1206841683846C2
:10F6F000F1F732F940BB04E088420DD0216888421E
:10F7000022D12069B0421CBF6069B0420CD1012DEA
:10F7100004BF0120206217E06068B04214D1E069A4
:10F72000012818BFE5610FE025626661A06A01301B
:10F73000A062606A012805D1A069022804BF0120E7
:10F7400084F836000420E06201B0F0BDD1F808C0B2
:10F75000604518BF7047086950B190420DD0486AA3
:10F760000130486202208861012081F8360070472C
:10F7700001200A618B61486270478869022804BFD2
:10F780008B61704770474FF0010C81F835C04868B5
:10F79000984216D181F834C0009B086928B1904284
:10F7A00010D0486A0130486208E001200A618B618C
:10F7B0004862086B012804D1012B02D1012081F895
:10F7C000360070478A69022A04BF8B611A46086BAB
:10F7D000012818BF7047012AF0D0F2E7F0B58FB0CA
:10F7E000064614468E4228D049B342F21C1342F218
:10F7F000281208460025C0F60103C0F6010219468A
:10F80000002300F073FF0746D7B101AD3421281D56
:10F81000F0F78FFE4FF0FF30019703962946012342
:10F82000049001200D9038682268C6693846B047B8
:10F830000798012803D105982060012500E00025E4
:10F8400028460FB0F0BD70B504460D46207A10F082
:10F85000180F08D069686068F1F77EF8B0FA80F098
:10F860004609304670BDA5B142F21C1142F2341275
:10F87000284600230026C0F60101C0F6010200F070
:10F8800035FF0028EDD0007A10F0180FE2D1601B90
:10F89000E4E70026E5E72DE9F0410646002940D0DF
:10F8A00042F21C1842F24017C0F60108C0F60107E8
:10F8B000084641463A460023002500F017FF04465B
:10F8C00084B3B168A068CA4310422AD1F068E268E4
:10F8D000904210D0C9074FF0000518BF002821D072
:10F8E00041463A46002300F001FF30B1E168064688
:10F8F0000029DDD115E0012514E0F06888B142F25D
:10F900001C1142F2701200230025C0F60101C0F65E
:10F91000010200F0EBFE28B1E168BDE8F04100F023
:10F9200002BA00252846BDE8F081F0B58FB0064642
:10F9300042F214100F461446C0F60100874209D067
:10F9400030463946FFF77FFF012807D1206818B1FC
:10F95000006800E00020206001251EE0E7B142F2CF
:10F960001C1142F24012384600230025C0F6010166
:10F97000C0F6010200F0BAFE074677B1206808B170
:10F9800000682060B068B96821EA0002520703D11C
:10F99000884310F0600F03D0002528460FB0F0BD5B
:10F9A000F868F3688342D7D042F2BC11C0F6010177
:10F9B0008B4217D0002BEFD042F21C1142F24012C2
:10F9C00018460023C0F60101C0F6010200F08EFEC9
:10F9D000C8B1317AC907DFD0F9680FB0BDE8F0408F
:10F9E000FFF759BF0028B7D042F21C1142F24C1267
:10F9F0000023C0F60101C0F6010200F077FEB0FA64
:10FA000080F04509C9E7F0680028C5D042F21C1112
:10FA100042F270120023C0F60101C0F6010200F0AC
:10FA200065FE40B1317AC907B6D0F9680FB0BDE8BC
:10FA3000F04000F078B9F0680028ADD042F21C1117
:10FA400042F2281200230025C0F60101C0F601028F
:10FA500000F04CFE0646002E9FD0F86800289BD090
:10FA600042F21C1142F2281200230025C0F60101C7
:10FA7000C0F6010200F03AFE0746002F3FF48DAFBA
:10FA800001AD3421281DF0F754FD4FF0FF300197F0
:10FA9000039629460123049001200D9038682268BE
:10FAA000C6693846B047079801287FF475AF2068CB
:10FAB00000283FF451AF05984DE72DE9F04383B09E
:10FAC0000E46074698461546B068DDE90A94012CB3
:10FAD00010D141687868F0F73FFF68B1B8682A46EE
:10FAE000434601684F693146CDE90094B84703B0F9
:10FAF000BDE8F0838742F1D131462A46434603B040
:10FB0000BDE8F043FFF73FBE2DE9F04383B0DDF8D9
:10FB100028900C46074698461546A068B9F1010F93
:10FB200015D17E6841683046F0F716FF00B32068B3
:10FB300041683046F0F710FF70B1B8682A46434676
:10FB400001688F692146CDF80090B84741E08742AF
:10FB50000ED020688742F0D12069A8421CBF60699E
:10FB6000A8420ED1B8F1010F04BF0120206230E09D
:10FB70006068A8422DD1E069012818BFC4F81C8034
:10FB800027E0C4F82080E06A042822D000202A461A
:10FB90002B46A086B86801684F690121CDE900199C
:10FBA0002146B84794F8350020B194F8341003206A
:10FBB00071B900E004206561A16A0131A162616A46
:10FBC000012905D1A169022904BF012184F8361059
:10FBD000E06203B0BDE8F083D1F808C0604505D00D
:10FBE0008068D0F800C0DCF81CC06047086950B1DC
:10FBF00090420DD0486A013048620220886101209D
:10FC000081F83600704701200A618B6148627047B5
:10FC10008869022804BF8B61704770472DE9F04F57
:10FC200085B00D4607461C469046A868DDE90E19CA
:10FC3000B9F1010F049167D141687868F0F78CFE43
:10FC4000002863D095F83400039095F835000290B1
:10FC50000020D7F80CA0A8867A69111212F0010FC3
:10FC60001CBF20684158920738694FF002020368B0
:10FC7000D3F814C0049B48BF1A4663182946CDE93F
:10FC800000294246E047BAF1020F34DB07EBCA0015
:10FC900007F1180B00F1100A95F8360058BB95F8DB
:10FCA000340030B1A869012825D0387A800706D4FD
:10FCB00021E095F8350010B1387AC0071BD000203C
:10FCC000A886DBF80420111212F0010F1CBF206877
:10FCD000415892075BF8080B4FF0020203685E6917
:10FCE000049B48BF1A4663182946CDE900294246BD
:10FCF000B047D345D0D3039885F83400029885F8EF
:10FD0000350005B0BDE8F08F87429BD129464246B9
:10FD1000234605B0BDE8F04FFFF735BD401AB0FAF5
:10FD200080F040097047B0B50446B9B142F21C13E7
:10FD300042F2701208460025C0F60103C0F6010227
:10FD40001946002300F0D2FC48B1A2688168D24372
:10FD5000114203D1C168E2688A4202D000252846D8
:10FD6000B0BD00692169081AB0FA80F04509F6E7CC
:10FD700070B5044642F214100E461546C0F6010056
:10FD8000864223D020463146FFF75DFDB8BBDEB189
:10FD900042F21C1142F27012304600230025C0F6D8
:10FDA0000101C0F6010200F0A1FC48B3A16882681D
:10FDB00022EA01035B0707D1914311F0600F03D1E1
:10FDC000C168E2688A421DD0002519E0E06842F26D
:10FDD000F444C0F6010488B142F21C1142F24C1204
:10FDE0000023C0F60101C0F6010200F07FFC42F2E0
:10FDF000EC410028C0F6010118BF0C462C6001251B
:10FE0000284670BD00692169081AB0FA80F04509DA
:10FE1000F6E7000000A070477374643A3A626164C8
:10FE20005F657863657074696F6E000000A070474D
:10FE30006261645F61727261795F6C656E6774683C
:10FE40000000000000A070476261645F617272612F
:10FE5000795F6E65775F6C656E677468000000009F
:10FE600000A070477374643A3A6261645F616C6CBD
:10FE70006F63000000F04BB942F29C41C0F60101F3
:10FE800008310160704700F042B942F2B041C0F65B
:10FE9000010108310160704700F039B92DE9F04FD8
:10FEA000099E4FF0004E741A0C9ED6F800C01CE05C
:10FEB0001C6801EB550B14F83B8004EBCB0494F861
:10FEC00001A094F80290E77848EA0A2849EA07274F
:10FED00048EA07470EEA47063E4326446C08B44505
:10FEE00003D3691E0C1B0BF101012546002DDFD148
:10FEF0000EC0BDE8F08F42F2C441C0F601010831E6
:10FF00000160704700F003B970477047BFF35F8F1F
:10FF100040F2B011C2F2000151E8000F41E80002C6
:10FF2000002AF9D180B5BFF35F8F00F041F80000DF
:10FF300010B5804707A000F0F4FC00F0A5F90FA071
:10FF400000F0EFFC044600F0EEFA204600F076F9EF
:10FF500000F074F97465726D696E6174655F686153
:10FF60006E646C657220756E657870656374656427
:10FF70006C792072657475726E6564007465726D5B
:10FF8000696E6174655F68616E646C657220756E20
:10FF900065787065637465646C79207468726577E0
:10FFA00020616E20657863657074696F6E00000073
:10FFB00080B5804701A000F0B4FC00BF756E657885
:10FFC0007065637465645F68616E646C65722075EA
:10FFD0006E65787065637465646C7920726574759C
:10FFE000726E656400000000BFF35F8F40F2AC11D9
:10FFF000C2F2000151E8000F41E80002002AF9D1E5
:020000040801F1
:10000000BFF35F8F704740F26971002840F2AC1275
:10001000C0F60001C2F2000218BF0146BFF35F8FB5
:1000200052E8000F42E80013002BF9D1BFF35F8FB5
:100030007047BFF35F8F40F2B011C2F2000151E888
:10004000000F41E80002002AF9D1BFF35F8F70472B
:1000500040F2BD01002840F2B012C0F60101C2F228
:10006000000218BF0146BFF35F8F52E8000F42E85D
:100070000013002BF9D1BFF35F8F7047BFF35F8F81
:1000800043F2B851C2F2000151E8000F41E800020A
:10009000002AF9D1BFF35F8F7047BFF35F8F43F240
:1000A000B852C2F2000252E8001F42E80003002BDF
:1000B000F9D1BFF35F8F08467047000080B500F0AC
:1000C00075FA00281CBF0068002814D0D0E90A1275
:1000D00044F64E43C0F24303090A83EA122341EA7D
:1000E000026142F62B32C4F243725140194302D1ED
:1000F0000069FFF71DFFFFF777FFFFF719FF00F01B
:100100009DF800F004B8FFF7FCBFFFF7FABF002826
:1001100018BFF0F79DBA7047FFF7F9BFFFF7F7BFB9
:1001200000F01AB880B5FFF7FBFF80BD00F0ACF817
:1001300000F0F9F9002080BD00F080F800F037B839
:1001400080B5FFF7FBFF80BD00F09EF800F0EBF9F3
:10015000002080BD00F072F810B50446002C08BFE6
:10016000012403E0FFF78AFF30B180472046F0F713
:10017000A1F80028F6D010BD042000F072F8FFF7B7
:10018000BAFE42F2A0114FF60972C0F60101C0F6A4
:10019000000200F078FA80B5FFF7DEFF80BD00F0C6
:1001A00073F800F0C0F9002080BD00F047F870B58A
:1001B00082B00C46054601A8042C98BF0424002DEB
:1001C00008BF012521462A46F0F769FA58B101AE69
:1001D000FFF754FF50B18047304621462A46F0F7DA
:1001E0005EFA0028F4D1019802B070BD042000F03E
:1001F00038F8FFF780FE42F2A0114FF60972C0F600
:100200000101C0F6000200F03EFA80B5FFF7CFFF13
:1002100080BD00F039F800F086F9002080BD00F0C4
:100220000DF808461146FCF79CBB08461146FCF742
:1002300098BB08461146FCF794BB000080B500F05F
:1002400023F8FFF73BFF10B58020FCF741F8044688
:100250002CB120468021F0F74AF9204610BDFFF767
:100260002DFFB0B500F180042046FCF731F80546BB
:1002700035B128462146F0F75CF905F18000B0BDA4
:10028000FFF71CFF00F060F870B50446D4E9006584
:1002900000F087F944F64E41320A42F62B33C0F2A1
:1002A000430142EA0562C4F2437381EA15215A40D0
:1002B00011430268A4F1280111D154F8103C002B1D
:1002C00000D55B4201338A4244F8103C1CBF44F81D
:1002D000142C0160416801394160606A70BD1AB92F
:1002E000016004F1580070BDFFF7E8FE00F02CF843
:1002F00010B5044600F055F9D4E9001244F64E4317
:10030000C0F24303090A83EA122341EA026142F67A
:100310002B32C4F2437251401943A4F128010AD18F
:1003200054F8082C1AB9836844F80C3C8160501CBE
:1003300044F8080C02E0826812B98160012010BD07
:10034000FFF7BCFE00F000F82DE9F04F87B005463E
:100350001DB900202946FCF7CBF92846FFF794FF8A
:10036000D5E9001044F6476942F6003AC4F24C3928
:10037000C4F22B3A21F0FF0180EA090081EA0A0168
:1003800051EA00060CD155E90707D5F83480D5F8B5
:100390002CB0A5F12804CDF818B04FEAE87105E0BB
:1003A000FFF722FE07460024FFF743FE0491FFF704
:1003B000FFFD0297FFF768FF002E61D10BF10100EE
:1003C000069006A89BF80010FCF7A0F90698461CBA
:1003D00006960078FF2855D00020002716F8011B4C
:1003E00001F07F0211F0800F02FA00F200F1070025
:1003F00047EA0207F2D1069600F0D8F80390039876
:1004000000688346F0B33E44A34522D05C46E06AD0
:1004100054F8281F21F0FF0280EA090382EA0A0249
:100420001A4316D11AF10102DBF8043081EA020105
:1004300049F100025040084314BF0BF18000DBF883
:100440000000CDE90005404632460499FCF709FA60
:1004500060B342F28840C0F6010000F10804059440
:1004600005A842F27C133246CDE90005C0F601032F
:1004700040460499FCF7F5F938B105A8AFF30080C0
:1004800000F051F80298FFF753FD00F04CF80420FB
:10049000FFF7E7FE046042F27C114FF60972C0F6E6
:1004A0000101C0F6000200F0EEF811E0DBF81800E0
:1004B0004042CBF81800039948680130486000F0CA
:1004C00032F800F030F82046FFF7DEFE00F073F857
:1004D00004E0044605A8AFF3008000E0044600F005
:1004E00022F82046F9F7F6FDFFF7A8FE10B5A8B1EF
:1004F000BFF35F8FA0F1800454E8001F4A1E44E858
:100500000023002BF8D1BFF35F8F012906D150F8EB
:10051000781C01B188472046FBF76FFE10BDFFF73E
:1005200013FFFFF711FFB0B500F040F8054628684B
:1005300088B3014644F64E4251F828CFC0F2430238
:100540004B684FEA1C2482EA132244EA036342F612
:100550002B34C4F2437463401A4317D18169B1F15B
:10056000FF3F19DD0139816115D1416929605FFAC9
:100570008CF191F0010F04D10468FBF73EFEA4F169
:1005800080008030BDE8B040FFF7B0BF0846F9F703
:1005900046FD00202860B0BD01318161FBD140697A
:1005A000F8E743F29C30C2F20000704743F29C30FF
:1005B000C2F20000704770B5FFF7F3FF05682DB376
:1005C0002C4644F6476354F8281FC4F24C33626843
:1005D00021F0FF015A4042F60033C4F22B33594058
:1005E00051EA020606D1A9694942A961416801316F
:1005F000416001E0002101602046F9F72EFD204610
:10060000FFF742FE16B92869FFF792FCFFF756FD87
:10061000B0B50546B5B3FFF716FE0446A5F1800058
:100620002560BFF35F8F50E8001F013140E80012E2
:10063000002AF8D1BFF35F8F55F87C0C6060FFF79C
:10064000F8FCE060FFF7D0FC206142F60130C4F214
:100650002B3044F8280F44F64760C4F24C306060F9
:10066000FFF79FFF4168013141604CF6A100C0F6E1
:100670000000A0602046F9F7F0FC2046BDE8B0403D
:10068000FFF702BEB0BDF0B581B015460E46044678
:10069000FFF787FF0746FFF7CCFC44F8740CFFF721
:1006A000A3FC44F8700C42F6003044E91F6525466F
:1006B000C4F22B3045F8580D44F64760C4F24C3074
:1006C0006860012045F8280C7868013078604CF6A5
:1006D0004F00C0F60000A8602846F9F7BEFC284687
:1006E000FFF7D2FD54F8700CFFF722FCF0B591B083
:1006F00005461446286850E9027603A8CDE903456B
:10070000CDE9051327211030EFF713FF3D44A64232
:100710001BD03068002403A92A460123876930468C
:100720000094B8470C98012821D068BB089CDDE9EB
:100730000A010D9A0023012918BF1C46012818BF81
:100740001C46012A18BF1C461EE0012000262A462E
:100750002B460F9021684F69CDE9000603A920467A
:10076000B8470998012818BF35462C460CE009986F
:10077000012808D00D98002430B90A98012804BF38
:100780000B98012800D1079C204611B0F0BD80B520
:10079000084600F0E3FC0921012808BF00210846B3
:1007A00080BD2DE9F0418CB00C4601461546032072
:1007B000002C00F0AF80002D00F0AC8021F008008C
:1007C000022800F08C80D4E90026012822F0FF07DF
:1007D0003AD0002863D1080700F1818042F600304A
:1007E00044F6476123460095C4F22B30C4F24C31E5
:1007F0007840714040EA01060121B6FA86F04209CC
:1008000002A8FBF777FD9DF82000082867D006288E
:1008100040F08080002000210D2200230B900BA8C7
:1008200000902846F9F766FC0B98002E206209D14B
:10083000079860620498A0620598E06206982063B9
:1008400002986063062065E0D4F820800020002133
:100850000D220023029002A800902846F9F74AFCD6
:10086000029880451DD142F6003044F64761C4F23B
:100870002B30C4F24C3178407140084339D1606A62
:100880000790A06A0490E06A0590206B0690606B68
:100890000290C017039006208DF8200034E003205A
:1008A00038E042F6003044F6476123460095C4F232
:1008B0002B30C4F24C317840714008430221B0FA29
:1008C00080F0420902A8FBF715FD9DF820000828DA
:1008D00005D006281ED12046FFF70AFD14E0204669
:1008E0002946FFF754FF01460920002908BF0820C8
:1008F00010E002A80621002223460095FBF7FAFC2F
:100900009DF82000062808D102AA20462946FBF7B8
:10091000C1FE07200CB0BDE8F08100202146FBF7A6
:10092000E7FEEFF721FF0000B0B5B0F800C00B887C
:100930009C4553D145884B889D424FD113889C4597
:100940004CD153889D4249D143684968506805FBA2
:100950000CFC0022B2EB9C0F30D04FEA9C0200BF8F
:1009600093ED000A91ED001A03F1100E30EE010A2A
:1009700080ED000A93ED010A91ED011A01F11004D6
:1009800030EE010A80ED010A93ED020A91ED021AA0
:1009900000F1100530EE010A80ED020A93ED030A22
:1009A00091ED031A013A30EE010A80ED030A734615
:1009B00028462146D4D12146284673461CF003021E
:1009C0000AD000BFB3EC010AB1EC011A013A30EED3
:1009D000010AA0EC010AF5D1002000E0FD2040B2A0
:1009E000B0BD018042804360704700002DE9F04FA8
:1009F00081B02DED028B8EB0B0F800C0B0F802A02F
:100A0000D44540F03A810B88FD229C4540F0368168
:100A10004F88BB4240F0328140689FEDB08ABCF104
:100A2000000F009000F031814C686FF0030000EB84
:100A30008C09002700266546CDF828C02046099479
:100A40000A98401B08D0B1002046EFF772FD3846E7
:100A5000013004F10404FBD304F1040BB5F10108E7
:100A60004FF07E50206012D0A9EB86015846EFF778
:100A700060FD01205C4600BF0130854204F10404A2
:100A8000FAD10136013FB8F1000F4546D8D1DDF863
:100A900028C0BCF1000F00F0F8804FEACA00043013
:100AA00002900998009900EB8A00C0F10009042027
:100AB00000EB8A00ACF1010801EB8A054FEA8A03DA
:100AC000019001F1040B4FF0000E0F465646002036
:100AD0000A460490039300BF0EFB0AF002EB80016C
:100AE00091ED000A0C910999B5EE400AF1EE10FA69
:100AF00001EB80000D90CDF82080CDE906950B929A
:100B00002ED10EF1010060450DD20020414600BFFC
:100B10002A1892ED000AB5EE400AF1EE10FA06D15D
:100B200001391844F4D10498012817D0D4E0A0EB7F
:100B30000900002157F82130146842F8043B47F8B7
:100B4000214001318E42F5D10D9A51461368046857
:100B500040F8043B013942F8044BF7D101200490DE
:100B60000C99AAEB0E0991ED008AB9F1010F4FF033
:100B70007E5008600DD00120594600BF91ED000A5B
:100B8000013080EE080A864281ED000A01F104017D
:100B9000F4D10D995046CDF814B000BF91ED000A84
:100BA000013880EE080AA1EC010AF7D1DDF82C80AB
:100BB0000998A9F1010B0022654600BF724505D1D5
:100BC00008EB890300EB8A0036E000BF0C9998ED32
:100BD000008A91ED000ABBF1000F28EE000A38EE02
:100BE000400A88ED000A17D00123042107EB010C0D
:100BF00008EB01049CED000A94ED001A28EE000AAF
:100C0000013331EE400A9E4201F1040184ED000AF5
:100C1000ECD108EB010301E008F104030D9C5146FF
:100C2000B4EC011A90ED000A28EE011A30EE410AE8
:100C3000A0EC010A0139F3D103EB8E08013D02F16A
:100C40000102BBD1079D02980B9ADDF82080054474
:100C5000039BDDF818900198DDF814B0DDF828C08A
:100C60000432013E0EF1010EA8F10108A9EB0309BF
:100C7000074483447FF430AF09E0FD2250B20EB048
:100C8000BDEC028B01B0BDE8F08F00200490B5EE02
:100C9000408AF1EE10FA4FF00002EFD104980128DB
:100CA000ECD00AFB0CF14FF000004FF0000271B1E4
:100CB000009B00BF93ED000AB5EE400AF1EE10FA7A
:100CC00005D10132914203F10403F3D10A468A426D
:100CD00008BF6FF00400D2E7FB22CFE7000000005E
:100CE0002DE9F04F85B047880B889F4240F0848003
:100CF000B0F800B013889B4540F07E80B1F802E068
:100D000053889E4578D1D0F8048050684968019096
:100D1000BC0827F0030008EB800604FB0EF09FEDF3
:100D2000390A07F0030C029101EB00104FEA8E0222
:100D300000210090CDE903E70198DDF808A0009BB1
:100D400000EB8109B0EE401A5746404674B3554651
:100D500027464046B0EE401A95ED002A90ED003A45
:100D6000154490ED014A23EE022A95ED003A154410
:100D700090ED025A31EE021A24EE032A95ED003A64
:100D8000154490ED036A31EE021A25EE032A95ED23
:100D9000003A31EE021A26EE032A31EE021A013F22
:100DA00000F110001544D7D11F463046BCF1000FAA
:100DB0000CD0654690ED002A97ED003A043022EE03
:100DC000032A31EE021A013D1744F3D1A9EC011AAE
:100DD000BEF1010E0AF1040A03F10403B2D1DDF8F9
:100DE0000CE0049F714408EB8708BBF1010B06EB94
:100DF0008706A1D1002000E0FD2040B205B0BDE88B
:100E0000F08F00BF00000000B0B5B0F800C00B8844
:100E10009C4553D145884B889D424FD113889C45B2
:100E20004CD153889D4249D143684968506805FBBD
:100E30000CFC0022B2EB9C0F30D04FEA9C0200BFAA
:100E400093ED000A91ED001A03F1100E30EE410A05
:100E500080ED000A93ED010A91ED011A01F11004F1
:100E600030EE410A80ED010A93ED020A91ED021A7B
:100E700000F1100530EE410A80ED020A93ED030AFD
:100E800091ED031A013A30EE410A80ED030A7346F0
:100E900028462146D4D12146284673461CF0030239
:100EA0000AD000BFB3EC010AB1EC011A013A30EEEE
:100EB000410AA0EC010AF5D1002000E0FD2040B27B
:100EC000B0BD00002DE9F04FB0F800A04A8892456F
:100ED00045D142880B889A4241D1D1F804C0466876
:100EE0004FEA920802F003094FEA0A1E4FEA8A010C
:100EF0004FF0000B624600BFB8F1000F1AD0154644
:100F0000474600BF336828462B6073680D44435042
:100F1000B3686C186B50F56806F1100366186550DD
:100F2000013F06EB01051E46ECD100EB0E071E4605
:100F300002E000BF0CEB8B07B9F1000F06D048466A
:100F400056F8043B01383B600F44F9D10BF1010B1B
:100F5000BAF1010A02F10402CED1002000E0FD2026
:100F600040B2BDE8F08F0368002B09DB01230B6062
:100F7000042350F8041F090E03EB81011160704730
:100F8000C3F3036CBCF1000F0FD0BCF1030F1EBF05
:100F9000BCF1010F00207047C3F3074C4FF004036E
:100FA00003EB8C034FF0020C02E04FF0010C042322
:100FB0001360C1F800C0704780B5F1F71DF8F6F76F
:100FC00083F9F5F7D5FAF5F781FAF5F741FAF5F770
:100FD00007FCF5F769FCF5F799FCF5F7C9FCF5F79F
:100FE000CBFBF5F753FAF5F783FBF5F79FFBF5F726
:100FF000F1FCF5F70BFDF5F729FDF5F743FDF6F7E5
:101000009BFDF6F7F3FDFCE770B5064614460D466A
:10101000306842693046904701281EBF4EF2726028
:10102000CFF6FF7070BD3068294682693046904720
:10103000C4E90001002070BD10B50C4601684A6A81
:101040002146904761680020002904BF4EF26B6082
:10105000CFF6FF7010BD70B5064614460D463068D9
:1010600082683046904701281EBF4EF27260CFF66C
:10107000FF7070BD30682946C268304690472060D6
:10108000002070BD10B5044642F2404043F2AC521D
:10109000C0F60100C2F200020830C4E900020020DC
:1010A0004022A4F8480084F84A0004F10800EFF751
:1010B000A7F904F150004FF49971EFF73AFA20467E
:1010C0000021FEF750F8002010BD80B50168896A44
:1010D00088474EF27460CFF6FF7080BD0168C96B1F
:1010E00008472DE9F0410746154698460E463868F0
:1010F00042693846904701281EBF4EF27260CFF613
:10110000FF70BDE8F081386831462A464346C4691D
:101110003846A0470020BDE8F08170B50446164669
:101120000D462068826820469047012809D1206832
:1011300029463246036920469847681C06D0002598
:101140000AE04EF27265CFF6FF7505E020680021D7
:101150000025426B20469047284670BD0168096A09
:1011600008474100080218BF04200A0E18BF40F0CB
:1011700001004FF07F4232EA010108BF40F0020057
:10118000012808BF0520704710EE100A20F000402B
:1011900000EE100A7047000010B510EE104A4FF034
:1011A0001A402DED028B00EB4400B0F1C85F4AD825
:1011B0004FF0FC40B0EB440F22D2B0EEC00AF7EE85
:1011C000000A30EEC00AF6EE000A20EE208A18EE81
:1011D000100A00F05FFA00EE100A14F0004F1DBF75
:1011E0009FED281ADFED280AB1EE400A9FED271A7D
:1011F00008BFF0EE410AF8EE001A20EE210A05E0E1
:1012000020EE008A9FED221ADFED220ADFED221A7E
:101210009FED222A70EEC00A20EE080A08EE212A6D
:10122000DFED1F1A48EE021A9FED1E2A08EE212A52
:10123000DFED1D1A48EE021ABDEC028B40EE610A8A
:1012400030EE810A10BD4FF0CC40B0EB440F82BFAE
:101250009FED160ABDEC028B10BD4FF07F40B0EB46
:10126000440F05D2BDEC028BBDE8104000F0FBB985
:101270000120EFF773FABDEC028BBDE8104000F0DF
:10128000F9B900000000494022AA7D3A00000000A0
:101290000000C93F22AAFD3924FE1C3DC78AD83C64
:1012A0001E67383D1B93993DAFAA2A3EDB0FC93F0D
:1012B00010B54FF00E402DED028BB0EE408A18EEC7
:1012C000104A00EB4400B0F1506F4AD84FF0FC4098
:1012D000B0EB440F22D2B0EEC80AF7EE000A30EEAF
:1012E000C00AF6EE000A60EE208A18EE900A00F0BE
:1012F000D1F901EE100A14F0004F1DBFDFED2D0AE9
:101300009FED2D0AB1EE411ADFED2C0A08BF9FEDCB
:101310002C0AF8EE001A21EE218A05E0DFED290AF9
:1013200068EE088AB0EE600A9FED271ADFED271AF3
:1013300030EE080A48EE811A9FED251A08EEA11A30
:10134000DFED241A48EE811A9FED231A08EEA11A48
:1013500068EE281ABDEC028B01EE810A30EE200AFD
:1013600010BD4FF0E440B0EB440F0CD918EE100A5A
:10137000FFF7F7FE042808BF00F084F9B0EE480A32
:10138000BDEC028B10BD4FF07F40B0EB440F07D295
:10139000B0EE480ABDEC028BBDE8104000F063B926
:1013A0000120EFF7DBF9BDEC028BBDE8104000F047
:1013B00061B900000000C9BF22AAFDB90000C93F01
:1013C00022AAFD390000000024FE1C3DC78AD83C3B
:1013D0001E67383D1B93993DAFAA2A3E10EE100AB6
:1013E00010B510EE901A4FF0684202EB40032DED5D
:1013F000028BB3F1654F3CBF02EB4102B2F1654F86
:101400007CD200BFC0F3C753C1F3C7529A1A1B2A3C
:1014100009DD10F0004F14BF9FED6E0A9FED6E0ABC
:10142000BDEC028B10BD12F11A0F1BDA11F0004F48
:1014300009D010F0004F0CBF9FED680A9FED680ABD
:10144000BDEC028B10BD80EE208A18EE100AFFF76B
:1014500088FE042808BF00F015F9B0EE480ABDEC7C
:10146000028B10BD4200B2EB410F37D910F0004F94
:1014700019BFDFED5C1A9FED5C1ADFED5C1A9FED82
:101480005C1AB0EE602A0A46F1EE400A80F0004194
:10149000B0EE420A10460A1A5200B2F1807F34D2EE
:1014A000484010F0004FDFED532A9FED533A1DBF27
:1014B000BEEE002A71EEE21A31EE431AB6EE002AB1
:1014C00004BF71EEA21A31EE031AF0EE402A42EE8A
:1014D000602A40EE020A82EEA02A18E011F0004FC6
:1014E00004BF9FED461AF0EE411AD4D010F0004F21
:1014F0001CBFDFED431A9FED431A00E026E004BF56
:10150000DFED411A9FED411AC5E780EE202A22EE59
:10151000020ADFED3F0ADFED3F2ABDEC028B40EE11
:10152000202ADFED3D0A40EE220ADFED3C2A40EEA4
:10153000202ADFED3B0A40EE220A22EE000A00EEEE
:10154000201A31EE020A30EE210A10BD4FF07F4220
:10155000B2EB400F28BFB2EB410F05D2BDEC028BBE
:10156000BDE8104000F082B840EA01035B0008BF0C
:1015700041F0FF410BD0B2EB400F08BFB2EB410F7F
:1015800008D120F0804000EE100A21F0804100EEEA
:10159000901A37E7B2EB400F12BF5FEA410240F00A
:1015A000FF4001F000413FF42DAF4A0092EA4003B2
:1015B0003FF528AF002AACBF9FED1A1A9FED1A1A0B
:1015C00020EE010A60EE810A10EE100A10EE901A69
:1015D00018E70000DB0FC9BFDB0FC93FDB0F494035
:1015E000DB0F49C00000C9BF22AAFDB90000C93FF6
:1015F00022AAFD390060ED3EC30ACE37000000008C
:10160000000049C022AA7DBA0000494022AA7D3AC2
:101610002DAD65BD8FB8D53D0FB511BE61C84C3E2F
:10162000A8AAAABE0000804F0000802F10B52DEDA3
:10163000028BB1EEC08A18EE100A20F00040C0F113
:10164000FF40C00F0AD010EE100A20F00040C0F199
:10165000FF40C00F04BF0120EFF780F8B0EE480A4A
:10166000BDEC028B10BD30EE000A704730EE200A50
:1016700070470000DFED020A80EEA00A704700000C
:10168000000000009FED020A20EE000A70470000F3
:101690000000001010B500EE100A2DED028BB1EE27
:1016A000C08A18EE100A20F00040C0F1FF40C00FC1
:1016B0000AD010EE100A20F00040C0F1FF40C00F29
:1016C00004BF0120EFF74AF818EE100ABDEC028BB8
:1016D00010BD00002DE9C04130B4DFF8A0C23CEAE3
:1016E000111418BF3CEA131400F0EC801CEA11142A
:1016F00081EA030544EAD57418BF1CEA131500F00B
:10170000C780A4EB050404F17F7404F500344FF0A6
:10171000004545EAC12145EAC32341EA505143EA65
:1017200052534FEAC0204FEAC222994208BF90426A
:1017300000F09C804FEA13650FF24016765D4FEA89
:10174000134506FB05F7C7F1807706FB07F74FEA5D
:10175000D737A7FB03687642A7FB06CEC8F58038CB
:1017600038BFA8F1010807FB08E6A6FB028C4FF082
:10177000000EE6FB03CEDCF1000CCEF1004E38BFCC
:10178000AEF1010EA6FB0C584FF00007E6FB0E87EA
:10179000A1FB08C6A0FB07CE16EB0E064FF0000516
:1017A00045F10005E1FB076515F1E04E7EBFA4F5AC
:1017B00080345FEA46066D4116F1800745F1000569
:1017C0004FEA172747EA05674FEA15254FEA0666ED
:1017D000A6F1DE46B6F1805F1FD9384605EBC4712D
:1017E00024F0010C01EB0C11BCF1FE6F02D8F0BC2F
:1017F000BDE8008124425CBF01F5801E9EEAC47FE3
:1018000002D4F0BCBDE80081244238D4A1F1C0412B
:10181000F0BCBDE8004100F016B94FEAD02040EA24
:1018200041504FEAD1214FEAD22242EA43524FEAD5
:10183000D323A7FB028607FB036605FB02661EEAAD
:101840000E0F58BFA6EB0056B6EB00564FEA520EED
:101850004EEAC37E18EB0E0E56EB530EBDD518EBB9
:1018600002085E417F1C55F10005B6E74FF4801574
:101870004FF000074FF000064FF00008ADE701F110
:10188000C04101F000414FF00000F0BCBDE8008114
:101890000CEA131511EA0C1F00D00CE013EA0C1F20
:1018A00000F025804FF0000081EA030101F00041C3
:1018B000F0BCBDE80081F0BCBDE8004181EA030155
:1018C00000F0C1B8F0BCBDE8004170B500F06DF8A3
:1018D000097EFC3E00F007B84FF0000081EA0301EA
:1018E00001F00041704781EA030100F0ACB8F0BCA0
:1018F000BDE8004122494FF000007047FFFDFBF9B1
:10190000F7F5F4F2F0EEEDEBE9E8E6E4E3E1E0DE32
:10191000DDDBDAD8D7D5D4D3D1D0CFCDCCCBCAC8A4
:10192000C7C6C5C4C2C1C0BFBEBDBCBBBAB9B8B7CB
:10193000B6B5B4B3B2B1B0AFAEADACABAAA9A8A8BE
:10194000A7A6A5A4A3A3A2A1A09F9F9E9D9C9C9B8C
:101950009A99999897979695959493939291919037
:101960008F8F8E8E8D8C8C8B8B8A898988888787C8
:101970008685858484838382828181800000FF073D
:101980000000F87FB0FA80F310FA03F10AD0C3F137
:101990001D0303F580634FEA03524FEA415002EB07
:1019A000D12170474FF0000070470EF1020E2EF06B
:1019B000030E5EF8046B364205D4012A43EB03059F
:1019C00015F5001F12D8012841EB010C1CF5001F72
:1019D0000CD80ED14FEAD17C0CEB4C0C0CF1020C64
:1019E00015F5001F08BF4CEBD37C04E04FF0080C4A
:1019F00001E04FEAD37C0CEB4C0526FA05F606F025
:101A00000706B6F1040C06D20EEB860CBDE870405A
:101A10004CF0010C6047DFE80CF0090B02024FF0BC
:101A20000041A1F500214FF0000070BD194610469D
:101A3000012851EB010418BFD4F5001484BF002025
:101A400001F0004170BD0808A0F500114FEA310116
:101A500070474FF04070E1EE100A704735B20181D7
:101A6000B0B00B840000000087C90181B0AB08B1A1
:101A7000000000003CC90181B0AF08B100000000C7
:101A800023EDFF7FB0B0A800FF00BC0003340200CC
:101A90000000080000000A000000010A0000000425
:101AA00000000000000000000E0000000600000022
:101AB00014000000011600000004000000200000D7
:101AC0000001010000000000DBECFF7FB008840093
:101AD000FF0015030D02000000040000004200009A
:101AE0000001010000000000BBECFF7FB008840093
:101AF000FF00AF8000032702000000040000000880
:101B000000000001060000000600000000000000C8
:101B1000000C00000004000000140000000101009F
:101B2000000000007FECFF7FB0088400FF00AF8062
:101B3000000327020000000400000008000000016C
:101B4000060000000600000000000000000C00007D
:101B5000000400000014000000010100000000006B
:101B600043ECFF7FB0088400FF00AF800003270232
:101B70000000000400000008000000010600000052
:101B80000600000000000000000C0000000400003F
:101B900000140000000101000000000007ECFF7FBE
:101BA000B0088400FF00AF8000032702000000049B
:101BB0000000000800000001060000000600000010
:101BC00000000000000C00000004000000140000F1
:101BD0000001010000000000CBEBFF7FB00B840090
:101BE000FF009E808000031A06000000080000002D
:101BF00022000000010E000000180000000000009C
:101C000000007F00000000009BEBFF7FB0B0AA0047
:101C1000FF009E808000031A0800000004000000FE
:101C200064000000010C0000005C000000000000E7
:101C300000007F00000000006BEBFF7FB0B0A80049
:101C4000FF009E808000031A0400000004000000D2
:101C500054000000010800000050000000000000D7
:101C600000007F00000000003BEBFF7FB0AF0600EC
:101C7000FF009801038F0166000000040000006A65
:101C800000000001B0000000060000009401000008
:101C900000FA0000000E000000880100000018019A
:101CA0000000180000008A0100000030010000124E
:101CB00000000000000000004201000004000000DD
:101CC0008A0100000046010000080000000000003A
:101CD00000004E010000140000008A0100000076A0
:101CE00001000012000000880100000096010000C1
:101CF00004000000A0010000019A0100000A000099
:101D000000000000000001000000000097EAFF7FD3
:101D1000B0B0A800FF00AB8000032728000000023D
:101D200000000032000000012A0000000600000050
:101D30003600000001300000000A00000000000032
:101D400000007F0000000000000000000000000014
:101D50000102030406070809000000000102030451
:101D60000000891112239B322446AD573665BF749B
:101D7000488CC19D5AAFD3BE6CCAE5DB7EE9F7F84B
:101D80008110080193331A22A5562C47B7753E647B
:101D9000C99C408DDBBF52AEEDDA64CBFFF976E82B
:101DA00002218B30100299132667AF763444BD555B
:101DB0004AADC3BC588ED19F6EEBE7FA7CC8F5D90B
:101DC00083310A2091121803A7772E66B5543C453B
:101DD000CBBD42ACD99E508FEFFB66EAFDD874C9EB
:101DE00004428D5316619F702004A9153227BB361B
:101DF0004CCEC5DF5EEDD7FC6888E1997AABF3BACB
:101E000085520C4397711E60A1142805B3373A26FA
:101E1000CDDE44CFDFFD56ECE9986089FBBB72AAAA
:101E200006638F7214409D512225AB343006B917DA
:101E30004EEFC7FE5CCCD5DD6AA9E3B8788AF19B8A
:101E400087730E6295501C41A3352A24B1163807BA
:101E5000CFFF46EEDDDC54CDEBB962A8F99A708B6A
:101E6000088481951AA793B62CC2A5D33EE1B7F09A
:101E70004008C919522BDB3A644EED5F766DFF7C4A
:101E8000899400859BB712A6ADD224C3BFF136E07A
:101E9000C1184809D33B5A2AE55E6C4FF77D7E6C2A
:101EA0000AA583B4188691972EE3A7F23CC0B5D15A
:101EB0004229CB38500AD91B666FEF7E744CFD5D0A
:101EC0008BB502A499961087AFF326E2BDD034C13A
:101ED000C3394A28D11A580BE77F6E6EF55C7C4DEA
:101EE0000CC685D71EE597F42880A1913AA3B3B21A
:101EF000444ACD5B5669DF78600CE91D722FFB3ECA
:101F00008DD604C79FF516E4A9902081BBB332A2F9
:101F1000C55A4C4BD7795E68E11C680DF33F7A2EA9
:101F20000EE787F61CC495D52AA1A3B03882B193D9
:101F3000466BCF7A5448DD59622DEB3C700EF91F89
:101F40008FF706E69DD414C5ABB122A0B9923083B9
:101F5000C77B4E6AD5585C49E33D6A2CF11E780F69
:101F60000000803F000000000000000000000000B2
:101F70000000000000000000000000000000803FA2
:101F80000000000000000000000000000000000051
:101F900000000000000000000000803F0000000082
:101FA0000000000000000000000000000000000031
:101FB000000000000000803F000000000000000062
:101FC0000000000000000000000000000000000011
:101FD0000000803F00000000000000000000000042
:101FE0000000000000000000000000000000803F32
:101FF0000F000810820911000A15800B16000C183A
:10200000010D7D04017C000240AB03410005530833
:1020100006580407005EBCE2613FDD83C29C7E205F
:10202000A3FD1F419DC3217FFCA2401E5F01E3BDB4
:102030003E6082DC237D9FC1421CFEA0E1BF5D03A8
:1020400080DE3C62BEE0025CDF81633D7C22C09E9C
:102050001D43A1FF4618FAA427799BC584DA386688
:10206000E5BB5907DB856739BAE406581947A5FB74
:102070007826C49A653BD987045AB8E6A7F91B4568
:10208000C6987A24F8A6441A99C7257B3A6486D85C
:102090005B05E7B98CD2306EEDB3510F4E10F2AC48
:1020A0002F7193CD114FADF3702ECC92D38D6F3134
:1020B000B2EC0E50AFF1134DCE90722C6D33D18F28
:1020C0000C52B0EE326C8ED0530DEFB1F0AE4C121C
:1020D00091CF2D73CA947628ABF517490856B4EA08
:1020E0006937D58B5709EBB536688AD495CB2977F4
:1020F000F4AA4816E9B7550B88D6346A2B7597C9E8
:102100004A14F6A8742AC896154BA9F7B6E80A54DB
:10211000D7896B352C240108C42101080424010847
:10212000D0210108B421010804240108002201087B
:102130001C21010804240108302201081C21010887
:102140000424010860220108342101080424010844
:10215000902201081C21010804240108C022010862
:102160002821010804240108F02201081C2101088B
:102170000424010820230108342101080424010853
:1021800050230108AC210108042401087023010830
:10219000A02101080424010890230108A0210108BE
:1021A00004240108A9230108AC210108DC2301084B
:1021B000B6230108DC230108C32301082C240108ED
:1021C000D0230108446E0000000000000000000061
:1021D0004E31305F5F637878616269763131365FA6
:1021E0005F7368696D5F747970655F696E666F456E
:1021F00000000000000000000000000000000000DF
:102200004E31305F5F637878616269763131375F74
:102210005F636C6173735F747970655F696E666F1D
:102220004500000000000000000000000000000069
:102230004E31305F5F637878616269763131375F44
:102240005F70626173655F747970655F696E666FF8
:102250004500000000000000000000000000000039
:102260004E31305F5F637878616269763131395F12
:102270005F706F696E7465725F747970655F696EA7
:10228000666F450000000000000000000000000034
:102290004E31305F5F637878616269763132305FEA
:1022A0005F66756E6374696F6E5F747970655F6980
:1022B0006E666F4500000000000000000000000096
:1022C0004E31305F5F637878616269763132305FBA
:1022D0005F73695F636C6173735F747970655F6965
:1022E0006E666F4500000000000000000000000066
:1022F0004E31305F5F637878616269763132335F87
:102300005F66756E64616D656E74616C5F74797023
:10231000655F696E666F4500000000000000000008
:102320004E31305F5F637878616269763132395F50
:102330005F706F696E7465725F746F5F6D656D62FB
:1023400065725F747970655F696E666F4500000045
:10235000537431336261645F657863657074696F6B
:102360006E000000000000000000000000000000FF
:10237000537431366261645F61727261795F6C655A
:102380006E6774680000000000000000000000009C
:10239000537432306261645F61727261795F6E653D
:1023A000775F6C656E677468005374396261645F4F
:1023B000616C6C6F63005374396578636570746920
:1023C0006F6E00537439747970655F696E666F0063
:1023D000760000000000000028210108E9C1000883
:1023E000EDC1000895F6000897F60008DDF7000833
:1023F00099F60008CDF600084DF70008000000002F
:1024000058210108E9C1000899C2000895F60008A2
:1024100097F60008DDF70008BBFA000809FB000882
:10242000D9FB00080000000064210108E9C1000890
:10243000E7C2000895F6000897F600081DFD0008A1
:10244000000000000000000093F60008CBF2000836
:10245000BDF200080BF200085BF200087DEF0008F7
:1024600075EE0008D9EE0008BBF1000893F20008F1
:1024700045F2000847EF00088DEF000867F10008FB
:102480009DEF00086DEE0008000000007C210108AF
:1024900009FF000875FE000815FE00080000000096
:1024A0008821010809FF000887FE00082DFE0008AA
:1024B000000000009421010809FF000899FE0008AF
:1024C00045FE000800000000A021010809FF0008E7
:1024D00005FF000861FE000840AC037D04014103D4
:1024E000057C00026D0D026D090200000000000075
:1024F00000000000FFFFFFFF502A0108000000203D
:10250000C0010000C4010008302B0108C0010020F8
:1025100008DF000020020008717AFFFF38DDFE7F2F
:10252000010000001CE5FE7FB0B0A88078E5FE7FCA
:10253000088407808CE5FE7F0100000048EEFE7FE6
:10254000B00B848084EEFE7F0100000080EEFE7FF1
:10255000B00B8480C8EEFE7F01000000B41DFF7F39
:10256000B0B0A880041EFF7F010000009433FF7FFD
:10257000B0B0B0807034FF7F010000005435FF7FA1
:10258000AB08B1803C36FF7F01000000A84BFF7F05
:10259000A80CB1802C4CFF7F01000000384FFF7F5A
:1025A000B0B0B080484FFF7F010000007C55FF7F36
:1025B000B0B0B0808455FF7FB00B84803056FF7F71
:1025C00001000000D457FF7FB00B84809C58FF7F30
:1025D00001000000487AFF7FB0B0B0804E7AFF7FE4
:1025E00008840980767AFF7FAA3FB280E87AFF7F6D
:1025F0006CF4FF7F007BFF7FB0B0AA80507BFF7F31
:10260000B0AF00807A7DFF7FB0AD04805A7EFF7F3F
:10261000B0B0AA80AC7EFF7F010000003081FF7F58
:10262000AF0EB1808884FF7FAF08B1804885FF7FFF
:10263000B0B0B0804885FF7F010000007885FF7F43
:10264000AB08B1806486FF7F01000000C087FF7F78
:10265000B0B0A8804088FF7F01000000A888FF7FFD
:10266000B00B84806089FF7FAB08B180B489FF7FA5
:1026700001000000B889FF7FB0B0B080C089FF7F43
:1026800001000000F689FF7FB0A80980548AFF7F0F
:10269000D8F3FF7F948EFF7FAD08B180108FFF7F4E
:1026A000AB08B180708FFF7FB0B0B080B88FFF7F74
:1026B000B0B0AA802890FF7F010000005090FF7FFB
:1026C000B0AE0B80F090FF7F01000000F091FF7F23
:1026D000AF0EB1809095FF7F01000000189CFF7F36
:1026E000B0AF0E80B09FFF7FB0AB028004A0FF7F31
:1026F000010000006EA1FF7FB0AB0080A4A1FF7FAE
:10270000B0B0A880BEA1FF7F0100000056A2FF7FED
:102710000B84098084A2FF7FB0AF1480F8A8FF7FEC
:10272000B0B0B080FAA8FF7F01000000F8A9FF7FD9
:10273000B0B0A88074AAFF7F0100000040ABFF7F0B
:10274000B00B8480A8ABFF7FB0B0AE80F4ACFF7F4D
:10275000AE0CB18090AEFF7F1CF3FF7FB4B2FF7F61
:10276000AC0CB18058B3FF7FA80CB18074B3FF7F6D
:10277000B0AF068094B5FF7FB0B0AC80CCB5FF7F22
:10278000B00E8480D4B5FF7FB0B0AC8018B6FF7FA8
:10279000AB08B18048B6FF7FB00E848050B6FF7F93
:1027A000B0B0AC8084B6FF7FAB08B18058B7FF7F74
:1027B000B00B8480CCB7FF7F010000009CB8FF7F86
:1027C000AA0CB180D0B9FF7FB0B0B080D8B9FF7F7C
:1027D000B0B0A88050BAFF7F0100000048BBFF7F67
:1027E000B00B8480CCBCFF7FB0B0B080C8BCFF7F92
:1027F000AA82C98008BEFF7F0100000068BEFF7F7B
:10280000B00B8480A0BFFF7F0100000064C1FF7F88
:10281000AB08B180D8C2FF7F0100000050C6FF7F27
:10282000B0B0B08050C6FF7FB00B8480ACC6FF7FD5
:10283000B0AB008012C7FF7FB0B0B08010C7FF7F81
:10284000B0A8018038C7FF7FB0B0B08040C7FF7F1D
:10285000B008848048C7FF7FB0B0B08046C7FF7F14
:10286000B0AF108002C9FF7F0B8401804EC9FF7F8B
:10287000B00B848096C9FF7FB0088480C8C9FF7FF1
:10288000B0B0A880D6C9FF7FB008848006CAFF7F99
:10289000B00B848028CAFF7FB0B0B080C4CDFF7F6A
:1028A000B0B0A880EECDFF7FB0B0B080E8CDFF7FA4
:1028B0000100000028CFFF7FB0AB0E808ACFFF7FE2
:1028C0000100000066D0FF7FB0AB0E80EED1FF7F2D
:1028D000B0AD028004D3FF7FB0B0B08040D3FF7FA3
:1028E000B0AF048038D4FF7F01000000B0D5FF7F77
:1028F000B0B0AF8002D6FF7F0100000010D6FF7F8E
:10290000B00884802CD6FF7F78F1FF7FA4D6FF7FAC
:10291000B0088480D4D6FF7F01000000A0D7FF7FDD
:10292000A8F1FF7FDED7FF7FB0B0B080F8D7FF7F80
:10293000B8F1FF7F08D8FF7FB0B0B08004D8FF7F28
:10294000E4F1FF7F14D8FF7FB0B0A8804AD8FF7FA2
:1029500010F2FF7F5AD8FF7FB0AA0180AED8FF7F68
:102960003CF2FF7FBED8FF7FB0B0B080D0D8FF7FF1
:1029700001000000D2D8FF7FB0B0A880E6D8FF7F6A
:1029800058F2FF7F04D9FF7F80F2FF7F64D9FF7F79
:10299000A8F2FF7FB4D9FF7FD0F2FF7F50DBFF7F2B
:1029A0006CF3FF7F82DBFF7FB00B8480F6DBFF7F61
:1029B0000100000002DCFF7FB0B0AA8054DCFF7F82
:1029C000B00B8480C2DCFF7FB0AB008020DDFF7FD6
:1029D000B0AB1080BADDFF7FB0088480C6DDFF7F1A
:1029E000B0AC0B803EDFFF7F010000007AE5FF7F87
:1029F000B0B0B080C4E5FF7F010000000CE6FF7FAF
:102A0000B0B0AA8034E6FF7FB0B0A8804AE6FF7F6E
:102A1000B0B0AA8070E6FF7FB0B0A880AEE6FF7FBE
:102A2000B0088480B8E6FF7FB0B0B080B6E6FF7F24
:102A3000B0B0AC80E6E6FF7FB0B0AA8020E7FF7FB1
:102A4000B0B0B080000000000000000000000000F6
:102A50003201F210000910E7416B3A58A08B3A138B
:102A600055861B0889041A95041AC1041AF1041A20
:102A700031041A61041108081250C347CDCCCC3D73
:102A80000409531C110B1AC8421C111324F41355CA
:102A9000831408E5811C08B584A0311345821B0806
:102AA00035101AA504C11AC9181A89041A0D301A4A
:102AB0007D081409024313020125C03209041B01D9
:102AC000020B13052416100105240110090104242A
:102AD00002020524061701070582030815100904E0
:102AE0000133020A2E0705010240072A810711134C
:102AF0000A0632023340011A12231302021E4083D7
:102B0000044057591B02031513C90A1B08C5041AB0
:102B1000C1041AED0413090B00081A080403090480
:102B20001A031369071308BD870108A59BC4BB00DE
:040000050800018965
:00000001FF
