:020000040800F2
:10000000E0D00020390200088D740008F56A00086D
:10001000897400083107000889CE0008000000003C
:10002000000000000000000000000000D978000877
:10003000C50B000800000000D5780008757900089D
:10004000530200085302000853020008530200083C
:100050005302000853020008C90B000853020008AD
:1000600053020008D50B0008E10B000853020008FA
:100070007909000889090008530200089909000855
:1000800053020008530200085302000853020008FC
:10009000350700084507000853020008ED0B00086B
:1000A00053020008530200085302000853020008DC
:1000B0005302000853020008557A00085302000852
:1000C00053020008530200085302000853020008BC
:1000D00053020008618E000853020008718E000868
:1000E000530200085302000853020008530200089C
:1000F000530200085302000853020008530200088C
:100100005302000853020008657A000853020008F1
:10011000530200085302000853020008530200086B
:1001200053020008A9090008B9090008C909000814
:10013000530200085302000853020008530200084B
:1001400055070008650700085302000811750008EC
:10015000D9090008E9090008F9090008818E00089A
:10016000530200085302000853020008530200081B
:100170005302000853020008530200080000000068
:10018000530200085302000800F002F800F042F8A1
:100190000AA090E8000C82448344AAF10107DA45E2
:1001A00001D100F037F8AFF2090EBAE80F0013F0F2
:1001B000010F18BFFB1A43F001031847F4EE0000CB
:1001C00014EF0000103A24BF78C878C1FAD852075B
:1001D00024BF30C830C144BF04680C6070470000C1
:1001E0000023002400250026103A28BF78C1FBD840
:1001F000520728BF30C148BF0B6070471FB50EF0D3
:1002000021FF0FBC00F016F80FB400F01BF91FBD62
:1002100010B510BD00F065F91146FFF7EFFF0EF0C5
:100220009FFD00F083F903B4FFF7F2FF03BC00F079
:100230004DF9000000F099B9094880470948004786
:10024000FEE7FEE7FEE7FEE7FEE7FEE7FEE7FEE786
:10025000FEE7FEE704480549054A064B70470000E3
:10026000417A000889010008E0300020E0D0002039
:10027000E0800020E080002053EA020C00F069805A
:100280002DE9F04B4FF00006002B1FBFB3FA83F5AA
:1002900003FA05F424FA05F65E4012BF1643B2FADB
:1002A00082F502FA05F4C5F120051EBF22FA05FC0D
:1002B00044EA0C04203556EA044C4FEA144418BFB3
:1002C000641C4FF000084FF00009904271EB030CE2
:1002D00039D3002919BFB1FA81F701FA07F6B0FA4C
:1002E00080F700FA07F6C7F120071EBF20FA07FCC7
:1002F00046EA0C062037B6FBF4FCA7EB0507103FD7
:1003000007F01F0BCBF120062CFA06F60CFA0BFBBC
:1003100044BFB3460026202FA4BF5E464FF0000B1B
:100320005BEA060C08BF4FF0010B19EB0B0948EB19
:100330000608ABFB027C06FB02CC0BFB03CCC01B0C
:1003400071EB0C01C1E70B46024641464846BDE849
:10035000F08B13B54FF000004FF00001AFF30080B9
:10036000BDE81C407047032A40F2308010F0030CB7
:1003700000F0158011F8013BBCF1020F624498BFF8
:1003800011F801CB00F8013B38BF11F8013BA2F195
:10039000040298BF00F801CB38BF00F8013B11F010
:1003A000030300F06180083AC0F0088051F8043B74
:1003B000083A51F804CBA0E80810F5E7121D5CBF1D
:1003C00051F8043B40F8043BAFF30080D20724BF50
:1003D00011F8013B11F801CB48BF11F8012B24BFE4
:1003E00000F8013B00F801CB48BF00F8012B704733
:1003F0004FF0000200B5134694469646203922BFBE
:10040000A0E80C50A0E80C50B1F12001BFF4F7AF08
:10041000090728BFA0E80C5048BF0CC05DF804EBEA
:10042000890028BF40F8042B08BF704748BF20F858
:10043000022B11F0804F18BF00F8012B7047704756
:100440007047704770B5064C7C44064D7D4403E010
:10045000206820448047241DAC42F9D170BD0000C3
:1004600084EC000088EC000010B5203AC0F00B804E
:10047000B1E81850A0E81850B1E81850A0E818509A
:10048000203ABFF4F5AF5FEA027C24BFB1E8185010
:10049000A0E8185044BF18C918C0BDE810405FEA72
:1004A000827C24BF51F8043B40F8043B08BF7047EE
:1004B000D20728BF31F8023B48BF11F8012B28BFF3
:1004C00020F8023B48BF00F8012B70470149182073
:1004D000ABBEFEE72600020000487047F80000208F
:1004E00070477546FFF7F8FFAE460500694653466C
:1004F00020F00700854618B020B5FFF7ABFEBDE839
:1005000020404FF000064FF000074FF000084FF07A
:10051000000BAC46ACE8C009ACE8C009ACE8C009C7
:10052000ACE8C00921F007018D46704710B50446BC
:10053000AFF300802046BDE81040FFF774BE0028EE
:1005400001D0FFF7C3BF70470246C91C21F0030169
:10055000D2E900031B1A8B4201D2002070470144EC
:10056000C91D21F00701116070472DE9F34F83B0D9
:1005700000274FF48074BA4603A821468DF8007016
:10058000FFF7E2FF5FEA000801D100F09BF8214687
:10059000404600F070F8060009D04FF0010B4546C8
:1005A000C14616F8014B8FB15C2C16D01CE008F147
:1005B00008004146C8F800000020C8F80400D8F838
:1005C00000402070012005B0BDE8F08F222C01D042
:1005D000272C0FD12746BA462CE03078222807D0A6
:1005E0005C2805D0272803D0BC4203D1002721E096
:1005F000761C04464CB12FB9202C06D0A4F109007A
:10060000042802D905F8014BCBE74D4502D1BAF1D8
:10061000000F0FD052464946002005F8010B6846EE
:10062000AFF300809DF8000070B14D464FF0000A16
:100630000BF1010B002CB4D14FEA8B0103A8FFF79B
:1006400083FF040002D004E0A946EFE7002000F099
:1006500039F800204246C4F8008005E012F8011B7A
:1006600011B9401C44F82020AA42F7D3002144F8D5
:1006700020102146A7E71CB50446CDE900016946D4
:100680001520ABBE08B100201CBD20461CBD704724
:10069000704770B505460C460A2000E06D1C00F05E
:1006A00018F835B128780028F8D102E0641C00F071
:1006B00010F814B120780028F8D1BDE870400A2065
:1006C00000F007B810B500F00BF8BDE81040FFF7D8
:1006D00036BF08B569468DF800000320ABBE08BDE3
:1006E00010B5012805D0002103A0FFF7D2FF01209B
:1006F00010BD09A1F8E7000053494752544D454D3C
:100700003A204F7574206F662068656170206D65B2
:100710006D6F7279000000003A2048656170206DAD
:10072000656D6F727920636F7272757074656400A5
:10073000FFE7FEE780B542F25450C2F2000000F03D
:1007400075FD80BD80B542F25450C2F2000000F049
:100750006DFD80BD80B542F27C50C2F2000000F019
:1007600065FD80BD80B542F27C50C2F2000000F011
:100770005DFD80BD80B58AB00A46034609900891A8
:100780000998006846F20041C4F2000188420792CD
:10079000069316D1FFE7099840F27011C2F20001EA
:1007A000086008988862099800210591059A059BC0
:1007B0000CF014FD09980C21059A059B0CF00EFD18
:1007C00019E00998006846F60001C4F20001884269
:1007D00010D1FFE7099840F2B411C2F2000108609D
:1007E000089888620998702100220492049B0CF0FA
:1007F000F5FCFFE7FFE7099801F090F9DDF824E048
:1008000002210390704600F02DFA09994FF0100E66
:1008100002900846714600F025FA01900AB080BDAA
:10082000B0B590B09C4696460C4605460F90ADF884
:100830003A100D92ADF83230BDF83A000690002023
:10084000079008900990BDF832000A900F980D9A11
:1008500006A905ABCDF810C0CDF80CE002940195C7
:1008600000F02EFA10B0B0BD80B587B013468C46AC
:1008700086468DF81B000591ADF812209DF81B00EF
:10088000014623280393CDF808C0CDF804E0009179
:100890001DD80099DFE801F012131415161B1B1B5D
:1008A0001B1B1B1B1B1B1B1B1B1B1B1B1B1B1B1B98
:1008B0001B1B1B1B1B1B1B1B1718191A08E007E02F
:1008C00006E005E004E003E002E001E000E0FFE70D
:1008D000002007B080BD00000020704780B584B0C4
:1008E00042F27820C2F2000041F27451C2F20001DB
:1008F00000220390029208F0F5FE40F67451C2F215
:100900000001039A0190104608F0C8FE0299009079
:10091000084604B080BD000080B588B00A46034692
:1009200007900691079942F27820C2F200000590E4
:100930000492039308F0B2FE05990290084608F06D
:1009400047FE00210190084608B080BD80B586B002
:1009500013468C468646059004918DF80F200020A2
:100960008DF80E009DF90E000293CDF804C0CDF86D
:1009700000E006B080BD000080B542F2E470C2F233
:10098000000001F0E1F980BD80B542F2A450C2F24E
:10099000000001F0D9F980BD80B542F20460C2F2D6
:1009A000000001F0D1F980BD80B542F64400C2F2EA
:1009B000000001F0C9F980BD80B542F26460C2F266
:1009C000000001F0C1F980BD80B542F2C460C2F2FE
:1009D000000001F0B9F980BD80B542F22470C2F286
:1009E000000001F0B1F980BD80B542F6A400C2F26A
:1009F000000001F0A9F980BD80B542F28470C2F216
:100A0000000001F0A1F980BD84B001460390039875
:100A1000007810384AF6AB22CAF6AA22A0FB0202DE
:100A200012090292029A4FF26603C0F600039A5C22
:100A3000039BDA65029A042A0191009007D3FFE72D
:100A400003980168042262F30901816506E00398B6
:100A5000016840F2FF3291438165FFE70398806DA2
:100A600004B0704787B00146069000208DF817004B
:100A70000698806A0490069880690028039122D124
:100A8000FFE70498032802901BD80299DFE801F0E1
:100A9000020D02180698C06AC001002804D5FFE7BD
:100AA00001208DF81700FFE70CE00698C06AB0F14E
:100AB000C07F04D1FFE701208DF81700FFE701E0B8
:100AC00000E0FFE745E006988069B0F5005F25D1BA
:100AD000FFE70498032801901ED80199DFE801F090
:100AE0000206021101208DF8170016E00698C06A70
:100AF000C001002804D5FFE701208DF81700FFE7AB
:100B00000BE00698C06AB0F1C07F04D1FFE7012076
:100B10008DF81700FFE700E0FFE719E004980328CD
:100B2000009004D3FFE70098032804D00EE00120D2
:100B30008DF817000BE00698C06AC001002804D5A4
:100B4000FFE701208DF81700FFE700E0FFE7FFE770
:100B5000FFE79DF8170007B070470000B0B588B0F8
:100B60009C4696460C4605460790069105920493CE
:100B700007980068016821F48021016004980799B2
:100B800009684860079880684028CDF80CC0CDF807
:100B900008E00194009509D1FFE7059807990968D5
:100BA0008860069807990968C86008E00698079960
:100BB00009688860059807990968C860FFE708B068
:100BC000B0BD00007047000080B5012001F0C8FBF7
:100BD00080BD000080B5082001F0C2FB80BD000090
:100BE00080B5102001F0BCFB80BD000080B5202046
:100BF00001F0B6FB80BD000072B6FFE7FEE7000023
:100C000080B584B047F61020C1F6FF7000680390ED
:100C100047F61420C1F6FF700068029047F61820CE
:100C2000C1F6FF7000680190019803990844039091
:100C30000398002813D0FFE7039840F2D801C2F2CE
:100C400000018A1C0823009111461A4605F054FF42
:100C5000029800991231042205F04EFFFFE704B01C
:100C600080BD000086B00A460346049003910498B4
:100C700090F820008DF80B009DF80B0001280192E0
:100C8000009305D0FFE79DF80B0002280AD1FFE78B
:100C90000398049909684A691043486100208DF857
:100CA000170008E00498416A41F480214162012064
:100CB0008DF81700FFE79DF8170006B07047000099
:100CC000B0B58CB09C4696460C4605460A900991F4
:100CD000089207930A9890F820008DF817000A9858
:100CE000006880680490099880680028CDF80CC0DE
:100CF000CDF808E00194009501D1FFE700E0FFE79F
:100D00009DF81700012806D0FFE79DF8170002287C
:100D100040F08280FFE79DF81300400700280CD4C4
:100D2000FFE79DF813000007002806D4FFE79DF8B1
:100D30001300C006002866D5FFE70498C0F30160E1
:100D400006900698012101FA00F0079908600998B9
:100D5000806800280DD1FFE709980168C06840EA63
:100D600041500A990968069A01EB0211C1F8800105
:100D70000EE0099841688268C06842EAC1010843F0
:100D80000A990968069A01EB0211C1F88001FFE790
:100D9000099800690A990968069A01EB0211C1F8DD
:100DA00084010998007D01280CD1FFE70A980068AA
:100DB000069900EB0110D0F8841141F48071C0F85D
:100DC0008411FFE7089840680A990968069A01EBC0
:100DD0000211C1F88C01089800680A990968069AFE
:100DE00001EB0211C1F888010A980068069900EB2E
:100DF0000110D0F8801141F00101C0F880110020ED
:100E00008DF82F0011E00A98416A41F40011416207
:100E100001208DF82F0008E00A98416A41F48021F2
:100E2000416201208DF82F00FFE79DF82F000CB0E4
:100E3000B0BD000088B00A460346069005910698AA
:100E400090F820008DF80B009DF80B00012801920E
:100E5000009306D0FFE79DF80B00022840F0B88011
:100E6000FFE746F20040C4F2000003900398D0F878
:100E7000001241F00101C0F800120398D0F80012EE
:100E800021F47C51C0F800120598406A0399D1F80A
:100E9000002242EA0020C1F800020598406900F0F3
:100EA0001F00012101FA00F0049004980399D1F881
:100EB0001C2222EA0000C1F81C020598C069002823
:100EC0001FD1FFE704980399D1F80C2222EA000011
:100ED000C1F80C0205988188C268406941EA024164
:100EE000039A02EBC000C0F840120598018882689E
:100EF000406941EA0241039A02EBC000C0F8441283
:100F0000FFE70598C06901281ED1FFE704980399FF
:100F1000D1F80C221043C1F80C02059881880268B0
:100F2000406941EA0241039A02EBC000C0F8401256
:100F3000059881898268406941EA0241039A02EB7F
:100F4000C000C0F84412FFE705988069002809D165
:100F5000FFE704980399D1F8042222EA0000C1F8BF
:100F6000040207E004980399D1F804221043C1F861
:100F70000402FFE705980069002809D1FFE70498FB
:100F80000399D1F8142222EA0000C1F8140207E004
:100F900004980399D1F814221043C1F81402FFE712
:100FA0000598006A012808D1FFE704980399D1F851
:100FB0001C221043C1F81C02FFE70398D0F800126E
:100FC00021F00101C0F8001200208DF81F0008E098
:100FD0000698416A41F48021416201208DF81F008A
:100FE000FFE79DF81F0008B07047000082B001467F
:100FF0000190009102B07047B0B58AB09C46964609
:101000000C4605460890079106920593089890F8BB
:1010100020008DF813009DF813000128CDF80CC0B6
:10102000CDF808E00194009506D0FFE79DF8130085
:10103000022840F0ED80FFE70798002811D1FFE774
:1010400008980068C06810F0030F09D1FFE70898FE
:10105000416A41F40011416201208DF82700E0E06F
:1010600010E008980068006910F0030F09D1FFE74D
:101070000898416A41F40011416201208DF827006F
:10108000CFE0FFE708980068079900EB0110D0F85F
:10109000B00100F004000699886006988068002876
:1010A0000BD1FFE708980068079900EB0110D0F812
:1010B000B001400D069908600AE008980068079999
:1010C00000EB0110D0F8B001C00806994860FFE7B6
:1010D00008980068079900EB0110D0F8B00100F003
:1010E00002000699C86008980068079900EB011093
:1010F000D0F8B40100F00F00082804D3FFE70698E9
:10110000082101610BE008980068079900EB0110C5
:10111000D0F8B40100F00F0006990861FFE70898C5
:101120000068079900EB0110D0F8B401C0F3072064
:101130000699886108980068079900EB0110D0F8BB
:10114000B401000C0699486108980068079900EB03
:101150000110D0F8B801059908700898006807993F
:1011600000EB0110D0F8B801000A05994870089802
:101170000068079900EB0110D0F8B801000C059940
:10118000887008980068079900EB0110D0F8B80142
:10119000000E0599C87008980068079900EB0110C7
:1011A000D0F8BC010599087108980068079900EB10
:1011B0000110D0F8BC01000A059948710898006830
:1011C000079900EB0110D0F8BC01000C059988715B
:1011D00008980068079900EB0110D0F8BC01000ED8
:1011E0000599C8710798002807D1FFE7089800689B
:1011F000C16841F02001C16006E0089800680169FB
:1012000041F020010161FFE700208DF8270008E090
:101210000898416A41F48021416201208DF827003D
:10122000FFE79DF827000AB0B0BD000080B58AB086
:1012300001460990002008900998006840690790CD
:1012400009980068406806900998006880680590D1
:1012500009980068C06804900998006800690390C4
:1012600009980068806902909DF81C00C00700285A
:10127000019100F09780FFE79DF81400C007002857
:101280002BD0FFE709980068012181609DF81400C8
:101290008007002804D5FFE7099800F08FFC1BE0C9
:1012A0009DF814004007002805D5FFE7089840F492
:1012B000006008900FE09DF814000007002805D595
:1012C000FFE7089840F48050089003E0099800F088
:1012D0006FFCFFE7FFE7FFE7FFE79DF81500C0079A
:1012E00000282CD0FFE7099800684FF480718160D6
:1012F0009DF815008007002804D5FFE7099800F045
:1013000069FC1BE09DF815004007002805D5FFE7A4
:10131000089840F4005008900FE09DF81500000771
:10132000002805D5FFE7089840F48040089003E0C6
:10133000099800F049FCFFE7FFE7FFE7FFE79DF8AA
:101340001600C00700282CD0FFE7099800684FF46A
:10135000803181609DF816008007002804D5FFE7E2
:10136000099800F043FC1BE09DF816004007002898
:1013700005D5FFE7089840F4004008900FE09DF87D
:1013800016000007002805D5FFE7089840F48030D4
:10139000089003E0099800F023FCFFE7FFE7FFE770
:1013A000FFE7FFE79DF81C000007002810D5FFE7C6
:1013B0009DF81000C006002809D5FFE7089840F402
:1013C00000700890099800681021C160FFE7FFE7EE
:1013D0009DF81C00400700280FD5FFE79DF810007E
:1013E0000007002808D5FFE7099800680821C160B8
:1013F000099800F0F5FAFFE7FFE79DF81C00800769
:1014000000280CD5FFE709980068C06810F0030FAA
:1014100004D0FFE7099800F0E9FAFFE7FFE79DF83D
:101420001C004006002810D5FFE79DF80C00C00600
:10143000002809D5FFE7089840F4806008900998D3
:10144000006810210161FFE7FFE79DF81C0080069E
:1014500000280FD5FFE79DF80C000007002808D5ED
:10146000FFE70998006808210161099800F004FB72
:10147000FFE7FFE79DF81C00C00600280CD5FFE73A
:1014800009980068006910F0030F04D0FFE709987D
:1014900000F0F8FAFFE7FFE79DF81E00800700283C
:1014A0000FD5FFE79DF81800C006002808D5FFE714
:1014B0000998006810214160099800F029FBFFE7B6
:1014C000FFE79DF81E00C00700280FD0FFE79DF83A
:1014D00018000007002808D5FFE7099800680821D0
:1014E0004160099800F088FBFFE7FFE79DF81D00C9
:1014F0000006002840F18F80FFE79DF818004007A4
:10150000002840F18380FFE79DF81D00C0070028F8
:101510000BD0FFE79DF80800C007002805D0FFE7C3
:10152000089840F001000890FFE79DF81D00800733
:1015300000280BD5FFE79DF808008007002805D597
:10154000FFE7089840F002000890FFE79DF81D00B3
:10155000400700280BD5FFE79DF80800400700284A
:1015600005D5FFE7089840F004000890FFE79DF8D4
:101570001D000007002848D5FFE79DF8080010F07F
:10158000700F42D0FFE7029800F07000014610286B
:10159000009114D0FFE70098202815D0FFE70098AD
:1015A000302816D0FFE70098402817D0FFE70098B2
:1015B000502818D0FFE70098602819D01DE008983F
:1015C00040F00800089019E0089840F010000890DA
:1015D00014E0089840F0200008900FE0089840F0D0
:1015E000400008900AE0089840F08000089005E06C
:1015F000089840F48070089000E0FFE709980068C0
:10160000816921F070018161FFE7FFE709980068B7
:1016100004214160FFE70898002809D0FFE70898F7
:1016200009994A6A104348620998FFF7DFFCFFE70F
:101630000AB080BD80B584B00146029002980028AF
:10164000009104D1FFE701208DF80F00E6E0029839
:1016500090F82000002804D1FFE7029800F0E2F89B
:10166000FFE702980068016841F00101016001F0A4
:101670009FF80190FFE702980068406810F0010FA2
:1016800017D1FFE701F094F8DDF804E0A0EB0E00BD
:101690000B280DD3FFE70298416A41F40031416203
:1016A0000298052180F8201001208DF80F00B5E088
:1016B000E1E702980068016821F00201016001F091
:1016C00077F80190FFE702980068406810F0020F79
:1016D00017D0FFE701F06CF8DDF804E0A0EB0E0096
:1016E0000B280DD3FFE70298416A41F400314162B3
:1016F0000298052180F8201001208DF80F008DE060
:10170000E1E70298007E012807D1FFE70298006810
:10171000016841F08001016006E0029800680168FC
:1017200021F080010160FFE70298407E012807D187
:10173000FFE702980068016841F04001016006E09F
:1017400002980068016821F040010160FFE70298FB
:10175000807E012807D1FFE702980068016841F008
:101760002001016006E002980068016821F0200174
:101770000160FFE70298C07E012807D1FFE70298C9
:101780000068016821F01001016006E0029800681D
:10179000016841F010010160FFE70298007F012815
:1017A00007D1FFE702980068016841F00801016075
:1017B00006E002980068016821F008010160FFE777
:1017C0000298407F012807D1FFE70298006801686E
:1017D00041F00401016006E002980068016821F010
:1017E00004010160FFE70298016842688368D0F84D
:1017F0000CC043EA0C03D0F810C043EA0C03406964
:101800001843013A1043C8610298002141620298CE
:10181000012280F820208DF80F10FFE79DF80F00BF
:1018200004B080BD80B598B0014617900020169096
:1018300015901490139012901798006846F2004289
:10184000C4F2000290420C9155D1FFE740F27C2097
:10185000C2F200000168013101600068012813D163
:10186000FFE7FFE70020119043F64000C4F20200BA
:10187000016841F000710160006800F00070119093
:1018800011980B90FFE7FFE7FFE70020109043F669
:101890003000C4F20200016841F0080101600068F4
:1018A00000F00800109010980A90FFE703201290B3
:1018B000022113910021149115900920169040F6F1
:1018C0000040C4F2020012AA0991114600F066FD20
:1018D000142008900999099A01F03CFA089801F03F
:1018E0002DFA152007900999099A01F033FA079803
:1018F00001F024FA72E01798006846F60001C4F27D
:101900000001884269D1FFE7FFE700200F9043F60E
:101910004000C4F20200016841F08061016000688B
:1019200000F080600F900F980690FFE740F27C2057
:10193000C2F200000168013101600068012813D182
:10194000FFE7FFE700200E9043F64000C4F20200DC
:10195000016841F000710160006800F000700E90B5
:101960000E980590FFE7FFE7FFE700200D9043F694
:101970003000C4F20200016841F002010160006819
:1019800000F002000D900D980490FFE76020129087
:101990000220139000201490032115910921169123
:1019A00040F20041C4F2020112AA03900846114617
:1019B00000F0F4FC402002900399039A01F0CAF968
:1019C000029801F0BBF9412001900399039A01F0BC
:1019D000C1F9019801F0B2F9FFE7FFE718B080BD47
:1019E00082B001460190009102B0704780B588B086
:1019F000014607900798006846F20042C4F20002D0
:101A00009042069116D1FFE7079840F27011C2F29A
:101A100000010A1D01F120034FF0000C0591614601
:101A20000492FFF7E9FA05998A6A049B0390184625
:101A300090471FE00798006846F60001C4F20001D5
:101A4000884216D1FFE7079840F2B411C2F20001B4
:101A50000A1D01F120034FF0000C02916146019232
:101A6000FFF7CAFA02998A6A019B009018469047CC
:101A7000FFE7FFE708B080BD82B00146019000910A
:101A800002B0704780B588B001460790079800689B
:101A900046F20042C4F200029042069116D1FFE7DE
:101AA000079840F27011C2F200010A1D01F12003F3
:101AB0004FF0010C059161460492FFF79DFA0599DC
:101AC0008A6A049B0390184690471FE007980068B5
:101AD00046F60001C4F20001884216D1FFE70798DC
:101AE00040F2B411C2F200010A1D01F120034FF0CF
:101AF000010C029161460192FFF77EFA02998A6A0F
:101B0000019B009018469047FFE7FFE708B080BDB3
:101B100082B001460190009102B0704780B584B058
:101B200001460290029890F820000128009132D1DD
:101B3000FFE70298022180F82010029800680168EF
:101B400021F00101016000F033FE0190FFE70298EF
:101B50000068406810F0010F17D0FFE700F028FE82
:101B6000DDF804E0A0EB0E000B280DD3FFE7029890
:101B7000416A41F4003141620298052180F8201049
:101B800001208DF80F000FE0E1E70298002141628B
:101B90008DF80F1008E00298416A41F4002141627B
:101BA00001208DF80F00FFE79DF80F0004B080BD05
:101BB00082B001460190009102B0704782B00146A8
:101BC0000190009102B0704782B0014601900091EF
:101BD00002B0704782B001460190009102B0704798
:101BE00082B001460190009102B0704782B0014678
:101BF0000190009102B0704782B0014601900091BF
:101C000002B0704780B586B0014604900498806D9C
:101C10000390019100F0CCFD0290049890F83500FB
:101C200002280DD0FFE7049880214165FFE7049862
:101C3000002180F83410FFE701208DF817005BE0E9
:101C400004980068016821F016010160049800689A
:101C5000416921F0800141610498006C002805D1A0
:101C6000FFE70498806C002807D0FFE7049800681D
:101C7000016821F008010160FFE70498006801682D
:101C800021F001010160FFE704980068006810F08E
:101C9000010F1BD0FFE700F08BFDDDF808E0A0EBA3
:101CA0000E00062811D3FFE704982021416504980F
:101CB000032180F83510FFE70498002180F83410E4
:101CC000FFE703208DF8170016E0DDE70498C06DEC
:101CD0003F2101FA00F0039988600498012180F8FF
:101CE0003510FFE70498002180F83410FFE7FFE784
:101CF00000208DF81700FFE79DF8170006B080BDA3
:101D000083B001460190019890F8350002280091B7
:101D100007D0FFE701988021416501208DF80B0075
:101D20000EE00198052180F83510019800680168DF
:101D300021F001010160FFE700208DF80B00FFE7B3
:101D40009DF80B0003B0704780B588B0014607903E
:101D50000020059040F22000C2F20000006848F226
:101D6000B512C1F64E32A0FB0202920A0492079A03
:101D7000926D0392039A12680692069A079BDB6D96
:101D80004FF0080C0CFA03F31A42029101901BD099
:101D9000FFE707980068006810F0040F13D0FFE712
:101DA00007980068016821F0040101600798C06D80
:101DB000082101FA00F0039988600798416D41F00D
:101DC00001014165FFE7FFE706980799C96D012208
:101DD00002FA01F1084215D0FFE707980068406950
:101DE00010F0800F0DD0FFE70798C06D012101FAB8
:101DF00000F0039988600798416D41F00201416548
:101E0000FFE7FFE706980799C96D042202FA01F17E
:101E1000084215D0FFE707980068006810F0020F2D
:101E20000DD0FFE70798C06D042101FA00F0039977
:101E300088600798416D41F004014165FFE7FFE7C5
:101E400006980799C96D102202FA01F108424BD099
:101E5000FFE707980068006810F0080F43D0FFE71D
:101E60000798C06D102101FA00F003998860079867
:101E70000068006810F4802F1CD0FFE70798006806
:101E8000006810F4002F0AD1FFE70798006C0028C3
:101E900004D0FFE70798016C8847FFE709E007983F
:101EA000806C002804D0FFE70798816C8847FFE723
:101EB000FFE717E007980068006810F4807F07D1FB
:101EC000FFE707980068016821F008010160FFE75B
:101ED0000798006C002804D0FFE70798016C88473A
:101EE000FFE7FFE7FFE7FFE706980799C96D2022A4
:101EF00002FA01F1084200F09580FFE707980068B8
:101F0000006810F0100F00F08C80FFE70798C06D9C
:101F1000202101FA00F003998860079890F83500B5
:101F2000052838D1FFE707980068016821F01601FD
:101F3000016007980068416921F0800141610798BC
:101F4000006C002805D1FFE70798806C002807D0B7
:101F5000FFE707980068016821F008010160FFE7CA
:101F60000798C06D3F2101FA00F003998860079837
:101F7000012180F83510FFE70798002180F8341020
:101F8000FFE70798006D002804D0FFE70798016D70
:101F90008847FFE781E007980068006810F4802F09
:101FA0001CD0FFE707980068006810F4002F0AD1E2
:101FB000FFE70798406C002804D0FFE70798416CC2
:101FC0008847FFE709E00798C06B002804D0FFE7C7
:101FD0000798C16B8847FFE7FFE721E00798006893
:101FE000006810F4807F11D1FFE70798006801684E
:101FF00021F0100101600798012180F83510FFE7FA
:102000000798002180F83410FFE7FFE70798C06BBE
:10201000002804D0FFE70798C16B8847FFE7FFE778
:10202000FFE7FFE70798406D002836D0FFE70798E5
:10203000406D10F0010F26D0FFE70798052180F8CA
:10204000351007980068016821F001010160FFE781
:102050000598013005900499884201D9FFE707E00F
:10206000FFE707980068006810F0010FF0D1FFE764
:102070000798012180F83510FFE70798002180F8C4
:102080003410FFE7FFE70798C06C002804D0FFE793
:102090000798C16C8847FFE7FFE708B080BD0000E4
:1020A00080B586B00146049000200390009100F0B6
:1020B0007FFB02900498002804D1FFE701208DF8EF
:1020C0001700AAE00498406A002801D0FFE7FFE764
:1020D0000498022180F83510FFE70498002180F869
:1020E0003410FFE704980068016821F001010160E5
:1020F000FFE704980068006810F0010F14D0FFE7B4
:1021000000F056FBDDF808E0A0EB0E0006280AD32D
:10211000FFE70498202141650498032180F83510D9
:102120008DF8171079E0E4E70498006800680390E0
:10213000039848F23F01CFF2100108400390049841
:1021400041688268C368D0F810C01143194341EA5E
:102150000C014269114382691143C2691143006A4B
:1021600008430399084303900498406A042808D15F
:10217000FFE70498C16A006B084303990843039082
:10218000FFE70398049909680860049800684069AB
:102190000390039820F0070003900498406A039985
:1021A000084303900498406A04281CD1FFE7049870
:1021B000806A0399084303900498C06A002811D0EC
:1021C000FFE70498FEF74EFC00280AD0FFE70498CA
:1021D000402141650498012180F835108DF81710D1
:1021E0001BE0FFE7FFE7039804990968486104983A
:1021F000FEF70AFC01900498C06D3F2101FA00F03F
:102200000199886004980021416504984FF0010EFF
:1022100080F835E08DF81710FFE79DF8170006B03D
:1022200080BD0000B0B58CB09C4696460C46054675
:102230000A9009910892079300208DF81B000A98D4
:10224000806D0590CDF810C0CDF80CE0029401959A
:10225000FFE70A9890F83400012804D1FFE7022034
:102260008DF82F0047E00A98012180F83410FFE72D
:10227000FFE70A9890F8350001282DD1FFE70A986A
:10228000022180F835100A98002141650A980999C1
:10229000089A079BFEF762FC0A98C06D3F2101FA7D
:1022A00000F0059988600A980068016841F01601FD
:1022B00001600A98006C002807D0FFE70A980068C0
:1022C000016841F008010160FFE70A9800680168B1
:1022D00041F00101016009E0FFE70A98002180F860
:1022E0003410FFE702208DF81B00FFE79DF81B006C
:1022F0008DF82F00FFE79DF82F000CB0B0BD000057
:1023000080B584B001460390009100F051FA02902C
:102310000398019001980130002809D0FFE740F2AE
:10232000F200C2F200000078019908440190FFE732
:10233000FFE700F03DFADDF808E0A0EB0E00DDF865
:1023400004E0704501D2FFE7F3E704B080BD000070
:1023500082B00146ADF80600009102B0704700005F
:1023600080B582B00146ADF8060043F61440C4F2D1
:1023700001000068BDF80620104200910CD0FFE774
:10238000BDF8060043F61441C4F201010860BDF82F
:102390000600FFF7DDFFFFE702B080BD91B00A46FF
:1023A000034610900F9100200D900C900B900E9012
:1023B00009920893FFE70E980F2800F2D581FFE7F6
:1023C0000E98012101FA00F00D900F9800680D9908
:1023D00008400C900C980D99884240F0C081FFE7AE
:1023E0000F98406800F00300012807D0FFE70F981E
:1023F000406800F0030002282FD1FFE710988068A2
:102400000B900E984000032101FA00F00B9921EA8D
:1024100000000B900F98C0680E99490088400B99F6
:1024200008430B900B9810998860109840680B90A7
:102430000E98012101FA00F00B9921EA00000B909F
:102440000F984068C0F300100E9988400B9908431C
:102450000B900B9810994860FFE70F98406800F0C8
:102460000300032818D0FFE71098C0680B900E985F
:102470004000032101FA00F00B9921EA00000B90C3
:102480000F9880680E99490088400B9908430B907B
:102490000B981099C860FFE70F98406800F00300A0
:1024A000022828D1FFE710980E994FF6FC72C7F664
:1024B000FF7202EA51010844006A0B900E9800F086
:1024C000070080000F2101FA00F00B9921EA0000BB
:1024D0000B900F9800690E9901F007018900884060
:1024E0000B9908430B900B9810990E9B02EA53022C
:1024F00011440862FFE7109800680B900E984000A6
:10250000032101FA00F00B9921EA00000B900F98CB
:10251000406800F003000E99490088400B99084379
:102520000B900B98109908600F988079800700280D
:1025300000F01481FFE7FFE700200A9043F6440013
:10254000C4F20200016841F480410160006800F4B7
:1025500080400A900A980790FFE70E9820F0030049
:1025600043F60801C4F2010140580B900E9800F0A8
:10257000030080000F2101FA00F00B9921EA00000E
:102580000B9010980021C4F20201884203D1FFE7AA
:10259000002006905EE0109840F20041C4F2020173
:1025A000884203D1FFE70120059050E0109840F6E3
:1025B0000001C4F20201884203D1FFE70220049027
:1025C00042E0109840F60041C4F20201884203D173
:1025D000FFE70320039034E0109841F20001C4F2B9
:1025E0000201884203D1FFE70420029026E0109800
:1025F00041F20041C4F20201884203D1FFE7052005
:10260000019018E0109841F60001C4F202018842DE
:1026100003D1FFE7062000900AE0109841F6004140
:10262000C4F202010822884208BF07220092FFE795
:1026300000980190FFE701980290FFE7029803904D
:10264000FFE703980490FFE704980590FFE70598DB
:102650000690FFE70698C0B20E9901F003018900C9
:1026600088400B9908430B900B980E9921F00301B9
:1026700043F60802C4F20102885043F60840C4F24F
:10268000010000680B900C980B9921EA00000B9058
:102690000F988079C006002805D5FFE70C980B99A4
:1026A00008430B90FFE70B9843F60841C4F2010181
:1026B000086043F60C40C4F2010000680B900C98CF
:1026C0000B9921EA00000B900F9880798006002872
:1026D00005D5FFE70C980B9908430B90FFE70B9883
:1026E00043F60C41C4F20101086043F60440C4F211
:1026F000010000680B900C980B9921EA00000B90E8
:102700000F9880798007002805D5FFE70C980B9972
:1027100008430B90FFE70B9843F60441C4F2010114
:10272000086043F60040C4F2010000680B900C986A
:102730000B9921EA00000B900F988079C0070028C0
:1027400005D0FFE70C980B9908430B90FFE70B9817
:1027500043F60041C4F201010860FFE7FFE7FFE72D
:102760000E9801300E9026E611B0704780B585B006
:1027700013468C4686460490ADF80E108DF80D2059
:102780009DF80D0000280293CDF804C0CDF800E0BC
:1027900005D0FFE7BDF80E000499886105E0BDF89B
:1027A0000E00000404998861FFE705B080BD0000B9
:1027B00043F2DC00C2F200000068704780B590B0C0
:1027C00001460E900E9800280B9104D1FFE70120DE
:1027D0008DF83F004FE10E9890F83D00002808D199
:1027E000FFE70E98002180F83C100E9800F048F9A1
:1027F000FFE70E98242180F83D100E9800680168CC
:1028000021F0010101600E980068016841F4004167
:1028100001600E980068016821F40041016001F038
:1028200067FE0C900E98406848F2A061C0F201016A
:1028300088420BD8FFE70C9848F28041C0F21E0195
:102840000022884238BF01220A920AE00C9840F622
:102850000011C0F23D010022884238BF01220A92D5
:10286000FFE70A98012804D1FFE701208DF83F0017
:1028700001E10C984DF68361C4F21B31A0FB01010C
:10288000890C0D910E990968496821F03F010D9A54
:1028900011430E9A126851600E990968096A21F075
:1028A0003F010E9A526848F2A063C0F201039A42B7
:1028B0000990089104D8FFE70D98013007900FE0C8
:1028C0000D984FF49671484344F6D351C1F262011A
:1028D000A0FB0101012202EB911106900791FFE795
:1028E0000798089908430E9A126810620E980068BB
:1028F000C0694CF6FF7290430E9A526848F2A0638A
:10290000C0F201039A4205901FD8FFE70C980138E6
:102910000E9949684900B0FBF1F001306FF31F30A8
:10292000032803D8FFE7042004900BE00C9801383B
:102930000E9949684900B0FBF1F001306FF31F3088
:102940000490FFE7049803904FE00E9880680028F9
:102950000DD1FFE70C9801380E99496801EB410150
:10296000B0FBF1F001306FF31F3002900DE00C98D6
:1029700001380E99496819225143B0FBF1F001303A
:10298000042161F31F300290FFE702980005002840
:1029900003D1FFE70120019024E00E988068002811
:1029A0000DD1FFE70C9801380E99496801EB410100
:1029B000B0FBF1F001306FF31F3000900DE00C9888
:1029C00001380E99496819225143B0FBF1F00130EA
:1029D000042161F31F300090FFE7009840F40040AD
:1029E0000190FFE701980390FFE7039805990843DA
:1029F0000E9A1268D0610E980068006820F0C0003E
:102A00000E9A1368D2F81CC0126A42EA0C021043F4
:102A100018600E980068806848F2FF3290430E9A62
:102A20001368D2F80CC0126942EA0C021043986095
:102A30000E980068C06820F0FF000E9A1368D2F864
:102A400014C0926942EA0C021043D8600E980068E4
:102A5000026842F0010202600E98002202640E98A1
:102A6000202380F83D300E9802630E9880F83E20B7
:102A70008DF83F20FFE79DF83F0010B080BD0000BB
:102A800080B592B001461190002010900F900E90EA
:102A90000D900C901198006845F60042C4F20002B7
:102AA0009042089140F0B780FFE7FFE700200B90CD
:102AB00043F63000C4F20200016841F004010160F5
:102AC000006800F004000B900B980790FFE7FFE709
:102AD00000200A9043F63000C4F20200016841F081
:102AE00001010160006800F001000A900A98069058
:102AF000FFE74FF400700C9012200D9001210E9111
:102B000003220F920423109340F6000CC4F2020C2F
:102B10000DF1300E0590604604917146CDF80CE041
:102B200002930192FFF73AFC4FF480700C900598E5
:102B30000D9004990E91019A0F92029B1093002020
:102B4000C4F202000399FFF729FCFFE70020099077
:102B500043F64000C4F20200016841F40001016044
:102B6000006800F40000099009980090FFE742F225
:102B7000A450C2F2000046F24001C4F2020101601A
:102B80004FF0C061416000218160C1604FF48062FC
:102B9000026141618161C16101624162FFF780FAB6
:102BA000002803D0FFE7FEF727F8FFE7FFE71198BB
:102BB00042F2A451C2F20001816311988863FFE7D9
:102BC00042F20460C2F2000046F27001C4F2020157
:102BD00001604FF0C0614160402181600021C1600F
:102BE0004FF48062026141618161C16101624162B1
:102BF000FFF756FA002803D0FFE7FDF7FDFFFFE7D8
:102C0000FFE7119842F20461C2F20001416311989A
:102C10008863FFE7FFE712B080BD000040F2F200DA
:102C2000C2F20000007843F2DC01C2F200010A683F
:102C3000104408607047000080B582B043F6004041
:102C4000C4F20200016841F400710160016841F4BE
:102C500080610160016841F480710160032000F02F
:102C60009DF80F2000F006F8019000F03FF80020DA
:102C700002B080BD80B584B00146029040F22000D1
:102C8000C2F20000006840F2F202C2F200021278C2
:102C90004FF47A73B3FBF2F2B0FBF2F0019102F061
:102CA000A1F9002804D0FFE701208DF80F0018E0FB
:102CB00002980F280DD8FFE702994FF0FF3000224D
:102CC00000F048F8029840F2F401C2F200010860F6
:102CD00003E001208DF80F0003E000208DF80F00C5
:102CE000FFE79DF80F0004B080BD000084B0FFE74F
:102CF0000020039043F64400C4F20200016841F44E
:102D000080410160006800F48040039003980190C6
:102D1000FFE7FFE70020029043F64000C4F2020004
:102D2000016841F080510160006800F0805002901D
:102D300002980090FFE704B07047000080B582B0B1
:102D400001468DF807009DF9070000910BF03EFF4A
:102D500002B080BD80B58AB013468C4686468DF899
:102D6000270008910792002006900593CDF810C027
:102D7000CDF80CE00BF046FF069006980899079AEC
:102D80009DF92730029304F083FB029901900846D5
:102D900001990BF03FFF0AB080BD000080B582B002
:102DA00001460190019800910BF05AFF02B080BDDE
:102DB00084B00A46034603908DF80B1001920093ED
:102DC00004B0704784B00A4603460390ADF80A1079
:102DD000BDF80A0003990968486200200192009337
:102DE00004B0704780B587B013468C46864606907F
:102DF0008DF81710ADF8142006980068406A03900B
:102E00009DF8170000280293CDF804C0CDF800E02B
:102E100009D1FFE7BDF81400039941EA0040069983
:102E20000968886233E006980068806A039901EBBC
:102E30001040039000208DF81300FFE79DF8130069
:102E40009DF817100139884213D2FFE706980068F1
:102E50009DF8131000EB8100D0F80401039901EBF9
:102E600010400390FFE79DF8130001308DF8130028
:102E7000E4E7BDF81400039941EA004006990968A7
:102E80009DF8172001EB8201C1F80001FFE7002047
:102E900007B080BD80B584B0014603900398D0F898
:102EA000E004029107F0D8FC019004B080BD00005E
:102EB00080B586B00A46034605908DF81310059834
:102EC000D0F8E0149DF813C00CEBCC0E00EB8E0094
:102ED000006A039008466146DDF80CC00292624623
:102EE000019307F0D7FA009006B080BD80B586B098
:102EF0000A46034605908DF813100598D0F8E014A3
:102F00009DF813C00CEBCC0E00EB8E00D0F86002E5
:102F1000039008466146DDF80CC0029262460193B8
:102F200007F0A4FB009006B080BD000080B584B01F
:102F3000014603900398D0F8E004029107F094FC56
:102F4000019004B080BD000080B586B00A460346FB
:102F500005908DF813109DF81300000600280292CA
:102F600001930CD5FFE705989DF8131001F00F01B0
:102F700001EBC10100EB8100143003900CE00598D7
:102F80009DF8131001F00F0101EBC10100EB81006E
:102F900000F515700390FFE705980068039909F0A4
:102FA0005BFB8DF812009DF8120006B080BD00009A
:102FB00080B588B00A46034606908DF817109DF834
:102FC000170000060028039202930FD5FFE706982A
:102FD0009DF8171001F00F0101EBC10100EB81001A
:102FE000143004900498012141700FE006989DF878
:102FF000171001F00F0101EBC10100EB810000F59A
:1030000015700490049800214170FFE79DF81700A7
:1030100000F00F0004990870FFE7069890F89404F8
:10302000012804D1FFE702208DF81F0015E0069863
:10303000012180F89414FFE7FFE7069800680499DF
:1030400008F0A4FD0190FFE70698002180F8941491
:10305000FFE700208DF81F00FFE79DF81F0008B074
:1030600080BD000080B588B00A46034606908DF802
:1030700017109DF8170000F00F0006990979884293
:103080000392029304D9FFE701208DF81F004EE060
:103090009DF81700000600280FD5FFE706989DF859
:1030A000171001F00F0101EBC10100EB810014309A
:1030B00004900498012141700FE006989DF81710C4
:1030C00001F00F0101EBC10100EB810000F515706B
:1030D0000490049800214170FFE70498002181705A
:1030E0009DF8170000F00F0004990870FFE706989C
:1030F00090F89404012804D1FFE702208DF81F0006
:1031000015E00698012180F89414FFE7FFE7069880
:103110000068049908F0DEFF0190FFE7069800219F
:1031200080F89414FFE700208DF81F00FFE79DF85A
:103130001F0008B080BD000084B00A46034603901B
:103140008DF80B1003989DF80B1001F00F0101EBA7
:10315000C10100EB8100D0F868020192009304B035
:1031600070470000B0B58AB09C4696460C460546AE
:1031700008908DF81F10ADF81C208DF81B30002032
:103180008DF81A009DF81F0000060028CDF810C029
:10319000CDF80CE0029401950FD5FFE708989DF853
:1031A0001F1001F00F0101EBC10100EB8100143091
:1031B00005900598012141700FE008989DF81F10B7
:1031C00001F00F0101EBC10100EB810000F515706A
:1031D0000590059800214170FFE79DF81F0000F061
:1031E0000F0005990870BDF81C006FF3DF200599EA
:1031F00088609DF81B0005990871059840780028A3
:1032000004D0FFE7059801784183FFE79DF81B0094
:10321000022804D1FFE7059800214171FFE7FFE78D
:10322000089890F89404012804D1FFE702208DF853
:10323000270016E00898012180F89414FFE7FFE7C3
:1032400008980068059908F057FB0090FFE7089878
:10325000002180F89414FFE79DF81A008DF82700EC
:10326000FFE79DF827000AB0B0BD0000B0B58CB0F4
:103270009C4696460C4605460B908DF82B100992FD
:1032800008930B989DF82B1001F00F0101EBC10181
:1032900000EB810000F51570079009980799C86048
:1032A00008980799086107980021416107984170C3
:1032B0009DF82B0000F00F00079908700B9880799B
:1032C0000128CDF818C0CDF814E00494039504D17A
:1032D000FFE709980799C861FFE70B980168079A0B
:1032E0008079029008461146029A08F0A3FF002157
:1032F000019008460CB0B0BD80B58AB00A460346BE
:1033000008908DF81F109DF81F0000F00F0008991D
:10331000097988420592049304D9FFE701208DF8CA
:1033200027005EE09DF81F00000600280FD5FFE78C
:1033300008989DF81F1001F00F0101EBC10100EB8F
:103340008100143006900698012141700DE0089824
:103350009DF81F1001EBC10100EB810000F5157015
:103360000690069800214170FFE7069801218170C0
:103370009DF81F0000F00F0006990870FFE70898FD
:1033800090F89404012804D1FFE702208DF827006B
:1033900027E00898012180F89414FFE7FFE70898D8
:1033A0000068069908F0EAFE9DF81F100907002939
:1033B00003900CD1FFE70898016800F29C428079E5
:1033C00002900846029908F02BFE0190FFE7FFE704
:1033D0000898002180F89414FFE700208DF827005A
:1033E000FFE79DF827000AB080BD0000B0B58CB0A3
:1033F0009C4696460C4605460B908DF82B1009927C
:1034000008930B989DF82B1001F00F0101EBC101FF
:1034100000EB81001430079009980799C86008985C
:1034200007990861079800214161079801214170BF
:103430009DF82B0000F00F00079908700B98807919
:103440000128CDF818C0CDF814E00494039504D1F8
:10345000FFE709980799C861FFE70B980168079A89
:103460008079029008461146029A08F0E3FE002196
:10347000019008460CB0B0BD80B59CB001461B90D1
:103480001B9800681A901A9819901B98006811915F
:1034900009F02AFA002840F02984FFE71B98006809
:1034A00009F09CFA002802D1FFE700F01FBC199830
:1034B000D0F80808C0F30D201B99C1F8D4041B985C
:1034C000006809F08BFA10F0020F07D0FFE71B9895
:1034D0000068416901F002014161FFE71B98006843
:1034E00009F07CFA10F0100F65D0FFE71B98006818
:1034F000816921F0100181611A98006A12901B986D
:10350000129901F00F0101EBC10100EB810000F500
:1035100015701890129800F4F0100221B1EB504F82
:1035200025D1FFE7BDF8480047F6F07108421DD0ED
:10353000FFE71A981899C968129AC2F30A1209F09B
:103540005DFA129947F6F0721140DDF860E0DEF89E
:103550000C3003EB1111CEF80C1012991140189A8F
:10356000536903EB111151611090FFE71CE01298B1
:1035700000F4F0100621B1EB504F13D1FFE71A9879
:103580001B9901F29C41082209F038FA129947F67A
:10359000F0721140189AD2F814E00EEB111151613B
:1035A0000F9000E0FFE7FFE71B980068816941F09A
:1035B00010018161FFE71B98006809F00FFA10F411
:1035C000002F00F0A380FFE7002014901B980068F4
:1035D00009F0A8F91690FFE71698002800F09580EA
:1035E000FFE79DF85800C007002800F08780FFE73C
:1035F0001B9800689DF8501009F0D4F915901598A3
:10360000C00700280DD0FFE71998149900EB41106E
:103610000121C0F8081B1B98149903F0CDFF0E90F0
:10362000FFE71598000700280DD5FFE719981499B2
:1036300000EB41100821C0F8081B1B98149903F0F7
:103640006FFF0D90FFE71598C006002808D5FFE72B
:103650001998149900EB41101021C0F8081BFFE7DE
:103660001598800700282DD5FFE71A98406910F0BB
:10367000800F08D0FFE71998D0F8041841F4806152
:10368000C0F80418FFE71B98149901EBC10100EB87
:10369000810000F5157018901898C078012809D19C
:1036A000FFE718980021C1701B989DF8501000F09A
:1036B00033FBFFE71998149900EB41100221C0F881
:1036C000081BFFE715988006002808D5FFE7199822
:1036D000149900EB41102021C0F8081BFFE7159852
:1036E0008004002809D5FFE71998149900EB4110D0
:1036F0004FF40051C0F8081BFFE7FFE714980130B2
:10370000149016984008169066E7FFE71B9800682B
:1037100009F064F910F4802F00F0CA80FFE71B98CD
:10372000006809F0EBF8169000201490FFE7169857
:10373000002800F0BC80FFE79DF85800C007002873
:1037400000F0AE80FFE71B9800689DF8501009F06C
:10375000FDF815901598C007002845D0FFE714988C
:1037600000F00F00012101FA00F013901398199A4C
:10377000D2F8343823EA0000C2F834081998149AB1
:1037800000EB4210C0F808191B988079012825D158
:10379000FFE71B98149901EBC10100EB8100C1699F
:1037A000026A114401621498002816D1FFE71B98A1
:1037B000149901EBC10100EB8100406A00280CD193
:1037C000FFE71B98016800F29C4201200C9008461C
:1037D0000C9908F025FC0B90FFE7FFE71B989DF87C
:1037E0005010FFF765FBFFE715980007002808D584
:1037F000FFE71998149900EB41100821C0F8081947
:10380000FFE71598C006002808D5FFE71998149916
:1038100000EB41101021C0F80819FFE71598400689
:10382000002808D5FFE71998149900EB41104021B2
:10383000C0F80819FFE715988007002824D5FFE78E
:103840001A98149908F0E4FF1B99DDF850E00EEB8C
:10385000CE0E01EB8E01143118911899C978012907
:103860000A9009D1FFE718980021C1701B989DF8B4
:10387000501000F03DFAFFE71998149900EB411041
:103880000221C0F80819FFE715980006002806D5A0
:10389000FFE71B98149903F07DFF0990FFE7FFE70E
:1038A0001498013014901698400816903FE7FFE7EF
:1038B0001B98006809F092F810F0004F20D0FFE745
:1038C0001998D0F8041821F00101C0F804181B98C9
:1038D00090F8CC04012808D1FFE71B98002180F85C
:1038E000CC141B98FFF764FA03E01B9800F0F0FB80
:1038F000FFE71B980068416901F000414161FFE763
:103900001B98006809F06AF810F4006F12D0FFE706
:103910001998D0F8080810F0010F04D0FFE71B98A1
:1039200000F080FCFFE71B980068416901F400612A
:103930004161FFE71B98006809F050F810F4805FC0
:1039400000F08C80FFE71998D0F8041821F00101ED
:10395000C0F804181B980068102108F059FF0021D6
:1039600017910890FFE717981B990979884231D27F
:10397000FFE71998179900EB41104FF67F31C0F817
:1039800008191998179A00EB4210D0F8002922F470
:103990000012C0F800291998179A00EB4210C0F8DD
:1039A000081B1998179900EB4110D0F8001B21F45F
:1039B0000011C0F8001B1998179900EB4110D0F8BE
:1039C000001B41F00061C0F8001BFFE717980130B1
:1039D0001790C8E71998D0F81C1841F00111C0F8E9
:1039E0001C181B98C07B00280FD0FFE71998D0F84F
:1039F000841841F00B01C0F884181998D0F84418C5
:103A000041F00B01C0F844180FE01998D0F81418D1
:103A100042F22B021143C0F814181998D0F810186C
:103A200041F00B01C0F81018FFE71998D0F8001802
:103A300021F4FE61C0F800181B98016800F29C4256
:103A4000807907900846079908F0EAFA1B990968F7
:103A50004A6902F480524A610690FFE71B980068A9
:103A600008F0BCFF10F4005F2CD0FFE71B98006843
:103A700007F0B6FFDDF86CE0DEF800E00590704678
:103A800008F008FFDDF86CE08EF807001B9800686E
:103A9000049000F027FDDDF86CE09EF80720DDF8CB
:103AA00010E003907046039909F0BCF81B9902904E
:103AB000084600F0DDFA1B980068416901F40051E6
:103AC0004161FFE71B98006808F088FF10F0080FBD
:103AD0000CD0FFE71B9800F009FB1B980068D0F89A
:103AE00014E00EF0080EC0F814E0FFE71B98006821
:103AF00008F074FF10F0800F26D0FFE71A98816954
:103B000021F08001816101201490FFE714981B9936
:103B10000979884217D2FFE71B98149901EBC1017C
:103B200000EB810090F85702012807D1FFE71B98AE
:103B30009DF85010FFF708FA0190FFE7FFE714988F
:103B400001301490E2E7FFE71B98006808F046FF99
:103B500010F4801F3CD0FFE701201490FFE7149879
:103B60001B99097988422CD2FFE71998149900EB28
:103B70004110D0F8000912901B98149901EBC10173
:103B800000EB8100007E012816D1FFE71298C00FDC
:103B9000002811D0FFE71B98149901EBC10100EB3D
:103BA00081000121C1751B98149941F08001C9B2AF
:103BB000FFF7CAF90090FFE7FFE71498013014906F
:103BC000CDE71B980068416901F480114161FFE76E
:103BD0001B98006808F002FF10F4001F55D0FFE7A3
:103BE00001201490FFE714981B990979884245D267
:103BF000FFE71998149900EB4110D0F8000B1290D0
:103C00001B98149901EBC10100EB810090F8580258
:103C100001282ED1FFE71298C00F002829D0FFE716
:103C2000129800F480301B99D1F8D41401F00101EE
:103C3000B1EB104F1DD1FFE71B98149901EBC101A7
:103C400000EB8100012180F857121A98816941F038
:103C5000800181611A98406910F0800F08D1FFE758
:103C60001998D0F8041841F40071C0F8041805E060
:103C7000FFE7FFE7149801301490B4E71B98006841
:103C8000416901F400114161FFE71B98006808F0E9
:103C9000A5FE10F0804F0CD0FFE71B98FFF7FAF855
:103CA0001B980068D0F814E00EF0804EC0F814E0C5
:103CB000FFE71B98006808F091FE10F0040F14D085
:103CC000FFE71B9800684068129012984007002890
:103CD00004D5FFE71B98FFF729F9FFE712981B9916
:103CE00009684A6810434860FFE7FFE71CB080BDE1
:103CF00080B586B00A46034605908DF813100598E6
:103D0000D0F8E0049DF813100392029306F062FECF
:103D1000019006B080BD000080B586B00A4603461B
:103D200005908DF813100598D0F8E0049DF8131055
:103D30000392029306F090FE019006B080BD000051
:103D400010B592B00146109010980028059104D14A
:103D5000FFE701208DF8470027E1109800680F90D9
:103D6000109890F89504002808D1FFE710980021DA
:103D700080F89414109800F01DF9FFE710980321C3
:103D800080F895140F98B0F1A04F04D1FFE7109878
:103D900000218171FFE71098006808F035F9DDF81F
:103DA00040E0DEF800109EF810208DF83420DEF898
:103DB0000420DEF80830DEF80CE0CDF830E00B939C
:103DC0000A920A9A0B9BDDF830E0DDF834C06C46AD
:103DD000C4F800C00490084611461A46734607F01E
:103DE00017FE002808D0FFE71098022180F89514EC
:103DF00001208DF84700D8E010980068002108F0F5
:103E000061FE002808D0FFE71098022180F8951481
:103E100001208DF84700C8E000208DF83B00FFE747
:103E20009DF83B0010990979884241DAFFE7109824
:103E30009DF83B1001EBC10100EB810001214175B0
:103E40009DF83B00109900EBC00201EB8201087560
:103E50009DF83B00109900EBC00201EB8201C88580
:103E600010989DF83B1001EBC10100EB810000218F
:103E7000017610989DF83B2002EBC20200EB820015
:103E8000C16110989DF83B2002EBC20200EB82005A
:103E9000016210989DF83B2002EBC20200EB820009
:103EA0004162FFE79DF83B0001308DF83B00B7E72A
:103EB00000208DF83B00FFE79DF83B001099097941
:103EC00088423EDAFFE710989DF83B1001EBC101F4
:103ED00000EB8100002180F855129DF83B00109AFC
:103EE00000EBC00302EB830282F8540210989DF8A5
:103EF0003B2002EBC20200EB820080F858121098BF
:103F00009DF83B2002EBC20200EB8200C0F85C127D
:103F100010989DF83B2002EBC20200EB8200C0F833
:103F2000601210989DF83B2002EBC20200EB820069
:103F3000C0F86412FFE79DF83B0001308DF83B00AC
:103F4000BAE710980168027C8DF8242042688368E3
:103F5000C0680890079306920698079A089BDDF8B8
:103F600024C0EE46CEF800C003900846039907F03F
:103F7000E7FE002808D0FFE71098022180F895148A
:103F800001208DF8470010E010980021417410982E
:103F9000012280F8952410980068029107F0B8FE7D
:103FA00002998DF847100190FFE79DF8470012B085
:103FB00010BD000080B58EB001460D9000200C9021
:103FC0000B900A90099008900D980068B0F1A04FEE
:103FD00005914AD1FFE7FFE70020079043F6300044
:103FE000C4F20200016841F001010160006800F0C4
:103FF0000100079007980490FFE74FF4C050089025
:104000000220099000200A9003200B900A200C90B7
:104010000020C4F2020008A9FEF7C0F9FFE743F64A
:104020003400C4F20200016841F080010160FFE742
:104030000020069043F64400C4F20200016841F4F7
:1040400080410160006800F480400690069803906B
:10405000FFE7FFE74320002102900191019AFEF75C
:1040600079FE0298FEF76AFEFFE70EB080BD000001
:1040700080B586B00146059001208DF813000598A3
:10408000C0790028039104D1FFE700208DF81300C8
:104090000CE00598C079022804D1FFE701208DF8D3
:1040A000130002E0FCF7A8FDFFE7FFE70598D0F852
:1040B000E0049DF8131006F007FE0599D1F8E0140E
:1040C0000290084606F066FD019006B080BD000033
:1040D00080B584B0014603900398D0F8E0040291C3
:1040E00006F0BAFD019004B080BD000080B584B038
:1040F000014603900398D0F8E004029106F0C0FD59
:10410000019004B080BD000080B586B00A46034629
:1041100004908DF80F1002920193FFE7049890F835
:104120009404012804D1FFE702208DF817001AE05B
:104130000498012180F89414FFE7FFE79DF80F0031
:1041400004994874049800689DF80F1008F032FD37
:104150000090FFE70498002180F89414FFE7002006
:104160008DF81700FFE79DF8170006B080BD00002E
:1041700080B584B0014603900398D0F8E02400F2A3
:104180009C4002901046029A0191114606F0CEFD25
:10419000009004B080BD000080B586B00146049058
:1041A0000498006803900291FFE7049890F8940443
:1041B000012804D1FFE702208DF817002DE00498B4
:1041C000012180F89414FFE7FFE70398C06810F01E
:1041D000400F0BD0FFE70498407B012806D1FFE792
:1041E0000398816B41F480318163FFE70498006894
:1041F00008F0C6FADDF810E0DEF800E00190704645
:1042000007F06EFD0090FFE70498002180F89414F9
:10421000FFE700208DF81700FFE79DF8170006B0B4
:1042200080BD000080B584B0014603900398D0F8AB
:10423000E004029106F008FE03990968D1F800EE47
:104240004EF0010EC1F800EE0399C97A00290190E1
:1042500009D0FFE74EF61050CEF20000016841F0A1
:1042600006010160FFE704B080BD000080B588B0A2
:104270000A46034606900591069800280392029389
:1042800004D1FFE701208DF81F0026E1059843F6D1
:104290000041C4F20201096801F00701884212D905
:1042A000FFE7059843F60041C4F202010870086870
:1042B00000F007000599884204D0FFE701208DF83F
:1042C0001F000AE1FFE706980068800700282AD54A
:1042D000FFE7069800684007002809D5FFE743F686
:1042E0000800C4F20200016841F4E0510160FFE7F8
:1042F000069800680007002809D5FFE743F6080084
:10430000C4F20200016841F460410160FFE743F636
:104310000800C4F20200016821F0F001069A9268D8
:1043200011430160FFE706980068C007002870D0BD
:10433000FFE706984068012811D1FFE743F6000027
:10434000C4F20200006800F400300021B1EB504FCD
:1043500004D1FFE701208DF81F00BEE02CE0069895
:104360004068022805D0FFE706984068032811D16D
:10437000FFE743F60000C4F20200006800F000709E
:104380000021B1EB506F04D1FFE701208DF81F0031
:10439000A3E010E043F60000C4F20200006800F061
:1043A00002000021B1EB500F04D1FFE701208DF88E
:1043B0001F0092E0FFE7FFE743F60800C4F20200A7
:1043C000016821F00301069A526811430160FEF76B
:1043D000EFF90490FFE743F60800C4F2020000681A
:1043E00000F00C0006994968B0EB810F10D0FFE790
:1043F000FEF7DEF9DDF810E0A0EB0E0041F2893E99
:10440000704504D3FFE703208DF81F0065E0E2E765
:10441000FFE7059843F60041C4F20201096801F084
:104420000701884212D2FFE7059843F60041C4F223
:1044300002010870086800F007000599884204D05E
:10444000FFE701208DF81F0047E0FFE706980068AE
:10445000400700280CD5FFE743F60800C4F202002D
:10446000016821F4E051069AD26811430160FFE728
:1044700006980068000700280DD5FFE743F60800FE
:10448000C4F20200016821F46041069A126941EA0F
:10449000C2010160FFE700F053F843F6080EC4F2D2
:1044A000020EDEF800E0CEF3031E4FF24E01C0F61E
:1044B000000111F80E10C84040F22001C2F20001C4
:1044C000086040F2F400C2F200000068FEF7D2FB80
:1044D00000218DF81F100190FFE79DF81F0008B024
:1044E00080BD000040F22000C2F20000006870476A
:1044F00080B5FFF7F7FF43F6080EC4F2020EDEF8B0
:1045000000E0CEF3822E4FF25E01C0F6000111F8FA
:104510000E10C84080BD000080B5FFF7E3FF43F6F2
:10452000080EC4F2020EDEF800E0CEF3423E4FF277
:104530005E01C0F6000111F80E10C84080BD0000F9
:1045400080B586B00020059004900390029043F659
:104550000800C4F20200006800F00C0001460028C8
:10456000019108D0FFE7019804280AD0FFE70198DD
:1045700008280CD04FE042F20040C0F2F400029054
:104580004FE041F60030C0F2B700029049E043F638
:104590000400C4F20200016801F03F0105910068C7
:1045A00010F4800F13D0FFE743F60400C4F20200BA
:1045B0000068C0F3881041F60031C0F2B701A0FBDB
:1045C0000101059A0023FBF757FE049012E043F621
:1045D0000400C4F202000068C0F3881042F20041F7
:1045E000C0F2F401A0FB0101059A0023FBF744FE91
:1045F0000490FFE743F60400C4F20200006800F4F0
:104600004030022101EBD030039004980399B0FBB5
:10461000F1F0029005E042F20040C0F2F400029096
:10462000FFE7029806B080BD80B588B001460690CD
:1046300006980028019104D1FFE701208DF81F00A2
:104640006EE306980068C007002800F0AB80FFE723
:1046500043F60800C4F20200006800F00C000428D1
:1046600013D0FFE743F60800C4F20200006800F030
:104670000C0008281FD1FFE743F60400C4F2020033
:10468000006810F4800F16D0FFE743F60000C4F274
:104690000200006800F400300021B1EB504F09D057
:1046A000FFE706984068002804D1FFE701208DF855
:1046B0001F0035E375E0FFE706984068B0F5803FDE
:1046C00009D1FFE743F60000C4F20200016841F49B
:1046D0008031016020E006984068B0F5A02F0DD130
:1046E000FFE743F60000C4F20200016841F48021B4
:1046F0000160016841F4803101600CE043F6000084
:10470000C4F20200016821F480310160016821F4E3
:1047100080210160FFE7FFE7FFE706984068002877
:104720001FD0FFE7FEF744F80590FFE743F60000CF
:10473000C4F20200006800F400300021B1EB504FD9
:104740000ED1FFE7FEF734F8DDF814E0A0EB0E0021
:10475000652804D3FFE703208DF81F00E0E2E5E7BA
:104760001EE0FEF725F80590FFE743F60000C4F2CF
:104770000200006800F400300021B1EB504F0ED071
:10478000FFE7FEF715F8DDF814E0A0EB0E00652852
:1047900004D3FFE703208DF81F00C1E2E5E7FFE740
:1047A000FFE7FFE7069800688007002840F19B803C
:1047B000FFE743F60800C4F20200006810F00C0F97
:1047C00013D0FFE743F60800C4F20200006800F0CF
:1047D0000C0008282CD1FFE743F60400C4F20200C5
:1047E000006810F4800F23D1FFE743F60000C4F205
:1047F0000200006800F002000021B1EB500F09D068
:10480000FFE70698C068012804D0FFE701208DF873
:104810001F0085E243F60000C4F20200016821F0A7
:10482000F801069A126941EAC2010160FFE759E006
:104830000698C068002830D0FFE70020C4F2472067
:1048400001210160FDF7B4FF0590FFE743F600008A
:10485000C4F20200006800F002000021B1EB500F2A
:104860000ED1FFE7FDF7A4FFDDF814E0A0EB0E008A
:10487000032804D3FFE703208DF81F0050E2E5E78B
:1048800043F60000C4F20200016821F0F801069A24
:10489000126941EAC201016023E00020C4F247200E
:1048A00000210160FDF784FF0590FFE743F600005B
:1048B000C4F20200006800F002000021B1EB500FCA
:1048C0000ED0FFE7FDF774FFDDF814E0A0EB0E005B
:1048D000032804D3FFE703208DF81F0020E2E5E75B
:1048E000FFE7FFE7FFE7069800680007002850D5BC
:1048F000FFE706984069002825D0FFE740F6806072
:10490000C4F2472001210160FDF752FF0590FFE747
:1049100043F67400C4F20200006800F002000021B7
:10492000B1EB500F0ED1FFE7FDF742FFDDF814E0C9
:10493000A0EB0E00032804D3FFE703208DF81F002F
:10494000EEE1E5E724E040F68060C4F24720002174
:104950000160FDF72DFF0590FFE743F67400C4F2F8
:104960000200006800F002000021B1EB500F0ED0F1
:10497000FFE7FDF71DFFDDF814E0A0EB0E000328B4
:1049800004D3FFE703208DF81F00C9E1E5E7FFE747
:10499000FFE7069800684007002840F1D680FFE74F
:1049A00000208DF80F0043F64000C4F202000068BA
:1049B00010F0805F16D1FFE7FFE70020029043F67A
:1049C0004000C4F20200016841F0805101600068BB
:1049D00000F08050029002980090FFE701208DF8CF
:1049E0000F00FFE747F20000C4F20000006810F477
:1049F000807F24D1FFE747F20000C4F20000016885
:104A000041F480710160FDF7D3FE0590FFE747F2A6
:104A10000000C4F20000006810F4807F0ED1FFE7B0
:104A2000FDF7C6FEDDF814E0A0EB0E00032804D36A
:104A3000FFE703208DF81F0072E1E8E7FFE7FFE7DB
:104A400006988068012809D1FFE743F67000C4F298
:104A50000200016841F0010101601FE006988068D2
:104A600005280DD1FFE743F67000C4F2020001688B
:104A700041F004010160016841F0010101600CE0B6
:104A800043F67000C4F20200016821F001010160E8
:104A9000016821F004010160FFE7FFE7FFE70698E6
:104AA0008068002821D0FFE7FDF782FE0590FFE730
:104AB00043F67000C4F20200006800F0020000211A
:104AC000B1EB500F10D1FFE7FDF772FEDDF814E0F7
:104AD000A0EB0E0041F2893E704504D3FFE70320AE
:104AE0008DF81F001CE1E3E720E0FDF761FE059073
:104AF000FFE743F67000C4F20200006800F0020015
:104B00000021B1EB500F10D0FFE7FDF751FEDDF8AB
:104B100014E0A0EB0E0041F2893E704504D3FFE79C
:104B200003208DF81F00FBE0E3E7FFE79DF80F008F
:104B3000012809D1FFE743F64000C4F202000168F2
:104B400021F080510160FFE7FFE7069880690028A7
:104B500000F0E280FFE743F60800C4F202000068BC
:104B600000F00C00082800F08B80FFE706988069B1
:104B7000022860D1FFE76020C4F2472000210160D5
:104B8000FDF716FE0590FFE743F60000C4F20200B1
:104B9000006800F000700021B1EB506F0ED0FFE70D
:104BA000FDF706FEDDF814E0A0EB0E00032804D3A9
:104BB000FFE703208DF81F00B2E0E5E70698C16922
:104BC000026A436AD0F828C0114341EA83114FEAD0
:104BD000CC324FF6FF739A43A2F580321143C06A7C
:104BE00041EA006043F60401C4F20201086060205B
:104BF000C4F2472001210160FDF7DAFD0590FFE7CF
:104C000043F60000C4F20200006800F000700021CA
:104C1000B1EB506F0ED1FFE7FDF7CAFDDDF814E0F0
:104C2000A0EB0E00032804D3FFE703208DF81F003C
:104C300076E0E5E723E06020C4F247200021016030
:104C4000FDF7B6FD0590FFE743F60000C4F2020051
:104C5000006800F000700021B1EB506F0ED0FFE74C
:104C6000FDF7A6FDDDF814E0A0EB0E00032804D349
:104C7000FFE703208DF81F0052E0E5E7FFE74AE079
:104C800006988069012804D1FFE701208DF81F00F4
:104C900046E043F60400C4F202000068049006985F
:104CA0008069012831D0FFE7049800F4800006995C
:104CB000C969884229D1FFE7049800F03F000699AE
:104CC000096A884221D1FFE7049847F6C07108407D
:104CD0000699496AB0EB811F17D1FFE7049800F4E9
:104CE00040300699896AC9034FF6FF729143A1F5D6
:104CF0008031884209D1FFE7049800F0706006997E
:104D0000C96AB0EB016F04D0FFE701208DF81F00E6
:104D100006E0FFE7FFE7FFE700208DF81F00FFE751
:104D20009DF81F0008B080BD80B584B00146029098
:104D300002980028019104D1FFE701208DF80F00AF
:104D400072E00298406A00280CD1FFE702984068A0
:104D5000B0F5827F01D1FFE703E002980021C16135
:104D6000FFE705E002980021016102984161FFE739
:104D7000029800218162029890F85100002808D121
:104D8000FFE70298002180F85010029800F050F8D8
:104D9000FFE70298022180F851100298006801682C
:104DA00021F0400101600298016842688368D0F8F0
:104DB0000CC002F4827203F404431A430CF400633F
:104DC0001A43036903F002031A43436903F0010322
:104DD0001A43836903F400731A43C36903F0380369
:104DE0001A43036A03F080031A43806A00F40050F8
:104DF000104308600298418B01F004010268406A88
:104E000000F010000843506002980068C16921F466
:104E10000061C1610298002141650298012280F879
:104E200051208DF80F10FFE79DF80F0004B080BDF2
:104E300080B592B001461190002010900F900E9016
:104E40000D900C901198006843F20002C4F2010228
:104E50009042089140F0C380FFE7FFE700200B90ED
:104E600043F64400C4F20200016841F4805101603D
:104E7000006800F480500B900B980790FFE7FFE765
:104E800000200A9043F63000C4F20200016841F0AD
:104E900002010160006800F002000A900A98069082
:104EA000FFE7FFE70020099043F63000C4F202005C
:104EB000016841F001010160006800F00100099003
:104EC00009980590FFE718200C9002200D90012111
:104ED0000E9103220F920523109340F2004CC4F26E
:104EE000020C0DF1300E0490604603917146CDF82E
:104EF00008E001930092FDF751FA80200C9004988D
:104F00000D9003990E91009A0F92019B109300202F
:104F1000C4F202000299FDF741FA42F26460C2F263
:104F2000000046F24041C4F2020101604FF0C0614E
:104F3000416000218160C1604FF480620261416183
:104F40008161C1614FF44032026204224262009AE0
:104F50008262C1620163FDF7A3F8002803D0FFE776
:104F6000FBF74AFEFFE7FFE7119842F26461C2F2E5
:104F70000001C16411988863FFE742F2C460C2F285
:104F8000000046F25841C4F2020101604FF0C061D6
:104F90004160402181600021C1604FF48062026164
:104FA00041618161C1614FF40032026204224262B8
:104FB00003228262C1620163FDF772F8002803D008
:104FC000FFE7FBF719FEFFE7FFE7119842F2C46124
:104FD000C2F20001816411988863FFE7FFE712B015
:104FE00080BD000080B582B001460190019800911B
:104FF00002F092FC02B080BD82B0014601900091A7
:1050000002B0704782B001460190009102B0704733
:1050100086B00A4603460490039100200290019254
:105020000093FFE7049890F83C00012804D1FFE7C3
:1050300002208DF8170044E00498012180F83C100C
:10504000FFE7FFE7029820F0FF000399C9680843D3
:105050000290029820F440700399896808430290F6
:10506000029820F4806003994968084302900298EE
:1050700020F400600399096808430290029820F424
:1050800080500399096908430290029820F4005067
:105090000399496908430290029820F480400399DB
:1050A000C969084302900298049909684864FFE7B7
:1050B0000498002180F83C10FFE700208DF81700CD
:1050C000FFE79DF8170006B07047000087B00A465A
:1050D00003460590049101920093FFE7059890F82C
:1050E0003C00012804D1FFE702208DF81B007EE080
:1050F0000598012180F83C10FFE7FFE705980221A1
:1051000080F83D1005980068406803900598006895
:1051100080680290039820F0700003900498006863
:105120000399084303900398059909684860059816
:1051300000680021C4F2010188423CD0FFE70598D5
:105140000068B0F1804F36D0FFE70598006840F264
:105150000041C4F2000188422DD0FFE705980068A5
:1051600040F60001C4F20001884224D0FFE7059810
:10517000006840F60041C4F2000188421BD0FFE7FE
:105180000598006840F20041C4F20101884212D043
:10519000FFE70598006844F20001C4F2010188426B
:1051A00009D0FFE70598006841F60001C4F200014C
:1051B00088420ED1FFE7029820F080000290049808
:1051C000406802990843029002980599096888602E
:1051D000FFE70598012180F83D10FFE705980021C1
:1051E00080F83C10FFE700208DF81B00FFE79DF8DA
:1051F0001B0007B07047000080B584B001460290E4
:1052000002980028019104D1FFE701208DF80F00DA
:1052100043E0029890F83D00002808D1FFE702988B
:10522000002180F83C10029800F03CF8FFE702985B
:10523000022180F83D10029850F8041B00900846A7
:10524000009902F017FC0298012180F84610FFE750
:105250000298012180F83E10029880F83F100298D1
:1052600080F84010029880F84110FFE7FFE70298AD
:10527000012180F84210029880F84310029880F8CB
:105280004410029880F84510FFE70298012180F849
:105290003D1000208DF80F00FFE79DF80F0004B0CF
:1052A00080BD000080B58EB001460D900D9800685D
:1052B0000022C4F201029042079113D1FFE7FFE7F9
:1052C00000200C9043F64400C4F20200016841F053
:1052D00001010160006800F001000C900C9806903C
:1052E000FFE785E00D98006840F20041C4F200013C
:1052F000884213D1FFE7FFE700200B9043F6400000
:10530000C4F20200016841F002010160006800F08F
:1053100002000B900B980590FFE768E00D9800687D
:1053200040F60001C4F2000188421CD1FFE7FFE70C
:1053300000200A9043F64000C4F20200016841F0E8
:1053400004010160006800F004000A900A980490CB
:10535000FFE71E20012100220390FDF7FBFC0398CC
:10536000FDF7ECFC42E00D98006840F60041C4F205
:10537000000188421CD1FFE7FFE70020099043F6B7
:105380004000C4F20200016841F0080101600068B9
:1053900000F00800099009980290FFE732200121EF
:1053A00000220190FDF7D6FC0198FDF7C7FC1CE038
:1053B0000D98006844F20041C4F20101884213D103
:1053C000FFE7FFE70020089043F64400C4F2020024
:1053D000016841F400310160006800F40030089079
:1053E00008980090FFE7FFE7FFE7FFE7FFE7FFE729
:1053F0000EB080BD84B001460290029890F83D0046
:105400000128009104D0FFE701208DF80F006AE029
:105410000298022180F83D1002980068C16841F0AE
:105420000101C160029800680021C4F201018842B4
:105430003CD0FFE702980068B0F1804F36D0FFE71C
:105440000298006840F20041C4F2000188422DD069
:10545000FFE70298006840F60001C4F200018842AC
:1054600024D0FFE70298006840F60041C4F2000132
:1054700088421BD0FFE70298006840F20041C4F266
:105480000101884212D0FFE70298006844F200014F
:10549000C4F20101884209D0FFE70298006841F692
:1054A0000001C4F20001884212D1FFE702980068AF
:1054B000806800F0070001900198062807D0FFE7F8
:1054C00002980068016841F001010160FFE706E011
:1054D00002980068016841F001010160FFE70020C7
:1054E0008DF80F00FFE79DF80F0004B07047000033
:1054F00080B58EB00A4603460C900B9100208DF8C3
:105500002B0008920793FFE70C9890F83C000128C5
:1055100004D1FFE702208DF83700BBE00C98012191
:1055200080F83C10FFE7FFE70C98022180F83D105F
:105530000C98006880680990099820F0770009901D
:10554000099820F47F40099009980C9909688860AF
:105550000B9800680028069000F08280FFE706980C
:1055600010287DD0FFE70698202879D0FFE706981D
:10557000302875D0FFE70698402861D0FFE70698ED
:1055800050283DD0FFE70698602849D0FFE70698ED
:1055900070280BD0FFE70698B0F5805F05D0FFE7D5
:1055A0000698B0F5005F19D061E064E00C980068DF
:1055B0000B994A688B68C96805911946059B02F0EA
:1055C00041FB0C98006880680990099840F07700CA
:1055D000099009980C99096888604CE00C9800685B
:1055E0000B994A688B68C96804911946049B02F0BC
:1055F00029FB0C980068816841F4804181603AE0A1
:105600000C9800680B994A68C96803911146039A7F
:1056100002F032FE0C980068502102F039FB2AE0BB
:105620000C9800680B994A68C96802911146029A61
:1056300002F054FE0C980068602102F029FB1AE089
:105640000C9800680B994A68C96801911146019A43
:1056500002F012FE0C980068402102F019FB0AE0EB
:105660000C9800680B99096802F012FB03E0012016
:105670008DF82B00FFE70C98012180F83D10FFE723
:105680000C98002180F83C10FFE79DF82B008DF866
:105690003700FFE79DF837000EB080BD82B00146AD
:1056A0000190009102B0704780B584B0014603902C
:1056B00003980068C0680290039800680069019030
:1056C000019880070028009124D5FFE70298800701
:1056D00000281ED5FFE7039800686FF00201016102
:1056E00003980121017703980068806910F0030F87
:1056F00004D0FFE70398FFF7D1FF06E0039800F01E
:105700003DF9039800F04CFAFFE703980021017778
:10571000FFE7FFE701984007002824D5FFE702983C
:10572000400700281ED5FFE7039800686FF00401CA
:10573000016103980221017703980068806910F4E1
:10574000407F04D0FFE70398FFF7A8FF06E0039827
:1057500000F014F9039800F023FAFFE70398002102
:105760000177FFE7FFE701980007002824D5FFE74E
:105770000298000700281ED5FFE7039800686FF025
:105780000801016103980421017703980068C0694A
:1057900010F0030F04D0FFE70398FFF77FFF06E048
:1057A000039800F0EBF8039800F0FAF9FFE703988C
:1057B00000210177FFE7FFE70198C006002824D504
:1057C000FFE70298C00600281ED5FFE7039800688F
:1057D0006FF01001016103980821017703980068B8
:1057E000C06910F4407F04D0FFE70398FFF756FF2D
:1057F00006E0039800F0C2F8039800F0D1F9FFE743
:10580000039800210177FFE7FFE70198C007002810
:105810000FD0FFE70298C007002809D0FFE70398E0
:1058200000686FF001010161039800F0BFF9FFE724
:10583000FFE70198000600280FD5FFE70298000651
:10584000002809D5FFE7039800686FF08001016127
:105850000398FFF7D1FBFFE7FFE701984006002818
:105860000FD5FFE702984006002809D5FFE7039807
:1058700000686FF040010161039800F087FAFFE7CC
:10588000FFE70198800600280FD5FFE70298800601
:10589000002809D5FFE7039800686FF02001016137
:1058A0000398FFF7AFFBFFE7FFE704B080BD000000
:1058B00080B58CB001460B9000200A9009900890AA
:1058C000079006900B9800680022C4F201029042F3
:1058D000039124D1FFE7FFE70020059043F6300055
:1058E000C4F20200016841F010010160006800F09C
:1058F0001000059005980290FFE74FF400500690C5
:105900000220079000200890099001200A9041F29F
:105910000000C4F2020006A9FCF740FD2CE00B9841
:10592000006844F20041C4F20101884223D1FFE73C
:10593000FFE70020049043F63000C4F20200016843
:1059400041F020010160006800F0200004900498FC
:105950000190FFE740200690022007900021089167
:10596000099003200A9041F20040C4F2020006A907
:10597000FCF714FDFFE7FFE70CB080BD82B00146E5
:105980000190009102B0704780B58AB013468C46F2
:10599000864608900791069200208DF81700049320
:1059A000CDF80CC0CDF808E0FFE7089890F83C006F
:1059B000012804D1FFE702208DF827008FE0089826
:1059C000012180F83C10FFE7FFE706980C280190C2
:1059D00000F276800199DFE801F007737373227398
:1059E00073733D737373580008980068079902F049
:1059F00077FA08980068816941F008018161089888
:105A00000068816921F004018161079800690899A3
:105A10000968D1F818E040EA0E00886154E008985F
:105A20000068079902F0D6FA08980068816941F485
:105A30000061816108980068816921F48061816159
:105A40000798006908990968D1F818E04EEA002023
:105A5000886139E008980068079902F039FB0898D6
:105A60000068C16941F00801C16108980068C16916
:105A700021F00401C1610798006908990968D1F80B
:105A80001CE040EA0E00C8611EE008980068079913
:105A900002F09CFB08980068C16941F40061C16193
:105AA00008980068C16921F48061C16107980069A4
:105AB00008990968D1F81CE04EEA0020C86103E0AB
:105AC00001208DF81700FFE7FFE70898002180F814
:105AD0003C10FFE79DF817008DF82700FFE79DF8C1
:105AE00027000AB080BD000080B584B00146029056
:105AF00002980028019104D1FFE701208DF80F00E2
:105B000043E0029890F83D00002808D1FFE7029892
:105B1000002180F83C10029800F03CF8FFE7029862
:105B2000022180F83D10029850F8041B00900846AE
:105B3000009901F09FFF0298012180F84610FFE7CD
:105B40000298012180F83E10029880F83F100298D8
:105B500080F84010029880F84110FFE7FFE70298B4
:105B6000012180F84210029880F84310029880F8D2
:105B70004410029880F84510FFE70298012180F850
:105B80003D1000208DF80F00FFE79DF80F0004B0D6
:105B900080BD000082B001460190009102B07047C4
:105BA00082B001460190009102B0704780B582B08A
:105BB00001460190019800680022C4F2010290425F
:105BC000009107D1FFE740F2A820C2F20000406830
:105BD0008047D9E001980068B0F1804F07D1FFE716
:105BE00040F2B020C2F2000040688047CBE001984C
:105BF000006840F20041C4F20001884207D1FFE78B
:105C000040F2B820C2F2000040688047BAE0019834
:105C1000006840F60001C4F20001884207D1FFE7A6
:105C200040F2C020C2F2000040688047A9E001981D
:105C3000006840F60041C4F20001884207D1FFE746
:105C400040F2C820C2F200004068804798E0019806
:105C5000006841F20001C4F20001884207D1FFE769
:105C600040F2D020C2F200004068804787E00198EF
:105C7000006841F20041C4F20001884207D1FFE709
:105C800040F2D820C2F200004068804776E00198D8
:105C9000006840F20041C4F20101884207D1FFE7E9
:105CA00040F2E020C2F200004068804765E00198C1
:105CB000006844F20001C4F20101884207D1FFE705
:105CC00040F2E820C2F200004068804754E00198AA
:105CD000006844F20041C4F20101884207D1FFE7A5
:105CE00040F28020C2F200004068804743E0019803
:105CF000006844F60001C4F20101884207D1FFE7C1
:105D000040F28820C2F200004068804732E00198EB
:105D1000006841F60001C4F20001884207D1FFE7A4
:105D200040F29020C2F200004068804721E00198D4
:105D3000006841F60041C4F20001884207D1FFE744
:105D400040F29820C2F200004068804710E00198BD
:105D5000006842F20001C4F20001884207D1FFE767
:105D600040F2A020C2F2000040688047FFE7FFE752
:105D7000FFE7FFE7FFE7FFE7FFE7FFE7FFE7FFE7F3
:105D8000FFE7FFE7FFE7FFE702B080BD82B0014613
:105D90000190009102B0704780B58AB013468C46DE
:105DA000864608900791ADF81A20089890F84200AE
:105DB00020280393CDF808C0CDF804E04BD1FFE7CD
:105DC0000798002805D0FFE7BDF81A00002804D185
:105DD000FFE701208DF8270041E0089801210163C9
:105DE00008980021416308980799BDF81A2002F02D
:105DF00043FF8DF819000898006B012822D1FFE7B6
:105E0000FFE7002005900898006800680590089852
:105E100000684068059005980090FFE7FFE7FFE7FE
:105E20000898006850E8030F40F010000490FFE766
:105E300004980899096841E80302002AF0D1FFE7B5
:105E4000FFE703E001208DF81900FFE79DF8190036
:105E50008DF8270003E002208DF82700FFE79DF86A
:105E600027000AB080BD000080B59CB00A460346FA
:105E70001B90ADF86A101B98006841F20001C4F253
:105E800001018842199218931ED1FFE7BDF86A00FC
:105E900040F2F021C2F20001A1F80801D1F80C0192
:105EA000BDF86A2001F18403179018461691114637
:105EB000179A159390471B981699B1F804211599D4
:105EC000FFF76AFF1490CCE01B98006844F2004191
:105ED000C4F2000188421ED1FFE7BDF86A0040F21B
:105EE0000041C2F20001A1F80801D1F80C01BDF88F
:105EF0006A2001F184031390184612911146139AF7
:105F0000119390471B981299B1F804211199FFF74A
:105F100043FF1090A4E01B98006844F60001C4F20F
:105F20000001884223D1FFE7BDF86A0040F210511A
:105F3000C2F20001A1F80801D1F80C01BDF86A20F5
:105F400001F184030F9018460E9111460F9A0D939C
:105F50009047BDF86A100D98FAF74AFA1B980E9907
:105F6000B1F804210D99FFF717FF0C9077E01B980B
:105F7000006844F60041C4F2000188421ED1FFE7E8
:105F8000BDF86A0040F22061C2F20001A1F80801E8
:105F9000D1F80C01BDF86A2001F184030B9018467A
:105FA0000A9111460B9A099390471B980A99B1F8E8
:105FB00004210999FFF7F0FE08904FE01B98006854
:105FC00045F20001C4F2000188421ED1FFE7BDF88E
:105FD0006A0040F23071C2F20001A1F80801D1F864
:105FE0000C01BDF86A2001F1840307901846069160
:105FF0001146079A059390471B980699B1F804211A
:106000000599FFF7C9FE049027E01B98006841F24C
:106010000041C4F2010188421ED1FFE7BDF86A00C9
:1060200040F64001C2F20001A1F80801D1F80C01CC
:10603000BDF86A2001F184030390184602911146CD
:10604000039A019390471B980299B1F80421019992
:10605000FFF7A2FE0090FFE7FFE7FFE7FFE7FFE79C
:10606000FFE71CB080BD000082B0014601900091A6
:1060700002B0704780B598B0014617901798006835
:106080000068169017980068C06815901798006807
:1060900040691490002013901290169800F00F00A1
:1060A000139013980028069112D1FFE79DF858002D
:1060B000800600280BD5FFE79DF8540080060028D5
:1060C00005D5FFE7179802F051FC059011E2FFE7B4
:1060D0001398002800F0CD80FFE79DF85000C0071E
:1060E000002807D1FFE7BDF8540010F4907F00F0BE
:1060F000C080FFE79DF85800C00700280CD0FFE7DC
:106100009DF85500C007002806D0FFE71798416C9E
:1061100041F001014164FFE79DF858004007002865
:106120000CD5FFE79DF85000C007002806D0FFE718
:106130001798416C41F002014164FFE79DF8580057
:10614000800700280CD5FFE79DF85000C007002805
:1061500006D0FFE71798416C41F004014164FFE766
:106160009DF858000007002812D5FFE79DF854005D
:106170008006002806D4FFE79DF85000C0070028DD
:1061800006D0FFE71798416C41F008014164FFE732
:106190001798406C00286BD0FFE79DF858008006E8
:1061A00000280BD5FFE79DF854008006002805D590
:1061B000FFE7179802F0DAFB0490FFE717980068F2
:1061C0004069C0F3801012901798406C10F0080FCF
:1061D00004D1FFE71298002840D0FFE7179802F09B
:1061E00055FA17980068406910F0400F31D0FFE76A
:1061F000FFE7FFE71798006850E8050F20F0400020
:106200001190FFE711981799096841E80502002AE3
:10621000F0D1FFE7FFE71798C06B002814D0FFE725
:106220001798C06B48F21D41C0F600010165179830
:10623000C06BFBF765FD002805D0FFE71798C06B22
:10624000016D8847FFE703E01798FFF70DFFFFE7B1
:1062500003E01798FFF708FFFFE708E01798FFF73C
:1062600003FF17984FF0000EC0F844E0FFE7FFE788
:106270003FE11798006B012840F01981FFE79DF876
:106280005800C006002840F11281FFE79DF8540035
:10629000C006002840F10B81FFE7FFE700201090C7
:1062A0001798006800681090179800684068109070
:1062B00010980390FFE717980068406910F0400FAE
:1062C00000F09B80FFE71798C06B00684068ADF84E
:1062D0003E00BDF83E00002876D0FFE7BDF83E0046
:1062E0001799898D88426FDAFFE7BDF83E0017994C
:1062F000C8851798C06BC069B0F5807F59D0FFE79B
:10630000FFE7FFE71798006850E8030F20F480705C
:106310000E90FFE70E981799096841E80302002ADA
:10632000F0D1FFE7FFE7FFE7FFE71798006850E8C5
:10633000050F20F001000D90FFE70D9817990968EF
:1063400041E80502002AF0D1FFE7FFE7FFE7FFE79A
:106350001798006850E8050F20F040000C90FFE708
:106360000C981799096841E80502002AF0D1FFE767
:10637000FFE71798202180F8421017980021016349
:10638000FFE7FFE71798006850E8030F20F01000C0
:106390000B90FFE70B981799096841E80302002A60
:1063A000F0D1FFE7FFE71798C06BFBF72BFC0290DB
:1063B000FFE71798022141631798818DC28D891AD2
:1063C00089B2FFF751FD17E0BDF83E001799898D9E
:1063D000884210D1FFE71798C06BC069B0F5807F85
:1063E00008D1FFE71798022141631798818DFFF7C5
:1063F0003BFDFFE7FFE7FFE77BE01798818DC08D4E
:10640000081AADF82A001798C08D00284ED0FFE773
:10641000BDF82A00002849D0FFE7FFE7FFE71798FB
:10642000006850E8030F20F490700990FFE7099886
:106430001799096841E80302002AF0D1FFE7FFE756
:10644000FFE7FFE71798006850E8050F20F001000C
:106450000890FFE708981799096841E80502002AA3
:10646000F0D1FFE7FFE71798202180F84210179836
:1064700000210163FFE7FFE71798006850E8030F6A
:1064800020F010000790FFE707981799096841E886
:106490000302002AF0D1FFE7FFE7179802214163CA
:1064A0001798BDF82A10FFF7DFFCFFE721E09DF801
:1064B0005800000600280BD5FFE79DF854000006A1
:1064C000002805D5FFE7179802F07AFC019010E04C
:1064D0009DF85800400600280BD5FFE79DF85400B2
:1064E0004006002805D5FFE7179802F01BF9009039
:1064F000FFE718B080BD000080B584B0014602906F
:1065000002980028019104D1FFE701208DF80F00C7
:1065100043E002988069002801D0FFE700E0FFE730
:10652000029890F84100002808D1FFE70298002166
:1065300080F84010029800F035F8FFE70298242117
:1065400080F8411002980068C16821F40051C160D0
:10655000029802F0DDFA02980068016921F4904186
:10656000016102980068416921F02A0141610298A5
:106570000068C16841F40051C16002980021416483
:1065800002984FF0200E80F841E0029880F842E037
:10659000029841638DF80F10FFE79DF80F0004B0DB
:1065A00080BD000080B5A0B001461F9000201E9065
:1065B0001D901C901B901A901F98006841F20002D9
:1065C000C4F201029042129140F0C880FFE7FFE759
:1065D0000020199043F64400C4F20200016841F023
:1065E00010010160006800F01000199019981190D6
:1065F000FFE7FFE70020189043F63000C4F20200E6
:10660000016841F002010160006800F0020018908A
:1066100018981090FFE7FFE70020179043F630002E
:10662000C4F20200016841F001010160006800F05D
:106630000100179017980F90FFE780201A90022012
:106640001B9000211C9103221D9207231E9340F2F0
:10665000004CC4F2020C0DF1680E0E9060460D91D4
:106660007146CDF830E00B930A92FBF797FE4FF49A
:1066700000701A900E981B900D991C910A9A1D9209
:106680000B9B1E930020C4F202000C99FBF786FEC0
:1066900042F22470C2F2000046F28841C4F20201C4
:1066A00001604FF0006141600D998160C1604FF45D
:1066B0008062026141618161C1614FF440320262D6
:1066C000042242620A9A8262C1620163FBF7E8FC1B
:1066D000002803D0FFE7FAF78FFAFFE7FFE71F98DC
:1066E00042F22471C2F20001C1631F988863FFE780
:1066F00042F28470C2F2000046F2B841C4F20201D4
:1067000001604FF000614160402181600021C16063
:106710004FF48062026141618161C1614FF4803256
:1067200002624162FBF7BCFC002803D0FFE7FAF7E6
:1067300063FAFFE7FFE71F9842F28471C2F200019B
:1067400081631F988863FFE72520052100220990B7
:10675000FCF700FB0998FCF7F1FA24E11F980068A8
:1067600044F60001C4F2000188426ED1FFE7FFE762
:106770000020169043F64000C4F20200016841F484
:1067800080210160006800F480201690169808901F
:10679000FFE7FFE70020159043F63000C4F2020047
:1067A000016841F004010160006800F004001590E8
:1067B00015980790FFE74FF440601A9002201B9055
:1067C00000201C9003211D9107211E9140F600011D
:1067D000C4F202011AAA069008461146FBF7DEFD34
:1067E00042F2E470C2F2000046F22801C4F2020153
:1067F00001604FF00061416006998160C1604FF413
:106800008062026141618161C1614FF44032026284
:106810004162FBF745FC002803D0FFE7FAF7ECF9EB
:10682000FFE7FFE71F9842F2E471C2F20001C16383
:106830001F988863FFE72720052100220590FCF7B9
:1068400089FA0598FCF77AFAACE01F98006841F2E3
:106850000041C4F20101884240F0A380FFE7FFE756
:106860000020149043F64400C4F20200016841F095
:1068700020010160006800F020001490149804903A
:10688000FFE7FFE70020139043F63000C4F2020058
:10689000016841F040010160006800F04000139081
:1068A00013980390FFE74FF484401A9002201B9046
:1068B00000201C9003211D9108221E9241F6000227
:1068C000C4F202021AAB0290104601911946FBF77E
:1068D00065FD42F64400C2F2000046F22841C4F2CF
:1068E000020101604FF02061416002998160C16046
:1068F0004FF480620261416181614FF48072C26134
:106900004FF40032026204224262019A8262C16242
:106910000163FBF7C5FB002803D0FFE7FAF76CF92A
:10692000FFE7FFE71F9842F64401C2F20001C1638E
:106930001F988863FFE742F6A400C2F2000046F207
:10694000A041C4F2020101604FF02061416040218A
:1069500081600021C1604FF4806202614161816108
:10696000C1614FF4803202624162FBF799FB00285B
:1069700003D0FFE7FAF740F9FFE7FFE71F9842F679
:10698000A401C2F2000181631F988863FFE74720DA
:10699000052100220090FCF7DDF90098FCF7CEF904
:1069A000FFE7FFE7FFE720B080BD000082B00146AF
:1069B0000190009102B0704782B0014601900091B1
:1069C00002B0704780B58AB013468C468646089060
:1069D0000791ADF81A20089890F8410020280393F9
:1069E000CDF808C0CDF804E070D1FFE70798002883
:1069F00005D0FFE7BDF81A00002804D1FFE7012009
:106A00008DF8270066E0079808990862BDF81A001B
:106A100008998884BDF81A000899C884089800214C
:106A200041640898212280F841200898806B48F240
:106A3000F152C0F60002C2630898806B48F271629E
:106A4000C0F6000202640898806B48F23D42C0F62E
:106A50000002C2640898806B016507A80590089839
:106A60000168806B059A12680431BDF81A300091F4
:106A70001146009AFBF7D6FB00280BD0FFE70898D9
:106A8000102141640898202180F8411001208DF8E0
:106A900027001FE0089800686FF040010160FFE7E1
:106AA000FFE70898006850E8050F40F08000049068
:106AB000FFE704980899096841E80502002AF0D127
:106AC000FFE7FFE700208DF8270003E002208DF8A4
:106AD0002700FFE79DF827000AB080BD82B001467D
:106AE0000190009102B0704782B001460190009180
:106AF00002B07047FFE7FEE780B586B013468C46CC
:106B00008646059004918DF80F2000208DF80E0028
:106B10000293CDF804C0CDF800E0FFE79DF80E0029
:106B20009DF80F1088422ADAFFE70598000F092820
:106B30000AD8FFE70598302141EA107004999DF8C2
:106B40000E2001F8120009E00598372101EB1070C2
:106B500004999DF80E2001F81200FFE70598000146
:106B6000059004989DF80E1000EB41000021417043
:106B7000FFE79DF80E0001308DF80E00CEE706B05D
:106B800080BD000080B542F25450C2F2000046F2CF
:106B90000041C4F2000101600321416000218160D5
:106BA000C1604FF4C02202614FF4A002426101763D
:106BB000012242768276C17601774177FAF73AFD73
:106BC000002803D0FFE7FAF717F8FFE780BD0000C1
:106BD00080B542F27C50C2F2000046F60001C4F2D9
:106BE000000101600321416000218160C1604FF418
:106BF000802202614FF4E002426101760122427676
:106C00008276C17601774177FAF714FD002803D028
:106C1000FFE7F9F7F1FFFFE780BD000080B590B016
:106C2000FFE700200F9043F63000C4F20200016835
:106C300041F400110160006800F400100F900F98FB
:106C40000D90FFE7FFE700200E9043F63000C4F2FE
:106C50000200016841F480010160006800F48000D6
:106C60000E900E980C90FFE70C20052100220B904F
:106C70000A910992FCF76EF80B98FCF75FF80D206B
:106C800008900999099AFCF765F80898FCF756F8F6
:106C90000F2007900999099AFCF75CF80798FCF710
:106CA0004DF8392006900A99099AFCF753F806988E
:106CB000FCF744F83A2005900A99099AFCF74AF83B
:106CC0000598FCF73BF83B2004900999099AFCF7DA
:106CD00041F80498FCF732F8442003900999099A86
:106CE000FCF738F80398FCF729F845200290099939
:106CF000099AFCF72FF80298FCF720F8462001903B
:106D00000999099AFCF726F80198FCF717F810B0D2
:106D100080BD000080B5A4B0002023902290219077
:106D200020901F90FFE700201E9043F63000C4F231
:106D30000200016841F002010160006800F00200F9
:106D40001E901E981690FFE7FFE700201D9043F667
:106D50003000C4F20200016841F0400101600068A7
:106D600000F040001D901D981590FFE7FFE7002000
:106D70001C9043F63000C4F20200016841F00101AA
:106D80000160006800F001001C901C981490FFE75F
:106D9000FFE700201B9043F63000C4F202000168B8
:106DA00041F008010160006800F008001B901B988A
:106DB0001390FFE7FFE700201A9043F63000C4F27B
:106DC0000200016841F004010160006800F0040065
:106DD0001A901A981290FFE7FFE70020199043F6E7
:106DE0003000C4F20200016841F0800101600068D7
:106DF00000F08000199019981190FFE7FFE700203C
:106E0000189043F63000C4F20200016841F02001FE
:106E10000160006800F02000189018981090FFE7BB
:106E2000FFE70020179043F63000C4F2020001682B
:106E300041F010010160006800F0100017901798F1
:106E40000F90FFE741F60000C4F20200402101224A
:106E50000E900D910C92FBF789FC0020C4F2020009
:106E600010210B900A910C9AFBF780FC40F2004035
:106E7000C4F2020009900C990C9AFBF777FC0D986C
:106E80001F900C992091219122911FAA0E981146D2
:106E90000892FBF783FA09201F904FF40411209108
:106EA0000C9A2192DDF838E007907046089B069115
:106EB0001946FBF773FA0A981F900C9920912191BB
:106EC000022222920B9808990592FBF767FA30206C
:106ED0001F90069820900C99219140F60000C4F272
:106EE00002000899FBF75AFA0C981F902090219005
:106EF0000599229109980899FBF750FA062000217C
:106F00000490059A03911146039AFBF723FF049816
:106F1000FBF714FF07980C99039AFBF71BFF0798E0
:106F2000FBF70CFF0A2002900C99039AFBF712FF63
:106F30000298FBF703FF172001900C99039AFBF7C7
:106F400009FF0198FBF7FAFE24B080BD80B542F638
:106F50000410C2F2000045F60041C4F200010160D5
:106F600041F68021C0F20601416000218160C160CC
:106F70004FF48042026141618161C1610162FBF7AE
:106F80001DFC002803D0FFE7F9F736FEFFE780BDC0
:106F900080B542F63C60C2F2000043F20001C4F248
:106FA000010101604FF48271416000218160C16084
:106FB00002220261012242614FF400728261382292
:106FC000C2610162416281620A21C162FDF7ACFEC9
:106FD000002803D0FFE7F9F70FFEFFE780BD0000B0
:106FE00080B588B00020079006900590049003902B
:106FF0000290019042F6DC61C2F2000144F20042CC
:10700000C4F201020A604860886041F28732CA60B7
:10701000086188610846FEF7EFF8002803D0FFE713
:10702000F9F7EAFDFFE742F6DC60C2F20000FEF786
:107030005BFD002803D0FFE7F9F7DEFDFFE76020E6
:107040000190002002900390059042F6DC61C2F2AC
:10705000000101AA009008461146009AFEF794FC30
:10706000002803D0FFE7F9F7C7FDFFE742F6DC6031
:10707000C2F20000FEF71CFC08B080BD80B596B0DF
:1070800000201590149013901290119010900F9072
:107090000E900D900C900B900A900990089007901C
:1070A00006900590049003900290019042F694613E
:1070B000C2F200010022C4F201020A60A7224A6063
:1070C000886041F28732CA60086148618861084679
:1070D000FEF792F8002803D0FFE7F9F78DFDFFE7F0
:1070E0004FF48050129042F69460C2F2000012A950
:1070F000FEF7FEF9002803D0FFE7F9F77DFDFFE773
:1071000042F69460C2F20000FEF7EEFC002803D0C5
:10711000FFE7F9F771FDFFE700201090119042F6AC
:107120009460C2F2000010A9FDF7D0FF002803D040
:10713000FFE7F9F761FDFFE76020099000200A9062
:107140000B900C900D900E900F9042F69460C2F24E
:10715000000009A90822FEF717FC002803D0FFE76A
:10716000F9F74AFDFFE70020019002900390049098
:1071700005904FF400510691089042F69460C2F2D7
:10718000000001A9FDF744FF002803D0FFE7F9F74D
:1071900033FDFFE742F69460C2F20000FEF788FB81
:1071A00016B080BD80B586B0002005900490039095
:1071B00002900190009042F62471C2F2000140F268
:1071C0000042C4F200020A6053224A60886040F222
:1071D000E732CA60086188610846FEF70DF80028AA
:1071E00003D0FFE7F9F708FDFFE74FF48050029066
:1071F00042F62470C2F2000002A9FEF779F90028D5
:1072000003D0FFE7F9F7F8FCFFE7002000900190BA
:1072100042F62470C2F200006946FDF757FF0028CD
:1072200003D0FFE7F9F7E8FCFFE706B080BD0000F8
:1072300080B586B0002005900490039002900190E4
:10724000009042F66C71C2F2000140F60002C4F2F6
:1072500000020A6053224A60886040F2E732CA6046
:10726000086188610846FDF7C7FF002803D0FFE7E3
:10727000F9F7C2FCFFE74FF48050029042F66C70C1
:10728000C2F2000002A9FEF733F9002803D0FFE79D
:10729000F9F7B2FCFFE700200090019042F66C7015
:1072A000C2F200006946FDF711FF002803D0FFE796
:1072B000F9F7A2FCFFE706B080BD000080B586B0FC
:1072C000002005900490039002900190009042F6F7
:1072D000B471C2F2000140F60042C4F200020A603A
:1072E00053224A60886040F2E732CA6008618861D0
:1072F0000846FDF781FF002803D0FFE7F9F77CFC83
:10730000FFE74FF48050029042F6B470C2F20000E2
:1073100002A9FEF7EDF8002803D0FFE7F9F76CFCAF
:10732000FFE700200090019042F6B470C2F2000026
:107330006946FDF7CBFE002803D0FFE7F9F75CFCB8
:10734000FFE706B080BD000080B542F6FC70C2F2D7
:10735000000041F20001C4F2010101604FF4E1318B
:10736000416000218160C16001610C224261816144
:10737000C161FFF7C1F8002803D0FFE7F9F73CFC33
:10738000FFE780BD80B543F24400C2F2000044F63E
:107390000001C4F20001016048F2A061C0F20101E5
:1073A00041604FF4805181600021C1604FF48062E0
:1073B00002610C2242618161C161FFF79DF80028E2
:1073C00003D0FFE7F9F718FCFFE780BD80B543F273
:1073D0008C00C2F2000041F20041C4F201010160E0
:1073E0004FF4E131416000218160C16001610C22F4
:1073F00042618161C161FFF77FF8002803D0FFE798
:10740000F9F7FAFBFFE780BD80B542F27820C2F2BF
:10741000000040F20401C2F20001002202F0B6FFB7
:10742000002803D0FFE7F9F7E7FBFFE742F27820F7
:10743000C2F2000040F22401C2F2000103F07EFD1E
:10744000002803D0FFE7F9F7D7FBFFE742F27820E7
:10745000C2F2000040F2C001C2F2000102F0FEF8E8
:10746000002803D0FFE7F9F7C7FBFFE742F27820D7
:10747000C2F2000003F02AFF002803D0FFE7F9F76B
:10748000BBFBFFE780BD0000FFE7FEE7FFE7FEE78D
:1074900080B58BB013468C4686460A9009910892B7
:1074A0000A9800F0070007900798C0F10700052828
:1074B0000493CDF80CC0CDF808E003D3FFE7042017
:1074C000019004E00798C0F107000190FFE70198E0
:1074D000069007980430062803D8FFE700200090A4
:1074E00003E0079803380090FFE70098059009989B
:1074F0000699012202FA01F10139084005998840F4
:10750000089B02FA01F10139194008430BB080BD14
:1075100080B542F65810C2F20000FBF7ADFF80BD07
:1075200080B58AB00A460346099008910998006818
:107530000790079806900798006C059006980899A0
:1075400000EB4110D0F8080B0490059843F20B01B2
:10755000C4F654718842039202930ED3FFE7049855
:107560000004002809D5FFE70698089900EB4110B0
:107570004FF40041C0F8081BFFE70998FCF7F8FD3D
:10758000059843F20B0EC4F6547E704511D3FFE705
:107590000998807901280CD1FFE70998016800F269
:1075A0009C42012001900846019904F039FD0090A9
:1075B000FFE700200AB080BD80B58EB00A460346C2
:1075C0000D900C910D9800680A900A9809900A98FD
:1075D000006C089009980C9900EB4110D0F8080B4A
:1075E00007900D98807901280692059340F08380DA
:1075F000FFE707980007002817D5FFE7089843F230
:107600000B01C4F6547188420ED3FFE707980004BB
:10761000002809D5FFE709980C9900EB41104FF4B9
:107620000041C0F8081BFFE764E0079880060028C7
:1076300008D5FFE709980C9900EB41102021C0F80C
:10764000081B56E09DF81C0010F0280F4FD1FFE7F3
:10765000089843F20B01C4F6547188420ED3FFE739
:1076600007980004002809D5FFE709980C9900EB5A
:1076700041104FF40041C0F8081B37E00D980C99F9
:1076800001EBC10100EB810000F515700B900B9828
:10769000006A09990C9A01EB4211D1F8101B6FF3A3
:1076A000DF41401A0B9948610C98002818D1FFE778
:1076B0000B98006900280CD1FFE70D98016800F2D3
:1076C0009C42012004900846049904F0A9FC039010
:1076D00005E00B98C16842691144C160FFE7FFE70C
:1076E0000D989DF83010FBF701FCFFE700E0FFE785
:1076F000FFE7FFE74BE0089843F20A11C4F6547124
:10770000884222D1FFE707980004002809D5FFE747
:1077100009980C9900EB41104FF40041C0F8081B88
:1077200012E007988006002808D5FFE709980C9911
:1077300000EB41102021C0F8081BFFE70D989DF8D1
:107740003010FBF7D3FBFFE720E00C98002817D19F
:10775000FFE70D980C9901EBC10100EB8100D0F817
:10776000640200280CD1FFE70D98016800F29C42EA
:10777000002002900846029904F052FC0190FFE7B5
:107780000D989DF83010FBF7B1FBFFE7FFE70020F5
:107790000EB080BD80B58EB00A4603460C900B91AA
:1077A0000C9800680A900A9809900C980B9901EBC4
:1077B000C10100EB8100143008900898016940690C
:1077C00088420492039304D9FFE701208DF8370023
:1077D0007CE0089801694069081A079007980899A1
:1077E0008968884204D9FFE7089880680790FFE716
:1077F0000798033080080690FFE709980B9900EB83
:107800004110D0F8180980B20699002288420292ED
:107810000FD3FFE70898016940690022884202926D
:1078200007D2FFE708980069002818BF01200290DE
:10783000FFE70298C00700282ED0FFE708980169EB
:107840004069081A0790079808998968884204D9FE
:10785000FFE7089880680790FFE7079803308008E3
:1078600006900A980899C9680C9A9279BDF81C305C
:107870009DF82CC0EE46CEF80020624605F0BAFA1C
:107880000799089AD3681944D1600799089A5369EF
:10789000194451610190B0E708980169406981423B
:1078A00010D8FFE70B9800F00F00012101FA00F05B
:1078B000059005980999D1F8342822EA0000C1F80A
:1078C0003408FFE700208DF83700FFE79DF8370008
:1078D0000EB080BD704700007047000085B00146C3
:1078E00004900498019001980078ADF80C0001987C
:1078F0000130019001980078ADF80A00BDF80A0047
:10790000BDF80C2042EA0020ADF80E00BDF80E00D4
:10791000009105B07047000080B584B00146029028
:1079200002980138B0F1807F019103D3FFE7012075
:1079300003901BE0029801384EF21401CEF20001D0
:1079400008604FF0FF300F2107F064F94EF2180085
:10795000CEF20000002101604EF21000CEF20000D5
:107960004FF0070EC0F800E00391FFE7039804B062
:1079700080BD000080B5FBF751F980BD80B596B0A1
:107980000AA83021F8F734FD0020099008900790EC
:1079900006900590FFE70020049043F64000C4F2F3
:1079A0000200016841F080510160006800F08050E1
:1079B000049004980290FFE7FFE70020039047F24D
:1079C0000000C4F20000016841F4804101600068D9
:1079D00000F48040039003980190FFE701200A9093
:1079E0004FF480300B90022010904FF480011191E1
:1079F00006211291A82113911490072015900AA82E
:107A0000FCF712FE002803D0FFE7F9F7F5F8FFE7CF
:107A10000F20059002200690002007904FF4A05000
:107A200008904FF48050099005A80521FCF71EFC32
:107A3000002803D0FFE7F9F7DFF8FFE716B080BDB5
:107A40004EF68850CEF20000016841F470010160EA
:107A50007047000080B542F66C70C2F20000FDF77E
:107A600023FE80BD80B542F6B470C2F20000FDF77F
:107A70001BFE80BD85B00A4603460490039104981E
:107A80000068029004980021C4F20101884201922A
:107A9000009325D0FFE70498B0F1804F20D0FFE796
:107AA000049840F20041C4F20001884218D0FFE778
:107AB000049840F60001C4F20001884210D0FFE7AC
:107AC000049840F60041C4F20001884208D0FFE764
:107AD000049840F20041C4F2010188420AD1FFE754
:107AE000029820F0700002900398406802990843C1
:107AF0000290FFE704980021C4F20101884255D0AA
:107B0000FFE70498B0F1804F50D0FFE7049840F2AF
:107B10000041C4F20001884248D0FFE7049840F6D3
:107B20000001C4F20001884240D0FFE7049840F60B
:107B30000041C4F20001884238D0FFE7049840F2C7
:107B40000041C4F20101884230D0FFE7049844F2BA
:107B50000001C4F20101884228D0FFE7049844F2F2
:107B60000041C4F20101884220D0FFE7049844F6A6
:107B70000001C4F20101884218D0FFE7049841F6E1
:107B80000001C4F20001884210D0FFE7049841F6DA
:107B90000041C4F20001884208D0FFE7049842F295
:107BA0000001C4F2000188420AD1FFE7029820F4E4
:107BB000407002900398C068029908430290FFE762
:107BC000029820F0800003994969084302900398C5
:107BD00080680499C86203980068049988620498D0
:107BE0000021C4F20101884208D0FFE7049840F266
:107BF0000041C4F20101884205D1FFE70398006902
:107C000004990863FFE70498016841F004010160EA
:107C100004980121416102980499086005B07047F9
:107C200080B582B042F25450C2F2000040F26012BD
:107C3000C2F200024FF400710823F8F7F1FD019041
:107C400002B080BDB0B589B09C4696460C4605464C
:107C5000089007910692059308988068049004980C
:107C600020F47F40049007980699059A41EA022182
:107C70000843049908430490049808998860CDF853
:107C80000CC0CDF808E00194009509B0B0BD00002B
:107C900085B00A46034604900391049880680290D8
:107CA000029820F07000029003980299084340F077
:107CB000070002900298049988600192009305B031
:107CC0007047000084B00A4603460390029103986F
:107CD00000680021C4F2010188420192009309D199
:107CE000FFE7039840F2A821C2F200010860029861
:107CF0004860F3E003980068B0F1804F09D1FFE7D6
:107D0000039840F2B021C2F2000108600298486076
:107D1000E3E00398006840F20041C4F200018842A9
:107D200009D1FFE7039840F2B821C2F200010860D0
:107D300002984860D0E00398006840F60001C4F261
:107D40000001884209D1FFE7039840F2C021C2F246
:107D50000001086002984860BDE00398006840F6A2
:107D60000041C4F20001884209D1FFE7039840F2C4
:107D7000C821C2F20001086002984860AAE0039896
:107D8000006841F20001C4F20001884209D1FFE716
:107D9000039840F2D021C2F20001086002984860C6
:107DA00097E00398006841F20041C4F20001884264
:107DB00009D1FFE7039840F2D821C2F20001086020
:107DC0000298486084E00398006840F20041C4F2E1
:107DD0000101884209D1FFE7039840F2E021C2F295
:107DE000000108600298486071E00398006844F25E
:107DF0000001C4F20101884209D1FFE7039840F273
:107E0000E821C2F200010860029848605EE0039831
:107E1000006844F20041C4F20101884209D1FFE741
:107E2000039840F28021C2F2000108600298486085
:107E30004BE00398006844F60001C4F20101884257
:107E400009D1FFE7039840F28821C2F200010860DF
:107E50000298486038E00398006841F60001C4F2D7
:107E60000001884209D1FFE7039840F29021C2F255
:107E7000000108600298486025E00398006841F618
:107E80000041C4F20001884209D1FFE7039840F2A3
:107E90009821C2F2000108600298486012E003983D
:107EA000006842F20001C4F20001884209D1FFE7F4
:107EB000039840F2A021C2F20001086002984860D5
:107EC000FFE7FFE7FFE7FFE7FFE7FFE7FFE7FFE782
:107ED000FFE7FFE7FFE7FFE7FFE7FFE704B07047D3
:107EE00087B00A460346069005910698006A0390FB
:107EF0000698016A21F0010101620698406802902B
:107F0000069880690490049820F07000049004980A
:107F100020F0030004900598006804990843049039
:107F2000039820F0020003900598806803990843A5
:107F3000039006980021C4F2010188420192009347
:107F400008D0FFE7069840F20041C4F201018842E0
:107F50000ED1FFE7039820F0080003900598C06851
:107F6000039908430390039820F004000390FFE76F
:107F700006980021C4F20101884208D0FFE7069864
:107F800040F20041C4F20101884213D1FFE7029898
:107F900020F480700290029820F4007002900598FE
:107FA0004069029908430290059880690299084344
:107FB0000290FFE702980699486004980699886144
:107FC000059840680699486303980699086207B0C7
:107FD0007047000087B00A46034606900591069850
:107FE000006A03900698016A21F010010162069868
:107FF00040680290069880690490049820F4E0405C
:108000000490049820F44070049005980068049946
:1080100041EA00200490039820F020000390059886
:108020008068039941EA0010039006980021C4F289
:10803000010188420192009308D0FFE7069840F2C0
:108040000041C4F2010188420FD1FFE7039820F0FC
:10805000800003900598C068039941EA00100390DE
:10806000039820F040000390FFE706980021C4F237
:108070000101884208D0FFE7069840F20041C4F2AF
:108080000101884215D1FFE7029820F48060029038
:10809000029820F40060029005984069029941EA34
:1080A0008000029005988069029941EA8000029060
:1080B000FFE7029806994860049806998861059838
:1080C00040680699886303980699086207B070476C
:1080D00087B00A460346069005910698006A039009
:1080E0000698016A21F48071016206984068029046
:1080F0000698C0690490049820F0700004900498D9
:1081000020F0030004900598006804990843049047
:10811000039820F40070039005988068039941EA61
:108120000020039006980021C4F2010188420192C8
:10813000009308D0FFE7069840F20041C4F2010125
:1081400088420FD1FFE7039820F400600390059860
:10815000C068039941EA00200390039820F48060EE
:108160000390FFE706980021C4F20101884208D07D
:10817000FFE7069840F20041C4F20101884215D1A0
:10818000FFE7029820F480500290029820F40050FB
:10819000029005984069029941EA00100290059802
:1081A0008069029941EA00100290FFE7029806995F
:1081B000486004980699C861059840680699C863A4
:1081C00003980699086207B07047000087B00A4616
:1081D0000346069005910698006A03900698016A86
:1081E00021F4805101620698406802900698C069A7
:1081F0000490049820F4E0400490049820F4407027
:10820000049005980068049941EA002004900398BE
:1082100020F40050039005988068039941EA0030EB
:10822000039006980021C4F2010188420192009354
:1082300008D0FFE7069840F20041C4F201018842ED
:108240000BD1FFE7029820F4804002900598406926
:10825000029941EA80100290FFE70298069948606F
:1082600004980699C86105984068069908640398BF
:108270000699086207B0704780B588B013468C46EF
:1082800086460790069105920798006A0390079822
:10829000016A21F001010162079880690490049845
:1082A00020F0F00004900598049941EA0010049031
:1082B000039820F00A00039006980399084303905E
:1082C0000498079988610398079908620293CDF88A
:1082D00004C0CDF800E008B080BD000080B588B0D3
:1082E00013468C4686460790069105920798006AC9
:1082F00003900798016A21F01001016207988069D4
:108300000490049820F4704004900598049941EA80
:1083100000300490039820F0A00003900698039981
:1083200041EA00100390049807998861039807991F
:1083300008620293CDF804C0CDF800E008B080BD1B
:1083400080B582B040F21050C2F20000011D43F22D
:108350004400C2F20000122200F0C4FB019002B0FF
:1083600080BD000080B588B042F25450C2F20000D7
:108370004DF29921C0F60001F8F7FCF942F6B4700D
:10838000C2F200004DF2FD01C0F600010790FFF7B8
:1083900099FC0798FDF72EF840F2E011C2F20001B7
:1083A00043F2440EC2F2000E43F28C02C2F200020B
:1083B0000690084671460592CDF810E005F016FBD0
:1083C0004DF2B501C0F600011222049800F0DEF96A
:1083D0004DF2D901C0F600012822059800F0D6F927
:1083E00041F68C50C2F20000B1EE000AB2EE001A63
:1083F000F6EE001A03908DED020ADDED020A06F09A
:1084000083F80120039901900846019906F05EF86F
:108410000398019906F06AF808B080BD80B584B071
:10842000014603900398806B029002980022C28557
:1084300002980191FDF718FE04B080BD80B584B0AC
:1084400001460390002002900398806B01900198F0
:1084500000684069C0F3C0100290019890F8410094
:10846000212800910BD1FFE70298002807D0FFE7F1
:1084700001980021C184019800F06AF9FFE7019892
:1084800000684069C0F380100290019890F84200A3
:1084900022280BD1FFE70298002807D0FFE70198B8
:1084A0000021C185019800F0F1F8FFE70198416CC7
:1084B00041F0100141640198FDF7D6FD04B080BD84
:1084C00080B588B0014607900798806B06900798A2
:1084D0000068006810F4807F01915AD1FFE7069888
:1084E0000021C185FFE7FFE70698006850E8030F09
:1084F00020F480700590FFE705980699096841E827
:108500000302002AF0D1FFE7FFE7FFE7FFE7069845
:10851000006850E8050F20F001000490FFE7049880
:108520000699096841E80502002AF0D1FFE7FFE754
:10853000FFE7FFE70698006850E8050F20F04000CD
:108540000390FFE703980699096841E80502002AAD
:10855000F0D1FFE7FFE70698202180F84210069847
:10856000006B012814D1FFE7FFE7FFE706980068DA
:1085700050E8030F20F010000290FFE702980699E0
:10858000096841E80302002AF0D1FFE7FFE7FFE7AF
:10859000FFE70698002141630698006B012805D18A
:1085A000FFE70698818DFDF75FFC03E00698FEF774
:1085B000FDF9FFE708B080BD80B584B001460390A7
:1085C0000398806B02900298012242630298006B2C
:1085D0000128019106D1FFE70298818D4908FDF736
:1085E00043FC03E00298FEF7E7F9FFE704B080BD23
:1085F00080B586B0014605900598806B049005987B
:108600000068006810F4807F01912AD1FFE7049888
:108610000021C184FFE7FFE70498006850E8050FD8
:1086200020F080000390FFE703980499096841E86F
:108630000502002AF0D1FFE7FFE7FFE7FFE7049814
:10864000006850E8030F40F040000290FFE70298F6
:108650000499096841E80302002AF0D1FFE7FFE727
:1086600003E00498FEF73AFAFFE706B080BD000089
:1086700080B584B0014603900398806B0290029805
:108680000191FEF731FA04B080BD000085B00146CB
:1086900004900091FFE7FFE70498006850E8030F9B
:1086A00020F490700390FFE703980499096841E86B
:1086B0000302002AF0D1FFE7FFE7FFE7FFE7049896
:1086C000006850E8050F20F001000290FFE70298D3
:1086D0000499096841E80502002AF0D1FFE7FFE7A5
:1086E0000498006B012814D1FFE7FFE7FFE7049827
:1086F000006850E8030F20F010000190FFE7019898
:108700000499096841E80302002AF0D1FFE7FFE776
:10871000FFE70498202180F84210049800210163AB
:1087200005B0704780B582B001460190019800689D
:10873000C26822F04002C2600198202280F84120E5
:1087400001980091FEF7CAF9002002B080BD000038
:1087500083B0014602900091FFE7FFE702980068AE
:1087600050E8030F20F0C0000190FFE70198029944
:10877000096841E80302002AF0D1FFE7FFE7029809
:10878000202180F8411003B07047000080B58EB002
:1087900013468C4686460D900C91ADF82E200D9810
:1087A000006841F20001C4F2010188420A93CDF849
:1087B00024C0CDF820E01ED1FFE70D9840F2F02153
:1087C000C2F2000108600C98C1F80C01BDF82E003F
:1087D000A1F804010D98B1F804218431FDF7DCFA09
:1087E00042F22471C2F2000109680A6822F008020C
:1087F0000A600790B7E00D98006844F20041C4F2A7
:108800000001884215D1FFE70D9840F20041C2F205
:10881000000108600C98C1F80C01BDF82E00A1F809
:1088200004010D98B1F804218431FDF7B5FA0690E2
:1088300098E00D98006844F60001C4F200018842F7
:108840001ED1FFE70D9840F21051C2F200010860FE
:108850000C98C1F80C01BDF82E00A1F804010D9888
:10886000B1F804218431FDF797FA42F2E471C2F2C3
:10887000000109680A6822F008020A60059070E0A9
:108880000D98006844F60041C4F20001884215D1F9
:10889000FFE70D9840F22061C2F2000108600C98D9
:1088A000C1F80C01BDF82E00A1F804010D98B1F833
:1088B00004218431FDF770FA049051E00D980068AE
:1088C00045F20001C4F20001884215D1FFE70D987E
:1088D00040F23071C2F2000108600C98C1F80C013E
:1088E000BDF82E00A1F804010D98B1F804218431DF
:1088F000FDF752FA039032E00D98006841F2004112
:10890000C4F20101884229D1FFE70D9840F64001E9
:10891000C2F2000108600C98C1F80C01BDF82E00ED
:10892000A1F804010D98B1F8042101F1840302912A
:1089300019460193FDF730FA42F64401C2F20001F4
:1089400009680A6822F008020A600299B1F8041165
:10895000019A00901046F7F74BFDFFE7FFE7FFE7AE
:10896000FFE7FFE7FFE70EB080BD000080B588B0ED
:1089700001460690002005900490069890F8420069
:108980002228019140F0A580FFE706988068B0F5A5
:10899000805F14D1FFE70698006900280FD1FFE738
:1089A0000698806A04900698006840686FF35F201C
:1089B000049908800698816A0231816225E0069850
:1089C000806A059006988068B0F5805F0AD0FFE75E
:1089D0000698806800280BD1FFE7069800690028F8
:1089E00006D1FFE70698006840680599087007E01F
:1089F00006980068406800F07F0005990870FFE75E
:108A00000698816A01318162FFE70698C18D0139BC
:108A1000C1854FF6FF70014257D1FFE70698006805
:108A2000C16821F02001C16006980068C16821F486
:108A30008071C16006980068416921F001014161BF
:108A40000698202180F8421006980021416306987C
:108A5000006B012831D1FFE7069800210163FFE791
:108A6000FFE70698006850E8030F20F0100003901D
:108A7000FFE703980699096841E80302002AF0D14C
:108A8000FFE7FFE706980068006810F0100F0FD0AE
:108A9000FFE7FFE700200290069800680068029058
:108AA000069800684068029002980090FFE7FFE790
:108AB0000698818DFDF7D8F903E00698FDF776FF5B
:108AC000FFE700208DF81F0007E000208DF81F0051
:108AD00003E002208DF81F00FFE79DF81F0008B09B
:108AE00080BD000080B586B013468C468646059052
:108AF0000491ADF80E2005980499BDF80E2002935C
:108B0000CDF804C0CDF800E0FDF75CFF06B080BDF5
:108B100080B58CB001460B900B980068006920F47A
:108B200040500B9A1368D268104318610B98826802
:108B30000369D0F814C0C0691A4342EA0C0210431A
:108B40000A900B980068C06849F20C6290430A9A38
:108B500010430B9A1268D0600B980068406920F4AB
:108B600040700B9A13689269104358610B98006823
:108B700041F20002C4F201029042089109D0FFE7DD
:108B80000B98006841F20041C4F20101884204D10F
:108B9000FFE7FBF7C1FC099003E0FBF7A9FC099094
:108BA000FFE70B98C069B0F5004F31D1FFE7099896
:108BB0001921A0FB01010B9A136852684FEA420C7D
:108BC000D20F07926246DDF81CC006936346F7F7A2
:108BD00053FB48F21F51C5F2EB11A0FB01235B09C7
:108BE0004FF0640C03FB1C004FF0320C0CEBC00088
:108BF000A0FB01014FF4F87C0CEA111C0CEB0313F1
:108C0000C1F342111943069B99600590049230E02C
:108C100009981921A0FB01010B9A136852684FEAC9
:108C2000820C920F03926246DDF80CC002936346F9
:108C3000F7F722FB48F21F51C5F2EB11A0FB01230D
:108C40005B094FF0640C03FB1C004FF0320C0CEB83
:108C50000010A0FB01014FF0F00C0CEA511C0CEBD2
:108C60000313C1F343111943029B996001900092D1
:108C7000FFE70CB080BD000010B58EB013468C46E7
:108C800086460C900B91ADF82A200B980C998862BF
:108C9000BDF82A000C9988850C98002141640C9835
:108CA000222280F842200C98C06B48F2C142C0F6E4
:108CB0000002C2630C98C06B48F2B952C0F60002C1
:108CC00002640C98C06B48F23D42C0F60002C264D8
:108CD0000C98C06B01650BA809900C980168C06BDB
:108CE0000431099A1268BDF82A4004932346CDF84E
:108CF0000CE0CDF808C0F9F795FA00280BD0FFE793
:108D00000C98102141640C98202180F84210012019
:108D10008DF8370050E0FFE7002008900C980068BD
:108D2000006808900C9800684068089008980190C6
:108D3000FFE70C980069002814D0FFE7FFE7FFE782
:108D40000C98006850E8030F40F480700790FFE72C
:108D500007980C99096841E80302002AF0D1FFE75F
:108D6000FFE7FFE7FFE7FFE70C98006850E8050F13
:108D700040F001000690FFE706980C99096841E869
:108D80000502002AF0D1FFE7FFE7FFE7FFE70C98B5
:108D9000006850E8050F40F040000590FFE7059897
:108DA0000C99096841E80502002AF0D1FFE7FFE7C6
:108DB00000208DF83700FFE79DF837000EB010BD9A
:108DC00084B001460290029890F841002128009159
:108DD0003DD1FFE702988068B0F5805F14D1FFE7CE
:108DE0000298006900280FD1FFE70298006A0190FD
:108DF000019800886FF35F20029909684860029823
:108E0000016A0231016208E00298016A4A1C0262AA
:108E10000878029909684860FFE70298C18C013917
:108E2000C1844FF6FF7001420DD1FFE70298006840
:108E3000C16821F08001C16002980068C16841F0FA
:108E40004001C160FFE700208DF80F0003E0022021
:108E50008DF80F00FFE79DF80F0004B07047000089
:108E600080B542F6FC70C2F20000FDF703F980BD48
:108E700080B543F24400C2F20000FDF7FBF880BD6C
:108E800080B543F28C00C2F20000FDF7F3F880BD1C
:108E900080B58CB00A4603460A908DF827100A98D0
:108EA000D0F8C80207900A98D0F8D41200EB8100DD
:108EB000D0F8C00200280692059304D1FFE70320F2
:108EC0008DF82F006BE00A98D0F8D41200EB8100E7
:108ED000D0F8C00208900A989DF8271001F00F0101
:108EE00001EB810100EB8100406900282DD0FFE7F4
:108EF0000A989DF8271001F00F0101EB810200EBA9
:108F000082004069079A01EBC10102EB8101C96946
:108F1000B0FBF1F202FB1100002816D1FFE70A981E
:108F20009DF8271001F00F0101EB810100EB81009A
:108F3000002141610A989DF8272004911146049A66
:108F4000049B01F099FF039025E008980021C0F8E8
:108F500014120A98D0F8D41200EB8100D0F8C402A1
:108F60000069002816D0FFE70A98D0F8D41200EB69
:108F70008100D0F8C40200690899D1F8082201F5EF
:108F800004719DF82730029010461A46029B9847BC
:108F90000190FFE7FFE700208DF82F00FFE79DF825
:108FA0002F000CB080BD000080B588B00A46034693
:108FB00006908DF817100698D0F8D41200EB8100B7
:108FC000D0F8C00204900698D0F8D41200EB8100CB
:108FD000D0F8C00200280392029304D1FFE70320D7
:108FE0008DF81F001EE006989DF8171001F064FC34
:108FF0000499C1F80C020698D0F8D41200EB810055
:10900000D0F8C402C0680499D1F804E201F50371F4
:1090100001907046DDF804E0F04700218DF81F1044
:109020000090FFE79DF81F0008B080BD80B58CB0B0
:109030000A4603460B908DF82B100B9840F2010165
:10904000C2F2000191F800C00991614608920793AD
:1090500001F0FEF90B99099A137803F00F0303EB63
:10906000830301EB8301002381F823300B9940F245
:10907000020CC2F2000C9CF800E006900846714613
:10908000CDF814C0049301F0E3F90B99059A137815
:1090900003F00F0303EB830301EB8301049B81F8CF
:1090A00063310B9940F2000CC2F2000C9CF800E016
:1090B000039008467146CDF808C001F0C9F90B9934
:1090C000029A137803F00F0303EB830301EB830190
:1090D000049B81F823300B9992F800C00CF00F0C20
:1090E0000CEB8C0C01EB8C01CB610B99D1F8D4C249
:1090F00001EB8C01D1F8C0120029019020D0FFE7CC
:109100000B98D0F8D41200EB8100D0F8C40240686C
:1091100080470B99D1F8D4E201EB8E01D1F8C0124F
:109120000090084602F0D8FB0B98D0F8D41200EB60
:1091300081000021C0F8C0120B98C0F8BC12FFE7F4
:1091400000200CB080BD000080B586B001460490C0
:109150000498D0F8D42200EB8200D0F8C00203902B
:1091600003980028029104D1FFE703208DF817002F
:109170002BE00498D0F8D41200EB8100D0F8C402A0
:1091800000281ED0FFE7039890F80002FF2818D0AF
:10919000FFE70498D0F8D41200EB8100D0F8C402A5
:1091A0008068039991F8002291F8013201901046ED
:1091B0001A46019B98470399FF2281F800220090EC
:1091C000FFE700208DF81700FFE79DF8170006B0B5
:1091D00080BD000082B00146019001980A22028001
:1091E00040F2A000C2F20000009102B070470000FF
:1091F00080B586B00146059040F25C00C2F20000E6
:10920000822201900091114600F080FF049001211C
:10921000019800F07BFF03908121019800F076FF18
:1092200002900498002804D0FFE70498102181716F
:10923000FFE70398002804D0FFE7039840218180CE
:10924000FFE70298002804D0FFE7029840218180C0
:10925000FFE705984321018040F25C00C2F2000064
:1092600006B080BD80B586B00146059040F25C0036
:10927000C2F20000822201900091114600F046FFE8
:1092800004900121019800F041FF03908121019891
:1092900000F03CFF02900498002804D0FFE70498F7
:1092A00010218171FFE70398002805D0FFE703989C
:1092B0004FF400718180FFE70298002805D0FFE796
:1092C00002984FF400718180FFE7059843210180E7
:1092D00040F25C00C2F2000006B080BD80B586B0EE
:1092E0000146059040F25C00C2F20000822201902B
:1092F0000091114600F00AFF04900121019800F04E
:1093000005FF03908121019800F000FF029004986E
:10931000002804D0FFE7049810218171FFE703982B
:10932000002804D0FFE7039840218180FFE70298DE
:10933000002804D0FFE7029840218180FFE70598CC
:109340004321018040F25C00C2F2000006B080BD03
:1093500080B59AB00A46034618908DF85F104FF416
:1093600007701592149302F0BDFA16901698002813
:109370000CD1FFE71898D0F8D41200EB810000213F
:10938000C0F8C01202208DF867001CE116984FF457
:109390000771F7F72DF816981899D1F8D4E201EB78
:1093A0008E01C1F8C0021898D0F8D41200EB8101E8
:1093B000D1F8C012C0F8BC121898007C002850D117
:1093C000FFE7189840F20101C2F200010A78022377
:1093D0004FF4007C139111461A4612936346CDF860
:1093E00044C001F07BFB1899139A137803F00F0324
:1093F00003EB830301EB8301012381F823301899E8
:1094000040F2020CC2F2000C9CF800E010900846FA
:109410007146129ADDF844E00F937346CDF838C0D8
:1094200001F05CFB18990E9A137803F00F0303EB1D
:10943000830301EB83010F9B81F86331189940F29C
:10944000000CC2F2000C9CF800C00CF00F0C0CEBEE
:109450008C0C01EB8C014FF0100CC1F81CC00D906E
:109460004FE0189840F20101C2F200010A7802238D
:109470004FF0400C0C9111461A460B936346CDF801
:1094800028C001F02BFB18990C9A137803F00F03F6
:1094900003EB830301EB8301012381F82330189947
:1094A00040F2020CC2F2000C9CF800E00990084661
:1094B00071460B9ADDF828E008937346CDF81CC07E
:1094C00001F00CFB1899079A137803F00F0303EBD4
:1094D000830301EB8301089B81F86331189940F203
:1094E000000CC2F2000C9CF800C00CF00F0C0CEB4E
:1094F0008C0C01EB8C014FF0100CC1F81CC00690D5
:10950000FFE7189840F20001C2F200010A78032335
:109510004FF0080C059111461A46634601F0DEFA39
:109520001899059A137803F00F0303EB830301EBFB
:109530008301012381F8233016990023C1F80432F6
:109540001899D1F8D4C201EB8C01D1F8C412096882
:109550000490039388471699039AC1F81422169928
:10956000C1F818221699D1F804120029029004D1EA
:10957000FFE702208DF8670025E01898007C00289E
:109580000FD1FFE7189840F20201C2F20001169ACB
:10959000D2F8042209784FF4007301F0CFFA019059
:1095A0000DE0189840F20201C2F20001169AD2F8BA
:1095B00004220978402301F0C1FA0090FFE700205F
:1095C0008DF86700FFE79DF867001AB080BD0000C6
:1095D00080B586B0014604900498D0F8D42200EB00
:1095E0008200D0F8C00203900498D0F8D42200EB97
:1095F0008200D0F8C0020028029104D1FFE70320C6
:109600008DF8170025E00498007C00280FD1FFE7B3
:10961000049840F20201C2F20001039AD2F8042237
:1096200009784FF4007301F089FA01900DE0049875
:1096300040F20201C2F20001039AD2F80422097832
:10964000402301F07BFA0090FFE700208DF817001F
:10965000FFE79DF8170006B080BD000085B00A4600
:10966000034603900291029800280192009304D1CE
:10967000FFE703208DF813000BE002980399D1F85F
:10968000D42201EB8201C1F8C40200208DF813003E
:10969000FFE79DF8130005B07047000086B00A464A
:1096A0000346049003910498D0F8D41200EB810093
:1096B000D0F8C0020290029800280192009304D1D1
:1096C000FFE703208DF8170007E003980299C1F81F
:1096D000040200208DF81700FFE79DF8170006B080
:1096E0007047000080B588B013468C4686460690C9
:1096F000059104920698D0F8D41200EB8100D0F8BE
:10970000C0020390039800280293CDF804C0CDF85E
:1097100000E004D1FFE703208DF81F000BE005985F
:109720000399C1F8080204980399C1F810020020B7
:109730008DF81F00FFE79DF81F0008B080BD0000F6
:1097400080B594B00A460346129011911298D0F851
:10975000D41200EB8100D0F8C002109000208DF8E8
:109760003D00ADF83A008DF83900109800280D92B0
:109770000C9304D1FFE703208DF84F00D6E0119839
:10978000007800F06000014600280B916BD0FFE7E5
:109790000B98202840F0BD80FFE71198C088002872
:1097A0004ED0FFE711980078000600282AD5FFE781
:1097B0001298D0F8D41200EB8100D0F8C40280686F
:1097C0001199109ACB8849780A90084611461A4692
:1097D0000A9B98471199C9880829099003D3FFE784
:1097E0000720089003E01198C0880890FFE70898C8
:1097F000ADF83E0012981099BDF83E2000F090F9A7
:1098000007901CE011984078109981F80002119897
:10981000C0883F2804D8FFE71198C088069002E06E
:1098200040200690FFE70698109981F801021298EF
:10983000109991F8012200F02FF90590FFE711E04F
:109840001298D0F8D41200EB8100D0F8C4028068DE
:1098500011994A780023049010461A46049B9847B1
:109860000390FFE75DE01198407801460B280291D4
:1098700046D80299DFE801F0064344444444444496
:1098800044441D34129890F89C02032808D1FFE745
:1098900012980DF13A01022200F042F9019007E01E
:1098A0001298119900F0E2F803208DF83900FFE7D3
:1098B0002EE0129890F89C02032808D1FFE7129836
:1098C0000DF13D01012200F02BF9009007E0129804
:1098D000119900F0CBF803208DF83900FFE717E06D
:1098E000129890F89C02032808D0FFE7129811996B
:1098F00000F0BCF803208DF83900FFE708E007E02E
:109900001298119900F0B2F803208DF83900FFE7A2
:1099100007E01298119900F0A9F803208DF839009A
:10992000FFE79DF839008DF84F00FFE79DF84F00E5
:1099300014B080BD80B586B00A46034605908DF808
:10994000131000208DF812000598D0F8B81249685D
:109950009DF813C003916146DDF80CC0029201939B
:10996000E047002804D0FFE703208DF81200FFE74E
:109970009DF8120006B080BD80B586B00A46034649
:1099800005900491059890F89C02013802280392F2
:1099900002930FD8FFE704984088012809D1FFE718
:1099A00005980021C0F8A412059800F0E3F8019092
:1099B000FFE704E00598049900F058F8FFE706B0C7
:1099C00080BD000084B00A46034603908DF80B105A
:1099D00000200192009304B07047000084B00A4652
:1099E000034603908DF80B1000200192009304B001
:1099F00070470000B0B58AB013468C468646099081
:109A0000089107920998089A07990024069121461F
:109A1000069D05932B46CDF810C0CDF80CE00294BE
:109A200001F08CF80299019008460AB0B0BD000020
:109A3000B0B58AB013468C468646099008910792C5
:109A40000998089A0799002406912146069D0593D6
:109A50002B46CDF810C0CDF80CE0029401F00CFAC2
:109A60000299019008460AB0B0BD000080B586B0EA
:109A70000A460346059004910598802103920293BB
:109A800001F0A4F90599002201900846114601F061
:109A90009DF9009006B080BDB0B58AB013468C46E3
:109AA000864609900891079209980321C0F89412FC
:109AB00007980999C1F8540108980999C1F86401F7
:109AC00007980999C1F858010998089A079900243C
:109AD00006912146069D05932B46CDF810C0CDF882
:109AE0000CE0029401F02AF80299019008460AB0AD
:109AF000B0BD000080B584B00146039003980522F4
:109B0000C0F8942203980022029111460192019B11
:109B100001F014F801990090084604B080BD0000DF
:109B2000B0B58AB013468C468646099008910792D4
:109B300009980221C0F89412079809994861089879
:109B4000099948620798099988610998089A0799BC
:109B5000002406912146069D05932B46CDF810C0A2
:109B6000CDF80CE0029401F087F9029901900846C3
:109B70000AB0B0BD80B584B00146039003980422BA
:109B8000C0F8942203980022029111460192019B91
:109B900001F072F901990090084604B080BD000000
:109BA00080B584B00A4603468DF80F0002919DF8F7
:109BB0000F000028019200930CD1FFE7029A4FF2A8
:109BC0007C00C0F6000040F65411C2F2000100F023
:109BD00049FB0BE0029A4FF27C00C0F6000040F611
:109BE0005411C2F2000100F03DFBFFE740F65410B3
:109BF000C2F2000004B080BD84B00A4603468DF86E
:109C00000F00029102981221018040F2AC00C2F2D2
:109C100000000192009304B07047000080B584B04A
:109C20000A4603468DF80F0002919DF80F000028A8
:109C3000019200930CD1FFE7029A4FF26E00C0F63A
:109C4000000040F65411C2F2000100F00BFB0BE0E3
:109C5000029A4FF26E00C0F6000040F65411C2F2B4
:109C6000000100F0FFFAFFE740F65410C2F20000D6
:109C700004B080BD84B00A4603468DF80F000291FF
:109C800002980421018040F2D400C2F20000019247
:109C9000009304B07047000080B586B00A460346C2
:109CA0008DF81700049104984FF28701C0F6000167
:109CB00040F6541CC2F2000C039008466146DDF8E1
:109CC0000CE0029272460193CDF800C000F0CAFA8F
:109CD000009806B080BD000080B584B00A460346F7
:109CE0008DF80F0002919DF80F000028019200935B
:109CF0000CD1FFE7029A4FF29A00C0F6000040F63E
:109D00005411C2F2000100F0ADFA0BE0029A4FF2DA
:109D10009A00C0F6000040F65411C2F2000100F0B3
:109D2000A1FAFFE740F65410C2F2000004B080BD73
:109D300080B584B00A4603468DF80F000291029860
:109D40001A21018001920093F6F75AFF40F2D800E1
:109D5000C2F2000004B080BD80B588B00A46034658
:109D6000079006910698C08801280592049305D0B3
:109D7000FFE707980699FFF779FE23E0079890F828
:109D80009C02411E0229039004D3FFE70398032895
:109D90000BD011E0079800218160079800F10801BD
:109DA0000122FFF7BDFE02900BE00798011D012282
:109DB000FFF7B6FE019004E007980699FFF756FEFC
:109DC000FFE7FFE708B080BD80B598B00A460346BC
:109DD000179016910020ADF8560014908DF84F00A2
:109DE000169840884FF0FF3101EB102001460628FD
:109DF00012921193109100F248811099DFE811F04E
:109E0000070014003800450145010A012601179892
:109E1000D0F8B4120968007C0DF156020F9111467A
:109E20000F9A904714903AE11798007C00280FD1C0
:109E3000FFE71798D0F8B802806A0DF156010E902E
:109E400008460E99884714901498022141700EE03C
:109E50001798D0F8B802C06A0DF156010D90084667
:109E60000D9988471490149802214170FFE716E17C
:109E700016988078014605280C9100F2C0800C9954
:109E8000DFE801F0032241607F9E1798D0F8B4020A
:109E9000406800280DD0FFE71798D0F8B412496841
:109EA000007C0DF156020B9111460B9A90471490CD
:109EB00009E017981699FFF7D9FD9DF84F0001307A
:109EC0008DF84F00FFE7A4E01798D0F8B40280683F
:109ED00000280DD0FFE71798D0F8B4128968007CED
:109EE0000DF156020A9111460A9A9047149009E022
:109EF00017981699FFF7BAFD9DF84F0001308DF8BD
:109F00004F00FFE785E01798D0F8B402C06800283A
:109F10000DD0FFE71798D0F8B412C968007C0DF196
:109F2000560209911146099A9047149009E0179832
:109F30001699FFF79BFD9DF84F0001308DF84F00FB
:109F4000FFE766E01798D0F8B402006900280DD04A
:109F5000FFE71798D0F8B4120969007C0DF156029A
:109F600008911146089A9047149009E0179816999D
:109F7000FFF77CFD9DF84F0001308DF84F00FFE7A3
:109F800047E01798D0F8B402406900280DD0FFE7E9
:109F90001798D0F8B4124969007C0DF15602079168
:109FA0001146079A9047149009E017981699FFF701
:109FB0005DFD9DF84F0001308DF84F00FFE728E070
:109FC0001798D0F8B402806900280DD0FFE71798E1
:109FD000D0F8B4128969007C0DF156020691114641
:109FE000069A9047149009E017981699FFF73EFDDE
:109FF0009DF84F0001308DF84F00FFE709E01798FA
:10A000001699FFF733FD9DF84F0001308DF84F0092
:10A01000FFE744E01798007C00280CD1FFE7179871
:10A02000D0F8B802406B0DF156010590084605992D
:10A030008847149009E017981699FFF717FD9DF8C7
:10A040004F0001308DF84F00FFE728E01798007CA3
:10A0500000280FD1FFE71798D0F8B802006B0DF178
:10A0600056010490084604998847149014980721D3
:10A07000417009E017981699FFF7F8FC9DF84F001A
:10A0800001308DF84F00FFE709E017981699FFF7A8
:10A09000EDFC9DF84F0001308DF84F00FFE79DF873
:10A0A0004F00002801D0FFE72EE01698C088002856
:10A0B00025D0FFE7BDF8560000281AD0FFE7BDF80D
:10A0C00056001699C988884204DAFFE7BDF85600A1
:10A0D000039003E01698C0880390FFE70398ADF85B
:10A0E000560017981499BDF85620FFF719FD0290F5
:10A0F00004E017981699FFF7B9FCFFE704E01798FA
:10A10000FFF738FD0190FFE718B080BD80B588B03B
:10A110000A46034607908DF81B100798059007988C
:10A1200004900020039004984188007881420192B5
:10A13000009327DDFFE704980078ADF80A00FFE7F9
:10A14000BDF80A000499498888421ADAFFE70598A1
:10A150000DF10A0100F036F80590059840780528C1
:10A160000ED1FFE705980390039880789DF81B10A7
:10A17000884201D1FFE704E000200390FFE7FFE7FA
:10A18000DEE7FFE7039808B080BD000084B0014619
:10A19000039000208DF80B00039801900091FFE7D9
:10A1A00001980078002809D0FFE79DF80B000130E6
:10A1B0008DF80B00019801300190F1E79DF80B003C
:10A1C00004B0704785B00A46034604900391049892
:10A1D0000290029800780399B1F800C060440880AA
:10A1E0000498029909780844029002980192009319
:10A1F00005B0704780B586B00A46034605900491C5
:10A20000059890F89C02013802280392029321D805
:10A21000FFE70498C088022805D0FFE70598049955
:10A22000FFF724FC1BE005980121C1600598D0F8D8
:10A23000A402002806D0FFE70598C16841F002019A
:10A24000C160FFE7059800F10C010222FFF768FCEE
:10A25000019004E005980499FFF708FCFFE706B0B9
:10A2600080BD000080B58AB013468C4686460990B2
:10A270000891079200208DF81B000998002804938C
:10A28000CDF80CC0CDF808E001D1FFE750E0099807
:10A2900005900598FFF77AFF4FF0020E0EEB400095
:10A2A000B0F5007F04D9FFE74FF40070019008E09B
:10A2B0000598FFF76BFF4FF0020E0EEB4000019088
:10A2C000FFE70198079908800798007808999DF89A
:10A2D0001B2088549DF81B0001308DF81B00089846
:10A2E0009DF81B10032242549DF81B0001308DF88D
:10A2F0001B00FFE705980078002819D0FFE70598B4
:10A30000007808999DF81B20885405980130059025
:10A310009DF81B0001308DF81B0008989DF81B105C
:10A32000002242549DF81B0001308DF81B00E1E72C
:10A330000AB080BD83B001468DF80B0000208DF877
:10A340000A009DF80B00024603280191009214D8E0
:10A350000099DFE801F002060A0E00208DF80A00DD
:10A360000FE003208DF80A000BE001208DF80A00B1
:10A3700007E003208DF80A0003E003208DF80A00AF
:10A38000FFE79DF80A0003B07047000080B588B071
:10A3900013468C468646069005918DF81320069844
:10A3A00000280393CDF808C0CDF804E004D1FFE7FE
:10A3B00003208DF81F0024E006980021C0F8B81291
:10A3C0000698C0F8C4120698C0F8D0120598002864
:10A3D00005D0FFE705980699C1F8B402FFE7069893
:10A3E000012180F89C129DF81300069908700698C8
:10A3F00000F074FA8DF812009DF812008DF81F001D
:10A40000FFE79DF81F0008B080BD000080B584B054
:10A410000A46034603908DF80B1000208DF80A00C1
:10A420008DF809000398D0F8C8029DF80B1001922E
:10A430000093F8F717FE8DF80A009DF80A00FFF761
:10A4400079FF8DF809009DF8090004B080BD000077
:10A4500080B584B00A46034603908DF80B100020A7
:10A460008DF80A008DF809000398D0F8C8029DF80D
:10A470000B1001920093F8F79BFD8DF80A009DF8F0
:10A480000A00FFF757FF8DF809009DF8090004B096
:10A4900080BD000080B594B013468C46864612906D
:10A4A0008DF8471010929DF8470000280D93CDF8C5
:10A4B00030C0CDF82CE040F08980FFE712981430CE
:10A4C0000F901298D0F8940202286ED1FFE70F98EF
:10A4D0004168808981421BD9FFE70F9881894268D2
:10A4E000511A41600F9881890269114401611298E3
:10A4F0000F994A680969FFF79BFA129900220A909E
:10A50000084611460992099B00F018FB08904BE0A1
:10A510000F9881894068814221D1FFE70F98016837
:10A52000808981421BD3FFE70F9800681299D1F808
:10A530009812884213D2FFE7129800210791079AD8
:10A54000FFF776FA1299079AC1F8982212990690A5
:10A5500008461146079B00F0F1FA059023E0129897
:10A5600090F89C02032813D1FFE71298D0F8B802A4
:10A57000C06800280BD0FFE712980021C0F8D41261
:10A580001298D0F8B812C96888470490FFE7FFE72F
:10A590001298802100F01AFC129903900846FFF7E8
:10A5A000A9FA0290FFE7FFE7FFE7129890F8A002F0
:10A5B00000280AD0FFE7129800F002FDDDF848E01D
:10A5C00000218EF8A0120190FFE746E012989DF856
:10A5D000471041F08001FFF7F5F98DF83A009DF83A
:10A5E0003A00FF2838D0FFE79DF83A00002833D121
:10A5F000FFE7129890F89C0203282CD1FFE71298ED
:10A600009DF83A1000EB8100D0F8B80240690028AC
:10A6100020D0FFE79DF83A001299C1F8D4021298B1
:10A620009DF83A1000EB8101D1F8B81249699DF804
:10A63000472000911146009A90478DF83B009DF805
:10A640003B00002805D0FFE79DF83B008DF84F0048
:10A6500007E0FFE7FFE7FFE7FFE700208DF84F0087
:10A66000FFE79DF84F0014B080BD000080B592B0A8
:10A6700013468C46864610908DF83F100E920020AF
:10A680008DF833009DF83F0000280B93CDF828C0CB
:10A69000CDF824E040F09180FFE7109800F5AA7013
:10A6A0000D901098D0F89402032840F08580FFE7C1
:10A6B0000D9841688089814226D9FFE70D988189EC
:10A6C0004268511A41600D98818902691144016103
:10A6D00010980D994A680B6989898A4208900793F6
:10A6E00004D9FFE70D984068069003E00D98808933
:10A6F0000690FFE706980899059008460799059A7D
:10A70000FFF778F9049056E0109890F8AA0200F04C
:10A710001F0001460028039108D0FFE70398012895
:10A7200008D0FFE7039802280CD013E000208DF832
:10A73000320013E0109890F8AE12FFF74FF98DF841
:10A7400032000BE0109890F8AE12FFF73BF98DF84D
:10A75000320003E000208DF83200FFE79DF8320060
:10A76000002823D1FFE7109890F89C0203281CD101
:10A77000FFE710989DF8321000EB8100D0F8B80286
:10A780000069002810D0FFE79DF832001099C1F849
:10A79000D40210989DF8321000EB8101D1F8B81264
:10A7A000096988470290FFE7FFE7FFE71098FFF786
:10A7B000E1F90190FFE7FFE746E010989DF83F10B0
:10A7C00001F07F01FFF7FEF88DF832009DF83200AE
:10A7D000FF2838D0FFE79DF83200002833D1FFE78B
:10A7E000109890F89C02032822D1FFE710989DF85A
:10A7F000321000EB8100D0F8B8028069002816D032
:10A80000FFE79DF832001099C1F8D40210989DF826
:10A81000321000EB8101D1F8B81289699DF83F2010
:10A8200000911146009A90478DF83300FFE7FFE74B
:10A830009DF83300002805D0FFE79DF833008DF820
:10A84000470005E0FFE7FFE700208DF84700FFE73E
:10A850009DF8470012B080BD82B0014601900020F3
:10A86000009102B07047000080B584B001460390AB
:10A8700000208DF80B000398012280F89C22039899
:10A88000D0F8B8020028019111D0FFE70398D0F862
:10A89000B8124968027900911146009A9047002841
:10A8A00004D0FFE703208DF80B00FFE7FFE79DF8DA
:10A8B0000B0004B080BD000080B584B00A4603469A
:10A8C00003908DF80B100398D0F8C8029DF80B1078
:10A8D00001920093F8F730FC04B080BD80B588B0D9
:10A8E0000146079007980078002806913CD1FFE7C1
:10A8F000079842F65811C2F20001C1F8E004079827
:10A90000C0F8C8124FF0A04008600420087102206F
:10A91000C87100228A7148728A72CA720A738A7375
:10A92000CA730846F9F70CFA002803D0FFE7F6F7D8
:10A9300063F9FFE742F65810C2F20000802105904B
:10A940000491F8F73FFA00214022DDF814E003906B
:10A950007046F8F747FA0121059A02901046049ACA
:10A96000F8F740FA0190FFE7002008B080BD000032
:10A9700086B00A46034604908DF80F100498D0F86C
:10A98000C80202909DF80F00000600280192009373
:10A990000DD5FFE702989DF80F1001F07F0101EB44
:10A9A000C10100EB8100807D8DF817000DE0029859
:10A9B0009DF80F1001F07F0101EBC10100EB810058
:10A9C00090F856028DF81700FFE79DF8170006B0C3
:10A9D0007047000080B588B00A46034606908DF89F
:10A9E00017100698D0F8D41200EB8100D0F8B80206
:10A9F00000280492039304D1FFE703208DF81F0081
:10AA000025E0069890F89C0203281CD1FFE70698E1
:10AA1000D0F8D41200EB8100D0F8B802006A002808
:10AA200010D0FFE70698D0F8D41200EB8101D1F8DE
:10AA3000B812096A9DF8172002911146029A9047B0
:10AA40000190FFE7FFE700208DF81F00FFE79DF86A
:10AA50001F0008B080BD000080B588B00A460346DC
:10AA600006908DF817100698D0F8D41200EB8100EC
:10AA7000D0F8B80200280492039304D1FFE7032022
:10AA80008DF81F0025E0069890F89C0203281CD141
:10AA9000FFE70698D0F8D41200EB8100D0F8B80296
:10AAA000406A002810D0FFE70698D0F8D41200EBD7
:10AAB0008101D1F8B812496A9DF817200291114618
:10AAC000029A90470190FFE7FFE700208DF81F00F2
:10AAD000FFE79DF81F0008B080BD0000B0B588B04A
:10AAE0009C4696460C46054607908DF81B108DF83F
:10AAF0001A20ADF8183000208DF817008DF81600D8
:10AB00000798D0F8C8029DF81A30BDF818209DF8B3
:10AB10001B10CDF810C0CDF80CE002940195F8F7A9
:10AB200021FB8DF817009DF81700FFF703FC8DF847
:10AB300016009DF8160008B0B0BD0000B0B58AB090
:10AB40009C4696460C46054609908DF823100792C0
:10AB5000069300208DF817008DF816000998D0F89C
:10AB6000C802079A069B9DF82310CDF810C0CDF8B7
:10AB70000CE002940195F8F779FB8DF817009DF829
:10AB80001700FFF7D7FB8DF816009DF816000AB0E6
:10AB9000B0BD000080B58AB00146099000208DF854
:10ABA0002300099A012382F89C32099AC2F8940280
:10ABB000099A5060099AC2F8A402099A82F8A00280
:10ABC0000998D0F8B8020028079119D0FFE7099832
:10ABD000D0F8B8024068002811D0FFE70998D0F8F3
:10ABE000B8124968027906911146069A90470028E2
:10ABF00004D0FFE703208DF82300FFE7FFE7FFE71E
:10AC00000998002140220591059B04921A46049B55
:10AC1000FFF764FF0999012281F863210999049BD8
:10AC2000A1F8603109994FF0800E039008467146F3
:10AC3000DDF814E002927246FFF750FF0999029A7C
:10AC400081F823200999049B0B849DF8231001901F
:10AC500008460AB080BD000082B00146019001980C
:10AC600090F89C020428009107D1FFE7019890F822
:10AC70009D02019981F89C02FFE7002002B0704715
:10AC800080B584B001460390039890F89C02032895
:10AC9000029116D1FFE70398D0F8B80200280FD030
:10ACA000FFE70398D0F8B802C069002807D0FFE793
:10ACB0000398D0F8B812C96988470190FFE7FFE709
:10ACC000FFE7002004B080BD84B00A46034603902D
:10ACD0008DF80B109DF80B00039908740020019269
:10ACE000009304B07047000080B584B00A46034664
:10ACF00003908DF80B1000208DF80A008DF80900E4
:10AD00000398D0F8C8029DF80B1001920093F9F750
:10AD1000FBF98DF80A009DF80A00FFF70BFB8DF890
:10AD200009009DF8090004B080BD000080B586B020
:10AD30000A46034605900491059800F2AA2004995A
:10AD40000292019300F0C4F805980121C0F8941212
:10AD50000598B0F8B012C0F89812059890F8AA02B9
:10AD600000F01F0001460028009108D0FFE700987E
:10AD700001280CD0FFE70098022810D017E00598B2
:10AD800000F2AA2100F0ACFA8DF80F0019E0059846
:10AD900000F2AA2100F018FD8DF80F0011E00598CF
:10ADA00000F2AA2100F00AFB8DF80F0009E00598D7
:10ADB00090F8AA1201F0800100F008F88DF80F0059
:10ADC000FFE79DF80F0006B080BD000080B584B09D
:10ADD0000A46034603908DF80B1000208DF80A00F8
:10ADE0008DF809000398D0F8C8029DF80B10019265
:10ADF0000093F8F781FA8DF80A009DF80A00FFF732
:10AE000099FA8DF809009DF8090004B080BD000092
:10AE100080B584B00146039000208DF80B008DF8BA
:10AE20000A000398D0F8C8020191F9F7B5F98DF836
:10AE30000B009DF80B00FFF77DFA8DF80A009DF8D6
:10AE40000A0004B080BD000082B001460190019864
:10AE500090F89C020428009107D0FFE7019890F831
:10AE60009C02019981F89D02FFE70198042180F876
:10AE70009C12002002B07047B0B58AB09C4696463E
:10AE80000C46054609908DF8231007920693002082
:10AE90008DF817008DF816000998D0F8C802079AA7
:10AEA000069B9DF82310CDF810C0CDF80CE002945D
:10AEB0000195F8F79BFA8DF817009DF81700FFF73A
:10AEC00039FA8DF816009DF816000AB0B0BD0000E2
:10AED00080B586B00A460346059004910498039015
:10AEE000039800780599087003980130039003983F
:10AEF00000780599487003980130039003980292F6
:10AF00000193FCF7EBFC059948800398013003900E
:10AF10000398013003900398FCF7E0FC05998880C2
:10AF20000398013003900398013003900398FCF7D5
:10AF3000D5FC0599C88006B080BD000080B588B0FA
:10AF40000A460346069005910020ADF812000598C8
:10AF500000280392029304D1FFE703208DF81F001D
:10AF60002AE005980699C1F8B8020698D0F8D412DC
:10AF700000EB8100D0F8B802C06A002812D0FFE7C9
:10AF80000698D0F8D41200EB8100D0F8B802C06A5D
:10AF90000DF1120101900846019988470699C1F800
:10AFA000D002FFE70698D0F8D8120131C0F8D812C5
:10AFB00000208DF81F00FFE79DF81F0008B080BD3E
:10AFC00082B0014601900020009102B0704700005D
:10AFD00080B588B00A460346079006910698808897
:10AFE0000028049203933CD1FFE70698C08800280C
:10AFF00037D1FFE7069840887F2832D8FFE70698C8
:10B00000807800F07F008DF81700079890F89C0278
:10B01000032805D1FFE707980699FEF727FD1FE0F3
:10B020009DF81700079981F89E0207989DF8171060
:10B03000FFF75AFE079902900846FEF79BFD9DF820
:10B0400017100029019005D0FFE70798022180F82A
:10B050009C1204E00798012180F89C12FFE7FFE7AB
:10B0600004E007980699FEF701FDFFE708B080BDF0
:10B0700080B586B00A46034605908DF8131000206F
:10B080008DF812000598D0F8B802002803920293B8
:10B090000DD0FFE70598D0F8B81209689DF8132085
:10B0A00001911146019A90478DF81200FFE79DF833
:10B0B000120006B080BD000080B592B00A4603467B
:10B0C00010900F9100208DF83B000F98807840F68B
:10B0D0005011C2F200010870087802280D920C93FA
:10B0E00008D3FFE710980F99FEF7C0FC03208DF8F6
:10B0F0004700B9E0109890F89C02014602280B9195
:10B1000004D0FFE70B98032837D097E040F65010A3
:10B11000C2F200000078002829D0FFE740F6501066
:10B12000C2F200000178109A5160109900780A90DC
:10B1300008460A99FFF79CFF8DF83B009DF83B00FD
:10B14000002809D0FFE710980F99FEF78FFC1098A0
:10B15000022180F89C1209E01098FEF70BFDDDF843
:10B1600040E003218EF89C120990FFE704E010985C
:10B17000FEF700FD0890FFE771E040F65010C2F2C4
:10B1800000000078002819D1FFE71098022180F80C
:10B190009C1240F65010C2F200000178109A5160E3
:10B1A00010990078079008460799FEF7C3FB10999D
:10B1B00006900846FEF7DEFC05903EE040F6501093
:10B1C000C2F2000000781099496888422FD0FFE74A
:10B1D00010980179FEF7AEFB40F65011C2F2000163
:10B1E00091F800E0109AC2F804E0109A09780490EF
:10B1F0001046FFF73DFF8DF83B009DF83B0000280F
:10B200000FD0FFE710980F99FEF730FC10980179E6
:10B21000FEF790FB10994FF0020E81F89CE203902C
:10B2200004E01098FEF7A6FC0290FFE704E01098F7
:10B23000FEF7A0FC0190FFE7FFE710E010980F99E0
:10B24000FEF714FC109840F65011C2F20001097884
:10B25000FEF770FB03218DF83B100090FFE79DF88F
:10B260003B008DF84700FFE79DF8470012B080BD16
:10B2700080B586B00A46034605900491049840883C
:10B2800001280392029309D1FFE705980121C0F834
:10B29000A4120598FEF76EFC019015E00498408812
:10B2A00002280BD1FFE704988088000A059981F8ED
:10B2B000A0020598FEF75EFC009004E00598049952
:10B2C000FEF7D4FBFFE7FFE706B080BD80B582B094
:10B2D0000146019001980091FFF79AFD02B080BDF0
:10B2E00080B588B00A4603460790069100208DF885
:10B2F00017000698007800F06000014600280492CC
:10B300000393029118D0FFE70298202804D0FFE7AA
:10B310000298402849D1FFE70798D0F8D41200EBF3
:10B320008101D1F8B8128968069A01911146019AF3
:10B3300090478DF817003DE00698407801460928AF
:10B3400000912CD80099DFE801F01B252A202A0A59
:10B35000052A160F07980699FEF736FD24E0079890
:10B360000699FFF735FE1FE007980699FFF7A4FE40
:10B370008DF8170018E007980699FEF7EDFC13E02A
:10B3800007980699FEF736FF0EE007980699FFF733
:10B390006FFF09E007980699FEF7EEFA04E00798B8
:10B3A0000699FEF763FBFFE704E007980699FEF7AE
:10B3B0005DFBFFE79DF8170008B080BD80B59AB02F
:10B3C0000A4603461990189100208DF859001898E4
:10B3D00080888DF85B001898007800F060000146C6
:10B3E00000281592149313913CD0FFE7139820285E
:10B3F00005D0FFE71398402840F0DD81FFE719985A
:10B400009DF85B10FEF7DEFA8DF85A009DF85A00A1
:10B41000FF2826D0FFE79DF85A00002821D1FFE73A
:10B420009DF85A001999C1F8D40219989DF85A103C
:10B4300000EB8100D0F8B8028068002810D0FFE748
:10B4400019989DF85A1000EB8101D1F8B81289685B
:10B45000189A12911146129A90478DF85900FFE7F9
:10B46000FFE7ADE11898407801460028119100F0FF
:10B47000D980FFE71198012857D0FFE711980328DA
:10B4800040F09381FFE7199890F89C02014602284A
:10B49000109104D0FFE7109803281FD03FE09DF8DB
:10B4A0005B00002814D0FFE79DF85B0080280FD0D8
:10B4B000FFE719989DF85B10FFF788FC19994FF08A
:10B4C000800E0F9008467146FFF780FC0E9004E056
:10B4D00019981899FEF7CAFAFFE725E018984088EE
:10B4E000002817D1FFE79DF85B00002811D0FFE787
:10B4F0009DF85B0080280CD0FFE71898C0880028D2
:10B5000007D1FFE719989DF85B10FFF75FFC0D90DE
:10B51000FFE7FFE71998FEF72DFB0C9004E0199860
:10B520001899FEF7A3FAFFE744E1199890F89C02F6
:10B53000014602280B9104D0FFE70B9803281FD087
:10B540006AE09DF85B00002814D0FFE79DF85B00DF
:10B5500080280FD0FFE719989DF85B10FFF736FCA5
:10B5600019994FF0800E0A9008467146FFF72EFC9D
:10B57000099004E019981899FEF778FAFFE750E06F
:10B5800018984088002846D1FFE79DF85B004006E8
:10B59000002807D0FFE719989DF85B10FEF736FFEB
:10B5A0000890FFE71998FEF7E5FADDF864E09DF8EA
:10B5B0005B1007907046FEF705FA8DF85A009DF86B
:10B5C0005A00FF2826D0FFE79DF85A00002821D115
:10B5D000FFE79DF85A001999C1F8D40219989DF80F
:10B5E0005A1000EB8100D0F8B8028068002810D013
:10B5F000FFE719989DF85A1000EB8101D1F8B812B5
:10B600008968189A06911146069A90478DF8590054
:10B61000FFE7FFE7FFE704E019981899FEF726FA1D
:10B62000FFE7C7E0199890F89C02014602280591AF
:10B6300004D0FFE7059803283BD0B0E09DF85B00FD
:10B6400000280AD0FFE79DF85B00802805D0FFE7BF
:10B6500019981899FEF70AFAA6E09DF85B00000613
:10B6600000280CD5FFE719989DF85B1001F07F01C9
:10B6700001EB810100EB8100143004900CE019987B
:10B680009DF85B1001F07F0101EB810100EB81006F
:10B6900000F5AA700490FFE704981790179800210E
:10B6A0008173199817990E310222FEF739FA039027
:10B6B0007AE09DF85B000006002814D5FFE7199892
:10B6C0009DF85B1001F00F0101EB810100EB81009F
:10B6D00090F82300002805D1FFE719981899FEF784
:10B6E000C5F961E013E019989DF85B1001F00F01B6
:10B6F00001EB810100EB810090F86301002805D186
:10B70000FFE719981899FEF7B1F94DE0FFE79DF8AA
:10B710005B00000600280CD5FFE719989DF85B1028
:10B7200001F07F0101EB810100EB810014300290F8
:10B730000CE019989DF85B1001F07F0101EB81018D
:10B7400000EB810000F5AA700290FFE702981790C5
:10B750009DF85B00002805D0FFE79DF85B0080287E
:10B7600004D1FFE717980021817310E019989DF824
:10B770005B10FFF7FDF8002804D0FFE717980121C0
:10B78000817303E0179800218173FFE7FFE71998A1
:10B7900017990E310222FEF7C3F9019004E01998BF
:10B7A0001899FEF763F9FFE704E019981899FEF776
:10B7B0005DF9FFE704E019981899FEF757F9FFE7DC
:10B7C0009DF859001AB080BD80B588B00A4603467E
:10B7D0000790069100208DF817000698007800F079
:10B7E00060000146002804920393029108D0FFE70D
:10B7F0000298202804D0FFE70298402862D1FFE792
:10B80000079890F89C020138022855D8FFE706985F
:10B81000007901284AD8FFE7079806990979FEF7C9
:10B82000DDF88DF816009DF81600FF282AD0FFE7F6
:10B830009DF81600002825D1FFE707989DF81610FF
:10B8400000EB8100D0F8B8028068002815D0FFE72F
:10B850009DF816000799C1F8D40207989DF81610B4
:10B8600000EB8101D1F8B8128968069A019111465E
:10B87000019A90478DF8170003E003208DF8170018
:10B88000FFE703E003208DF81700FFE70698C08864
:10B8900000280AD1FFE79DF81700002805D1FFE72F
:10B8A0000798FEF767F90090FFE704E0079806990C
:10B8B000FEF7DCF8FFE704E007980699FEF7D6F8F4
:10B8C000FFE704E007980699FEF7D0F8FFE79DF838
:10B8D000170008B080BD000082B0014601900091C1
:10B8E00002B0704782B00146019040F65430C2F277
:10B8F0000000009102B0704786B00A4603460590EA
:10B900000491059803900498007802900498407878
:10B9100001280192009331D1FFE70498007800F0EC
:10B920000F00012101FA00F080B20399D1F81C2820
:10B930001043C1F81C080398029900EB4110D0F89D
:10B94000000910F4004F18D1FFE7049881686FF3E5
:10B95000DF21007941EA8040029940EA8150039A50
:10B9600002EB4111D1F80029104348F20002C1F264
:10B9700000021043C1F80009FFE72EE004980078A8
:10B9800000F00F00012101FA00F00399D1F81C2802
:10B9900042EA0040C1F81C080398029900EB4110EC
:10B9A000D0F8000B10F4004F16D1FFE7049881681F
:10B9B0006FF3DF21007941EA80400399029A01EB9D
:10B9C0004211D1F8002B104348F20002C1F20002EC
:10B9D0001043C1F8000BFFE7FFE7002006B07047F7
:10B9E00083B001460290029801900198D0F8002996
:10B9F00040F2FF739A43C0F800290198D0F8042858
:10BA000042F48072C0F804280020009103B070470F
:10BA100070B58EB0DDF848C09E4614460D46064609
:10BA2000CDF824C00893079206919DF824108DF854
:10BA300034100699079A089B0C930B920A91059073
:10BA40009DF82D00012803950294CDF804E000969E
:10BA500023D1FFE70598816B21F48031816305983C
:10BA6000C1684FF6BF72CFF6BD721140C160059834
:10BA7000C16821F44011C1609DF83400012806D14D
:10BA8000FFE70598C16841F48011C160FFE70598A0
:10BA900000F034F88DF813001BE00598C16841F000
:10BAA0004001C160059800F029F88DF813009DF859
:10BAB0003100002806D1FFE70598816B41F4803101
:10BAC000816305E00598816B21F480318163FFE794
:10BAD000FFE79DF82A0001280BD1FFE70598816850
:10BAE00041F0060181600598816841F02001816084
:10BAF000FFE79DF813000EB070BD000084B0014652
:10BB00000290002001900091FFE701980130019020
:10BB10000198B0F1706F04D9FFE703208DF80F0092
:10BB20002FE0FFE70298006910F0004FEDD0FFE72B
:10BB30000A200190FFE70198002804D0FFE7019850
:10BB400001380190F7E70298016941F001010161B4
:10BB5000FFE70198013001900198B0F1706F04D9AE
:10BB6000FFE703208DF80F000BE0FFE70298006964
:10BB700000F001000128ECD0FFE700208DF80F0055
:10BB8000FFE79DF80F0004B07047000086B00A463A
:10BB9000034605900491059803900498007802905C
:10BBA000049840780128019200934ED1FFE7039852
:10BBB000029900EB4110D0F8000910F0004F15D0A9
:10BBC000FFE70398029900EB4110D0F8001941F00B
:10BBD0000061C0F800190398029900EB4110D0F8F9
:10BBE000001941F08041C0F80019FFE7049800787F
:10BBF00000F00F00012101FA00F00022CFF6FF72E1
:10BC000062EA0000039BD3F83CC800EA0C00C3F8CA
:10BC10003C080498007800F00F0001FA00F062EA96
:10BC200000000399D1F81C281040C1F81C080398A3
:10BC3000029900EB4110D0F8001947F60002CEF649
:10BC400033421140C0F8001947E00398029900EB15
:10BC50004110D0F8000B10F0004F15D0FFE703980B
:10BC6000029900EB4110D0F8001B41F00061C0F8D0
:10BC7000001B0398029900EB4110D0F8001B41F023
:10BC80008041C0F8001BFFE70498007800F00F0027
:10BC9000012101FA00F0039AD2F83C3823EA00406F
:10BCA000C2F83C080498007800F00F0001FA00F098
:10BCB0000399D1F81C2822EA0040C1F81C08039817
:10BCC000029900EB4110D0F8001B47F60002CEF6B7
:10BCD000F3721140C0F8001BFFE7002006B0704768
:10BCE00083B001460290029801900198D0F8002E8E
:10BCF00022F00302C0F8002E0198D0F8042822F0A8
:10BD00000202C0F804280020009103B07047000030
:10BD100083B001460290029801900198D0F8002E5D
:10BD200022F00302C0F8002E0198D0F8042842F057
:10BD30000202C0F804280020009103B07047000000
:10BD400070B594B0DDF860C09E4614460D460646B8
:10BD5000CDF83CC00E930D920C919DF83C108DF8DF
:10BD60004C100C990D9A0E9B1293119210910B90FE
:10BD700000208DF82B000B990991089007950694E7
:10BD8000CDF814E00496FFE708980E280CD8FFE7DA
:10BD90000B98089900EB81000021C0F80411FFE71F
:10BDA000089801300890EFE79DF84A00002817D165
:10BDB000FFE70998D0F8041841F00201C0F8041810
:10BDC0000B98816B41F4001181630B98816B21F416
:10BDD000002181630B98816B21F4802181630AE04B
:10BDE0000B98816B21F4001181630B98816B41F4F6
:10BDF00000218163FFE709980021C0F8001E9DF82B
:10BE00004500012812D1FFE79DF84300002806D124
:10BE1000FFE70B98002100F0EFFE039005E00B9880
:10BE2000012100F0E9FE0290FFE705E00B980321F5
:10BE300000F0E2FE0190FFE70B98102100F0E8FC13
:10BE4000002804D0FFE701208DF82B00FFE70B98B6
:10BE500000F0A2FC002804D0FFE701208DF82B00A1
:10BE6000FFE709980021C0F810180998C0F81418C5
:10BE70000998C0F81C180891FFE708989DF8401031
:10BE800088423DD2FFE70998089900EB4110D0F8AD
:10BE9000000910F0004F17D0FFE70898002809D1DB
:10BEA000FFE70998089900EB41104FF00061C0F8D6
:10BEB000001908E00998089900EB41104FF09041F3
:10BEC000C0F80019FFE707E00998089900EB411056
:10BED0000021C0F80019FFE70998089900EB41100C
:10BEE0000021C0F810190998089900EB41104FF68D
:10BEF0007F31C0F80819FFE7089801300890BCE7C7
:10BF000000200890FFE708989DF8401088423DD235
:10BF1000FFE70998089900EB4110D0F8000B10F0EA
:10BF2000004F17D0FFE70898002809D1FFE70998CC
:10BF3000089900EB41104FF00061C0F8001B08E0C9
:10BF40000998089900EB41104FF09041C0F8001B90
:10BF5000FFE707E00998089900EB41100021C0F8BD
:10BF6000001BFFE70998089900EB41100021C0F879
:10BF7000101B0998089900EB41104FF67F31C0F86B
:10BF8000081BFFE7089801300890BCE70998D0F833
:10BF9000101821F48071C0F810180B9800218161ED
:10BFA0000B986FF0804141619DF84200002806D156
:10BFB000FFE70B98816941F010018161FFE70B9861
:10BFC000816943F60002C8F23C02114381619DF889
:10BFD0004600002806D0FFE70B98816941F0080170
:10BFE0008161FFE79DF84A00012808D1FFE70B981F
:10BFF00081690422C4F2000211438161FFE79DF8C8
:10C000002B0014B070BD000082B001460190019871
:10C01000826822F0010282600020009102B0704725
:10C0200080B589B013468C46864607908DF81B1064
:10C030000592079804900798006C0390039843F2C8
:10C040000B01C4F6547188420293CDF804C0CDF8B8
:10C0500000E00CD3FFE70498D0F8000B10F0004F7D
:10C0600004D0FFE700208DF823002EE0FFE70498BE
:10C070000021C0F8101B0498D0F8101B41F40021D7
:10C08000C0F8101B0498D0F8101B41F01801C0F83C
:10C09000101B0498D0F8101B41F0C041C0F8101BD1
:10C0A0009DF81B0001280CD1FFE705980499C1F801
:10C0B000140B0498D0F8001B41F08021C0F8001B3D
:10C0C000FFE700208DF82300FFE79DF8230009B06B
:10C0D00080BD000086B00A4603460590049105988D
:10C0E0000390049800780290049840780128019207
:10C0F000009320D1FFE70398029900EB4110D0F89C
:10C10000001921F40011C0F80019049800790328DF
:10C1100005D0FFE70498007902280BD1FFE70398C8
:10C12000029900EB4110D0F8001941F08051C0F89D
:10C130000019FFE71FE00398029900EB4110D0F8C7
:10C14000001B21F40011C0F8001B0498007903289B
:10C1500005D0FFE70498007902280BD1FFE7039888
:10C16000029900EB4110D0F8001B41F08051C0F85B
:10C17000001BFFE7FFE7002006B0704786B00A46C5
:10C180000346059004910598039004980078029066
:10C190000498407801280192009324D1FFE7039886
:10C1A000029900EB4110D0F8000910F0004F0FD1B8
:10C1B000FFE7029800280BD0FFE70398029900EBF5
:10C1C0004110D0F8001921F08041C0F80019FFE7B4
:10C1D0000398029900EB4110D0F8001941F40011C6
:10C1E000C0F8001923E00398029900EB4110D0F841
:10C1F000000B10F0004F0FD1FFE7029800280BD082
:10C20000FFE70398029900EB4110D0F8001B21F0E2
:10C210008041C0F8001BFFE70398029900EB411032
:10C22000D0F8001B41F40011C0F8001BFFE700200C
:10C2300006B0704780B58CB013468C4686460B908E
:10C240000A918DF827200B9808900A98007807909B
:10C250000A98407801280593CDF810C0CDF80CE07D
:10C2600040F02D81FFE70A98006900281FD1FFE701
:10C270000898079900EB4110D0F810196FF3DC41D2
:10C28000C0F810190898079900EB4110D0F8101960
:10C2900041F40021C0F810190898079900EB4110EB
:10C2A000D0F810196FF31201C0F8101973E0089854
:10C2B000079900EB4110D0F810196FF31201C0F884
:10C2C00010190898079900EB4110D0F810196FF376
:10C2D000DC41C0F810190798002815D1FFE70A982B
:10C2E00081680069884204D9FFE70A988168016182
:10C2F000FFE70898079900EB4110D0F8101941F4B6
:10C300000021C0F8101938E00A98816800690844D3
:10C310000138B0FBF1F0ADF81A00BDF81A000021A9
:10C32000C1F6F87101EAC0400899079A01EB421181
:10C33000D1F810291043C1F810090A980079012892
:10C340001AD1FFE70898079900EB4110D0F81019AF
:10C3500021F0C041C0F81019BDF81A004FF0C041DB
:10C3600001EA40700899079A01EB4211D1F81029AF
:10C370001043C1F81009FFE7FFE70A9800696FF35F
:10C38000DF400899079A01EB4211D1F810291043B8
:10C39000C1F81009FFE79DF8270001283CD1FFE70D
:10C3A0000A98C069002809D0FFE70A98C06908996F
:10C3B000079A01EB4211C1F81409FFE70A980079C6
:10C3C00001281ED1FFE70898D0F8080810F4807FF4
:10C3D0000BD1FFE70898079900EB4110D0F800193E
:10C3E00041F00051C0F800190AE00898079900EBE5
:10C3F0004110D0F8001941F08051C0F80019FFE752
:10C40000FFE70898079900EB4110D0F8001941F0B8
:10C410000441C0F8001951E00898079900EB411059
:10C42000D0F8001941F00441C0F800190A980079C9
:10C43000012814D0FFE70A98006900280ED0FFE712
:10C440000A98007800F00F00012101FA00F0089925
:10C45000D1F834281043C1F83408FFE72DE00898DC
:10C46000D0F8080810F4807F0BD1FFE708980799EF
:10C4700000EB4110D0F8001941F00051C0F800194C
:10C480000AE00898079900EB4110D0F8001941F034
:10C490008051C0F80019FFE70B980A99CA680B8A07
:10C4A00009789DF827C0EE46CEF800C002911146EB
:10C4B000029A00F09FFC0190FFE7FFE7C8E00898B0
:10C4C000079900EB4110D0F8101B6FF31201C0F870
:10C4D000101B0898079900EB4110D0F8101B6FF360
:10C4E000DC41C0F8101B0798002824D1FFE70A9808
:10C4F0000069002804D0FFE70A9881680161FFE71E
:10C500000A98816801620A98006A6FF3DF4008990F
:10C51000079A01EB4211D1F8102B1043C1F8100B10
:10C520000898079900EB4110D0F8101B41F4002146
:10C53000C0F8101B4AE00A980069002818D1FFE7EC
:10C540000A9880686FF3DF400899079A01EB42115F
:10C55000D1F8102B1043C1F8100B0898079900EB85
:10C560004110D0F8101B41F40021C0F8101B2CE042
:10C570000A988168006908440138B0FBF1F0ADF811
:10C580001A000A988168BDF81A2051430162BDF86B
:10C590001A000021C1F6F87101EAC0400899079A13
:10C5A00001EB4211D1F8102B1043C1F8100B0A987F
:10C5B000006A6FF3DF400899079A01EB4211D1F846
:10C5C000102B1043C1F8100BFFE7FFE79DF8270081
:10C5D00001280FD1FFE70A98C068002809D0FFE7BB
:10C5E0000A98C0680899079A01EB4211C1F8140B28
:10C5F000FFE7FFE70A98007901281ED1FFE70898B6
:10C60000D0F8080810F4807F0BD1FFE7089807994D
:10C6100000EB4110D0F8001B41F00051C0F8001BA6
:10C620000AE00898079900EB4110D0F8001B41F090
:10C630008051C0F8001BFFE7FFE70898079900EB5F
:10C640004110D0F8001B41F00441C0F8001BFFE787
:10C6500000200CB080BD000087B00A46034606905B
:10C660000591002004908DF80F000698029005981F
:10C6700040780128019200933FD1FFE70298059985
:10C68000097800EB4110D0F8000910F0004F33D0CA
:10C69000FFE702980599097800EB4110D0F80019DE
:10C6A00041F00061C0F8001902980599097800EB83
:10C6B0004110D0F8001941F08041C0F80019FFE79F
:10C6C000049801300490049842F21171884204D316
:10C6D000FFE701208DF80F000DE0FFE702980599B4
:10C6E000097800EB4110D0F8000900F00040B0F1EB
:10C6F000004FE5D0FFE7FFE73EE002980599097893
:10C7000000EB4110D0F8000B10F0004F33D0FFE7E2
:10C7100002980599097800EB4110D0F8001B41F010
:10C720000061C0F8001B02980599097800EB4110E0
:10C73000D0F8001B41F08041C0F8001BFFE70498CF
:10C7400001300490049842F21171884204D3FFE74B
:10C7500001208DF80F000DE0FFE702980599097898
:10C7600000EB4110D0F8000B00F00040B0F1004F9A
:10C77000E5D0FFE7FFE7FFE79DF80F0007B0704740
:10C7800082B0014601900198826842F00102826005
:10C790000020009102B0704784B001460290002052
:10C7A00001900091FFE70198013001900198B0F1EC
:10C7B000706F04D9FFE703208DF80F0024E0FFE736
:10C7C0000298006910F0004FEDD0FFE700200190C3
:10C7D000029810210161FFE7019801300190019852
:10C7E000B0F1706F04D9FFE703208DF80F000BE064
:10C7F000FFE70298006900F010001028ECD0FFE776
:10C8000000208DF80F00FFE79DF80F0004B070477F
:10C8100086B00A46034604900391002002900192DC
:10C820000093FFE70298013002900298B0F1706F18
:10C8300004D9FFE703208DF8170027E0FFE70498ED
:10C84000006910F0004FEDD0FFE700200290039840
:10C85000202141EA801004990861FFE70298013025
:10C8600002900298B0F1706F04D9FFE703208DF8B1
:10C8700017000BE0FFE70498006900F02000202873
:10C88000ECD0FFE700208DF81700FFE79DF81700B8
:10C8900006B0704785B00146049004980390039851
:10C8A000D0F8080800F006000190019800280091D7
:10C8B00004D1FFE700208DF80B0010E0019802285A
:10C8C00004D0FFE70198062804D1FFE702208DF885
:10C8D0000B0003E00F208DF80B00FFE7FFE79DF84A
:10C8E0000B0005B07047000082B00146019001982E
:10C8F000406900F00100009102B0704784B0014629
:10C900000390039802900298D0F8180801900298BA
:10C91000D0F81C08019A10400190BDF80400009165
:10C9200004B0704784B001460390039802900298C7
:10C93000D0F8180801900298D0F81C08019A10400D
:10C940000190BDF80600009104B0704788B00A4617
:10C95000034607908DF81B10079805900598D0F8AE
:10C96000100803900598D0F83408029002989DF8BA
:10C970001B1001F00F01C84000F00100039941EACB
:10C98000C010039005989DF81B1000EB4110D0F8E3
:10C99000080903990840049004980192009308B094
:10C9A0007047000086B00A46034605908DF81310C4
:10C9B0000598039003989DF8131000EB4110D0F8F0
:10C9C000080B02900398D0F81408029908400290CE
:10C9D00002980192009306B07047000083B00146B0
:10C9E000029002984069019002988069019A104073
:10C9F00001900198009103B07047000080B58CB0A1
:10CA000013468C4686460B900A91ADF826200B986B
:10CA100008900A980790BDF8260080080490BDF899
:10CA2000260000F00300ADF80E00002005900293F0
:10CA3000CDF804C0CDF800E0FFE7059804998842DE
:10CA400017D2FFE708984FF48051405807990860C3
:10CA50000798013007900798013007900798013038
:10CA60000790079801300790FFE70598013005907F
:10CA7000E3E7BDF80E00002821D0FFE70020059075
:10CA800008984FF4805140580690FFE706989DF8AB
:10CA90001410C900C8400799087005980130059026
:10CAA000079801300790BDF80E000138ADF80E0070
:10CAB000FFE7BDF80E000028E8D1FFE7FFE7079881
:10CAC0000CB080BD80B588B00A46034606908DF84C
:10CAD0001710002004900698C16821F0C041C16081
:10CAE0009DF8170001280392029324D1FFE70698CE
:10CAF000C16841F00051C160FFE70A20F5F700FC72
:10CB000004980A300490FFE70698FFF7EDFE4FF017
:10CB1000000E0128CDF804E007D0FFE704980021BB
:10CB2000C82838BF01210191FFE70198C0070028FC
:10CB3000E3D1FFE72DE09DF81700002824D1FFE79F
:10CB40000698C16841F08041C160FFE70A20F5F70F
:10CB5000D7FB04980A300490FFE70698FFF7C4FE5D
:10CB60004FF0000E0028CDF800E007D0FFE7049852
:10CB70000021C82838BF01210091FFE70098C007B5
:10CB80000028E3D1FFE703E001208DF81F000CE04F
:10CB9000FFE70498C82804D1FFE701208DF81F00A3
:10CBA00003E000208DF81F00FFE79DF81F0008B08C
:10CBB00080BD000085B00A46034604908DF80F1032
:10CBC000049802900298D0F8001821F4FE61C0F891
:10CBD00000189DF80F004FF4FE6101EA0010029961
:10CBE000D1F800C840EA0C00C1F80008002001920A
:10CBF000009305B07047000085B00A4603460490D4
:10CC00008DF80F10049802909DF80F000299D1F84A
:10CC100000C840EA0C00C1F800080020019200930F
:10CC200005B0704780B587B013468C46864606909F
:10CC300005918DF813209DF8130002280293CDF87A
:10CC400004C0CDF800E040F0B880FFE705984AF650
:10CC5000C041C0F2D80188420BD3FFE705984EF2DD
:10CC6000BF11C0F2E401884203D8FFE70F20039010
:10CC7000A2E005984EF2C011C0F2E40188420BD345
:10CC8000FFE7059842F2FF31C0F2F401884203D871
:10CC9000FFE70E2003908EE0059842F20041C0F2BB
:10CCA000F40188420BD3FFE7059847F27F31C0F2C9
:10CCB0000611884203D8FFE70D2003907AE005981B
:10CCC00047F28031C0F2061188420BD3FFE7059886
:10CCD00044F69F11C0F21A11884203D8FFE70C20D6
:10CCE000039066E0059844F6A011C0F21A1188423C
:10CCF0000BD3FFE7059842F6FF41C0F2311188429D
:10CD000003D8FFE70B20039052E0059842F600514C
:10CD1000C0F2311188420BD3FFE705984AF23F4138
:10CD2000C0F24C11884203D8FFE70A2003903EE08E
:10CD300005984AF24041C0F24C1188420BD3FFE7FC
:10CD4000059843F2FF51C0F26E11884203D8FFE705
:10CD5000092003902AE0059843F20061C0F26E11A9
:10CD600088420BD3FFE705984AF61F31C0F2A6119F
:10CD7000884203D8FFE70820039016E005984AF69A
:10CD80002031C0F2A61188420BD3FFE7059844F288
:10CD9000FF71C0F2E811884203D8FFE70720039033
:10CDA00002E006200390FFE7FFE7FFE7FFE7FFE76A
:10CDB000FFE7FFE7FFE7FFE70BE09DF81300002820
:10CDC00003D1FFE70920039002E009200390FFE769
:10CDD000FFE70698C16821F47051C16003984FF4D1
:10CDE000705101EA80200699CA681043C86000208B
:10CDF00007B080BD70B58CB0DDF840C09E461446CB
:10CE00000D4606460B900A918DF82720ADF8243088
:10CE10008DF823C00B9807900A9806909DF8230080
:10CE20000028CDF80CE002940195009629D1FFE787
:10CE3000BDF8240003308008059000200490FFE72F
:10CE40000498059988421BD2FFE706980068079965
:10CE50009DF8272001EB02314FF48052885006984C
:10CE60000130069006980130069006980130069031
:10CE7000069801300690FFE7049801300490DFE740
:10CE8000FFE700200CB070BDFFE7FEE780B501F0C2
:10CE90002FFF80BD80B501F003FF01F051FF01F0CD
:10CEA00057FF80BD86B0B0EE601AB0EE402A014652
:10CEB00005908DED040ACDED030A059890ED000A6A
:10CEC000DDED040AB4EEE00AF1EE10FA8DED021A7F
:10CED0008DED012A009106DAFFE79DED040A059821
:10CEE00080ED000A11E0059890ED000A9DED031A0F
:10CEF000B4EEC10AF1EE10FA06DDFFE79DED030A7C
:10CF0000059880ED000AFFE7FFE706B070470000D4
:10CF100087B00A46034606908DF81710069842F22D
:10CF20005451C2F200018842039202935BD1FFE7A1
:10CF30009DF81700013801460A28019152D801993D
:10CF4000DFE801F0060C131A21272E353C42490078
:10CF500040F26010C2F20000049043E040F2601022
:10CF6000C2F20000023004903CE040F26010C2F2D5
:10CF700000000430049035E040F26010C2F200007E
:10CF8000063004902EE040F25810C2F200000490E7
:10CF900028E040F25810C2F200000230049021E074
:10CFA00040F25810C2F20000043004901AE040F23F
:10CFB0005810C2F200000630049013E040F26810EE
:10CFC000C2F2000004900DE040F26810C2F20000CE
:10CFD0000230049006E040F26810C2F20000043013
:10CFE0000490FFE763E0069842F27C51C2F2000130
:10CFF00088425BD1FFE79DF81700013801460A28F7
:10D00000009152D80099DFE801F0060C131A21278D
:10D010002E353C42490040F2A410C2F200000490B8
:10D0200043E040F2A410C2F20000023004903CE061
:10D0300040F2A410C2F200000430049035E040F247
:10D04000A410C2F20000063004902EE040F29C10C2
:10D05000C2F20000049028E040F29C10C2F20000EE
:10D060000230049021E040F29C10C2F20000043033
:10D0700004901AE040F29C10C2F2000006300490C6
:10D0800013E040F2AC10C2F2000004900DE040F258
:10D09000AC10C2F200000230049006E040F2AC1086
:10D0A000C2F2000004300490FFE7FFE7FFE70498B6
:10D0B00007B0704780B584B00A4603460390ADF8C8
:10D0C0000A10039940F2E010C2F2000001920093AE
:10D0D00000F026FC04B080BD80B584B00A4603464B
:10D0E0000390ADF80A10039940F2E010C2F200007C
:10D0F0000192009300F030FC04B080BD80B586B092
:10D1000043F2D400C2F200000168013101600068FE
:10D11000B0F5FA6F07D9FFE743F2D800C2F200007A
:10D1200001210170FFE743F2D800C2F2000000784D
:10D13000C00700283AD0FFE740F2E010C2F200003A
:10D14000059000F00DF941F68C50C2F200000490F9
:10D150008DED030A01F07AF99DED031A21EE000A24
:10D16000049801F08BF9059800F004F904988DED0E
:10D17000020A01F077F99DED021A21EE000A0498E7
:10D1800001F090F9059800F0FFF804988DED010A80
:10D1900000F0F2FF9DED011A21EE000A049800F064
:10D1A000F7FFFAF73DFDFBF7CBF8FFE706B080BDD0
:10D1B00086B00A46034605900491059803900498AA
:10D1C00002900398407802990870039800780299B9
:10D1D00048700192009306B070470000B0B592B05D
:10D1E0009C4696460C46054611908DF843100F92CA
:10D1F0000E939DF84300C008099000200A909DF806
:10D20000430080070028CDF80CC0CDF808E0019459
:10D21000009519D5FFE701200B900F98C0F34F3010
:10D2200004900F98C0009DF8431001F0030140EAFC
:10D23000410005900E98C0F34F3006900E980621DD
:10D2400041EAC000079012E000200B9004900F9973
:10D2500049019DF8432002F0020241EA02110591C2
:10D2600006900E98102141EA40100790FFE79DF8C4
:10D270004300C0F3800008900E200D9001200C9018
:10D28000119804A9F3F7D6FD002803D0FFE7F3F7C0
:10D29000B3FCFFE712B0B0BD80B584B00146039087
:10D2A00003980068A0F2012002460328029101922F
:10D2B00033D80199DFE801F0020D1925039800F138
:10D2C0001C0141F68C50C2F20000543000F0E0FD29
:10D2D00023E0039800F11C0141F68C50C2F20000DB
:10D2E00000F5B07000F0D4FD17E0039800F11C01C8
:10D2F00041F68C50C2F2000000F51B7000F0C8FD32
:10D300000BE0039800F11C0141F68C50C2F20000C2
:10D3100000F55E7000F0BCFDFFE704B080BD0000CA
:10D3200083B0B0EE401A8DED020A9DED020AB5EE13
:10D33000C00AF1EE10FA8DED011A05DDFFE79DED53
:10D34000020A8DED000A06E09DED020AB1EE400AE8
:10D350008DED000AFFE79DED000A03B07047000065
:10D3600082B001460190019890ED1B0A009102B035
:10D370007047000082B001460190019890ED1C0AB0
:10D38000009102B07047000082B001460190019800
:10D3900090ED190A009102B070470000B0B58BB053
:10D3A0009C4696460C4605460A9009918DF8232026
:10D3B0008DF822309DF8220001460128CDF81CC0CE
:10D3C000CDF818E005940495039108D0FFE7039881
:10D3D000022820D0FFE70398032838D053E09DF8B7
:10D3E000230001460128029108D0FFE70298022895
:10D3F00008D0FFE70298032808D00BE00998002125
:10D40000017007E009980421017003E009980121E7
:10D410000170FFE737E09DF82300014601280191E4
:10D4200008D0FFE70198022808D0FFE701980328F9
:10D4300008D00BE009980221017007E00998062145
:10D44000017003E0099805210170FFE71BE09DF8DA
:10D45000230001460128009108D0FFE70098022828
:10D4600008D0FFE70098032808D00BE009980221B4
:10D47000017007E009980421017003E00998032175
:10D480000170FFE7FFE70BB0B0BD00002DE9F04FE2
:10D49000A3B0DDF8C8C0DDF8C4E0309C2F9D2E9EFF
:10D4A0002D9FDDF8B080994692468B460D901D97D2
:10D4B000CDF870801B931A9219911EA919AA1223F4
:10D4C0000C90084611461A46CDF82C90CDF828A0AD
:10D4D000CDF824B00893CDF81CC0CDF818E0059421
:10D4E00004950396F2F73FFF07991391069A12925B
:10D4F000059B1193DDF810C0CDF840C0DDF80CE0BD
:10D50000CDF83CE014AC0FA902902046089AF2F73F
:10D510002AFF0D990E910E9A1E9B6FF3DF23DDF803
:10D5200050C06FF3DF2C6345019000922CD1FFE7D0
:10D530001E98C0F3CA201499C1F3CA21884223D18E
:10D54000FFE7BDF87C001E99890D41EA80206FF34A
:10D55000DF20BDF85410149A920D42EA81216FF336
:10D56000DF21884210D1FFE7BDF87C00C0F34A00FC
:10D57000BDF85410C1F34A01884205D1FFE70020ED
:10D58000009981F8610004E00120009981F86100B0
:10D59000FFE723B0BDE8F08F82B00146019001980B
:10D5A00090F86200009102B070470000B0B5ACB0D6
:10D5B00001462B902B980268D2F88430D2F888C0AC
:10D5C000D2F88CE0D2F89040C461C0F818E0C0F8FE
:10D5D00014C00361B2F894200284026884322A9253
:10D5E0002A9A12686FF3DF2200EE102AB8EEC00A02
:10D5F00090ED021A90ED032A30EE410A80EE020A05
:10D6000080ED190A2A9A1268C2F3CA2200EE102A83
:10D61000B8EEC00A90ED021A90ED032A30EE410AEE
:10D6200080EE020A80ED1A0A2A9A93881268920DF7
:10D6300042EA83226FF3DF2200EE102AB8EEC00A1E
:10D6400090ED021A90ED032A30EE410A80EE020AB4
:10D6500080ED1B0A2A9A9288C2F34A0200EE102A31
:10D66000B8EEC00A90ED021A90ED032A30EE410A9E
:10D6700080EE020A80ED1C0A00F174022A9B9B884E
:10D680009B0BB0F826C04FEA9C3C149013911146B6
:10D690001A466346FFF782FE149800F175012A9A34
:10D6A0009288C2F30132C38CC3F30133FFF776FED5
:10D6B0001498FFF771FF00285AD1FFE72A98B0F9B4
:10D6C000060000EE100AB8EEC00A9FED5A1A80EE6E
:10D6D000010A149880ED1E0A2A99B1F9081000EE8B
:10D6E000101AB8EEC00A80EE010A80ED1F0A2A99CE
:10D6F000B1F90A1000EE101AB8EEC00A80EE010A65
:10D7000080ED200A00F184012A9A127B90F82E30D5
:10D7100000F048FA149800F185012A9AD268C2F301
:10D720000722D0F82E30C3F3072300F03BFA002085
:10D730002990FFE729980F2819DCFFE72998149909
:10D740000A1802F186012A9AD289C24002F0010227
:10D75000149BB3F830C02CFA00F000F001031498C9
:10D7600000F020FAFFE7299801302990E2E7FFE76F
:10D770002A98008A6FF3DF2000EE100AB8EEC00A84
:10D78000149890ED021A90ED032A30EE410A80EED3
:10D79000020A80ED260A00F1220124AA1223104673
:10D7A00012921A461193F2F7DEFD149910311FAA56
:10D7B00010901046119B0F921A46F2F7D4FD1AA949
:10D7C0000E9008461299119AF2F7CDFD1A991B9AFC
:10D7D0001C9BDDF874E0DDF878C015AC0D90204698
:10D7E0000F9C0C912146119D0B922A46CDF828C022
:10D7F0000993CDF820E0F2F7B6FD1599169A179B1C
:10D80000DDF860C0DDF864E06C46C4F818E0C4F8E8
:10D8100014C02361E260A1600A99616008992160E7
:10D820001499079008460C990B9A099BFFF72EFE56
:10D830002CB0B0BD0000004780B588B00A46034652
:10D840000790069107980699D1F800C0D1F804E036
:10D850008968C163C0F838E0C0F834C00699059102
:10D860000599B1F9001000EE101AB8EEC00A9FED4C
:10D870002B1A80EE010A80ED1E0A0599B1F90210FB
:10D8800000EE101AB8EEC00A80EE010A80ED1F0A01
:10D890000599B1F9041000EE101AB8EEC00A80EE36
:10D8A000010A80ED200A00F18401DDF814C090F82F
:10D8B00046E09CF806C003900292624601937346CC
:10D8C00000F070F9039800F18501059A90F847304F
:10D8D000D27900F067F900200490FFE704980F2840
:10D8E00019DCFFE7049803990A1802F18601059AEA
:10D8F0001289C24002F00102039BB3F848C02CFA1F
:10D9000000F000F00103039800F04CF9FFE70498E1
:10D9100001300490E2E708B080BD00BF000000477E
:10D9200080B586B00A460346059004910598C16CFF
:10D930000131C164039002920193FFF737FE03980F
:10D94000223003990A6802F184011222F2F70BFDDA
:10D95000009006B080BD000080B586B00A46034640
:10D9600005900491059804990978A52902920193DC
:10D97000009039D1FFE704988079ADF80E00BDF82A
:10D980000E000499497941EA0020ADF80E00049890
:10D990008078ADF80C00BDF80C000499497841EA94
:10D9A0000020ADF80C00BDF80E00B0F5417F1AD193
:10D9B000FFE7BDF80C000C2815D1FFE70098416D7A
:10D9C0000131416504990731FFF736FF0498D0F81B
:10D9D0000710D0F80BE0D0F80F00009A9064C2F85E
:10D9E00044E01164FFE7FFE706B080BD80B587B073
:10D9F00013468C4686460690059104920698059932
:10DA0000096841F20002C4F2010291420393CDF889
:10DA100008C0CDF804E0009007D1FFE740F2F02005
:10DA2000C2F200000099086054E00598006844F2D2
:10DA30000041C4F20001884207D1FFE740F20040F4
:10DA4000C2F200000099086043E00598006844F6BF
:10DA50000001C4F20001884207D1FFE740F21050F4
:10DA6000C2F200000099086032E00598006844F6B0
:10DA70000041C4F20001884207D1FFE740F2206074
:10DA8000C2F200000099086021E00598006845F2A4
:10DA90000001C4F20001884207D1FFE740F2307074
:10DAA000C2F200000099086010E00598006841F299
:10DAB0000041C4F20101884207D1FFE740F640006F
:10DAC000C2F2000000990860FFE7FFE7FFE7FFE709
:10DAD000FFE7FFE70498006841F20001C4F201018A
:10DAE000884207D1FFE740F2F020C2F2000000991F
:10DAF000486054E00498006844F20041C4F2000118
:10DB0000884207D1FFE740F20040C2F200000099CE
:10DB1000486043E00498006844F60001C4F2000144
:10DB2000884207D1FFE740F21050C2F2000000998E
:10DB3000486032E00498006844F60041C4F20001F5
:10DB4000884207D1FFE740F22060C2F2000000994E
:10DB5000486021E00498006845F20001C4F2000129
:10DB6000884207D1FFE740F23070C2F2000000990E
:10DB7000486010E00498006841F20041C4F20101DD
:10DB8000884207D1FFE740F64000C2F2000000994A
:10DB90004860FFE7FFE7FFE7FFE7FFE7FFE707B0C2
:10DBA00080BD0000B0B58AB09C4696460C4605463E
:10DBB000099008918DF81F208DF81E309DF81E00E9
:10DBC00001460028CDF818C0CDF814E00494039560
:10DBD000029104D0FFE70298012814D027E09DF8B5
:10DBE0001F0001460028019104D0FFE70198012899
:10DBF00004D007E008980021017003E00898012193
:10DC00000170FFE713E09DF81F0001460028009116
:10DC100004D0FFE70098012804D007E0089802210B
:10DC2000017003E0089803210170FFE7FFE70AB0E5
:10DC3000B0BD000082B00146019001984FF08942CA
:10DC400082600022C4F22542C2600022C2640265E2
:10DC500042658265A0F85C20A0F85E2080F8602014
:10DC600080F8612080F8622080F86320009102B083
:10DC70007047000086B0B0EE601AB0EE402A014650
:10DC800005908DED040ACDED030A05989DED040A7B
:10DC900080ED020A039AC26082680260C268426034
:10DCA0008DED021A8DED012A009106B0704700003B
:10DCB00082B00146019001980022026142618261B6
:10DCC000009102B07047000080B588B0014607900F
:10DCD0000798D0F8A02020320392039A06AB029056
:10DCE000104601911946FFF763FA039802300DF1CF
:10DCF0001601FFF75DFA0398043005A9FFF758FAFB
:10DD0000039806300DF11201FFF752FA029890F8CD
:10DD1000B41001292CD1FFE7BDF818000299D1F801
:10DD2000E020801AADF81A00BDF91A00B1F8B6204B
:10DD30005342C2EBD372B0EB620F07DAFFE70298EF
:10DD4000D0F8E8100131C0F8E81010E0BDF91A0071
:10DD50000299B1F8B620B0EB520F07DDFFE7029849
:10DD6000D0F8E8100139C0F8E810FFE7FFE7FFE757
:10DD70000298D0F8E810B0F8B620BDF8183001FBD2
:10DD80000231C0F8E41090ED2B0A90ED391AB8EE8C
:10DD9000C11AB0F8B61002EE101AB8EE422A81EE9F
:10DDA000021A31EE011A9FED312A21EE021A81EE9C
:10DDB000000A80ED330A90ED2B0A90ED391AB8EE87
:10DDC000C11AB0F8B61002EE101AB8EE422A81EE6F
:10DDD000021A9FED272A21EE021A81EE000A80ED39
:10DDE000320ABDF9161000EE101AB8EEC00A9FED07
:10DDF000211A20EE010A90ED2B1A80EE010A80ED27
:10DE0000340ABDF9161000EE101AB8EEC00AB1EED1
:10DE1000081A20EE010A90ED2B1A80EE010A80ED1F
:10DE2000350ABDF9141000EE101AB8EEC00A80EDE4
:10DE3000360ABDF9121000EE101AB8EEC00A9FEDB6
:10DE40000E1A30EE010A80ED370ABDF81810C0F83E
:10DE5000E01090F8B410002905D1FFE701200299E5
:10DE600081F8B400FFE708B080BD00BFDB0F494078
:10DE70000000B4435077D63D3393884382B00146C7
:10DE800001900198B0F8B800009102B0704700000E
:10DE900080B584B00A460346039002910398D0F8F7
:10DEA000BC100131C0F8BC1001920093FFF70CFFC9
:10DEB00004B080BD84B0B0EE401A014603908DEDF1
:10DEC000020A03989DED020A80ED400A8DED011AC9
:10DED000009104B07047000084B00A4603460390E6
:10DEE0008DF80B1003989DF80B1080F8F01001923C
:10DEF000009304B07047000080B586B001460590DD
:10DF0000059890F8F0201346032A04910390029399
:10DF10006DD80299DFE801F00214263F039890EDD6
:10DF20002C0A90ED411A81EE000AB0F8B81001EE0B
:10DF3000101AB8EEC11A20EE010A80ED420A5BE029
:10DF4000039890ED2C0A90ED411A81EE000AB0F88A
:10DF5000B81001EE101AB8EEC11A20EE010A80EDD9
:10DF6000420A49E0039800F1500190ED400A08464A
:10DF7000019100F005FC039890ED340A019800F03F
:10DF8000F9FD019800F020FC019800F0E9FD0398EC
:10DF900080ED420A30E0039890ED3F0A00F0F0FB7C
:10DFA000039890ED330A00F0E5FD039800F00CFCB7
:10DFB000039800F0D5FD039880ED400A00F1500E63
:10DFC00090ED400A7046CDF800E000F0D9FB0398D0
:10DFD00090ED340A009800F0CDFD009800F0F4FBBD
:10DFE000009800F0BDFD039880ED420A04E0002097
:10DFF0000399C1F80801FFE7039800F05FF806B045
:10E0000080BD0000B0B58CB0B0EE601AB0EE402A12
:10E010009C4696460C4605460B900A918DF82720A3
:10E020008DF826308DED080ACDED070A0B980A9978
:10E03000096846F20042C4F2000291428DED061AD0
:10E040008DED052ACDF810C0CDF80CE002940195B5
:10E05000009008D1FFE740F27010C2F20000009972
:10E06000C1F8A00011E00A98006846F60001C4F269
:10E070000001884208D1FFE740F2B410C2F200006C
:10E080000099C1F8A000FFE7FFE79DF8270000997D
:10E0900081F8A4009DF8260081F8F0000898C1F8E6
:10E0A000AC000798C1F8B0000A989DF82710FEF759
:10E0B0002FFF0099C1F8A8000CB0B0BD82B0014696
:10E0C0000190019890ED420ABDEEC00A10EE102AB0
:10E0D000120AD0F8A8301A7090ED420ABDEEC00ABC
:10E0E00010EE102AD0F8A8004270009102B07047DC
:10E0F00084B0B0EE401A014603908DED020A0398F9
:10E100009DED020A80ED420A8DED011A009104B0E6
:10E110007047000080B584B00146039003980290D8
:10E12000019100F039FD0298503000F035FD0020DB
:10E13000029981F8B4004FF4005EA1F8B6E04FF404
:10E14000804EA1F8B8E0C1F8BC00C1F8C00081F869
:10E15000C4004FF0030E81F8F0E0C1F8F400C1F8FC
:10E16000F800C1F8FC00C1F80001C1F80401C1F8D1
:10E170000801084604B080BD82B0014601900198B4
:10E1800000F28C4090ED000A009102B07047000050
:10E1900084B0B0EE401A014603908DED020A039858
:10E1A0009DED020A00F2DC4080ED000A8DED011ABF
:10E1B000009104B07047000080B596B001461590FC
:10E1C000159890F8D0241346002A099108900793D7
:10E1D00005D0FFE70798411E032938D32EE1002020
:10E1E0001490FFE71498032830DCFFE7089800F14B
:10E1F0005401149A4FF4867302FB03100222069115
:10E2000011460593FFF768FE14980599069A00FBDE
:10E2100001209FED8D0A8DED040A00F0C3FA1498D9
:10E220000599069A00FB01209DED040AFFF742FEC6
:10E2300014980599069A00FB01209DED040AFFF74A
:10E2400057FFFFE7149801301490CBE7F6E0002069
:10E250001390FFE7139803280FDCFFE713984FF4A0
:10E260008671089A00FB012054300221FFF734FE2A
:10E27000FFE7139801301390ECE7089800F284410F
:10E2800091ED000AB5EE400AF1EE10FA13D0FFE767
:10E29000089800F2D440089901F2844292ED000AF5
:10E2A000B1EE401A8DED030AB0EE410ADDED030A2E
:10E2B000FEF7F8FDFFE7089800F5916191ED000A7F
:10E2C000B5EE400AF1EE10FA13D0FFE7089800F51A
:10E2D0009B60089901F5916292ED000AB1EE401A37
:10E2E0008DED020AB0EE410ADDED020AFEF7DAFD1D
:10E2F000FFE7089800F28C4191ED000AB5EE400A64
:10E30000F1EE10FA13D0FFE7089800F2DC4008990C
:10E3100001F28C4292ED000AB1EE401A8DED010A35
:10E32000B0EE410ADDED010AFEF7BCFDFFE70898FB
:10E3300000F59B6191ED000A00F2D44292ED001AC3
:10E3400030EE410A00F2DC4393ED001A9FED3C2AC7
:10E3500001EE020A8DED120A91ED000A92ED001A0B
:10E3600030EE010A93ED001A01EE420A8DED110A1A
:10E3700091ED000A92ED001A30EE010A93ED001AB9
:10E3800001EE020A8DED100A91ED000A92ED001ADD
:10E3900030EE410A93ED001A01EE420A8DED0F0AAC
:10E3A0009DED120A9FED271A20EE010A8DED0E0A4F
:10E3B0009DED110A20EE010A8DED0D0A9DED100A6A
:10E3C00020EE010A8DED0C0A9DED0F0A20EE010AE8
:10E3D0008DED0B0A54309DED0D0AFFF76BFD08988B
:10E3E00000F5B0709DED0E0AB1EE400AFFF762FD38
:10E3F000089800F51B709DED0C0AB1EE400AFFF77E
:10E4000059FD089800F55E709DED0B0AFFF752FD6F
:10E4100000200A90FFE70A9803280EDCFFE70A981D
:10E420004FF48671089A00FB01205430FFF764FD19
:10E43000FFE70A9801300A90EDE7FFE716B080BDCC
:10E440009A99993E632776410000000082B0014608
:10E450000190019800F2844090ED000A009102B012
:10E460007047000082B001460190019800F591606C
:10E4700090ED000A009102B07047000084B0B0EE49
:10E48000401A014603908DED020A03989DED020AA1
:10E4900000F2D44080ED000A8DED011A009104B025
:10E4A0007047000084B0B0EE401A014603908DED35
:10E4B000020A03989DED020A00F59B6080ED000AB8
:10E4C0008DED011A009104B07047000084B00A4637
:10E4D000034603908DF80B1003989DF80B1080F8FD
:10E4E000D0140192009304B07047000080B584B04E
:10E4F0000A46034603908DF80B100398019200938F
:10E50000FFF75AFE04B080BD80B598B0B0EE612A26
:10E51000B0EE413AB0EE604AB0EE405A0146179074
:10E520008DED160ACDED150A8DED141ACDED131AE9
:10E5300017989DED160A00F2844282ED000A159AA2
:10E54000C0F88824149AC0F88C24139AC0F8902438
:10E550009FED570A9FED571A11908DED100AF0EEBE
:10E56000410A8DED0F2A8DED0E3A8DED0D4A8DEDA0
:10E570000C5A0B918DED0A1AFFF77CFB11981C3099
:10E580009DED100ADDED0A0AFFF774FB1198383093
:10E590009FED490A8DED090ADDED090AFFF76AFBD7
:10E5A00000201290FFE71298032844DCFFE711983F
:10E5B00000F15401129A4FF4867302FB031202F128
:10E5C00050000890104607930691FFF757FC00EEA5
:10E5D000100AB8EE402A12980799069A00FB01200B
:10E5E0008DED052AFFF74AFC00EE100AF8EE402AEE
:10E5F0009FED340ADFED344A9FED342A002108985C
:10E60000F0EE420AB0EE421AF0EE421A9DED053AE3
:10E610008DED042AB0EE432A9DED043ADDED043A77
:10E620009DED044A9DED045A00F02CFAFFE7129884
:10E6300001301290B7E71198543042F25451C2F2AF
:10E640000001012202239FED1D0A9FED1D1A039177
:10E6500002938DED010AF0EE410A8DED001AFFF7ED
:10E66000D1FC119800F5B0700399029A029B9DEDC0
:10E67000010ADDED000AFFF7C5FC119800F51B70DB
:10E6800003220399029B9DED010ADDED000AFFF7CD
:10E69000B9FC119800F55E7004220399029B9DED70
:10E6A000010ADDED000AFFF7ADFC18B080BD00BF28
:10E6B0006F12833B6F12033CCDCC4C3D91ED5E411C
:10E6C000000080460080BB446F12833A00000000C7
:10E6D00080B588B001460690069807900590049191
:10E6E000FFF7E6FA05981C30FFF7E2FA0598383094
:10E6F000FFF7DEFA059800F1540100F2844ECDF8E0
:10E700000CE00291FFE702980190FFF703FD0198EA
:10E7100000F5867E7146039A96450291F3D1FFE794
:10E720004FF07C500599C1F890044FF08140C1F83A
:10E73000940446F20000C4F2EA60C1F898044FF075
:10E740008D40C1F89C040020C1F8BC04C1F8C0048D
:10E75000C1F8C404C1F8C804C1F8CC0481F8D004DD
:10E76000C1F8D404C1F8D804C1F8DC04C1F8E0044D
:10E77000C1F8E404C1F8E804079808B080BD0000BF
:10E7800084B0B0EE401A014603908DED020A039862
:10E790009DED020A80ED110A8DED011A009104B081
:10E7A0007047000084B0B0EE401A014603908DED32
:10E7B000020A03989DED020A80ED130A8DED011AFD
:10E7C000009104B07047000080B58CB001460B90FA
:10E7D0000B9800220A9209920892079290ED110A72
:10E7E00090ED121A30EE410A8DED060A9DED060AF3
:10E7F00003910290FEF794FD8DED050A9DED050A4B
:10E80000029890ED011AB4EEC10AF1EE10FA07DA9F
:10E81000FFE70298816C4164002106910591FFE7B2
:10E82000029890ED080A9DED061A20EE010A8DED82
:10E830000A0A90ED0E0AB5EE400AF1EE10FA0DD17B
:10E84000FFE7029890ED0F0AB5EE400AF1EE10FADC
:10E8500004D1FFE74FF07E50049044E09DED050A9F
:10E86000029890ED0E1AB4EEC10AF1EE10FA04DC33
:10E87000FFE74FF07E50049026E0029890ED0E0ADC
:10E880009DED051AB4EEC10AF1EE10FA1BDAFFE7AE
:10E890009DED050A029890ED0F1AB4EEC10AF1EE53
:10E8A00010FA10DAFFE7029890ED0E0A90ED0F1AB9
:10E8B0009DED052A31EE422A31EE400A82EE000A31
:10E8C0008DED040AFFE7FFE79DED050A029890ED44
:10E8D0000F1AB4EEC10AF1EE10FA03DBFFE70020D5
:10E8E0000490FFE7FFE7029890ED0C0AB5EE400AAE
:10E8F000F1EE10FA12D0FFE702984C30029991ED38
:10E90000090A91ED0C1AB1EE412A82EE002AC1EEFD
:10E91000000AB0EE420AFEF7C5FAFFE7029890ED52
:10E92000100AB5EE400AF1EE10FA18D1FFE79DED9E
:10E93000040A029890ED001A90ED132A20EE010AC5
:10E940009DED061A00EE012A80ED132A90ED090ACA
:10E9500090ED131A20EE010A8DED090A28E09DEDD5
:10E96000050A029890ED101AB4EEC10AF1EE10FA01
:10E9700018DAFFE79DED040A029890ED001A90ED79
:10E98000132A20EE010A9DED061A00EE012A80ED01
:10E99000132A90ED090A90ED131A20EE010A8DED6D
:10E9A000090A04E000200299C8640990FFE7FFE724
:10E9B0000298017A002912D1FFE7029890ED000A2F
:10E9C00090ED061A90ED0A2A9DED063A33EE411AB3
:10E9D00022EE011A81EE000A8DED080A11E002987C
:10E9E00090ED000A90ED051A90ED072A90ED0A3A95
:10E9F00032EE411A23EE011A81EE000A8DED080A6B
:10EA0000FFE7029890ED040A90ED0B1A90ED112AA1
:10EA100032EE400A20EE010A8DED070A9DED0A0A4A
:10EA20009DED091A30EE010A9DED081A30EE010A3B
:10EA30009DED071A30EE010A80ED070A90ED0D0AF0
:10EA4000B5EE400AF1EE10FA10D0FFE702981C3044
:10EA5000029991ED0D0AB1EE401A8DED010AB0EE6A
:10EA6000410ADDED010AFEF71DFAFFE70298816C0D
:10EA7000C160416C0161C1694161069981610CB05D
:10EA800080BD00002DED0C8B9AB00EAA0B46B0EEA7
:10EA9000456AB0EE647AF0EE445AF0EE636AF0EE46
:10EAA000437AB0EE628AB0EE429AB0EE61AAB0EE5E
:10EAB00041BAB0EE60CAB0EE40DA8446199082EDF9
:10EAC0000A0AC2ED090A82ED081AC2ED071A82EDA0
:10EAD000062AC2ED052A82ED043AC2ED033A82ED20
:10EAE000024AC2ED014A82ED005A8DF8371019989A
:10EAF00092ED0A0A80ED080A17994162169981621F
:10EB00001599C16214990163139941630F990160CA
:10EB10000E994160129981631199C1631099016442
:10EB20009DF837100172CDF830C00B938DED0A6A55
:10EB30008DED097ACDED085ACDED076ACDED067A57
:10EB40008DED058A8DED049A8DED03AA8DED02BA47
:10EB50008DED01CA8DED00DA1AB0BDEC0C8B70475B
:10EB600082B001460190019890ED070A009102B031
:10EB70007047000084B0B0EE401A014603908DED5E
:10EB8000020A03989DED020A80ED120A8DED011A2A
:10EB9000009104B07047000082B0014601900198D6
:10EBA0000022C260026142618261C261026242620D
:10EBB0008262C262026342638263C263026442642D
:10EBC0008264C264009102B07047000082B00146C6
:10EBD0008DF807009DF90700002800910FDBFFE783
:10EBE0009DF9070000F01F01012202FA01F140091E
:10EBF0004EF20012CEF2000242F82010FFE702B0FF
:10EC0000704700004EF60C50CEF200000068C0F3D2
:10EC10000220704784B00A4603468DF80F00029127
:10EC20009DF90F000028019200930ADBFFE702988C
:10EC300000019DF90F104EF20042CEF200028854FE
:10EC40000BE0029800019DF80F1001F00F014EF645
:10EC50001452CEF200028854FFE704B0704700005F
:10EC600084B001460390039800F0070001904EF62F
:10EC70000C50CEF2000002680292029A4FF6FF0397
:10EC80001A400292029A019B42EA03220023C0F238
:10EC9000FA531A430292029A0260009104B070473C
:10ECA00080B582B041F67450C2F2000000210160CC
:10ECB0009FED0C0A9FED0C1AF0EE410A01908DEDCC
:10ECC000001A00F08BF8019880ED010A9FED070A09
:10ECD000DDED000A00F082F8019880ED020A02B032
:10ECE00080BD00BF583934BE0BEFF2BD5839343EF9
:10ECF00080B582B041F68050C2F200000021016070
:10ED00009FED0C0A9FED0C1AF0EE410A01908DED7B
:10ED1000001A00F063F8019880ED010A9FED070AE0
:10ED2000DDED000A00F05AF8019880ED020A02B009
:10ED300080BD00BF583934BE0BEFF2BD5839343EA8
:10ED400080B541F68C50C2F20000FFF7C1FC80BDD7
:10ED500080B540F2E010C2F20000FEF76BFF80BD0C
:10ED600080B582B000200190F3F766FF0090F8F7BD
:10ED700005FEF7F7CFFFF7F751FFF7F703FFF8F7B7
:10ED80007DF9F8F70FFAF8F753FAF8F797FAF8F76A
:10ED900027F9F7F71DFFF8F7D9F8F8F7F9F8F8F7BA
:10EDA000D3FAF8F7EFFAF8F711FBF8F72DFBF9F7BC
:10EDB000D9FAFFE7FEE74100080218BF04200A0E57
:10EDC00018BF40F001004FF07F4232EA010108BF56
:10EDD00040F00200012808BF0520704710EE100A1D
:10EDE00010B510EE901A4FF0684202EB40032DED83
:10EDF000028BB3F1654F3CBF02EB4102B2F1654FAC
:10EE00007CD200BFC0F3C753C1F3C7529A1A1B2A62
:10EE100009DD10F0004F14BF9FED6E0A9FED6E0AE2
:10EE2000BDEC028B10BD12F11A0F1BDA11F0004F6E
:10EE300009D010F0004F0CBF9FED680A9FED680AE3
:10EE4000BDEC028B10BD80EE208A18EE100AFFF791
:10EE5000B2FF042808BF00F0EDF8B0EE480ABDECA0
:10EE6000028B10BD4200B2EB410F37D910F0004FBA
:10EE700019BFDFED5C1A9FED5C1ADFED5C1A9FEDA8
:10EE80005C1AB0EE602A0A46F1EE400A80F00041BA
:10EE9000B0EE420A10460A1A5200B2F1807F34D214
:10EEA000484010F0004FDFED532A9FED533A1DBF4D
:10EEB000BEEE002A71EEE21A31EE431AB6EE002AD7
:10EEC00004BF71EEA21A31EE031AF0EE402A42EEB0
:10EED000602A40EE020A82EEA02A18E011F0004FEC
:10EEE00004BF9FED461AF0EE411AD4D010F0004F47
:10EEF0001CBFDFED431A9FED431A00E026E004BF7C
:10EF0000DFED411A9FED411AC5E780EE202A22EE7F
:10EF1000020ADFED3F0ADFED3F2ABDEC028B40EE37
:10EF2000202ADFED3D0A40EE220ADFED3C2A40EECA
:10EF3000202ADFED3B0A40EE220A22EE000A00EE14
:10EF4000201A31EE020A30EE210A10BD4FF07F4246
:10EF5000B2EB400F28BFB2EB410F05D2BDEC028BE4
:10EF6000BDE8104000F062B840EA01035B0008BF52
:10EF700041F0FF410BD0B2EB400F08BFB2EB410FA5
:10EF800008D120F0804000EE100A21F0804100EE10
:10EF9000901A37E7B2EB400F12BF5FEA410240F030
:10EFA000FF4001F000413FF42DAF4A0092EA4003D8
:10EFB0003FF528AF002AACBF9FED1A1A9FED1A1A31
:10EFC00020EE010A60EE810A10EE100A10EE901A8F
:10EFD00018E70000DB0FC9BFDB0FC93FDB0F49405B
:10EFE000DB0F49C00000C9BF22AAFDB90000C93F1C
:10EFF00022AAFD390060ED3EC30ACE3700000000B2
:10F00000000049C022AA7DBA0000494022AA7D3AE8
:10F010002DAD65BD8FB8D53D0FB511BE61C84C3E55
:10F02000A8AAAABE0000804F0000802F30EE200A60
:10F03000704700009FED020A20EE000A70470000B2
:10F04000000000104FF04070E1EE100A7047000021
:10F050000000000000000102030406070809000088
:10F0600000000102030400061016000610164344B7
:10F070004320496E746572666163650043444320B2
:10F08000436F6E6669670053544D6963726F656CB8
:10F09000656374726F6E6963730053544D3332202D
:10F0A0005669727475616C20436F6D506F72740095
:10F0B000D8F0000800000020F8000000C40100089B
:10F0C000D0F10008F8000020E8CF0000E0010008BF
:10F0D000C5DDFFFFB9DDFFFF82810100F99B00085C
:10F0E000759C0008999C0008D99C0008319D000877
:10F0F000A19B00081D9C00080024F4005193000807
:10F100002D90000841970008000000004991000878
:10F11000918E0008A98F0008000000000000000088
:10F120000000000065920008F1910008DD920008DF
:10F13000D591000809024300020100C03209040011
:10F140000001020201000524001001052401000154
:10F1500004240202052406000107058203080010AA
:10F1600009040100020A0000000705010240000036
:10F1700007058102400000000A060002000000406E
:10F180000100000012010002020200408304405707
:10F190000002010203010000DD080008D908000890
:10F1A00069080008190900084D090008040309044A
:10F1B0001A03000000000000000000000000000032
:10F1C000000000000000000000000100100000002E
:040000050800018965
:00000001FF
