:020000040800F2
:10000000D81B0124C503000819EE0008F1E200081E
:1000100011EE0008810A0008095E010800000000D6
:10002000000000000000000000000000B1FA00081D
:10003000011800080000000069F2000859FB0008E0
:10004000DF030008DF030008DF030008DF03000808
:10005000DF030008DF030008DF030008DF030008F8
:10006000DF030008DF030008DF030008E10B0008DE
:10007000F10B0008010C0008110C0008210C00080D
:10008000310C0008410C0008DF030008311800089B
:1000900041180008DF030008DF030008DF03000841
:1000A000DF030008DF030008DF030008DF030008A8
:1000B000DF030008DF03000881FD0008DF030008FC
:1000C000DF030008DF030008DF030008DF03000888
:1000D00021F60008291D0108DF030008DF030008DE
:1000E00009180008DF03000800000000DF03000813
:1000F000DF030008DF030008DF030008510C0008DD
:10010000DF030008DF03000891FD0008DF0300089B
:10011000DF03000891090108DF030008DF0300087E
:10012000610C0008710C0008DF030008DF03000801
:10013000DF030008DF030008DF030008DF03000817
:1001400000000000000000000000000000000000AF
:10015000DF030008DF030008DF030008DF030008F7
:10016000DF030008DF030008DF030008DF030008E7
:10017000DF030008A1EE0008DF0300080000000014
:10018000DF030008DF030008A1090108B109010825
:10019000DF030008DF030008DF030008DF030008B7
:1001A000DF030008DF030008DF0300080000000091
:1001B000DF030008DF030008DF030008DF03000897
:1001C000DF030008DF03000800000000000000005B
:1001D0000000000000000000DF0300080000000035
:1001E000000000000000000000000000000000000F
:1001F0000000000000000000DF030008DF0300082B
:10020000DF030008DF03000800000000DF03000830
:10021000DF030008DF030008DF030008DF03000836
:10022000DF03000800000000DF03000800000000FA
:10023000DF030008DF03000800000000DF03000800
:10024000DF030008DF030008DF030008DF03000806
:10025000DF030008DF030008DF030008DF030008F6
:10026000DF030008DF030008DF030008DF030008E6
:10027000DF030008DF030008DF03000800000000C0
:10028000DF030008DF030008DF030008DF030008C6
:1002900000000000DF030008DF030008000000008A
:1002A00000000000DF030008DF030008C1090108A7
:1002B000191D0108DF030008DF03000851180008BA
:1002C000DF030008DF030008DF03000800F002F886
:1002D00000F066F80AA090E8000C82448344AAF17A
:1002E0000107DA4501D100F05BF8AFF2090EBAE878
:1002F0000F0013F0010F18BFFB1A43F0010318475A
:10030000ECB001000CB101000A444FF0000C10F8F1
:10031000013B13F0070408BF10F8014B1D1108BF83
:1003200010F8015B641E05D010F8016B641E01F823
:10033000016BF9D113F0080F1EBF10F8014BAD1C73
:100340000C1B09D16D1E58BF01F801CBFAD505E091
:1003500014F8016B01F8016B6D1EF9D59142D6D3EB
:10036000704700000023002400250026103A28BF13
:1003700078C1FBD8520728BF30C148BF0B60704717
:100380001FB51AF06CFF9DE8030000F0F9F900F0CA
:1003900017F88DE80F0000F0C5F91FBD10B510BDAE
:1003A00000F0F2FA1146FFF7EBFF1AF099FB00F0AC
:1003B00010FB03B4FFF7F2FF03BC00F0B3FA000038
:1003C00000F01FBA0948804709480047FEE7FEE7EA
:1003D000FEE7FEE7FEE7FEE7FEE7FEE7FEE7FEE7F5
:1003E00004480549054A064B7047000041FC0008D7
:1003F000CD020008D83B0024D81B0124D89B002440
:10040000D89B002470B5064600F09EF9056806F1F9
:100410000B0020F00704B4429CBF002070BD2B46A7
:100420006A68BAB11068A04210D304F1080188428A
:100430003CBF5068586007D351681019416011687B
:10044000091B016058601460101D70BD134652688E
:10045000002AE7D12146284600F07EF90028DED1A7
:1004600070BD70B50446051F00F06EF90068002CE1
:1004700014BF446870BD002C18BFAC423CBF20467E
:100480006468F8D301680A18AA4218BF456003D10E
:100490002A6805461144016028684119A1421CBF21
:1004A0006C6070BD6168696021680844286070BD37
:1004B00053EA020C00F069802DE9F04B4FF0000682
:1004C000002B1FBFB3FA83F503FA05F424FA05F6EF
:1004D0005E4012BF1643B2FA82F502FA05F4C5F186
:1004E00020051EBF22FA05FC44EA0C04203556EA1A
:1004F000044C4FEA144418BF641C4FF000084FF03E
:100500000009904271EB030C39D3002919BFB1FAED
:1005100081F701FA07F6B0FA80F700FA07F6C7F19B
:1005200020071EBF20FA07FC46EA0C062037B6FB60
:10053000F4FCA7EB0507103F07F01F0BCBF12006DB
:100540002CFA06F60CFA0BFB44BFB3460026202F0C
:10055000A4BF5E464FF0000B5BEA060C08BF4FF0ED
:10056000010B19EB0B0948EB0608ABFB027C06FB01
:1005700002CC0BFB03CCC01B71EB0C01C1E70B469B
:10058000024641464846BDE8F08B13B54FF00000E7
:100590004FF00001AFF30080BDE81C407047032A14
:1005A00040F2308010F0030C00F0158011F8013B90
:1005B000BCF1020F624498BF11F801CB00F8013B77
:1005C00038BF11F8013BA2F1040298BF00F801CB3B
:1005D00038BF00F8013B11F0030300F02580083A12
:1005E000C0F0088051F8043B083A51F804CBA0E869
:1005F0000810F5E7121D5CBF51F8043B40F8043BBE
:10060000AFF30080D20724BF11F8013B11F801CBF2
:1006100048BF11F8012B24BF00F8013B00F801CBC3
:1006200048BF00F8012B704710B5203AC0F00B808E
:10063000B1E81850A0E81850B1E81850A0E81850D8
:10064000203ABFF4F5AF5FEA027C24BFB1E818504E
:10065000A0E8185044BF18C918C0BDE810405FEAB0
:10066000827C24BF51F8043B40F8043B08BF70472C
:10067000D20728BF31F8023B48BF11F8012B28BF31
:1006800020F8023B48BF00F8012B70474FF00002F2
:100690000429C0F0128010F0030C00F01B80CCF194
:1006A000040CBCF1020F18BF00F8012BA8BF20F802
:1006B000022BA1EB0C0100F00DB85FEAC17C24BF56
:1006C00000F8012B00F8012B48BF00F8012B704700
:1006D0004FF0000200B5134694469646203922BFDB
:1006E000A0E80C50A0E80C50B1F12001BFF4F7AF26
:1006F000090728BFA0E80C5048BF0CC05DF804EB08
:10070000890028BF40F8042B08BF704748BF20F875
:10071000022B11F0804F18BF00F8012B7047704773
:100720007047704770B5064C7C44064D7D4403E02D
:10073000206820448047241DAC42F9D170BD0000E0
:10074000E0AC0100F0AC010000487047B8010024A3
:10075000704770477047704738B504460A46002016
:100760006946AFF30080002808BF38BD02460099F3
:10077000204600F0E7F8012038BD012000F0FCB869
:10078000F8B5AFF30080054600200C46102000BFEE
:100790000646A819A0420DD9324669460020AFF39B
:1007A0000080070008BF00F0E7F80098A04218BFDB
:1007B0000546C419FFF7C8FF05600746F01D20F085
:1007C00007004619284600F00AF8B44208BFF8BDF1
:1007D000A21B31463868BDE8F84000F0B3B80021EC
:1007E0000160C0E9011070471020704710B500F09B
:1007F000A3F8006810BD10B5044600F09DF8046031
:1008000010BD2DE9FE4F00274FF48074BA462046F4
:100810008DF80070FFF7F6FD5FEA000801D100F0E7
:10082000ABF82146404600F070F8060009D04FF0C2
:10083000010B4546C14616F8014B8FB15C2C16D012
:100840001CE008F108004146C8F800000020C8F884
:100850000400D8F800402070012003B0BDE8F08FFC
:10086000222C01D0272C0FD12746BA462CE0307815
:10087000222807D05C2805D0272803D0BC4203D10A
:10088000002721E0761C04464CB12FB9202C06D05D
:10089000A4F10900042802D905F8014BCBE74D4526
:1008A00002D1BAF1000F0FD052464946002005F898
:1008B000010B6846AFF300809DF8000068B14D461B
:1008C0004FF0000A0BF1010B002CB4D14FEA8B0062
:1008D000FFF798FD040002D004E0A946F0E70020ED
:1008E00000F04AF800264046C4F8008005E010F801
:1008F000011B11B9761C44F82600A842F7D3214603
:10090000002044F826003046A7E71CB50446CDE990
:10091000000169461520ABBE08B100201CBD204671
:100920001CBD000001491820ABBEFEE726000200F6
:1009300000487047B001002400487047B00100240F
:1009400070477047034640688C46002818BF8842AD
:100950003CBF03464068F8D318681844884207D063
:100960000CF1030020F00700001D411A521A014645
:10097000081D0A60FFF775BD10B500F039F8BDE835
:10098000104000F02FB870477546FFF7D1FFAE4614
:1009900005006946534620F00700854618B020B58B
:1009A000FFF71EFDBDE820404FF000064FF00007A6
:1009B0004FF000084FF0000BAC46ACE8C009ACE8C3
:1009C000C009ACE8C009ACE8C00921F007018D46B8
:1009D000704710B50446AFF300802046BDE81040D4
:1009E000FFF7E7BC002801D0FFF79CBF704700006D
:1009F00010B5012805D0002103A000F021F8012046
:100A000010BD09A1F8E7000053494752544D454D28
:100A10003A204F7574206F662068656170206D659F
:100A20006D6F7279000000003A2048656170206D9A
:100A3000656D6F727920636F727275707465640092
:100A400070B505460C460A2000E06D1C00F011F858
:100A500035B128780028F8D102E0641C00F009F8CC
:100A600014B120780028F8D1BDE870400A20AFF317
:100A7000008008B569468DF800000320ABBE08BDB4
:100A8000FFE7FEE70000000080B587B013468C4604
:100A900086468DF81B000591ADF812209DF81B00CD
:100AA000014623280393CDF808C0CDF804E0009157
:100AB0001DD80099DFE801F012131415161B1B1B3B
:100AC0001B1B1B1B1B1B1B1B1B1B1B1B1B1B1B1B76
:100AD0001B1B1B1B1B1B1B1B1718191A08E007E00D
:100AE00006E005E004E003E002E001E000E0FFE7EB
:100AF000002007B080BD000000207047000000000B
:100B000080B584B042F29840C2F2004041F6C03154
:100B1000C2F2004100220390029211F03DFD41F229
:100B2000C031C2F20041039A0190104611F010FD4D
:100B300002990090084604B080BD0000000000004B
:100B400080B58AB00A46034609900891099942F295
:100B50009840C2F2004007900692059311F0F8FC0D
:100B600007990490084611F08BFC0999089A1268BD
:100B700040F27033C2F2004303F1300E039070462E
:100B80000293FFF70CFD08990968029AA2F8601019
:100B9000516E099BDDF820E0DEF800E00190184678
:100BA00000917146009B984700200AB080BD00006C
:100BB00080B586B013468C468646059004918DF824
:100BC0000F2000208DF80E009DF90E000293CDF845
:100BD00004C0CDF800E006B080BD000000000000B9
:100BE00080B542F66400C2F2004002F011F880BD08
:100BF00080B542F2EC70C2F2004002F009F880BD0C
:100C000080B542F27470C2F2004002F001F880BD7B
:100C100080B542F63430C2F2004001F0F9FF80BDE9
:100C200080B542F6AC30C2F2004001F0F1FF80BD69
:100C300080B542F6DC00C2F2004001F0E9FF80BD61
:100C400080B542F65410C2F2004001F0E1FF80BDD1
:100C500080B542F6CC10C2F2004001F0D9FF80BD51
:100C600080B542F64420C2F2004001F0D1FF80BDC1
:100C700080B542F6BC20C2F2004001F0C9FF80BD41
:100C800085B0014604900498006801221023C4F244
:100C9000020398420291019200F0A380FFE70498BA
:100CA000006801212822C4F202029042019100F062
:100CB0009880FFE70498006801214022C4F20202F4
:100CC0009042019100F08D80FFE7049800680121B7
:100CD0005822C4F202029042019100F08280FFE7A4
:100CE0000498006801217022C4F20202904201912E
:100CF00077D0FFE70498006801218822C4F202023D
:100D0000904201916DD0FFE7049800680121A02274
:100D1000C4F202029042019163D0FFE70498006898
:100D20000121B822C4F202029042019159D0FFE79A
:100D300004980068012140F21042C4F2020290427D
:100D400001914ED0FFE704980068012140F228424B
:100D5000C4F202029042019143D0FFE70498006878
:100D6000012140F24042C4F202029042019138D087
:100D7000FFE704980068012140F25842C4F20202E1
:100D8000904201912DD0FFE704980068012140F2C4
:100D90007042C4F202029042019122D0FFE704980F
:100DA0000068012140F28842C4F20202904201919F
:100DB00017D0FFE704980068012140F2A042C4F276
:100DC0000202904201910CD0FFE7049800684FF6B0
:100DD0004831CBF6FD710844B0FA80F0400901902B
:100DE000FFE70198C007002829D0FFE704980078A2
:100DF00010384AF6AB21CAF6AA21A0FB0101090965
:100E00000391039901F007014BF29A22C0F6010207
:100E1000515C049AD16503990429009007D3FFE738
:100E200004980168042262F30901816506E00498D0
:100E3000016840F2FF3291438165FFE705E00498C5
:100E4000016821F0FF018165FFE70498806D05B01E
:100E5000704700000000000087B001460690069829
:100E60000068049006980068012245F20843C5F620
:100E700002039842039102924ED0FFE70698006861
:100E8000012145F21C42C5F602029042029143D074
:100E9000FFE706980068012145F23042C5F60202DC
:100EA0009042029138D0FFE706980068012145F290
:100EB0004442C5F60202904202912DD0FFE7069807
:100EC0000068012145F25842C5F6020290420291A3
:100ED00022D0FFE706980068012145F26C42C5F672
:100EE00002029042029117D0FFE7069800680121A4
:100EF00045F28042C5F60202904202910CD0FFE713
:100F0000069800684AF66C31CAF2FD710844B0FADE
:100F100080F040090290FFE70298C007002824D023
:100F2000FFE70698007808384CF6CD41CCF6CC4166
:100F3000A0FB010109090591059945F60002C5F6D6
:100F4000020202EB8101069A1166069945F68002BB
:100F5000C5F602024A66059901F01F01012202FA54
:100F600001F1069A9166019037E0069800781038F2
:100F70004AF6AB21CAF6AA21A0FB01010909059195
:100F8000049940F2B842C4F20202914200900CD897
:100F9000FFE7049840F21041C4F20201884204D3F2
:100FA000FFE7059808300590FFE7059840F6000137
:100FB000C4F2020101EB800006990866069840F62B
:100FC0008001C4F202014166059800F01F00012172
:100FD00001FA00F006998866FFE707B07047000045
:100FE00084B001460390039800790290029800288B
:100FF000019100F08C80FFE70298082800F28780BA
:10100000FFE703980068012145F20842C5F6020295
:10101000904200914ED0FFE703980068012145F20D
:101020001C42C5F602029042009143D0FFE70398AC
:101030000068012145F23042C5F60202904200915B
:1010400038D0FFE703980068012145F24442C5F615
:101050000202904200912DD0FFE703980068012121
:1010600045F25842C5F602029042009122D0FFE7B5
:1010700003980068012145F26C42C5F602029042D5
:10108000009117D0FFE703980068012145F28042E4
:10109000C5F60202904200910CD0FFE70398006869
:1010A0004AF66C31CAF2FD710844B0FA80F040098A
:1010B0000090FFE70098C007002810D0FFE70298D3
:1010C00045F6FC01C5F6020101EB80000399C866F4
:1010D000039845F64011C5F6020101670FE002983A
:1010E00040F6FC01C4F2020101EB80000399C866DE
:1010F000039840F64011C4F202010167FFE702982D
:101100000138012101FA00F003994867FFE704B0B4
:10111000704700000000000086B0014605900020E6
:101120008DF81300059880690028039123D1FFE70B
:101130000598806A032802901BD80299DFE801F025
:10114000020D02180598C06AC001002804D5FFE707
:1011500001208DF81300FFE70CE00598C06AB0F19C
:10116000C07F04D1FFE701208DF81300FFE701E005
:1011700000E0FFE747E005988069B0F5005F26D101
:10118000FFE70598806A032801901ED80199DFE8DF
:1011900001F00206021101208DF8130016E00598F7
:1011A000C06AC001002804D5FFE701208DF81300B4
:1011B000FFE70BE00598C06AB0F1C07F04D1FFE7FC
:1011C00001208DF81300FFE700E0FFE71AE0059823
:1011D000806A0328009004D3FFE70098032804D016
:1011E0000EE001208DF813000BE00598C06AC001E5
:1011F000002804D5FFE701208DF81300FFE700E089
:10120000FFE7FFE7FFE79DF8130006B07047000017
:10121000B0B58DB09C4696460C4605460C900B9199
:101220000A9209930C98806D08900C98806D079035
:101230000C98006801211022C4F202029042CDF8FD
:1012400018C0CDF814E004940395029100F00381D6
:10125000FFE70C98006801212822C4F202029042A4
:10126000029100F0F880FFE70C980068012140220D
:10127000C4F202029042029100F0ED80FFE70C9868
:10128000006801215822C4F202029042029100F04B
:10129000E280FFE70C98006801217022C4F202028C
:1012A0009042029100F0D780FFE70C98006801217E
:1012B0008822C4F202029042029100F0CC80FFE743
:1012C0000C9800680121A022C4F20202904202910F
:1012D00000F0C180FFE70C9800680121B822C4F239
:1012E00002029042029100F0B680FFE70C9800687D
:1012F000012140F21042C4F202029042029100F039
:10130000AA80FFE70C980068012140F22842C4F24D
:1013100002029042029100F09E80FFE70C98006864
:10132000012140F24042C4F202029042029100F0D8
:101330009280FFE70C980068012140F25842C4F205
:1013400002029042029100F08680FFE70C9800684C
:10135000012140F27042C4F20202904202917AD01E
:10136000FFE70C980068012140F28842C4F20202B3
:10137000904202916FD0FFE70C980068012140F283
:10138000A042C4F202029042029164D0FFE70C989E
:101390000068012140F2B842C4F202029042029178
:1013A00059D0FFE70C980068012145F20842C5F6C4
:1013B0000202904202914ED0FFE70C980068012192
:1013C00045F21C42C5F602029042029143D0FFE76B
:1013D0000C980068012145F23042C5F602029042A5
:1013E000029138D0FFE70C980068012145F2444291
:1013F000C5F60202904202912DD0FFE70C980068DA
:10140000012145F25842C5F602029042029122D0D3
:10141000FFE70C980068012145F26C42C5F6020214
:101420009042029117D0FFE70C980068012145F225
:101430008042C5F60202904202910CD0FFE70C9860
:1014400000684AF66C31CAF2FD710844B0FA80F0C7
:1014500040090290FFE70298C00700280FD0FFE77D
:101460000C98416E806E48600C98C06E002805D0C4
:10147000FFE70C98016F406F4860FFE7FFE70C98AB
:10148000006801211022C4F202029042019100F092
:10149000A380FFE70C98006801212822C4F2020211
:1014A0009042019100F09880FFE70C9800680121BC
:1014B0004022C4F202029042019100F08D80FFE7C9
:1014C0000C98006801215822C4F202029042019156
:1014D00000F08280FFE70C98006801217022C4F2BE
:1014E00002029042019177D0FFE70C980068012139
:1014F0008822C4F20202904201916DD0FFE70C985D
:1015000000680121A022C4F202029042019163D03E
:10151000FFE70C9800680121B822C4F20202904251
:10152000019159D0FFE70C980068012140F2104268
:10153000C4F20202904201914ED0FFE70C9800687D
:10154000012140F22842C4F202029042019143D0AC
:10155000FFE70C980068012140F24042C4F2020209
:101560009042019138D0FFE70C980068012140F2C9
:101570005842C4F20202904201912DD0FFE70C982C
:101580000068012140F27042C4F2020290420191CF
:1015900022D0FFE70C980068012140F28842C4F293
:1015A00002029042019117D0FFE70C9800680121D8
:1015B00040F2A042C4F20202904201910CD0FFE737
:1015C0000C9800684FF64831CBF6FD710844B0FA2C
:1015D00080F040090190FFE70198C00700282BD058
:1015E000FFE70C98C06D00F01F003F2101FA00F0EA
:1015F000089988600C980068016821F480210160D6
:1016000009980C99096848600C988068402809D1AD
:10161000FFE70A980C99096888600B980C9909688B
:10162000C86008E00B980C99096888600A980C99C2
:101630000968C860FFE784E00C980068012145F262
:101640000842C5F60202904200914ED0FFE70C9886
:101650000068012145F21C42C5F602029042009149
:1016600043D0FFE70C980068012145F23042C5F6EF
:1016700002029042009138D0FFE70C9800680121E7
:1016800045F24442C5F60202904200912DD0FFE798
:101690000C980068012145F25842C5F602029042BA
:1016A000009122D0FFE70C980068012145F26C42BE
:1016B000C5F602029042009117D0FFE70C9800682F
:1016C000012145F28042C5F60202904200910CD001
:1016D000FFE70C9800684AF66C31CAF2FD710844C5
:1016E000B0FA80F040090090FFE70098C00700289A
:1016F00025D0FFE70C98C06D00F01F00012101FA12
:1017000000F00799486009980C99096848600C989E
:101710008068402809D1FFE70A980C990968886019
:101720000B980C990968C86008E00B980C99096837
:1017300088600A980C990968C860FFE700E0FFE735
:10174000FFE70DB0B0BD000080B584B00146039046
:101750004EF6FC50CEF20000026842F08072026049
:1017600041F6B070CEF2000002684CF65563CCF240
:10177000AC531A43026041F20400CEF20000002292
:10178000026041F20000CEF20000036843F0010362
:101790000360039844F24023C0F20F03584340F221
:1017A000B823C2F200431860186844F6D35CC1F253
:1017B000620CA0FB0C0C4FEA9C1C40F2BC2EC2F247
:1017C000004ECEF800C01B684DF6836CC4F21B3C83
:1017D000A3FB0C3C4FEA9C4C40F2C02EC2F2004EE0
:1017E000CEF800C040F2D42CC2F2004CCCF800205D
:1017F00002910193009004B080BD00000000000041
:10180000704700000000000080B54FF4806004F0D5
:101810000FFD4FF4805004F00BFD80BD0000000070
:1018200081B0EFF3108072B60090FFE7FEE7000092
:1018300080B542F62440C2F2004003F04DFD80BD69
:1018400080B542F6C440C2F2004003F045FD80BDC1
:1018500080B542F66450C2F2004003F03DFD80BD09
:1018600085B0014603900398406B0190039800688F
:10187000D0F884004FF6FC729043019A40EA82004F
:10188000039A1268C2F8840003980068D0F88400B4
:1018900020F47F00039A1368926B40EA0240C3F879
:1018A00084000398806B019A1044019003980068AB
:1018B000D0F888006FF38F00019A40EA8200039A03
:1018C0001268C2F8880003980068D0F8880020F4F5
:1018D000FE00039A1368D26B40EA0240C3F8880006
:1018E0000398C06B019A02EB4000019003980068D6
:1018F000D0F8A0006FF38F00019A40EA8200039AAB
:101900001268C2F8A00003980068D0F8A00020F484
:10191000FE00039A1368126C40EA0240C3F8A0006C
:101920000398026C406C019B02FB0030019003980D
:101930000068D0F8B0006FF38F00019A40EA82008F
:10194000039A1268C2F8B00003980068D0F8B0009B
:1019500020F4FE00039A1368926C40EA0240C3F838
:10196000B0000398826CC06C019B02FB00300190B8
:1019700003980068D0F8AC006FF38F00019A40EA3A
:101980008200039A1268C2F8AC000398026D406DA1
:10199000019B02FB0030019003980068D0F8F00032
:1019A0006FF38F00019A40EA8200039A1268C2F82E
:1019B000F00003980068D0F8F00020F47C10039A3F
:1019C0001368926D40EA0240C3F8F0000398806DFE
:1019D000019A02EB4000019003980068D0F8C00023
:1019E0006FF38F00019A40EA8200039A1268C2F8EE
:1019F000C00003980068D0F8C00020F47C10039A5F
:101A00001368D26D40EA0240C3F8C0000398006832
:101A1000D0F8C00020F07C50039A1368126E40EAA0
:101A20000260C3F8C0000398426B4AF60043C4F258
:101A3000000303EB8202C2660398826BC36E03EB62
:101A4000820202670398C26B036F03EBC202426714
:101A50000398026C436CD0F874C05A430CEB8202BA
:101A600082670398826CC36CD0F878C05A430CEB41
:101A70008202C2670398026D436DD0F87CC05A435E
:101A80000CEB8202C0F880200398826DD0F8803081
:101A900003EBC202C0F884200398C26D836ED0F8B5
:101AA00084C05A430CEB8202C0F888200398026E6F
:101AB000836ED0F888C05A430CEB8202C0F89020A5
:101AC0000398D0F890004DF2FD32C4F2000290422B
:101AD00000910FD3FFE70398D0F89C1041F020014C
:101AE000C0F89C100398032180F8981001208DF80D
:101AF000130017E00398C06E0290FFE70298039965
:101B0000D1F89010884208D2FFE7029800210160C6
:101B1000FFE7029804300290F0E7FFE700208DF81D
:101B20001300FFE79DF8130005B0704700000000A8
:101B300080B584B04EF60000C1F6F17000680390E5
:101B40004EF60400C1F6F170006802904EF60800EF
:101B5000C1F6F17000680190019803990844039060
:101B60000398002813D0FFE7039840F27811C2F2DF
:101B700000418A1C0823009111461A460CF0BCFB58
:101B800002980099123104220CF0B6FBFFE704B072
:101B900080BD00000000000080B58EB001460C90B2
:101BA000079104F081FD08900C98002805D1FFE70B
:101BB00001208DF8370000F0B8BC0C9890F8350083
:101BC00002280ED0FFE70C9880214165FFE70C98B2
:101BD000002180F83410FFE701208DF8370000F075
:101BE000A4BC0C98006801211022C4F202029042A9
:101BF000069100F0A380FFE70C98006801212822DD
:101C0000C4F202029042069100F09880FFE70C981F
:101C1000006801214022C4F202029042069100F0C5
:101C20008D80FFE70C98006801215822C4F202025F
:101C30009042069100F08280FFE70C980068012135
:101C40007022C4F202029042069177D0FFE70C980E
:101C5000006801218822C4F20202904206916DD0F0
:101C6000FFE70C9800680121A022C4F20202904212
:101C7000069163D0FFE70C9800680121B822C4F2F6
:101C800002029042069159D0FFE70C9800680121AA
:101C900040F21042C4F20202904206914ED0FFE799
:101CA0000C980068012140F22842C4F202029042DE
:101CB000069143D0FFE70C980068012140F24042B2
:101CC000C4F202029042069138D0FFE70C980068F7
:101CD000012140F25842C4F20202904206912DD0F6
:101CE000FFE70C980068012140F27042C4F2020242
:101CF0009042069122D0FFE70C980068012140F243
:101D00008842C4F202029042069117D0FFE70C9875
:101D10000068012140F2A042C4F202029042069102
:101D20000CD0FFE70C9800684FF64831CBF6FD71F8
:101D30000844B0FA80F040090690FFE70698C00713
:101D4000002810D0FFE70C980068016821F01E0100
:101D500001600C980068416921F0800141610C9894
:101D60000068099009E00C980068016821F00E01F4
:101D700001600C9800680990FFE70C980068012149
:101D80001022C4F202029042059100F00381FFE7A5
:101D90000C98006801212822C4F2020290420591A9
:101DA00000F0F880FFE70C98006801214022C4F29F
:101DB00002029042059100F0ED80FFE70C98006868
:101DC00001215822C4F202029042059100F0E28003
:101DD000FFE70C98006801217022C4F202029042D1
:101DE000059100F0D780FFE70C9800680121882258
:101DF000C4F202029042059100F0CC80FFE70C98FB
:101E000000680121A022C4F202029042059100F074
:101E1000C180FFE70C9800680121B822C4F20202D9
:101E20009042059100F0B680FFE70C980068012110
:101E300040F21042C4F202029042059100F0AA80E2
:101E4000FFE70C980068012140F22842C4F2020228
:101E50009042059100F09E80FFE70C9800680121F8
:101E600040F24042C4F202029042059100F092809A
:101E7000FFE70C980068012140F25842C4F20202C8
:101E80009042059100F08680FFE70C9800680121E0
:101E900040F27042C4F20202904205917AD0FFE70C
:101EA0000C980068012140F28842C4F2020290427C
:101EB00005916FD0FFE70C980068012140F2A04225
:101EC000C4F202029042059164D0FFE70C980068CA
:101ED000012140F2B842C4F202029042059159D069
:101EE000FFE70C980068012145F20842C5F602029E
:101EF000904205914ED0FFE70C980068012145F211
:101F00001C42C5F602029042059143D0FFE70C98AF
:101F10000068012145F23042C5F602029042059167
:101F200038D0FFE70C980068012145F24442C5F61D
:101F30000202904205912DD0FFE70C980068012124
:101F400045F25842C5F602029042059122D0FFE7C1
:101F50000C980068012145F26C42C5F602029042DD
:101F6000059117D0FFE70C980068012145F28042E7
:101F7000C5F60202904205910CD0FFE70C9800686C
:101F80004AF66C31CAF2FD710844B0FA80F040099B
:101F90000590FFE70598C007002807D0FFE70C98D9
:101FA000006E016821F480710160FFE70C98006801
:101FB0001021C4F20201884200F08180FFE70C98F2
:101FC00000682821C4F20201884278D0FFE70C980B
:101FD00000684021C4F20201884270D0FFE70C98EB
:101FE00000685821C4F20201884268D0FFE70C98CB
:101FF00000687021C4F20201884260D0FFE70C98AB
:1020000000688821C4F20201884258D0FFE70C988A
:102010000068A021C4F20201884250D0FFE70C986A
:102020000068B821C4F20201884248D0FFE70C984A
:10203000006840F21041C4F2020188423FD0FFE73D
:102040000C98006840F22841C4F20201884236D060
:10205000FFE70C98006840F24041C4F20201884258
:102060002DD0FFE70C98006840F25841C4F20201FD
:10207000884224D0FFE70C98006840F27041C4F217
:10208000020188421BD0FFE70C98006840F28841AB
:10209000C4F20201884212D0FFE70C98006840F2B7
:1020A000A041C4F20201884209D0FFE70C98006801
:1020B00040F2B841C4F20201884209D1FFE70C980E
:1020C0000068016821F001010A460160049208E0FD
:1020D0000C980068016821F001010A460160039232
:1020E000FFE7FFE70998006810F0010F1BD0FFE73A
:1020F00004F0DAFADDF820E0A0EB0E00062811D398
:10210000FFE70C98202141650C98032180F83510D9
:10211000FFE70C98002180F83410FFE701208DF8CC
:10212000370002E2DEE70C98006801211022C4F2B9
:1021300002029042029100F0A380FFE70C98006831
:1021400001212822C4F202029042029100F09880FC
:10215000FFE70C98006801214022C4F2020290427D
:10216000029100F08D80FFE70C9800680121582251
:10217000C4F202029042029100F08280FFE70C98C4
:10218000006801217022C4F202029042029177D0CD
:10219000FFE70C98006801218822C4F202029042F5
:1021A00002916DD0FFE70C9800680121A022C4F2D3
:1021B00002029042029163D0FFE70C98006801216F
:1021C000B822C4F202029042029159D0FFE70C9863
:1021D0000068012140F21042C4F2020290420291D2
:1021E0004ED0FFE70C980068012140F22842C4F26B
:1021F00002029042029143D0FFE70C98006801214F
:1022000040F24042C4F202029042029138D0FFE70D
:102210000C980068012140F25842C4F20202904238
:1022200002912DD0FFE70C980068012140F2704226
:10223000C4F202029042029122D0FFE70C9800689B
:10224000012140F28842C4F202029042029117D06A
:10225000FFE70C980068012140F2A042C4F202029C
:10226000904202910CD0FFE70C9800684FF648317D
:10227000CBF6FD710844B0FA80F040090290FFE708
:102280000298C00700280DD0FFE70C98806D0B90D6
:102290000C98C06D00F01F003F2101FA00F00B996F
:1022A00088600CE00C98806D0A900C98C06D00F06E
:1022B0001F00012101FA00F00A994860FFE70C981D
:1022C000006801211022C4F202029042019100F044
:1022D0000381FFE70C98006801212822C4F2020262
:1022E0009042019100F0F880FFE70C98006801210E
:1022F0004022C4F202029042019100F0ED80FFE71B
:102300000C98006801215822C4F202029042019107
:1023100000F0E280FFE70C98006801217022C4F20F
:1023200002029042019100F0D780FFE70C9800680C
:1023300001218822C4F202029042019100F0CC8077
:10234000FFE70C9800680121A022C4F2020290422B
:10235000019100F0C180FFE70C9800680121B822CC
:10236000C4F202029042019100F0B680FFE70C989F
:102370000068012140F21042C4F202029042019131
:1023800000F0AA80FFE70C980068012140F2284283
:10239000C4F202029042019100F09E80FFE70C9887
:1023A0000068012140F24042C4F2020290420191D1
:1023B00000F09280FFE70C980068012140F258423B
:1023C000C4F202029042019100F08680FFE70C986F
:1023D0000068012140F27042C4F202029042019171
:1023E0007AD0FFE70C980068012140F28842C4F2DD
:1023F0000202904201916FD0FFE70C980068012122
:1024000040F2A042C4F202029042019164D0FFE780
:102410000C980068012140F2B842C4F202029042D6
:10242000019159D0FFE70C980068012145F208425C
:10243000C5F60202904201914ED0FFE70C98006869
:10244000012145F21C42C5F602029042019143D09F
:10245000FFE70C980068012145F23042C5F6020200
:102460009042019138D0FFE70C980068012145F2B5
:102470004442C5F60202904201912DD0FFE70C982C
:102480000068012145F25842C5F6020290420191CE
:1024900022D0FFE70C980068012145F26C42C5F696
:1024A00002029042019117D0FFE70C9800680121C9
:1024B00045F28042C5F60202904201910CD0FFE73E
:1024C0000C9800684AF66C31CAF2FD710844B0FA03
:1024D00080F040090190FFE70198C007002815D05F
:1024E000FFE70C98416E806E48600C98C06E002823
:1024F0000BD0FFE70C98C06E016821F48071016079
:102500000C98016F406F4860FFE7FFE70C980121CE
:1025100080F83510FFE70C98002180F83410FFE7B1
:10252000FFE700208DF83700FFE79DF837000EB079
:1025300080BD00000000000080B58AB00146089010
:1025400008980028069104D1FFE701208DF82700A4
:1025500052E3089890F83500022807D0FFE7089862
:102560008021416501208DF8270045E30898006827
:1025700001211022C4F202029042059100F0A380D2
:10258000FFE70898006801212822C4F20202904265
:10259000059100F09880FFE708980068012140222B
:1025A000C4F202029042059100F08D80FFE7089886
:1025B000006801215822C4F202029042059100F005
:1025C0008280FFE70898006801217022C4F20202AD
:1025D0009042059177D0FFE7089800680121882292
:1025E000C4F20202904205916DD0FFE7089800689E
:1025F0000121A022C4F202029042059163D0FFE7BC
:10260000089800680121B822C4F2020290420591A4
:1026100059D0FFE708980068012140F21042C4F247
:102620000202904205914ED0FFE708980068012110
:1026300040F22842C4F202029042059143D0FFE7E3
:1026400008980068012140F24042C4F20202904220
:10265000059138D0FFE708980068012140F2584200
:10266000C4F20202904205912DD0FFE7089800685D
:10267000012140F27042C4F202029042059122D040
:10268000FFE708980068012140F28842C4F2020284
:102690009042059117D0FFE708980068012140F2A9
:1026A000A042C4F20202904205910CD0FFE70898C4
:1026B00000684FF64831CBF6FD710844B0FA80F05F
:1026C00040090590FFE70598C007002800F0A180A9
:1026D000FFE70898042180F8351008980068102159
:1026E000C4F20201884200F08180FFE70898006888
:1026F0002821C4F20201884278D0FFE708980068D8
:102700004021C4F20201884270D0FFE708980068B7
:102710005821C4F20201884268D0FFE70898006897
:102720007021C4F20201884260D0FFE70898006877
:102730008821C4F20201884258D0FFE70898006857
:10274000A021C4F20201884250D0FFE70898006837
:10275000B821C4F20201884248D0FFE70898006817
:1027600040F21041C4F2020188423FD0FFE70898CE
:10277000006840F22841C4F20201884236D0FFE7E7
:102780000898006840F24041C4F2020188422DD00E
:10279000FFE70898006840F25841C4F202018842FD
:1027A00024D0FFE70898006840F27041C4F20201AB
:1027B00088421BD0FFE70898006840F28841C4F2C5
:1027C0000201884212D0FFE70898006840F2A04159
:1027D000C4F20201884209D0FFE70898006840F27D
:1027E000B841C4F20201884209D1FFE708980068A5
:1027F000016821F001010A460160049208E008988E
:102800000068016821F001010A4601600392FFE7B8
:10281000EDE108980068016821F00E010160089858
:1028200000681021C4F20201884200F08180FFE7B5
:10283000089800682821C4F20201884278D0FFE796
:10284000089800684021C4F20201884270D0FFE776
:10285000089800685821C4F20201884268D0FFE756
:10286000089800687021C4F20201884260D0FFE736
:10287000089800688821C4F20201884258D0FFE716
:1028800008980068A021C4F20201884250D0FFE7F6
:1028900008980068B821C4F20201884248D0FFE7D6
:1028A0000898006840F21041C4F2020188423FD00B
:1028B000FFE70898006840F22841C4F2020188420C
:1028C00036D0FFE70898006840F24041C4F20201A8
:1028D00088422DD0FFE70898006840F25841C4F2C2
:1028E0000201884224D0FFE70898006840F2704156
:1028F000C4F2020188421BD0FFE70898006840F24A
:102900008841C4F20201884212D0FFE708980068AB
:1029100040F2A041C4F20201884209D0FFE70898C2
:10292000006840F2B841C4F20201884209D1FFE7D1
:1029300008980068016821F001010A4601600292CE
:1029400008E008980068016821F001010A4601606A
:102950000192FFE70898006801211022C4F20202E8
:102960009042009100F00381FFE708980068012180
:102970002822C4F202029042009100F0F880FFE7A2
:102980000898006801214022C4F20202904200919E
:1029900000F0ED80FFE70898006801215822C4F29A
:1029A00002029042009100F0E280FFE70898006880
:1029B00001217022C4F202029042009100F0D780FF
:1029C000FFE70898006801218822C4F202029042C1
:1029D000009100F0CC80FFE7089800680121A02258
:1029E000C4F202029042009100F0C180FFE7089813
:1029F00000680121B822C4F202029042009100F066
:102A0000B680FFE708980068012140F21042C4F246
:102A100002029042009100F0AA80FFE70898006847
:102A2000012140F22842C4F202029042009100F0DB
:102A30009E80FFE708980068012140F24042C4F2FE
:102A400002029042009100F09280FFE7089800682F
:102A5000012140F25842C4F202029042009100F07B
:102A60008680FFE708980068012140F27042C4F2B6
:102A70000202904200917AD0FFE708980068012195
:102A800040F28842C4F20202904200916FD0FFE708
:102A900008980068012140F2A042C4F2020290426C
:102AA000009164D0FFE708980068012140F2B84225
:102AB000C4F202029042009159D0FFE708980068E2
:102AC000012145F20842C5F60202904200914ED023
:102AD000FFE708980068012145F21C42C5F6020292
:102AE0009042009143D0FFE708980068012145F229
:102AF0003042C5F602029042009138D0FFE70898B4
:102B00000068012145F24442C5F60202904200915C
:102B10002DD0FFE708980068012145F25842C5F61C
:102B200002029042009122D0FFE70898006801213C
:102B300045F26C42C5F602029042009117D0FFE7C1
:102B400008980068012145F28042C5F602029042D1
:102B500000910CD0FFE7089800684AF66C31CAF281
:102B6000FD710844B0FA80F040090090FFE700983A
:102B7000C007002827D0FFE70898006E016821F4FD
:102B8000807101600898806D07900898C06D00F012
:102B90001F00012101FA00F0079948600898416E72
:102BA000806E48600898C06E00280BD0FFE7089838
:102BB000C06E016821F4807101600898016F406F58
:102BC0004860FFE7FFE70898012180F83510FFE72C
:102BD0000898002180F83410FFE70898006D00285D
:102BE00004D0FFE70898016D8847FFE7FFE7FFE79C
:102BF00000208DF82700FFE79DF827000AB080BD70
:102C000082B0014601900198406D009102B070477A
:102C100080B59CB001461B900020179040F2BC008C
:102C2000C2F20040006848F2B512C1F64E32A0FB75
:102C30000202920A16921B9A926D15921B9A926D3D
:102C40001492159A12681A92149A126819921B9A81
:102C50001268012340F2100CC4F2020C6245139179
:102C60001290119300F0A380FFE71B9800680121E8
:102C70002822C4F202029042119100F09880FFE7EE
:102C80001B98006801214022C4F202029042119177
:102C900000F08D80FFE71B98006801215822C4F2E4
:102CA00002029042119100F08280FFE71B980068B9
:102CB00001217022C4F202029042119177D0FFE705
:102CC0001B98006801218822C4F2020290421191EF
:102CD0006DD0FFE71B9800680121A022C4F2020218
:102CE0009042119163D0FFE71B9800680121B82240
:102CF000C4F202029042119159D0FFE71B9800687C
:102D0000012140F21042C4F20202904211914ED0D1
:102D1000FFE71B980068012140F22842C4F202023A
:102D20009042119143D0FFE71B980068012140F2C7
:102D30004042C4F202029042119138D0FFE71B9842
:102D40000068012140F25842C4F2020290421191FF
:102D50002DD0FFE71B980068012140F27042C4F2B9
:102D600002029042119122D0FFE71B9800680121D6
:102D700040F28842C4F202029042119117D0FFE75C
:102D80001B980068012140F2A042C4F20202904266
:102D900011910CD0FFE71B9800684FF64831CBF635
:102DA000FD710844B0FA80F040091190FFE71198D6
:102DB000C007002800F03285FFE71A981B99C96DFB
:102DC00001F01F01082202FA01F1084200F0B2806E
:102DD000FFE71B9800681021C4F20201884200F04E
:102DE0008180FFE71B9800682821C4F20201884215
:102DF00078D0FFE71B9800684021C4F202018842A6
:102E000070D0FFE71B9800685821C4F20201884285
:102E100068D0FFE71B9800687021C4F20201884265
:102E200060D0FFE71B9800688821C4F20201884245
:102E300058D0FFE71B980068A021C4F20201884225
:102E400050D0FFE71B980068B821C4F20201884205
:102E500048D0FFE71B98006840F21041C4F202011D
:102E600088423FD0FFE71B98006840F22841C4F237
:102E70000201884236D0FFE71B98006840F24041CB
:102E8000C4F2020188422DD0FFE71B98006840F28F
:102E90005841C4F20201884224D0FFE71B98006821
:102EA00040F27041C4F2020188421BD0FFE71B9838
:102EB000006840F28841C4F20201884212D0FFE764
:102EC0001B98006840F2A041C4F20201884209D078
:102ED000FFE71B98006840F2B841C4F20201884243
:102EE00007D1FFE71B980068006800F0040010900D
:102EF00006E01B980068006800F008001090FFE7EB
:102F00001098002815D0FFE71B980068016821F091
:102F1000040101601B98C06D00F01F00082101FA38
:102F200000F0159988601B98416D41F001014165E1
:102F3000FFE7FFE71A981B99C96D01F01F010122F5
:102F400002FA01F1084200F0AC80FFE71B9800682C
:102F50001021C4F20201884200F08180FFE71B9833
:102F600000682821C4F20201884278D0FFE71B984C
:102F700000684021C4F20201884270D0FFE71B982C
:102F800000685821C4F20201884268D0FFE71B980C
:102F900000687021C4F20201884260D0FFE71B98EC
:102FA00000688821C4F20201884258D0FFE71B98CC
:102FB0000068A021C4F20201884250D0FFE71B98AC
:102FC0000068B821C4F20201884248D0FFE71B988C
:102FD000006840F21041C4F2020188423FD0FFE78E
:102FE0001B98006840F22841C4F20201884236D0A2
:102FF000FFE71B98006840F24041C4F2020188429A
:103000002DD0FFE71B98006840F25841C4F202013E
:10301000884224D0FFE71B98006840F27041C4F258
:10302000020188421BD0FFE71B98006840F28841EC
:10303000C4F20201884212D0FFE71B98006840F2F8
:10304000A041C4F20201884209D0FFE71B98006842
:1030500040F2B841C4F20201884207D1FFE71B9851
:103060000068406900F080000F9006E01B9800683F
:10307000006800210E900F91FFE70F9800280FD0F5
:10308000FFE71B98C06D00F01F00012101FA00F05E
:10309000159988601B98416D41F002014165FFE779
:1030A000FFE71A981B99C96D01F01F01042202FA6B
:1030B00001F1084200F0AC80FFE71B980068102186
:1030C000C4F20201884200F08180FFE71B9800688B
:1030D0002821C4F20201884278D0FFE71B980068DB
:1030E0004021C4F20201884270D0FFE71B980068BB
:1030F0005821C4F20201884268D0FFE71B9800689B
:103100007021C4F20201884260D0FFE71B9800687A
:103110008821C4F20201884258D0FFE71B9800685A
:10312000A021C4F20201884250D0FFE71B9800683A
:10313000B821C4F20201884248D0FFE71B9800681A
:1031400040F21041C4F2020188423FD0FFE71B98D1
:10315000006840F22841C4F20201884236D0FFE7FD
:103160001B98006840F24041C4F2020188422DD011
:10317000FFE71B98006840F25841C4F20201884200
:1031800024D0FFE71B98006840F27041C4F20201AE
:1031900088421BD0FFE71B98006840F28841C4F2C8
:1031A0000201884212D0FFE71B98006840F2A0415C
:1031B000C4F20201884209D0FFE71B98006840F280
:1031C000B841C4F20201884207D1FFE71B980068AA
:1031D000006800F002000D9006E01B98006800688F
:1031E00000210C900D91FFE70D9800280FD0FFE70C
:1031F0001B98C06D00F01F00042101FA00F0159922
:1032000088601B98416D41F004014165FFE7FFE7CD
:103210001A981B99C96D01F01F01102202FA01F1E1
:10322000084200F0E280FFE71B9800681021C4F21A
:103230000201884200F08180FFE71B980068282186
:10324000C4F20201884278D0FFE71B980068402151
:10325000C4F20201884270D0FFE71B980068582131
:10326000C4F20201884268D0FFE71B980068702111
:10327000C4F20201884260D0FFE71B9800688821F1
:10328000C4F20201884258D0FFE71B980068A021D1
:10329000C4F20201884250D0FFE71B980068B821B1
:1032A000C4F20201884248D0FFE71B98006840F250
:1032B0001041C4F2020188423FD0FFE71B9800682A
:1032C00040F22841C4F20201884236D0FFE71B9841
:1032D000006840F24041C4F2020188422DD0FFE76D
:1032E0001B98006840F25841C4F20201884224D081
:1032F000FFE71B98006840F27041C4F20201884267
:103300001BD0FFE71B98006840F28841C4F202011D
:10331000884212D0FFE71B98006840F2A041C4F237
:103320000201884209D0FFE71B98006840F2B841CB
:10333000C4F20201884207D1FFE71B9800680068C9
:1033400000F008000B9006E01B980068006800F091
:1033500004000B90FFE70B98002845D0FFE71B986F
:10336000C06D00F01F00102101FA00F0159988606F
:103370001B980068006810F4802F1CD0FFE71B9892
:103380000068006810F4002F0AD1FFE71B98006C5A
:10339000002804D0FFE71B98016C8847FFE709E08D
:1033A0001B98806C002804D0FFE71B98816C88472D
:1033B000FFE7FFE717E01B980068006810F4807FC4
:1033C00007D1FFE71B980068016821F00801016040
:1033D000FFE71B98006C002804D0FFE71B98016CE6
:1033E0008847FFE7FFE7FFE7FFE71A981B99C96DDA
:1033F00001F01F01202202FA01F1084200F02E81A3
:10340000FFE71B9800681021C4F20201884200F017
:103410008180FFE71B9800682821C4F202018842DE
:1034200078D0FFE71B9800684021C4F2020188426F
:1034300070D0FFE71B9800685821C4F2020188424F
:1034400068D0FFE71B9800687021C4F2020188422F
:1034500060D0FFE71B9800688821C4F2020188420F
:1034600058D0FFE71B980068A021C4F202018842EF
:1034700050D0FFE71B980068B821C4F202018842CF
:1034800048D0FFE71B98006840F21041C4F20201E7
:1034900088423FD0FFE71B98006840F22841C4F201
:1034A0000201884236D0FFE71B98006840F2404195
:1034B000C4F2020188422DD0FFE71B98006840F259
:1034C0005841C4F20201884224D0FFE71B980068EB
:1034D00040F27041C4F2020188421BD0FFE71B9802
:1034E000006840F28841C4F20201884212D0FFE72E
:1034F0001B98006840F2A041C4F20201884209D042
:10350000FFE71B98006840F2B841C4F2020188420C
:1035100007D1FFE71B980068006800F010000A90D0
:1035200006E01B980068006800F002000A90FFE7C0
:103530000A98002800F09180FFE71B98C06D00F00A
:103540001F00202101FA00F0159988601B9890F85F
:10355000350004283BD1FFE71B980068016821F083
:10356000160101601B980068416921F080014161EA
:103570001B98006C002805D1FFE71B98806C002881
:1035800007D0FFE71B980068016821F0080101607F
:10359000FFE71B98C06D00F01F003F2101FA00F00B
:1035A000159988601B98012180F83510FFE71B985A
:1035B000002180F83410FFE71B98006D002804D02C
:1035C000FFE71B98016D8847FFE700F03CBC1B98A4
:1035D0000068006810F4802F1CD0FFE71B9800687B
:1035E000006810F4002F0AD1FFE71B98406C0028F8
:1035F00004D0FFE71B98416C8847FFE709E01B9860
:10360000C06B002804D0FFE71B98C16B8847FFE719
:10361000FFE721E01B980068006810F4807F11D15B
:10362000FFE71B980068016821F0100101601B98FA
:10363000012180F83510FFE71B98002180F8341035
:10364000FFE7FFE71B98C06B002804D0FFE71B983B
:10365000C16B8847FFE7FFE7FFE7FFE71B98406D77
:10366000002800F0DA80FFE71B98406D10F0010F92
:1036700000F0C980FFE71B98042180F835101B98E3
:1036800000681021C4F20201884200F08180FFE747
:103690001B9800682821C4F20201884278D0FFE715
:1036A0001B9800684021C4F20201884270D0FFE7F5
:1036B0001B9800685821C4F20201884268D0FFE7D5
:1036C0001B9800687021C4F20201884260D0FFE7B5
:1036D0001B9800688821C4F20201884258D0FFE795
:1036E0001B980068A021C4F20201884250D0FFE775
:1036F0001B980068B821C4F20201884248D0FFE755
:103700001B98006840F21041C4F2020188423FD089
:10371000FFE71B98006840F22841C4F2020188428A
:1037200036D0FFE71B98006840F24041C4F2020126
:1037300088422DD0FFE71B98006840F25841C4F240
:103740000201884224D0FFE71B98006840F27041D4
:10375000C4F2020188421BD0FFE71B98006840F2C8
:103760008841C4F20201884212D0FFE71B9800682A
:1037700040F2A041C4F20201884209D0FFE71B9841
:10378000006840F2B841C4F20201884209D1FFE763
:103790001B980068016821F001010A460160099246
:1037A00008E01B980068016821F001010A460160E9
:1037B0000892FFE7FFE717980130179016998842A3
:1037C00001D9FFE707E0FFE71B980068006810F0E9
:1037D000010FF0D1FFE71B980068006810F0010F9F
:1037E00005D0FFE71B98032180F8351004E01B98F3
:1037F000012180F83510FFE7FFE71B98002180F8D2
:103800003410FFE7FFE71B98C06C002804D0FFE7E7
:103810001B98C16C8847FFE7FFE714E31B9800681B
:10382000012145F20842C5F60202904207914ED0AE
:10383000FFE71B980068012145F21C42C5F6020211
:103840009042079143D0FFE71B980068012145F2A1
:103850003042C5F602029042079138D0FFE71B982C
:103860000068012145F24442C5F6020290420791E8
:103870002DD0FFE71B980068012145F25842C5F69C
:1038800002029042079122D0FFE71B9800680121B5
:1038900045F26C42C5F602029042079117D0FFE74D
:1038A0001B980068012145F28042C5F60202904251
:1038B00007910CD0FFE71B9800684AF66C31CAF2FA
:1038C000FD710844B0FA80F040090790FFE70798BF
:1038D000C007002800F0B582FFE71B980068006869
:1038E000189019981B99C96D01F01F01042202FA62
:1038F00001F1084200F0E080FFE79DF8600040071A
:10390000002840F1D980FFE71B98C06D00F01F0030
:10391000042101FA00F0149948609DF86100000646
:1039200000281BD5FFE79DF86200C00700280AD1D8
:10393000FFE71B98806C002804D0FFE71B98816C80
:103940008847FFE709E01B98006C002804D0FFE7D8
:103950001B98016C8847FFE7FFE7ACE09DF860002B
:103960008006002800F19D80FFE71B980068102169
:10397000C4F20201884200F08180FFE71B980068D2
:103980002821C4F20201884278D0FFE71B98006822
:103990004021C4F20201884270D0FFE71B98006802
:1039A0005821C4F20201884268D0FFE71B980068E2
:1039B0007021C4F20201884260D0FFE71B980068C2
:1039C0008821C4F20201884258D0FFE71B980068A2
:1039D000A021C4F20201884250D0FFE71B98006882
:1039E000B821C4F20201884248D0FFE71B98006862
:1039F00040F21041C4F2020188423FD0FFE71B9819
:103A0000006840F22841C4F20201884236D0FFE744
:103A10001B98006840F24041C4F2020188422DD058
:103A2000FFE71B98006840F25841C4F20201884247
:103A300024D0FFE71B98006840F27041C4F20201F5
:103A400088421BD0FFE71B98006840F28841C4F20F
:103A50000201884212D0FFE71B98006840F2A041A3
:103A6000C4F20201884209D0FFE71B98006840F2C7
:103A7000B841C4F20201884209D1FFE71B980068EF
:103A8000016821F008010A460160069208E01B98CF
:103A90000068016821F004010A4601600592FFE711
:103AA000FFE71B98006C002804D0FFE71B98016C0F
:103AB0008847FFE7FFE7C3E119981B99C96D01F03B
:103AC0001F01022202FA01F1084200F0EA80FFE73A
:103AD0009DF860008007002840F1E380FFE71B9815
:103AE000C06D00F01F00022101FA00F01499486037
:103AF0009DF86100000600281BD5FFE79DF86200D5
:103B0000C00700280AD1FFE71B98406C002804D0AA
:103B1000FFE71B98416C8847FFE709E01B98C06BE3
:103B2000002804D0FFE71B98C16B8847FFE7FFE739
:103B3000B6E09DF860008006002800F1A780FFE74E
:103B40001B9800681021C4F20201884200F08180B5
:103B5000FFE71B9800682821C4F20201884278D050
:103B6000FFE71B9800684021C4F20201884270D030
:103B7000FFE71B9800685821C4F20201884268D010
:103B8000FFE71B9800687021C4F20201884260D0F0
:103B9000FFE71B9800688821C4F20201884258D0D0
:103BA000FFE71B980068A021C4F20201884250D0B0
:103BB000FFE71B980068B821C4F20201884248D090
:103BC000FFE71B98006840F21041C4F202018842EE
:103BD0003FD0FFE71B98006840F22841C4F2020181
:103BE000884236D0FFE71B98006840F24041C4F29B
:103BF000020188422DD0FFE71B98006840F258412F
:103C0000C4F20201884224D0FFE71B98006840F20A
:103C10007041C4F2020188421BD0FFE71B98006884
:103C200040F28841C4F20201884212D0FFE71B989B
:103C3000006840F2A041C4F20201884209D0FFE7C7
:103C40001B98006840F2B841C4F20201884209D1D1
:103C5000FFE71B980068016821F014010A46016023
:103C6000049208E01B980068016821F00A010A46E6
:103C700001600392FFE71B98012180F83510FFE7F0
:103C80001B98002180F83410FFE7FFE71B98C06BFA
:103C9000002804D0FFE71B98C16B8847FFE7FFE7C8
:103CA000CDE019981B99C96D01F01F01082202FA95
:103CB00001F1084200F0C180FFE79DF860000007B5
:103CC000002840F1BA80FFE71B9800681021C4F279
:103CD0000201884200F08180FFE71B9800682821DC
:103CE000C4F20201884278D0FFE71B9800684021A7
:103CF000C4F20201884270D0FFE71B980068582187
:103D0000C4F20201884268D0FFE71B980068702166
:103D1000C4F20201884260D0FFE71B980068882146
:103D2000C4F20201884258D0FFE71B980068A02126
:103D3000C4F20201884250D0FFE71B980068B82106
:103D4000C4F20201884248D0FFE71B98006840F2A5
:103D50001041C4F2020188423FD0FFE71B9800687F
:103D600040F22841C4F20201884236D0FFE71B9896
:103D7000006840F24041C4F2020188422DD0FFE7C2
:103D80001B98006840F25841C4F20201884224D0D6
:103D9000FFE71B98006840F27041C4F202018842BC
:103DA0001BD0FFE71B98006840F28841C4F2020173
:103DB000884212D0FFE71B98006840F2A041C4F28D
:103DC0000201884209D0FFE71B98006840F2B84121
:103DD000C4F20201884209D1FFE71B98006801681C
:103DE00021F01C010A460160029208E01B9800685D
:103DF000016821F00E010A4601600192FFE71B985D
:103E0000C06D00F01F00012101FA00F0149A50600B
:103E10001B9841651B9880F83510FFE71B9800211F
:103E200080F83410FFE71B98C06C002804D0FFE72F
:103E30001B98C16C8847FFE700E0FFE7FFE7FFE75B
:103E400000E0FFE7FFE71CB080BD000000000000BD
:103E500080B592B0014610900B9102F025FC0E90B7
:103E60001098002805D1FFE701208DF8470000F0E9
:103E7000B6BC1098006801211022C4F202029042E0
:103E80000A9100F0A380FFE7109800680121282222
:103E9000C4F2020290420A9100F09880FFE7109865
:103EA000006801214022C4F2020290420A9100F00F
:103EB0008D80FFE71098006801215822C4F20202A9
:103EC00090420A9100F08280FFE71098006801217B
:103ED0007022C4F2020290420A9177D0FFE7109854
:103EE000006801218822C4F2020290420A916DD03A
:103EF000FFE7109800680121A022C4F2020290425C
:103F00000A9163D0FFE7109800680121B822C4F23B
:103F1000020290420A9159D0FFE7109800680121EF
:103F200040F21042C4F2020290420A914ED0FFE7E2
:103F300010980068012140F22842C4F20202904227
:103F40000A9143D0FFE710980068012140F24042F7
:103F5000C4F2020290420A9138D0FFE7109800683C
:103F6000012140F25842C4F2020290420A912DD03F
:103F7000FFE710980068012140F27042C4F202028B
:103F800090420A9122D0FFE710980068012140F288
:103F90008842C4F2020290420A9117D0FFE71098BB
:103FA0000068012140F2A042C4F2020290420A914C
:103FB0000CD0FFE7109800684FF64831CBF6FD7142
:103FC0000844B0FA80F040090A90FFE70A98C00759
:103FD000002800F08481FFE71098406A002801D093
:103FE000FFE7FFE71098022180F83510FFE71098EF
:103FF000002180F83410FFE7109800681021C4F207
:104000000201884200F08180FFE7109800682821B3
:10401000C4F20201884278D0FFE71098006840217E
:10402000C4F20201884270D0FFE71098006858215E
:10403000C4F20201884268D0FFE71098006870213E
:10404000C4F20201884260D0FFE71098006888211E
:10405000C4F20201884258D0FFE710980068A021FE
:10406000C4F20201884250D0FFE710980068B821DE
:10407000C4F20201884248D0FFE71098006840F27D
:104080001041C4F2020188423FD0FFE71098006857
:1040900040F22841C4F20201884236D0FFE710986E
:1040A000006840F24041C4F2020188422DD0FFE78F
:1040B0001098006840F25841C4F20201884224D0AE
:1040C000FFE71098006840F27041C4F20201884294
:1040D0001BD0FFE71098006840F28841C4F202014B
:1040E000884212D0FFE71098006840F2A041C4F265
:1040F0000201884209D0FFE71098006840F2B841F9
:10410000C4F20201884209D1FFE7109800680168F3
:1041100021F001010A460160099208E01098006848
:10412000016821F001010A4601600892FFE7FFE7FC
:1041300010980068006810F0010F15D0FFE702F03A
:10414000B3FADDF838E0A0EB0E0006280BD3FFE74A
:104150001098202141651098032180F83510012026
:104160008DF847003BE3E3E71098006800680F9084
:104170000F9848F23F01CFF6106108400F90109859
:104180008168C2680369D0F814C01143194341EA39
:104190000C0182691143C2691143006A08430F99F7
:1041A00008430F901098406A042808D1FFE7109840
:1041B000C16A006B08430F9908430F90FFE71098FE
:1041C0004068292807D3FFE71098406801212F286D
:1041D000079136D3FFE7109840683F2807D3FFE7E1
:1041E000109840680121432807912AD3FFE71098CF
:1041F0004068472807D3FFE7109840680121492805
:1042000007911ED3FFE7109840684F2807D3FFE7B8
:104210001098406801215328079112D3FFE71098A6
:10422000406800217428069108D3FFE71098406881
:104230000021782838BF01210691FFE706980790F2
:10424000FFE70798C007002805D0FFE70F9840F464
:1042500080100F90FFE70F98109909680860109878
:10426000006840690F900F9820F007000F90109899
:10427000406A0F9908430F901098406A04281CD197
:10428000FFE71098806A0F9908430F901098C06A52
:10429000002811D0FFE71098FCF73EFF00280AD055
:1042A000FFE71098402141651098012180F83510F2
:1042B0008DF8471093E2FFE7FFE70F981099096820
:1042C00048611098FCF7DCFC0D901098C06D00F070
:1042D0001F003F2101FA00F00D9988602CE1109831
:1042E0000068012145F20842C5F60202904205919C
:1042F0004ED0FFE710980068012145F21C42C5F638
:1043000002029042059143D0FFE710980068012116
:1043100045F23042C5F602029042059138D0FFE7DF
:1043200010980068012145F24442C5F6020290420D
:1043300005912DD0FFE710980068012145F2584201
:10434000C5F602029042059122D0FFE7109800685E
:10435000012145F26C42C5F602029042059117D048
:10436000FFE710980068012145F28042C5F602027D
:10437000904205910CD0FFE7109800684AF66C3126
:10438000CAF2FD710844B0FA80F040090590FFE7D9
:104390000598C007002800F0C380FFE71098006868
:1043A000012145F20842C5F60202904204914ED026
:1043B000FFE710980068012145F21C42C5F6020291
:1043C0009042049143D0FFE710980068012145F224
:1043D0003042C5F602029042049138D0FFE71098AF
:1043E0000068012145F24442C5F602029042049160
:1043F0002DD0FFE710980068012145F25842C5F61C
:1044000002029042049122D0FFE710980068012137
:1044100045F26C42C5F602029042049117D0FFE7C4
:1044200010980068012145F28042C5F602029042D0
:1044300004910CD0FFE7109800684AF66C31CAF27C
:10444000FD710844B0FA80F040090490FFE7049839
:10445000C007002801D0FFE7FFE71098022180F88D
:104460003510FFE71098002180F83410FFE710980E
:10447000006800680F900F986FF310100F9010985D
:104480008068402803D1FFE71020039008E01098CF
:1044900080680021802808BF4FF480410391FFE726
:1044A00003981099CA680B69D1F814C0D1F818E0C4
:1044B00040EAD20040EAD30040EADC0040EADE00F5
:1044C000CA6940EAD200096A40EA11100F9908430C
:1044D0000F900F98109909680860109801684AF6C3
:1044E000F832CAF2FD7211444CF6CD42CCF6CC4201
:1044F000A1FB02124FF6FC73C3F6FF7303EA9202AC
:10450000C26510980291FCF7BBFB0C901098C06D2F
:1045100000F01F00012101FA00F00C9948600AE048
:104520001098402141651098032180F83510012032
:104530008DF8470053E1FFE7109800680121102231
:10454000C4F202029042019100F00381FFE710984B
:10455000006801212822C4F202029042019100F079
:10456000F880FFE71098006801214022C4F202029F
:104570009042019100F0ED80FFE710980068012162
:104580005822C4F202029042019100F0E280FFE75B
:104590001098006801217022C4F202029042019139
:1045A00000F0D780FFE71098006801218822C4F24C
:1045B00002029042019100F0CC80FFE71098006861
:1045C0000121A022C4F202029042019100F0C180B8
:1045D000FFE7109800680121B822C4F2020290425D
:1045E000019100F0B680FFE710980068012140F2C9
:1045F0001042C4F202029042019100F0AA80FFE74B
:1046000010980068012140F22842C4F20202904250
:10461000019100F09E80FFE710980068012140F2B0
:104620004042C4F202029042019100F09280FFE702
:1046300010980068012140F25842C4F202029042F0
:10464000019100F08680FFE710980068012140F298
:104650007042C4F20202904201917AD0FFE71098B2
:104660000068012140F28842C4F2020290420191A6
:104670006FD0FFE710980068012140F2A042C4F219
:1046800002029042019164D0FFE710980068012176
:1046900040F2B842C4F202029042019159D0FFE7C1
:1046A00010980068012145F20842C5F602029042C6
:1046B00001914ED0FFE710980068012145F21C429D
:1046C000C5F602029042019143D0FFE710980068BE
:1046D000012145F23042C5F602029042019138D0E4
:1046E000FFE710980068012145F24442C5F6020236
:1046F000904201912DD0FFE710980068012145F20A
:104700005842C5F602029042019122D0FFE710986C
:104710000068012145F26C42C5F602029042019107
:1047200017D0FFE710980068012145F28042C5F6D6
:104730000202904201910CD0FFE7109800684AF6FF
:104740006C31CAF2FD710844B0FA80F04009019062
:10475000FFE70198C007002837D0FFE71098FCF763
:104760007BFB10988068802804D1FFE71098002117
:104770004160FFE710980179006E01601098416E6A
:10478000806E486010984068002815D0FFE71098A8
:104790004068082810D8FFE71098FCF721FC109813
:1047A000C06E4FF0000EC0F800E01098D0F870E036
:1047B000406FCEF8040007E010980021C166109801
:1047C000016710984167FFE7FFE7109800214165F6
:1047D0001098012280F835208DF84710FFE79DF8EA
:1047E000470012B080BD0000B0B590B09C46964620
:1047F0000C4605460E900D910C920B9300208DF8FF
:104800002B000E980028CDF824C0CDF820E00794A6
:10481000069504D1FFE701208DF83F0079E3FFE71B
:104820000E9890F83400012804D1FFE702208DF89B
:104830003F006EE30E98012180F83410FFE7FFE798
:104840000E9890F83500012840F05083FFE70E984D
:10485000022180F835100E98002141650E980068FD
:104860001021C4F20201884200F08180FFE70E9817
:1048700000682821C4F20201884278D0FFE70E9830
:1048800000684021C4F20201884270D0FFE70E9810
:1048900000685821C4F20201884268D0FFE70E98F0
:1048A00000687021C4F20201884260D0FFE70E98D0
:1048B00000688821C4F20201884258D0FFE70E98B0
:1048C0000068A021C4F20201884250D0FFE70E9890
:1048D0000068B821C4F20201884248D0FFE70E9870
:1048E000006840F21041C4F2020188423FD0FFE765
:1048F0000E98006840F22841C4F20201884236D086
:10490000FFE70E98006840F24041C4F2020188427D
:104910002DD0FFE70E98006840F25841C4F2020122
:10492000884224D0FFE70E98006840F27041C4F23C
:10493000020188421BD0FFE70E98006840F28841D0
:10494000C4F20201884212D0FFE70E98006840F2DC
:10495000A041C4F20201884209D0FFE70E98006826
:1049600040F2B841C4F20201884209D1FFE70E9833
:104970000068016821F001010A460160059208E023
:104980000E980068016821F001010A460160049256
:10499000FFE70E980D990C9A0B9BFCF739FC0E98CB
:1049A000006801211022C4F202029042039100F03B
:1049B000A380FFE70E98006801212822C4F20202BA
:1049C0009042039100F09880FFE70E980068012163
:1049D0004022C4F202029042039100F08D80FFE772
:1049E0000E98006801215822C4F2020290420391FD
:1049F00000F08280FFE70E98006801217022C4F267
:104A000002029042039177D0FFE70E9800680121DF
:104A10008822C4F20202904203916DD0FFE70E9803
:104A200000680121A022C4F202029042039163D0E7
:104A3000FFE70E9800680121B822C4F202029042FA
:104A4000039159D0FFE70E980068012140F210420F
:104A5000C4F20202904203914ED0FFE70E98006824
:104A6000012140F22842C4F202029042039143D055
:104A7000FFE70E980068012140F24042C4F20202B2
:104A80009042039138D0FFE70E980068012140F270
:104A90005842C4F20202904203912DD0FFE70E98D3
:104AA0000068012140F27042C4F202029042039178
:104AB00022D0FFE70E980068012140F28842C4F23C
:104AC00002029042039117D0FFE70E98006801217F
:104AD00040F2A042C4F20202904203910CD0FFE7E0
:104AE0000E9800684FF64831CBF6FD710844B0FAD5
:104AF00080F040090390FFE70398C007002816D014
:104B0000FFE70E98006800680B2161F344000E99DE
:104B1000096808600E98006C002807D0FFE70E981F
:104B20000068016841F008010160FFE715E00E9898
:104B300000680068052161F343000E990968086068
:104B40000E98006C002807D0FFE70E9800680168F7
:104B500041F004010160FFE7FFE70E9800680121C2
:104B60001022C4F202029042029100F00381FFE79A
:104B70000E98006801212822C4F20202904202919C
:104B800000F0F880FFE70E98006801214022C4F28F
:104B900002029042029100F0ED80FFE70E9800685B
:104BA00001215822C4F202029042029100F0E280F8
:104BB000FFE70E98006801217022C4F202029042C1
:104BC000029100F0D780FFE70E980068012188224B
:104BD000C4F202029042029100F0CC80FFE70E98EE
:104BE00000680121A022C4F202029042029100F06A
:104BF000C180FFE70E9800680121B822C4F20202CA
:104C00009042029100F0B680FFE70E980068012103
:104C100040F21042C4F202029042029100F0AA80D7
:104C2000FFE70E980068012140F22842C4F2020218
:104C30009042029100F09E80FFE70E9800680121EB
:104C400040F24042C4F202029042029100F092808F
:104C5000FFE70E980068012140F25842C4F20202B8
:104C60009042029100F08680FFE70E9800680121D3
:104C700040F27042C4F20202904202917AD0FFE701
:104C80000E980068012140F28842C4F2020290426C
:104C900002916FD0FFE70E980068012140F2A04218
:104CA000C4F202029042029164D0FFE70E980068BD
:104CB000012140F2B842C4F202029042029159D05E
:104CC000FFE70E980068012145F20842C5F602028E
:104CD000904202914ED0FFE70E980068012145F204
:104CE0001C42C5F602029042029143D0FFE70E98A3
:104CF0000068012145F23042C5F60202904202915D
:104D000038D0FFE70E980068012145F24442C5F60D
:104D10000202904202912DD0FFE70E980068012117
:104D200045F25842C5F602029042029122D0FFE7B6
:104D30000E980068012145F26C42C5F602029042CD
:104D4000029117D0FFE70E980068012145F28042DA
:104D5000C5F60202904202910CD0FFE70E9800685F
:104D60004AF66C31CAF2FD710844B0FA80F040098D
:104D70000290FFE70298C00700281BD0FFE70E98BB
:104D8000006E006810F4803F07D0FFE70E98006EB9
:104D9000016841F480710160FFE70E98C06E002841
:104DA00007D0FFE70E98C06E016841F48071016082
:104DB000FFE7FFE70E9800681021C4F20201884265
:104DC00000F08180FFE70E9800682821C4F20201FC
:104DD000884278D0FFE70E9800684021C4F20201B3
:104DE000884270D0FFE70E9800685821C4F2020193
:104DF000884268D0FFE70E9800687021C4F2020173
:104E0000884260D0FFE70E9800688821C4F2020152
:104E1000884258D0FFE70E980068A021C4F2020132
:104E2000884250D0FFE70E980068B821C4F2020112
:104E3000884248D0FFE70E98006840F21041C4F263
:104E4000020188423FD0FFE70E98006840F22841F7
:104E5000C4F20201884236D0FFE70E98006840F2A3
:104E60004041C4F2020188422DD0FFE70E9800684D
:104E700040F25841C4F20201884224D0FFE70E9864
:104E8000006840F27041C4F2020188421BD0FFE783
:104E90000E98006840F28841C4F20201884212D0A4
:104EA000FFE70E98006840F2A041C4F20201884278
:104EB00009D0FFE70E98006840F2B841C4F2020141
:104EC000884209D1FFE70E980068016841F00101AE
:104ED0000A460160019208E00E980068016841F0FE
:104EE00001010A4601600092FFE70DE00E984FF4C1
:104EF00000614165FFE70E98002180F83410FFE75C
:104F000001208DF82B00FFE79DF82B008DF83F0066
:104F1000FFE79DF83F0010B0B0BD000000000000AA
:104F200080B584B001460390009101F0BDFB029072
:104F30000398019001980130002809D0FFE740F262
:104F4000A610C2F200400078019908440190FFE7E2
:104F5000FFE701F0A9FBDDF808E0A0EB0E00DDF8AB
:104F600004E0704501D2FFE7F3E704B080BD000024
:104F700084B00A460346039002910192009304B064
:104F8000704700000000000082B0014601900091CF
:104F900002B070470000000084B00A460346039048
:104FA00002910192009304B07047000000000000DD
:104FB000B0B58EB09C4696460C4605460C900B91BB
:104FC0000A920993002005900C9890F898008DF8AB
:104FD00013009DF813000228CDF80CC0CDF808E0AE
:104FE0000194009540F06181FFE70B98402852D171
:104FF000FFE70C980068D0F8A00010F4FE0F0BD16A
:10500000FFE70C98D0F89C1041F02001C0F89C10EC
:1050100001208DF8370053E10C980068D0F8A40007
:1050200010F07F0F0BD1FFE70C98D0F89C1041F4E3
:105030008071C0F89C1001208DF8370040E10C9879
:105040000068D0F8A40000F080700121B1EB106F6F
:105050000DD1FFE70C980068D0F8A0000121B1EB5A
:10506000D07F03D1FFE701200590FFE7FFE70C9811
:105070000068D0F8A40000F47C50059901EB1020E2
:1050800005900C98416C406F059A514300EB8100EC
:105090000890FFE771E00B98412852D1FFE70C9888
:1050A0000068D0F8B00010F4FE0F0BD1FFE70C98A9
:1050B000D0F89C1041F02001C0F89C1001208DF820
:1050C0003700FDE00C980068D0F8B40010F07F0FB6
:1050D0000BD1FFE70C98D0F89C1041F48071C0F818
:1050E0009C1001208DF83700EAE00C980068D0F899
:1050F000B40000F080700121B1EB106F0DD1FFE71B
:105100000C980068D0F8B0000121B1EBD07F03D13A
:10511000FFE701200590FFE7FFE70C980068D0F853
:10512000B40000F47C50059901EB102005900C9818
:10513000C16C806F059A514300EB81000890FFE736
:105140001AE00B980C99096D88420BD3FFE70C9875
:10515000D0F89C1041F02001C0F89C1001208DF87F
:105160003700ADE00C98416DC06F0B9A514300EBD6
:1051700081000890FFE7FFE7FFE70898006800F06C
:1051800080400A9948600A984068002807D1FFE7E4
:1051900008980068C0F38A400A99086006E00898F9
:1051A000006820F060400A990860FFE708980068EE
:1051B00000F000500A9988600898006800F00040EC
:1051C0000A990861089804300890089800880A999C
:1051D000C86108980068C0F303400A99C86008983D
:1051E000006800F480100A9948610898006800F48B
:1051F00000100A99886108980068C0F306600A994F
:10520000086208980068C00F0A994862089804303C
:1052100008900898079000200690FFE706980A99E2
:10522000C9684BF28A22C0F60102515C88420AD258
:10523000FFE707980699405C099A5054FFE70698E3
:1052400001300690EAE70B98402806D1FFE7059861
:105250000C990968C1F8A80023E00B98412806D1F1
:10526000FFE705980C990968C1F8B80018E00B9899
:105270001F2809D8FFE70B98012101FA00F00C99CB
:105280000968C1F898000AE00B9800F01F0001219E
:1052900001FA00F00C990968C1F89C00FFE7FFE7EC
:1052A000FFE700208DF837000AE00C98D0F89C103A
:1052B00041F00801C0F89C1001208DF83700FFE78D
:1052C0009DF837000EB0B0BD82B00146019000914C
:1052D00002B070470000000080B596B001461590FE
:1052E0004AF61000C4F200000068800714904AF6E5
:1052F0001400C4F200000068149A02EA807014904E
:1053000015980068006D00F47040139015980068BF
:10531000406D139A1040139015980068006D00F0CE
:105320000F00129015980068406D129A104012906C
:1053300015980068006D00F0F00011901598006855
:10534000406D119A1040119015980068006D00F0A2
:105350007150109015980068406D109A1040109090
:1053600015980068006D00F060700F901598006847
:10537000406D0F9A10400F9015980068406D059091
:1053800015980068006D03909DF81500C00700286F
:10539000019118D0FFE79DF80D00C007002811D03B
:1053A000FFE7FFE7159800684FF4807101654AF642
:1053B0001000C4F2000000210160FFE71598FFF71C
:1053C00083FFFFE7FFE79DF8150000F004000021D0
:1053D000B1EB900F28D0FFE79DF80D0000F004001E
:1053E0000021B1EB900F1ED0FFE715980068D0F8B0
:1053F000DC000D9015980068D0F8E4000D99084085
:105400000D90FFE7159800684FF4806101654AF63A
:105410001000C4F2000000210160FFE715980D990B
:1054200000F0CEFEFFE7FFE71498002817D0FFE753
:10543000FFE714984FF6FF71C3F6CF710840159936
:10544000096808651498800F4AF61001C4F200013B
:105450000860FFE715981499FFF78AFDFFE7139896
:10546000002817D0FFE7FFE713984FF6FF71C3F648
:10547000CF7108401599096808651398800F4AF69E
:105480001001C4F200010860FFE71598139900F0BD
:10549000B3FEFFE71298002817D0FFE7FFE7129846
:1054A0004FF6FF71C3F6CF7108401599096808657A
:1054B0001298800F4AF61001C4F200010860FFE75D
:1054C0001598129900F060FDFFE71198002817D099
:1054D000FFE7FFE711984FF6FF71C3F6CF71084061
:1054E0001599096808651198800F4AF61001C4F2F1
:1054F00000010860FFE71598119900F0B1FDFFE782
:105500009DF8150000F008000021B1EBD00F1BD072
:10551000FFE79DF80D0000F008000021B1EBD00F6F
:1055200011D0FFE7FFE7159800684FF400610165AF
:105530004AF61000C4F2000000210160FFE7159850
:1055400000F066FEFFE7FFE79DF8150000F002009F
:105550000021B1EB500F28D0FFE79DF80D0000F0BF
:1055600002000021B1EB500F1ED0FFE71598006834
:10557000D0F8D8000E9015980068D0F8E0000E9989
:1055800008400E90FFE7159800684FF40071016520
:105590004AF61000C4F2000000210160FFE71598F0
:1055A0000E9900F019FEFFE7FFE79DF8160000F0E6
:1055B00008000021B1EBD00F1BD0FFE79DF80E00D3
:1055C00000F008000021B1EBD00F11D0FFE7FFE79A
:1055D000159800684FF4002101654AF61000C4F2E6
:1055E000000000210160FFE7159800F0C5FCFFE70F
:1055F000FFE79DF81600C007002818D0FFE79DF8C8
:105600000E00C007002811D0FFE7FFE715980068DB
:105610004FF4803101654AF61000C4F20000002109
:105620000160FFE7159800F0C3FDFFE7FFE79DF875
:10563000160000F004000021B1EB900F1BD0FFE733
:105640009DF80E0000F004000021B1EB900F11D086
:10565000FFE7FFE7159800684FF4802101654AF6DF
:105660001000C4F2000000210160FFE7159800F06F
:1056700097FDFFE7FFE79DF8160000F0020000210C
:10568000B1EB500F1FD0FFE79DF80E0000F00200B5
:105690000021B1EB500F15D0FFE7FFE71598006828
:1056A0004FF4003101654AF61000C4F200000021F9
:1056B0000160FFE71598D0F89C1041F08001C0F818
:1056C0009C10FFE7FFE70F98002817D0FFE7FFE7E0
:1056D0000F984FF6FF71C3F6CF710840159909680E
:1056E00008650F98800F4AF61001C4F200010860A7
:1056F000FFE715980F99FFF74FFCFFE71098002878
:105700001AD0FFE7FFE710984FF6FF71C3F6CF718D
:1057100008401599096808651098800F4AF610012D
:10572000C4F200010860FFE710981599D1F89C2099
:105730001043C1F89C00FFE7159800684AF2000189
:10574000C4F20001884240F0BE80FFE7159840682F
:10575000806810F0030F00F0B580FFE715984068EF
:10576000006A00F00F000C9015984068406A0C9990
:1057700008400C9015984068006A00F030000B90CB
:1057800015984068406A0B9908400B90159840683E
:10579000006A00F4C0700A9015984068406A0A993F
:1057A00008400A9015984068006A00F4FC4009908F
:1057B00015984068406A0999084009901598406812
:1057C000006A00F4F020089015984068406A089933
:1057D0000840089015984068406A04901598406801
:1057E000006A02900C98002809D0FFE70C981599E0
:1057F0004968086215980C9900F0AAFCFFE70B981D
:10580000002809D0FFE70B98159949680862159898
:105810000B9900F0B9FCFFE79DF8100000F0400084
:105820000021B1EB901F1FD0FFE79DF8080000F0AA
:1058300040000021B1EB901F15D0FFE7159840689C
:10584000C06B000C079015984068C06B00F03F00DB
:105850000690159840684021016215980799069AAC
:1058600000F082FCFFE7FFE70A98002809D0FFE775
:105870000A9815994968086215980A9900F05CFC25
:10588000FFE7099800280CD0FFE7099815994968A7
:10589000086209981599D1F89C201043C1F89C0022
:1058A000FFE7089800280CD0FFE708981599496889
:1058B000086208981599D1F89C201043C1F89C0003
:1058C000FFE7FFE7FFE71598D0F89C00002804D019
:1058D000FFE71598FFF758FBFFE716B080BD000003
:1058E00080B586B00146049004980028019104D147
:1058F000FFE701208DF81700F7E1049800684AF2ED
:105900000001C4F20001884206D1FFE70498016853
:1059100001F580714160FFE704988068B0F5407F31
:1059200001D1FFE7FFE70498006C002801D0FFE7F2
:10593000FFE70498806C002801D0FFE7FFE7049898
:10594000006D002801D0FFE7FFE70498006E0028F3
:1059500001D0FFE7FFE70498C16D006E08440028FE
:1059600001D0FFE7FFE7049890F89800002808D1DD
:10597000FFE70498002180F89910049800F0BCF922
:10598000FFE704980068816921F01001816100F04F
:105990008BFE0390FFE704980068806910F0080F01
:1059A00019D0FFE700F080FEDDF80CE0A0EB0E0060
:1059B0000B280FD3FFE70498D0F89C1041F00101A9
:1059C000C0F89C100498032180F8981001208DF8ED
:1059D00017008AE1DFE704980068816941F001015E
:1059E000816100F061FE0390FFE704980068806920
:1059F00010F0010F19D1FFE700F056FEDDF80CE0C2
:105A0000A0EB0E000B280FD3FFE70498D0F89C10F2
:105A100041F00101C0F89C100498032180F898100F
:105A200001208DF8170060E1DFE7049800688169C4
:105A300041F0020181610498007C012807D1FFE751
:105A400004980068816921F04001816106E00498B2
:105A50000068816941F040018161FFE70498407C62
:105A6000012807D1FFE704980068816941F480416B
:105A7000816106E004980068816921F480418161B8
:105A8000FFE70498807C012807D1FFE704980068AD
:105A9000816921F48051816106E004980068816980
:105AA00041F480518161FFE704980068806920F427
:105AB000407004990A6889680843906104980068F6
:105AC000816921F0A401816104980068016921F0D5
:105AD000100101610498C068012807D1FFE704980C
:105AE0000068816941F0040181612CE00498C0687C
:105AF000002826D0FFE70498C068022819D0FFE7E5
:105B000004980068816941F080018161049800680F
:105B1000016941F0100101610498C068032807D1B0
:105B2000FFE704980068816941F020018161FFE787
:105B300006E004980068816941F020018161FFE777
:105B400000E0FFE7FFE70498016842698369D0F845
:105B50001CC04FF07E4E0EEB43636FF0FF0E0EEB5A
:105B60000C2C43EA0C03006A013818430023CFF6DB
:105B7000FF7303EB02421043C86104988068B0F5DC
:105B8000407F1BD1FFE704980168426A836AD0F81E
:105B90002CC0013B6FF0FF0E0EEB0C2C43EA0C0304
:105BA000006B6FF00F0C0CEB001018430023CFF6C6
:105BB000FF7303EB02421043C860FFE70498006ED6
:105BC000002809D0FFE704980168406ED1F8C02092
:105BD0001043C1F8C000FFE70498C16D006E08448F
:105BE000002813D0FFE704980068D0F8C80020F020
:105BF000070004990A68896E4BF2A423C0F60103DA
:105C000053F821100843C2F8C800FFE70498006C5D
:105C1000002813D0FFE704980068D0F8BC0020F0FB
:105C2000070004990A68496C4BF2A423C0F60103EB
:105C300053F821100843C2F8BC00FFE70498806CB9
:105C4000002814D0FFE704980068D0F8BC0020F0CA
:105C5000700004990A68C96C4BF2A423C0F60103D2
:105C600053F8211040EA0110C2F8BC00FFE7049885
:105C7000006D002814D0FFE704980068D0F8BC003D
:105C800020F4E06004990A68496D4BF2A423C0F641
:105C9000010353F8211040EA0120C2F8BC00FFE7DD
:105CA000049800684AF20001C4F20001884207D15A
:105CB000FFE704984068816821F003018160FFE7F5
:105CC00004980021C0F894100498C0F89C1004981F
:105CD000012180F898100498FBF7C2FD8DF80B00A5
:105CE0009DF80B008DF81700FFE79DF8170006B030
:105CF00080BD00000000000080B5C8B0014647909C
:105D000000204690459044904390429014A8B822B9
:105D10000D911146FAF7DCFC479800684AF2000141
:105D2000C4F2000188425AD1FFE7002015904FF4D9
:105D3000004014904FF080502F9014A802F0E8FB20
:105D4000002803D0FFE7FBF76BFDFFE740F2DC2004
:105D5000C2F200400168013101600068012811D1E0
:105D6000FFE7FFE744F2EC40C5F60200016841F4AA
:105D700080710160006800F48070139013980C909B
:105D8000FFE7FFE7FFE744F2E040C5F602000168E5
:105D900041F008010160006800F0080012901298BC
:105DA0000B90FFE703204290022043900020449094
:105DB00045900921469140F60041C5F6020142AAEC
:105DC0000A900846114600F04FFA1320012109906D
:105DD0000A9A00F091FD099800F082FDC8E047980A
:105DE00000684AF20041C4F2000188425AD1FFE73C
:105DF000002015904FF4004014904FF080502F90E9
:105E000014A802F085FB002803D0FFE7FBF708FD8C
:105E1000FFE740F2DC20C2F200400168013101607E
:105E20000068012811D1FFE7FFE744F2EC40C5F616
:105E30000200016841F480710160006800F4807024
:105E4000119011980890FFE7FFE7FFE744F2E04068
:105E5000C5F60200016841F002010160006800F02F
:105E60000200109010980790FFE7602042900220F7
:105E700043900020449045900921469140F2004112
:105E8000C5F6020142AA06900846114600F0ECF958
:105E9000142001210590069A00F02EFD059800F0CF
:105EA0001FFD64E0479800684DF20041C4F2000114
:105EB00088425BD1FFE7002015904FF4004014901A
:105EC0004FF080502F9014A802F022FB002803D03E
:105ED000FFE7FBF7A5FCFFE740F2DC20C2F2004041
:105EE0000168013101600068012811D1FFE7FFE777
:105EF00044F2EC40C5F60200016841F48071016093
:105F0000006800F480700F900F980490FFE7FFE79F
:105F1000FFE744F2E040C5F60200016841F00801E5
:105F20000160006800F008000E900E980390FFE7F3
:105F30004FF44050429002204390002044904590FE
:105F40000521469140F60041C5F6020142AA0290A1
:105F50000846114600F088F99F2001900299029AA4
:105F600000F0CAFC019800F0BBFCFFE7FFE7FFE789
:105F700048B080BD0000000082B001460190009151
:105F800002B070470000000080B58EB00A4603469C
:105F90000D900C910D9800684AF20001C4F20001C6
:105FA00088420B920A9316D1FFE70D9840F2102118
:105FB000C2F200410A1D01F12C034FF0400C09917F
:105FC00061460892FEF7F4FF09994A6B089B079017
:105FD000184690473FE00D9800684AF20041C4F22D
:105FE0000001884216D1FFE70D9840F24821C2F225
:105FF00000410A1D01F12C034FF0400C069161464F
:106000000592FEF7D5FF06994A6B059B049018464A
:1060100090471FE00D9800684DF20041C4F2000166
:10602000884216D1FFE70D9840F28021C2F200416C
:106030000A1D01F12C034FF0400C039161460292BE
:10604000FEF7B6FF03994A6B029B019018469047F2
:10605000FFE7FFE7FFE70EB080BD00000000000093
:1060600080B58EB00A4603460D900C910D980068DD
:106070004AF20001C4F2000188420B920A9316D141
:10608000FFE70D9840F21021C2F200410A1D01F114
:106090002C034FF0410C099161460892FEF788FFEE
:1060A00009994A6B089B0790184690473FE00D9866
:1060B00000684AF20041C4F20001884216D1FFE7AD
:1060C0000D9840F24821C2F200410A1D01F12C0353
:1060D0004FF0410C069161460592FEF769FF069963
:1060E0004A6B059B0490184690471FE00D98006886
:1060F0004DF20041C4F20001884216D1FFE70D982D
:1061000040F28021C2F200410A1D01F12C034FF040
:10611000410C039161460292FEF74AFF03994A6BD4
:10612000029B019018469047FFE7FFE7FFE70EB09C
:1061300080BD00000000000084B00A4603460390C2
:1061400002910192009304B070470000000000002B
:1061500084B00A460346039002910192009304B072
:10616000704700000000000080B586B013468C46E2
:1061700086460590049103920293CDF804C0CDF8B1
:1061800000E006B080BD000084B00A4603460390DC
:1061900002910192009304B07047000000000000DB
:1061A00082B001460190009102B0704700000000EB
:1061B00082B001460190009102B0704700000000DB
:1061C00084B00A460346039002910192009304B002
:1061D000704700000000000084B00A4603460390A8
:1061E000029143F6AC30C2F2004001680131016017
:1061F0000192009304B0704784B00A4603460390AE
:1062000002910192009304B070470000000000006A
:1062100082B001460190009102B07047000000007A
:1062200082B00146ADF80600009102B07047000050
:1062300080B582B00146ADF806008820C5F60000A2
:106240000068BDF80620104200910BD0FFE7BDF8B2
:1062500006008821C5F600010860BDF80600FFF7BA
:10626000DFFFFFE702B080BD92B00A4603461190FF
:10627000109100200F908020C5F600000C900A922B
:106280000993FFE7109800680F99C840002800F0B4
:10629000CA81FFE7109800680F99012202FA01F104
:1062A00008400E900E98002800F0B981FFE7109882
:1062B000406800F00300012807D0FFE7109840680D
:1062C00000F0030002282FD1FFE7119880680D909D
:1062D0000F984000032101FA00F00D9921EA000017
:1062E0000D901098C0680F99490088400D99084397
:1062F0000D900D9811998860119840680D900F9835
:10630000012101FA00F00D9921EA00000D9010988A
:106310004068C0F300100F9988400D9908430D9014
:106320000D9811994860FFE71098406800F003004D
:10633000032818D0FFE71198C0680D900F9840000F
:10634000032101FA00F00D9921EA00000D90109848
:1063500080680F99490088400D9908430D900D9869
:106360001199C860FFE71098406800F00300022808
:1063700028D1FFE711980F994FF6FC72C7F6FF720C
:1063800002EA51010844006A0D900F9800F00700DE
:1063900080000F2101FA00F00D9921EA00000D9014
:1063A000109800690F9901F00701890088400D9944
:1063B00008430D900D9811990F9B02EA5302114466
:1063C0000862FFE7119800680D900F9840000321C4
:1063D00001FA00F00D9921EA00000D901098406834
:1063E00000F003000F99490088400D9908430D9073
:1063F0000D9811990860109880798007002800F0A6
:106400000D81FFE7FFE744F2F440C5F602000168A2
:1064100041F002010160006800F002000B900B984F
:106420000890FFE70F9820F0030040F20841C5F6FE
:10643000000140580D900F9800F0030080000F21DC
:1064400001FA00F00D9921EA00000D901198002149
:10645000C5F60201884203D1FFE7002007906CE0F7
:10646000119840F20041C5F60201884203D1FFE7CE
:10647000012006905EE0119840F60001C5F6020189
:10648000884203D1FFE70220059050E0119840F6C2
:106490000041C5F60201884203D1FFE703200490C2
:1064A00042E0119841F20001C5F60201884203D191
:1064B000FFE70420039034E0119841F20041C5F653
:1064C0000201884203D1FFE70520029026E01198DF
:1064D00041F60001C5F60201884203D1FFE706201C
:1064E000019018E0119841F60041C5F6020188427A
:1064F00003D1FFE7072000900AE0119842F2004123
:10650000C5F602010A22884208BF09220092FFE76D
:1065100000980190FFE701980290FFE7029803902E
:10652000FFE703980490FFE704980590FFE70598BC
:106530000690FFE706980790FFE707980F9901F08C
:106540000301890088400D9908430D900D980F991B
:1065500021F0030140F20842C5F6000288504FF0D6
:10656000B04000680D900E980D9921EA00000D9042
:1065700010988079C006002805D5FFE70E980D9980
:1065800008430D90FFE70D984FF0B04108600420DC
:10659000C5F6000000680D900E980D9921EA0000E4
:1065A0000D90109880798006002805D5FFE70E9899
:1065B0000D9908430D90FFE70D980421C5F60001E1
:1065C00008600C9840680D900E980D9921EA000023
:1065D0000D90109880798007002805D5FFE70E9868
:1065E0000D9908430D90FFE70D980C9948600C98A1
:1065F00000680D900E980D9921EA00000D901098FA
:106600008079C007002805D0FFE70E980D99084350
:106610000D90FFE70D980C990860FFE7FFE70F98D2
:1066200001300F902EE612B070470000000000000D
:1066300085B00A4603460490ADF80E1004984069F0
:1066400002900298BDF80E1000EA010C21EA000049
:1066500040EA0C40049988610192009305B07047AC
:1066600080B585B013468C4686460490ADF80E1072
:106670008DF80D209DF80D0000280293CDF804C080
:10668000CDF800E005D0FFE7BDF80E000499886161
:1066900005E0BDF80E00000404998861FFE705B02D
:1066A00080BD00000000000043F6D030C2F2004080
:1066B000006870470000000080B584B00146029079
:1066C00002980028009104D1FFE701208DF80F0007
:1066D0004BE0029800684CF6CC41016002980068DB
:1066E00045F255510160029801684068486002987F
:1066F000016880688860FFF7D7FF0190FFE7029884
:106700000068C06810F0070F18D0FFE7FFF7CCFF54
:10671000DDF804E0A0EB0E0041F6020E70450CD34C
:10672000FFE702980068C06810F0070F04D0FFE789
:1067300003208DF80F0018E0FFE7E0E702980068FB
:1067400000690299C968884205D0FFE7029801688C
:10675000C068086105E0029800684AF6AA21016055
:10676000FFE700208DF80F00FFE79DF80F0004B051
:1067700080BD00000000000040F2A610C2F2004000
:10678000007843F6D031C2F200410A681044086034
:10679000704700000000000080B582B0032000F0C8
:1067A000CFF803F099F944F2184EC5F6020EDEF860
:1067B0000010C1F303214BF27A22C0F60102515CB2
:1067C00001F01F01C84000900098DEF8001001F0B1
:1067D0000F01515C01F01F01C84040F2C001C2F23C
:1067E00000410860009840F2BC01C2F2004108601C
:1067F000072000F015F8002804D0FFE701208DF8ED
:10680000070006E000F054F84FF0000E8DF807E0A6
:10681000FFE79DF8070002B080BD00000000000007
:1068200080B584B00146029040F2A610C2F200404A
:1068300000780028019104D1FFE701208DF80F00B6
:1068400031E040F2BC00C2F20040006840F2A61104
:10685000C2F2004109784FF47A72B2FBF1F1B0FB59
:10686000F1F005F05DFA002804D0FFE701208DF873
:106870000F0018E002980F280DD8FFE702994FF09B
:10688000FF30002200F038F8029840F2A811C2F25E
:106890000041086003E001208DF80F0003E00020B4
:1068A0008DF80F00FFE79DF80F0004B080BD0000D9
:1068B00080B582B0FFE744F2F440C5F602000168FB
:1068C00041F002010160006800F0020001900198AF
:1068D0000090FFE7042000F033F802B080BD000014
:1068E00080B582B00146ADF80600BDF90600009102
:1068F00013F016FC02B080BD80B58AB013468C46FA
:106900008646ADF82600089107920593CDF810C091
:10691000CDF80CE013F020FC069006980899079A31
:10692000BDF92630029308F07BFA029901900846DF
:10693000019913F019FC0AB080BD000000000000AE
:1069400080B582B0014601900198009113F034FCAB
:1069500002B080BD0000000083B0014602900298A2
:106960000068019002980122C0F8D8240298002201
:1069700080F8CC240198836943F000638361019817
:10698000436D40F2030CC1F2000C43EA0C03436573
:106990001046009103B0704784B00A460346039046
:1069A0008DF80B100192009304B0704700000000B6
:1069B00084B00A4603460390ADF80A10BDF80A00F9
:1069C00003990968486200200192009304B070475F
:1069D00080B587B013468C46864606908DF8171012
:1069E000ADF8142006980068406A03909DF81700DF
:1069F00000280293CDF804C0CDF800E009D1FFE7EC
:106A0000BDF81400039941EA0040069909688862BC
:106A100033E006980068806A039901EB1040039008
:106A200000208DF81300FFE79DF813009DF8171064
:106A30000139884213D2FFE7069800689DF81310C9
:106A400000EB8100D0F80401039901EB10400390A2
:106A5000FFE79DF8130001308DF81300E4E7BDF85F
:106A60001400039941EA0040069909689DF817202F
:106A700001EB8201C1F80001FFE7002007B080BDF3
:106A800080B584B0014603900398D0F8E0040291E9
:106A90000CF076FE019004B080BD00000000000004
:106AA00080B586B00A46034605908DF81310059808
:106AB000D0F8E0149DF813C00CEBCC0E00EB8E0068
:106AC000006A039008466146DDF80CC002926246F7
:106AD00001930CF079FC009006B080BD000000002E
:106AE00080B586B00A46034605908DF813100598C8
:106AF000D0F8E0149DF813C00CEBCC0E00EB8E0028
:106B0000D0F86002039008466146DDF80CC002929E
:106B1000624601930CF040FD009006B080BD00007D
:106B200080B584B0014603900398D0F8E004029148
:106B30000CF02EFE019004B080BD000000000000AB
:106B400080B586B00A46034605908DF813109DF86F
:106B5000130000060028029201930CD5FFE7059868
:106B60009DF8131001F00F0101EBC10100EB810052
:106B7000143003900CE005989DF8131001F00F01FC
:106B800001EBC10100EB810000F515700390FFE7F8
:106B90000598006803990EF013FD8DF812009DF81A
:106BA000120006B080BD000080B588B00A460346DA
:106BB00006908DF817109DF8170000060028039224
:106BC00002930FD5FFE706989DF8171001F00F010B
:106BD00001EBC10100EB8100143004900498012105
:106BE00041700FE006989DF8171001F00F0101EBBE
:106BF000C10100EB810000F515700490049800219C
:106C00004170FFE79DF8170000F00F00049908702D
:106C1000FFE7069890F89404012804D1FFE70220CA
:106C20008DF81F0015E00698012180F89414FFE705
:106C3000FFE70698006804990DF05AFF0190FFE7FE
:106C40000698002180F89414FFE700208DF81F00BB
:106C5000FFE79DF81F0008B080BD000000000000A5
:106C600080B588B00A46034606908DF817109DF847
:106C7000170000F00F0006990979884203920293E9
:106C800004D9FFE701208DF81F004EE09DF81700A2
:106C9000000600280FD5FFE706989DF8171001F0B1
:106CA0000F0101EBC10100EB810014300490049846
:106CB000012141700FE006989DF8171001F00F01B7
:106CC00001EBC10100EB810000F515700490049800
:106CD00000214170FFE70498002181709DF81700A2
:106CE00000F00F0004990870FFE7069890F89404EC
:106CF000012804D1FFE702208DF81F0015E0069857
:106D0000012180F89414FFE7FFE7069800680499D2
:106D10000EF092F90190FFE70698002180F8941494
:106D2000FFE700208DF81F00FFE79DF81F0008B067
:106D300080BD00000000000084B00A4603460390B6
:106D40008DF80B1003989DF80B1001F00F0101EB6B
:106D5000C10100EB8100D0F868020192009304B0F9
:106D60007047000000000000B0B58AB09C4696460F
:106D70000C46054608908DF81F10ADF81C208DF8C4
:106D80001B3000208DF81A009DF81F000006002817
:106D9000CDF810C0CDF80CE0029401950FD5FFE7B7
:106DA00008989DF81F1001F00F0101EBC10100EBE5
:106DB0008100143005900598012141700FE008987A
:106DC0009DF81F1001F00F0101EBC10100EB8100E4
:106DD00000F515700590059800214170FFE79DF8BA
:106DE0001F0000F00F0005990870BDF81C006FF33C
:106DF000DF20059988609DF81B00059908710598AA
:106E00004078002804D0FFE7059801784183FFE728
:106E10009DF81B00022804D1FFE70598002141716D
:106E2000FFE7FFE7089890F89404012804D1FFE7F2
:106E300002208DF8270016E00898012180F89414AC
:106E4000FFE7FFE70898006805990DF005FD009041
:106E5000FFE70898002180F89414FFE79DF81A00D6
:106E60008DF82700FFE79DF827000AB0B0BD0000AD
:106E7000B0B58CB09C4696460C4605460B908DF8F6
:106E80002B10099208930B989DF82B1001F00F011D
:106E900001EBC10100EB810000F515700790099826
:106EA0000799C8600898079908610798002141610F
:106EB000079841709DF82B0000F00F0007990870AB
:106EC0000B9880790128CDF818C0CDF814E004940F
:106ED000039504D1FFE709980799C861FFE70B986C
:106EE0000168079A8079029008461146029A0EF0CE
:106EF00053F90021019008460CB0B0BD000000001D
:106F000080B58AB00A46034608908DF81F109DF898
:106F10001F0000F00F000899097988420592049338
:106F200004D9FFE701208DF827005EE09DF81F00DF
:106F3000000600280FD5FFE708989DF81F1001F004
:106F40000F0101EBC10100EB81001430069006989F
:106F5000012141700DE008989DF81F1001EBC1015F
:106F600000EB810000F51570069006980021417035
:106F7000FFE70698012181709DF81F0000F00F00C7
:106F800006990870FFE7089890F89404012804D146
:106F9000FFE702208DF8270027E00898012180F8FC
:106FA0009414FFE7FFE70898006806990EF098F838
:106FB0009DF81F100907002903900CD1FFE70898DE
:106FC000016800F29C4280790290084602990DF017
:106FD000D7FF0190FFE7FFE70898002180F894149D
:106FE000FFE700208DF82700FFE79DF827000AB093
:106FF00080BD000000000000B0B58CB09C469646F5
:107000000C4605460B908DF82B10099208930B98AF
:107010009DF82B1001F00F0101EBC10100EB810085
:107020001430079009980799C86008980799086173
:107030000798002141610798012141709DF82B00BC
:1070400000F00F00079908700B9880790128CDF89F
:1070500018C0CDF814E00494039504D1FFE7099813
:107060000799C861FFE70B980168079A8079029039
:1070700008461146029A0EF08FF80021019008464A
:107080000CB0B0BD0000000080B59CB001461B9064
:107090001B9800681A901A9819901B980068119113
:1070A0000EF0DAFB002840F05284FFE71B980068DE
:1070B0000EF04EFC002802D1FFE700F048BC199802
:1070C000D0F80808C0F30D201B99C1F8D4041B9810
:1070D00000680EF03DFC10F0020F07D0FFE71B9890
:1070E0000068416901F002014161FFE71B980068F7
:1070F0000EF02EFC10F0100F65D0FFE71B98006813
:10710000816921F0100181611A98006A12901B9820
:10711000129901F00F0101EBC10100EB810000F5B4
:1071200015701890129800F4F0100221B1EB504F36
:1071300025D1FFE7BDF8480047F6F07108421DD0A1
:10714000FFE71A981899C968129AC2F30A120EF04A
:107150000FFC129947F6F0721140DDF860E0DEF89E
:107160000C3003EB1111CEF80C1012991140189A43
:10717000536903EB111151611090FFE71CE0129865
:1071800000F4F0100621B1EB504F13D1FFE71A982D
:107190001B9901F29C4108220EF0EAFB129947F676
:1071A000F0721140189AD2F814E00EEB11115161EF
:1071B0000F9000E0FFE7FFE71B980068816941F04E
:1071C00010018161FFE71B9800680EF0C1FB10F40D
:1071D000002F00F0A380FFE7002014901B980068A8
:1071E0000EF05AFB1690FFE71698002800F09580E5
:1071F000FFE79DF85800C007002800F08780FFE7F0
:107200001B9800689DF850100EF086FB159015989D
:10721000C00700280DD0FFE71998149900EB411022
:107220000121C0F8081B1B98149907F08DFE0E90E1
:10723000FFE71598000700280DD5FFE71998149966
:1072400000EB41100821C0F8081B1B98149907F0A7
:107250002FFE0D90FFE71598C006002808D5FFE720
:107260001998149900EB41101021C0F8081BFFE792
:107270001598800700282DD5FFE71A98406910F06F
:10728000800F08D0FFE71998D0F8041841F4806106
:10729000C0F80418FFE71B98149901EBC10100EB3B
:1072A000810000F5157018901898C078012809D150
:1072B000FFE718980021C1701B989DF8501000F04E
:1072C0005FFBFFE71998149900EB41100221C0F809
:1072D000081BFFE715988006002808D5FFE71998D6
:1072E000149900EB41102021C0F8081BFFE7159806
:1072F0008004002809D5FFE71998149900EB411084
:107300004FF40051C0F8081BFFE7FFE71498013065
:10731000149016984008169066E7FFE71B980068DF
:107320000EF016FB10F4802F00F0CA80FFE71B98C8
:1073300000680EF09DFA169000201490FFE7169852
:10734000002800F0BC80FFE79DF85800C007002827
:1073500000F0AE80FFE71B9800689DF850100EF01B
:10736000AFFA15901598C007002845D0FFE714988C
:1073700000F00F00012101FA00F013901398199A00
:10738000D2F8343823EA0000C2F834081998149A65
:1073900000EB4210C0F808191B988079012825D10C
:1073A000FFE71B98149901EBC10100EB8100C16953
:1073B000026A114401621498002816D1FFE71B9855
:1073C000149901EBC10100EB8100406A00280CD147
:1073D000FFE71B98016800F29C4201200C900846D0
:1073E0000C990DF0CDFD0B90FFE7FFE71B989DF882
:1073F0005010FFF755FBFFE715980007002808D548
:10740000FFE71998149900EB41100821C0F80819FA
:10741000FFE71598C006002808D5FFE719981499CA
:1074200000EB41101021C0F80819FFE7159840063D
:10743000002808D5FFE71998149900EB4110402166
:10744000C0F80819FFE715988007002824D5FFE742
:107450001A9814990EF090F91B99DDF850E00EEB94
:10746000CE0E01EB8E01143118911899C9780129BB
:107470000A9009D1FFE718980021C1701B989DF868
:10748000501000F069FAFFE71998149900EB4110C9
:107490000221C0F80819FFE715980006002806D554
:1074A000FFE71B98149907F03FFE0990FFE7FFE7FD
:1074B0001498013014901698400816903FE7FFE7A3
:1074C0001B9800680EF044FA10F0004F20D0FFE740
:1074D0001998D0F8041821F00101C0F804181B987D
:1074E00090F8CC04012808D1FFE71B98002180F810
:1074F000CC141B98FFF750FA03E01B9800F0F8FB40
:10750000FFE71B980068416901F000414161FFE716
:107510001B9800680EF01CFA10F4006F12D0FFE701
:107520001998D0F8080810F0010F04D0FFE71B9855
:1075300000F08EFCFFE71B980068416901F40061D0
:107540004161FFE71B9800680EF002FA10F0006F2F
:1075500021D0FFE71B980068416901F0006141619B
:107560001B9890F8CC04002810D1FFE71B9801214C
:1075700080F8CC141B980068406DC0F383001B9A00
:10758000C2F8D0041B98FFF707FA03E01B9800F03D
:107590005FFCFFE7FFE71B9800680EF0D9F910F4D5
:1075A000805F00F08C80FFE71998D0F8041821F074
:1075B0000101C0F804181B98006810210EF0DCF8D7
:1075C000002117910890FFE717981B9909798842C5
:1075D00031D2FFE71998179900EB41104FF67F3130
:1075E000C0F808191998179A00EB4210D0F8002932
:1075F00022F40012C0F800291998179A00EB4210E3
:10760000C0F8081B1998179900EB4110D0F8001B1F
:1076100021F40011C0F8001B1998179900EB4110D4
:10762000D0F8001B41F00061C0F8001BFFE717987D
:1076300001301790C8E71998D0F81C1841F00111D3
:10764000C0F81C181B98C07B00280FD0FFE71998C2
:10765000D0F8841841F00B01C0F884181998D0F8BC
:10766000441841F00B01C0F844180FE01998D0F805
:10767000141842F22B021143C0F814181998D0F8CC
:10768000101841F00B01C0F81018FFE71998D0F856
:10769000001821F4FE61C0F800181B98016800F280
:1076A0009C4280790790084607990DF069FC1B9968
:1076B00009684A6902F480524A610690FFE71B9804
:1076C00000680EF045F910F4005F2CD0FFE71B981E
:1076D00000680DF035F9DDF86CE0DEF800E00590AB
:1076E00070460EF08DF8DDF86CE08EF807001B9800
:1076F0000068049002F094F9DDF86CE09EF8072031
:10770000DDF810E00390704603990EF049FA1B99DA
:107710000290084600F0BCFA1B980068416901F429
:1077200000514161FFE71B9800680EF011F910F05D
:10773000080F0CD0FFE71B9800F0EAFA1B980068CE
:10774000D0F814E00EF0080EC0F814E0FFE71B9824
:1077500000680EF0FDF810F0800F26D0FFE71A98B1
:10776000816921F08001816101201490FFE7149864
:107770001B990979884217D2FFE71B98149901EBEE
:10778000C10100EB810090F85702012807D1FFE703
:107790001B989DF85010FFF7D3F90190FFE7FFE722
:1077A000149801301490E2E7FFE71B9800680EF090
:1077B000CFF810F4801F3CD0FFE701201490FFE7C2
:1077C00014981B99097988422CD2FFE719981499CB
:1077D00000EB4110D0F8000912901B98149901EBAE
:1077E000C10100EB8100007E012816D1FFE712984D
:1077F000C00F002811D0FFE71B98149901EBC101BD
:1078000000EB81000121C1751B98149941F08001A2
:10781000C9B2FFF795F90090FFE7FFE71498013030
:107820001490CDE71B980068416901F48011416113
:10783000FFE71B9800680EF08BF810F4001F55D07E
:10784000FFE701201490FFE714981B9909798842FB
:1078500045D2FFE71998149900EB4110D0F8000BBE
:1078600012901B98149901EBC10100EB810090F874
:10787000580201282ED1FFE71298C00F002829D006
:10788000FFE7129800F480301B99D1F8D41401F06E
:107890000101B1EB104F1DD1FFE71B98149901EBCB
:1078A000C10100EB8100012180F857121A9881690B
:1078B00041F0800181611A98406910F0800F08D171
:1078C000FFE71998D0F8041841F40071C0F80418C3
:1078D00005E0FFE7FFE7149801301490B4E71B9828
:1078E0000068416901F400114161FFE71B980068DD
:1078F0000EF02EF810F0804F0CD0FFE71B98FFF72A
:10790000BFF81B980068D0F814E00EF0804EC0F865
:1079100014E0FFE71B9800680EF01AF810F0040F4F
:1079200014D0FFE71B980068406812901298400737
:10793000002804D5FFE71B98FFF7F2F8FFE712983D
:107940001B9909684A6810434860FFE7FFE71CB0CD
:1079500080BD00000000000080B586B00A460346E6
:1079600005908DF813100598D0F8E0049DF81310D9
:10797000039202930BF0CCFF019006B080BD000093
:1079800080B586B00A46034605908DF81310059819
:10799000D0F8E0049DF81310039202930BF0FCFF63
:1079A000019006B080BD000010B592B00146109065
:1079B00010980028069104D1FFE701208DF84700B8
:1079C0001BE1109890F89504002808D1FFE7109863
:1079D000002180F89414109800F016F9FFE7109831
:1079E000032180F89514109800680DF0BDFA1099E5
:1079F000D1F800E00A7C8DF838204A688B68C968A5
:107A00000D910C930B920B990C9A0D9BDDF838C0DD
:107A10006C46C4F800C0059070460CF0A9FF002821
:107A200008D0FFE71098022180F8951401208DF806
:107A30004700E2E01098006800210DF0FDFF0028EB
:107A400008D0FFE71098022180F8951401208DF8E6
:107A50004700D2E000208DF83F00FFE79DF83F008F
:107A600010990979884241DAFFE710989DF83F1094
:107A700001EBC10100EB8100012141759DF83F0040
:107A8000109900EBC00201EB820108759DF83F00E0
:107A9000109900EBC00201EB8201C88510989DF897
:107AA0003F1001EBC10100EB81000021017610982D
:107AB0009DF83F2002EBC20200EB8200C1611098EA
:107AC0009DF83F2002EBC20200EB82000162109899
:107AD0009DF83F2002EBC20200EB82004162FFE70B
:107AE0009DF83F0001308DF83F00B7E700208DF88A
:107AF0003F00FFE79DF83F001099097988423EDA80
:107B0000FFE710989DF83F1001EBC10100EB8100E9
:107B1000002180F855129DF83F00109A00EBC00339
:107B200002EB830282F8540210989DF83F2002EB8A
:107B3000C20200EB820080F8581210989DF83F2096
:107B400002EBC20200EB8200C0F85C1210989DF8B4
:107B50003F2002EBC20200EB8200C0F860121098D6
:107B60009DF83F2002EBC20200EB8200C0F86412D5
:107B7000FFE79DF83F0001308DF83F00BAE710980D
:107B80000168027C8DF8282042688368C0680990EB
:107B9000089307920798089A099BDDF828C0EE46DB
:107BA000CEF800C00490084604990DF07DF8002836
:107BB00008D0FFE71098022180F8951401208DF875
:107BC00047001AE01098002141741098012180F8B4
:107BD00095141098007B012805D1FFE71098FEF757
:107BE000BBFE0390FFE7109800680DF045F84FF0DA
:107BF000000E8DF847E00290FFE79DF8470012B0B5
:107C000010BD00000000000080B5B6B00146359000
:107C100006A8B82204911146F8F75AFD3598006875
:107C20000021C4F2040188422ED1FFE70020079012
:107C30004FF4802006904FF44010279006A800F0E3
:107C400067FC002803D0FFE7F9F7EAFDFFE700F043
:107C50007BF9FFE744F2D840C5F60200016841F025
:107C600000710160006800F00070059005980390B5
:107C7000FFE74D20002102900191019AFEF73CFEA2
:107C80000298FEF72DFEFFE736B080BD0000000031
:107C900080B586B00146059001208DF81300059847
:107CA000C0790028039104D1FFE700208DF813006C
:107CB0000CE00598C079022804D1FFE701208DF877
:107CC000130002E0F9F7ACFDFFE7FFE70598D0F8F5
:107CD000E0049DF813100BF097FF0599D1F8E0141C
:107CE000029008460BF0F8FE019006B080BD00003F
:107CF00080B584B0014603900398D0F8E004029167
:107D00000BF04AFF019004B080BD000000000000AD
:107D100080B584B0014603900398D0F8E004029146
:107D20000BF04EFF019004B080BD00000000000089
:107D300080B586B00A46034604908DF80F10029273
:107D40000193FFE7049890F89404012804D1FFE719
:107D500002208DF817001AE00498012180F894148D
:107D6000FFE7FFE79DF80F00049948740498006846
:107D70009DF80F100DF0D8FE0090FFE70498002149
:107D800080F89414FFE700208DF81700FFE79DF8B6
:107D9000170006B080BD000080B584B00146039096
:107DA0000398D0F8E02400F29C4002901046029A1A
:107DB000019111460BF05CFF009004B080BD000003
:107DC00080B586B001460490049800680390029143
:107DD000FFE7049890F89404012804D1FFE70220FB
:107DE0008DF817002DE00498012180F89414FFE726
:107DF000FFE70398C06810F0400F0BD0FFE704982E
:107E0000407B012806D1FFE70398816B41F4803164
:107E10008163FFE7049800680DF066FCDDF810E070
:107E2000DEF800E0019070460CF00EFF0090FFE7D6
:107E30000498002180F89414FFE700208DF81700C3
:107E4000FFE79DF8170006B080BD000000000000AD
:107E500080B584B0014603900398D0F8E004029105
:107E60000BF096FF03990968D1F800EE4EF0010E71
:107E7000C1F800EE0399C97A0029019009D0FFE703
:107E80004EF61050CEF20000016841F0060101608C
:107E9000FFE704B080BD000080B584B001460290C9
:107EA00044F60C00C5F60200006800F00400002251
:107EB000B2EB900F009113D1FFE744F60C00C5F62A
:107EC0000200006800F007000299884204D0FFE732
:107ED00001208DF80F0030E000208DF80F002CE01D
:107EE00044F60C00C5F60200016821F00701029A71
:107EF00011430160FEF7D8FB0190FFE744F6040050
:107F0000C5F60200006800F400500021B1EB503FBC
:107F10000FD1FFE7FEF7C8FBDDF804E0A0EB0E0091
:107F2000B0F57A7F04D9FFE701208DF80F0004E057
:107F3000E4E700208DF80F00FFE79DF80F0004B084
:107F400080BD00000000000044F60C00C5F60200F1
:107F5000016841F08071016070470000000000007E
:107F600080B501F05DFD44F2204EC5F6020EDEF84C
:107F700000E0CEF3021E4BF27A21C0F6010111F8A7
:107F80000E1001F01F01C84080BD0000000000007D
:107F900089B00146089044F22840C5F60200026804
:107FA00002F0030207920068C0F30530069044F225
:107FB0002C40C5F602000068C0F30010059005983B
:107FC00044F23C42C5F602021268C2F3CC025043AE
:107FD00000EE100AB8EE400A8DED030A069800285C
:107FE000019100F02181FFE707980028009009D057
:107FF000FFE7009801286BD0FFE70098022800F007
:108000008C80AFE044F20040C5F60200006800F04A
:1080100020000021B1EB501F34D0FFE744F20040B4
:10802000C5F602000068C0F3C10049F20001C0F2C9
:10803000D03121FA00F004909DED040AB8EE400A18
:108040009DED061AB8EE411A80EE010A44F238405E
:10805000C5F6020000686FF35F2001EE100AB8EE6B
:10806000411A9DED032A9FED763A82EE032A31EE06
:10807000021AB7EE002A31EE021A20EE010A8DED47
:10808000020A24E0069800EE100AB8EE400A9FEDBE
:108090006E1A81EE000A44F23840C5F6020000680C
:1080A0006FF35F2001EE100AB8EE411A9DED032A2E
:1080B0009FED633A82EE032A31EE021AB7EE002AF0
:1080C00031EE021A20EE010A8DED020AFFE76EE0A2
:1080D000069800EE100AB8EE400A9FED5A1A81EE9B
:1080E000000A44F23840C5F6020000686FF35F20D2
:1080F00001EE100AB8EE411A9DED032A9FED503AA9
:1081000082EE032A31EE021AB7EE002A31EE021A8D
:1081100020EE010A8DED020A49E0069800EE100AF1
:10812000B8EE400A9FED451A81EE000A44F238404D
:10813000C5F6020000686FF35F2001EE100AB8EE8A
:10814000411A9DED032A9FED3E3A82EE032A31EE5D
:10815000021AB7EE002A31EE021A20EE010A8DED66
:10816000020A24E0069800EE100AB8EE400A9FEDDD
:10817000351A81EE000A44F23840C5F60200006864
:108180006FF35F2001EE100AB8EE411A9DED032A4D
:108190009FED2B3A82EE032A31EE021AB7EE002A47
:1081A00031EE021A20EE010A8DED020AFFE79DED85
:1081B000020A44F23840C5F602000168C1F34621C4
:1081C00001EE101AB8EE411AB7EE002A31EE021A8B
:1081D00080EE010A0899BCEEC00A81ED000A9DED0F
:1081E000020A0168C1F3064101EE101AB8EE411A05
:1081F00031EE021A80EE010A0899BCEEC00A81ED48
:10820000010A9DED020A0068C0F3066001EE100A43
:10821000B8EE411A31EE021A80EE010A0898BCEE5F
:10822000C00A80ED020A07E0089800210160089862
:10823000416008988160FFE709B07047001BB74BA9
:10824000000000460024744A0024744C0000000022
:1082500089B00146089044F22840C5F60200026841
:1082600002F0030207920068C0F30550069044F242
:108270002C40C5F602000068C0F300200590059868
:1082800044F24442C5F602021268C2F3CC025043E3
:1082900000EE100AB8EE400A8DED030A0698002899
:1082A000019100F02181FFE707980028009009D094
:1082B000FFE7009801286BD0FFE70098022800F044
:1082C0008C80AFE044F20040C5F60200006800F088
:1082D00020000021B1EB501F34D0FFE744F20040F2
:1082E000C5F602000068C0F3C10049F20001C0F207
:1082F000D03121FA00F004909DED040AB8EE400A56
:108300009DED061AB8EE411A80EE010A44F2404093
:10831000C5F6020000686FF35F2001EE100AB8EEA8
:10832000411A9DED032A9FED763A82EE032A31EE43
:10833000021AB7EE002A31EE021A20EE010A8DED84
:10834000020A24E0069800EE100AB8EE400A9FEDFB
:108350006E1A81EE000A44F24040C5F60200006841
:108360006FF35F2001EE100AB8EE411A9DED032A6B
:108370009FED633A82EE032A31EE021AB7EE002A2D
:1083800031EE021A20EE010A8DED020AFFE76EE0DF
:10839000069800EE100AB8EE400A9FED5A1A81EED8
:1083A000000A44F24040C5F6020000686FF35F2007
:1083B00001EE100AB8EE411A9DED032A9FED503AE6
:1083C00082EE032A31EE021AB7EE002A31EE021ACB
:1083D00020EE010A8DED020A49E0069800EE100A2F
:1083E000B8EE400A9FED451A81EE000A44F2404083
:1083F000C5F6020000686FF35F2001EE100AB8EEC8
:10840000411A9DED032A9FED3E3A82EE032A31EE9A
:10841000021AB7EE002A31EE021A20EE010A8DEDA3
:10842000020A24E0069800EE100AB8EE400A9FED1A
:10843000351A81EE000A44F24040C5F60200006899
:108440006FF35F2001EE100AB8EE411A9DED032A8A
:108450009FED2B3A82EE032A31EE021AB7EE002A84
:1084600031EE021A20EE010A8DED020AFFE79DEDC2
:10847000020A44F24040C5F602000168C1F34621F9
:1084800001EE101AB8EE411AB7EE002A31EE021AC8
:1084900080EE010A0899BCEEC00A81ED000A9DED4C
:1084A000020A0168C1F3064101EE101AB8EE411A42
:1084B00031EE021A80EE010A0899BCEEC00A81ED85
:1084C000010A9DED020A0068C0F3066001EE100A81
:1084D000B8EE411A31EE021A80EE010A0898BCEE9D
:1084E000C00A80ED020A07E00898002101600898A0
:1084F000416008988160FFE709B07047001BB74BE7
:10850000000000460024744A0024744C000000005F
:1085100080B59CB001461A9000208DF85F008DF860
:108520005E001A98C0780007002816914AD5FFE728
:108530001A98406E002815900FD0FFE71598B0F5F7
:10854000801F13D0FFE71598B0F5001F16D0FFE786
:108550001598B0F5401F19D019E044F22C40C5F62B
:108560000200016841F40031016014E01A980830FB
:10857000022106F07DFE8DF85F000CE01A9828308D
:10858000022106F061FF8DF85F0004E003E00120A6
:108590008DF85F00FFE79DF85F0000280CD1FFE732
:1085A00044F25040C5F60200016821F440111A9AC5
:1085B000526E1143016004E09DF85F008DF85E008B
:1085C000FFE7FFE71A984078C007002841D0FFE78F
:1085D0001A98806D0428149020D81499DFE801F0CF
:1085E000030C141C1D0044F22C40C5F60200016867
:1085F00041F40031016015E01A980830002106F0BE
:1086000037FE8DF85F000DE01A982830002106F043
:108610001BFF8DF85F0005E004E003E001208DF80A
:108620005F00FFE79DF85F0000280CD1FFE744F2F0
:108630005040C5F60200016821F007011A9A926DB8
:108640001143016004E09DF85F008DF85E00FFE7D4
:10865000FFE71A9840784007002858D5FFE71A9896
:10866000D0F8A4000028139019D0FFE71398B0F5B4
:10867000001F1DD0FFE71398B0F5800F20D0FFE753
:108680001398B0F5C00F23D0FFE71398B0F5000F93
:108690001FD0FFE71398B0F5200F1BD01BE044F26A
:1086A0002C40C5F60200016841F40031016016E07B
:1086B0001A980830002106F0DBFD8DF85F000EE00F
:1086C0001A982830002106F0BFFE8DF85F0006E002
:1086D00005E004E003E001208DF85F00FFE79DF86E
:1086E0005F0000280DD1FFE744F25840C5F60200B4
:1086F000016821F460011A9AD2F8A42011430160A4
:1087000004E09DF85F008DF85E00FFE7FFE71A9830
:1087100040780007002858D5FFE71A98D0F8A8003D
:108720000028129019D0FFE71298B0F1807F1DD079
:10873000FFE71298B0F1007F20D0FFE71298B0F168
:10874000407F23D0FFE71298B0F1806F1FD0FFE782
:108750001298B0F1A06F1BD01BE044F22C40C5F67C
:108760000200016841F40031016016E01A980830F7
:10877000002106F07DFD8DF85F000EE01A9828308C
:10878000002106F061FE8DF85F0006E005E004E0E0
:1087900003E001208DF85F00FFE79DF85F000028EF
:1087A0000DD1FFE744F25840C5F60200016821F000
:1087B000E0611A9AD2F8A8201143016004E09DF804
:1087C0005F008DF85E00FFE7FFE71A98C07880072A
:1087D000002840D5FFE71A98C06C002811901ED0E1
:1087E000FFE71198102808D0FFE7119820280DD036
:1087F000FFE71198302811D012E044F22C40C5F662
:108800000200016841F4003101600DE01A9808305F
:10881000022106F02DFD8DF85F0005E004E003E085
:1088200001208DF85F00FFE79DF85F0000280CD164
:10883000FFE744F24C40C5F60200016821F0300128
:108840001A9AD26C1143016004E09DF85F008DF824
:108850005E00FFE7FFE71A984078C006002850D571
:10886000FFE71A98C06D0028109014D0FFE7109809
:10887000B0F5805F18D0FFE71098B0F5005F1BD00F
:10888000FFE71098B0F5405F1ED0FFE71098B0F5F5
:10889000804F1AD01AE044F22C40C5F6020001685D
:1088A00041F40031016015E01A980830002106F00B
:1088B000DFFC8DF85F000DE01A982830002106F0EB
:1088C000C3FD8DF85F0005E004E003E001208DF8B2
:1088D0005F00FFE79DF85F0000280CD1FFE744F23E
:1088E0005040C5F60200016821F4E0411A9AD26DA9
:1088F0001143016004E09DF85F008DF85E00FFE722
:10890000FFE71A984078800600284ED5FFE71A98AE
:10891000006E00280F9019D0FFE70F98B0F5803F48
:1089200015D0FFE70F98B0F5003F18D0FFE70F987C
:10893000B0F5403F1BD0FFE70F98B0F5802F17D060
:10894000FFE70F98B0F5A02F13D013E016E01A98A8
:108950000830012106F08CFC8DF85F000EE01A98BB
:108960002830012106F070FD8DF85F0006E005E07B
:1089700004E003E001208DF85F00FFE79DF85F0051
:1089800000280CD1FFE744F25040C5F60200016810
:1089900021F4E0211A9A126E1143016004E09DF85F
:1089A0005F008DF85E00FFE7FFE71A984078400609
:1089B000002850D5FFE71A98D0F8AC0000280E9098
:1089C00019D0FFE70E98B0F1805F15D0FFE70E9841
:1089D000B0F1005F18D0FFE70E98B0F1405F1BD0F8
:1089E000FFE70E98B0F1804F17D0FFE70E98B0F177
:1089F000A04F13D013E016E01A980830012106F0BA
:108A000037FC8DF85F000EE01A982830012106F03F
:108A10001BFD8DF85F0006E005E004E003E00120A7
:108A20008DF85F00FFE79DF85F0000280DD1FFE79C
:108A300044F25840C5F60200016821F0E0411A9A5C
:108A4000D2F8AC201143016004E09DF85F008DF87E
:108A50005E00FFE7FFE71A984078000600283DD542
:108A6000FFE71A98C06E00280D901BD0FFE70D9805
:108A7000B0F1805F05D0FFE70D98B0F1005F09D03D
:108A800011E044F22C40C5F60200016841F40031C7
:108A900001600CE01A980830012106F0E9FB8DF81E
:108AA0005F0004E003E001208DF85F00FFE79DF820
:108AB0005F0000280CD1FFE744F25040C5F60200E9
:108AC000016821F040511A9AD26E1143016004E00E
:108AD0009DF85F008DF85E00FFE7FFE71A98C07809
:108AE000C007002838D0FFE71A98806C03280C9044
:108AF00017D80C99DFE801F014020B1344F22C4054
:108B0000C5F60200016841F4003101600DE01A98D9
:108B10000830022106F0ACFB8DF85F0005E004E0B0
:108B200003E001208DF85F00FFE79DF85F0000285B
:108B30000CD1FFE744F24C40C5F60200016821F079
:108B400003011A9A926C1143016004E09DF85F00E2
:108B50008DF85E00FFE7FFE71A988078400600284E
:108B600040F1BD80FFE744F60000C5F60200016851
:108B700041F480710160FDF797FD1890FFE744F61E
:108B80000000C5F60200006810F4807F0ED1FFE7F8
:108B9000FDF78AFDDDF860E0A0EB0E00652804D348
:108BA000FFE703208DF85F0000E0E8E79DF85F0035
:108BB000002840F08E80FFE744F27040C5F60200C6
:108BC000006800F440701A99D1F8B01001F44071B7
:108BD000884213D0FFE744F27040C5F602000168F6
:108BE00021F440711991016841F4803101600168FC
:108BF00021F48031016019990160FFE71A98D0F8DB
:108C0000B000B0F5807F21D1FFE7FDF74DFD189052
:108C1000FFE744F27040C5F60200006800F0020071
:108C20000021B1EB500F10D1FFE7FDF73DFDDDF85E
:108C300060E0A0EB0E0041F2893E704504D3FFE7EF
:108C400003208DF85F0000E0E3E7FFE79DF85F0099
:108C5000002838D1FFE7FFE71A98D0F8B00000F4F9
:108C60004070B0F5407F15D1FFE744F21040C5F6E3
:108C70000200016821F47C511A9AD2F8B0204FF614
:108C8000F043C0F6FF731A4041EA12110A46016030
:108C90000B920AE044F21040C5F60200016821F48C
:108CA0007C510A4601600A92FFE71A98D0F8B0009A
:108CB0006FF31F3044F27041C5F602010A68104399
:108CC0000860FFE704E09DF85F008DF85E00FFE7B5
:108CD00004E09DF85F008DF85E00FFE7FFE71A985B
:108CE0000068C007002800F04D80FFE71A98806FE9
:108CF000282809902BD80999DFE801F0152929299E
:108D00002929292916292929292929291E292929F1
:108D100029292929262929292929292927292929C8
:108D200029292929280016E01A980830012106F07F
:108D30009FFA8DF85F000EE01A982830012106F0A6
:108D400083FB8DF85F0006E005E004E003E001200E
:108D50008DF85F00FFE79DF85F0000280CD1FFE76A
:108D600044F25440C5F60200016821F038011A9A15
:108D7000926F1143016004E09DF85F008DF85E0082
:108D8000FFE7FFE71A980078800700283AD5FFE749
:108D90001A98406F0528089019D80899DFE801F063
:108DA00003040C14151616E01A980830012106F079
:108DB0005FFA8DF85F000EE01A982830012106F066
:108DC00043FB8DF85F0006E005E004E003E00120CE
:108DD0008DF85F00FFE79DF85F0000280CD1FFE7EA
:108DE00044F25440C5F60200016821F007011A9AC6
:108DF000526F1143016004E09DF85F008DF85E0042
:108E0000FFE7FFE71A980078400700283CD5FFE706
:108E10001A98D0F890000528079019D80799DFE82C
:108E200001F003040C14151616E01A9808300121FD
:108E300006F01EFA8DF85F000EE01A982830012126
:108E400006F002FB8DF85F0006E005E004E003E0B9
:108E500001208DF85F00FFE79DF85F0000280DD12D
:108E6000FFE744F25840C5F60200016821F007010F
:108E70001A9AD2F890201143016004E09DF85F0037
:108E80008DF85E00FFE7FFE71A980078800600285B
:108E900050D5FFE71A98D0F88C000028069019D01A
:108EA000FFE70698B0F1805F15D0FFE70698B0F1B4
:108EB000005F18D0FFE70698B0F1405F1BD0FFE7D6
:108EC0000698B0F1804F17D0FFE70698B0F1A04F99
:108ED00013D013E016E01A980830002106F0C8F904
:108EE0008DF85F000EE01A982830022106F0ACFAE7
:108EF0008DF85F0006E005E004E003E001208DF856
:108F00005F00FFE79DF85F0000280DD1FFE744F206
:108F10005440C5F60200016821F0E0411A9AD2F8E7
:108F20008C201143016004E09DF85F008DF85E0025
:108F3000FFE7FFE71A9800784006002850D5FFE7C2
:108F40001A98D0F898000028059019D0FFE70598E6
:108F5000B0F5806F15D0FFE70598B0F5006F18D019
:108F6000FFE70598B0F5406F1BD0FFE70598B0F517
:108F7000805F17D0FFE70598B0F5A05F13D013E02E
:108F800016E01A980830002106F072F98DF85F009B
:108F90000EE01A982830022106F056FA8DF85F008C
:108FA00006E005E004E003E001208DF85F00FFE744
:108FB0009DF85F0000280DD1FFE744F25840C5F648
:108FC0000200016821F4E0511A9AD2F89820114366
:108FD000016004E09DF85F008DF85E00FFE7FFE7A9
:108FE0001A9800780006002850D5FFE71A98D0F8A4
:108FF0009C000028049019D0FFE70498B0F5005FAA
:1090000015D0FFE70498B0F5804F18D0FFE704981B
:10901000B0F5C04F1BD0FFE70498B0F5004F17D054
:10902000FFE70498B0F5204F13D013E016E01A982C
:109030000830002106F01CF98DF85F000EE01A9848
:109040002830022106F000FA8DF85F0006E005E006
:1090500004E003E001208DF85F00FFE79DF85F006A
:1090600000280DD1FFE744F25840C5F60200016820
:1090700021F460411A9AD2F89C201143016004E067
:109080009DF85F008DF85E00FFE7FFE71A98007813
:109090000007002821D5FFE71A98D0F88000B0F526
:1090A000805F0DD1FFE71A982830022106F0CCF935
:1090B000002804D0FFE701208DF85E00FFE7FFE7FE
:1090C00044F25440C5F60200016821F440511A9A56
:1090D000D2F8802011430160FFE71A980078C0069B
:1090E000002821D5FFE71A98D0F89400B0F5807FCA
:1090F0000DD1FFE71A982830022106F0A5F90028C3
:1091000004D0FFE701208DF85E00FFE7FFE744F29F
:109110005840C5F60200016821F440711A9AD2F84D
:10912000942011430160FFE71A9880780007002817
:109130003ED5FFE71A98D0F8A000002803900AD087
:10914000FFE70398B0F5803F0DD0FFE70398B0F537
:10915000003F10D010E01A980830002106F088F87F
:109160008DF85F000CE01A982830022106F06CF9A7
:109170008DF85F0004E003E001208DF85F00FFE759
:109180009DF85F0000280DD1FFE744F25840C5F676
:109190000200016821F440311A9AD2F8A02011434C
:1091A000016004E09DF85F008DF85E00FFE7FFE7D7
:1091B0001A9880784007002840D5FFE71A98D0F821
:1091C0008400B0F5801F02900AD0FFE70298B0F546
:1091D000001F0ED0FFE70298B0F5401F11D011E03C
:1091E00044F22C40C5F60200016841F400310160F0
:1091F0000CE01A982830012106F026F98DF85F005E
:1092000004E003E001208DF85F00FFE79DF85F00B8
:1092100000280DD1FFE744F25440C5F60200016872
:1092200021F440111A9AD2F884201143016004E01D
:109230009DF85F008DF85E00FFE7FFE71A988078E1
:10924000C007002837D0FFE71A98006D002801906A
:1092500005D0FFE70198B0F5803F09D010E044F257
:109260002C40C5F60200016841F4003101600BE0BA
:109270001A980830022105F0FBFF8DF85F0003E02B
:1092800001208DF85F00FFE79DF85F0000280CD1FA
:10929000FFE744F24C40C5F60200016821F480313A
:1092A0001A9A126D1143016004E09DF85F008DF879
:1092B0005E00FFE7FFE71A98C078800600280DD50A
:1092C000FFE71A982830022106F0BEF8002804D0E3
:1092D000FFE701208DF85E00FFE7FFE71A9880782E
:1092E000800700283CD5FFE71A98C06F002800903F
:1092F0001AD0FFE70098B0F5807F0AD0FFE700980A
:10930000B0F5007F0ED0FFE70098B0F5407F0AD09F
:109310000BE044F22C40C5F60200016841F4003134
:10932000016006E005E004E003E001208DF85F0045
:10933000FFE79DF85F0000280CD1FFE744F254409E
:10934000C5F60200016821F440711A9AD26F1143E8
:10935000016004E09DF85F008DF85E00FFE7FFE725
:109360001A988078C00600280CD5FFE744F25040D8
:10937000C5F60200016821F000411A9A126F1143EC
:109380000160FFE71A988078800600280CD5FFE777
:1093900044F25040C5F60200016821F080711A9A2B
:1093A000926E11430160FFE71A98C07840060028CA
:1093B00011D5FFE7FFE744F21040C5F6020001684F
:1093C00021F4004101601A99D1F8B41002681143E8
:1093D0000160FFE7FFE71A98C078000600280CD567
:1093E000FFE744F24C40C5F60200016821F040510D
:1093F0001A9A526D11430160FFE71A9880780006AF
:1094000000280DD5FFE744F25440C5F6020001687C
:1094100021F440011A9AD2F8882011430160FFE735
:109420001A980079C007002813D0FFE71A9808306F
:10943000002105F01DFF8DF85F009DF85F000028FA
:1094400001D1FFE704E09DF85F008DF85E00FFE7C3
:10945000FFE71A9800798007002813D5FFE71A98CC
:109460000830012105F004FF8DF85F009DF85F00D2
:10947000002801D1FFE704E09DF85F008DF85E0051
:10948000FFE7FFE71A9800794007002813D5FFE7A8
:109490001A980830022105F0EBFE8DF85F009DF868
:1094A0005F00002801D1FFE704E09DF85F008DF820
:1094B0005E00FFE7FFE71A9800790007002813D540
:1094C000FFE71A982830002105F0BEFF8DF85F00F5
:1094D0009DF85F00002801D1FFE704E09DF85F00E0
:1094E0008DF85E00FFE7FFE71A980079C0060028B4
:1094F00013D5FFE71A982830012105F0A5FF8DF854
:109500005F009DF85F00002801D1FFE704E09DF8AF
:109510005F008DF85E00FFE7FFE71A98007980068C
:10952000002813D5FFE71A982830022105F08CFF98
:109530008DF85F009DF85F00002801D1FFE704E08F
:109540009DF85F008DF85E00FFE7FFE79DF85E0085
:10955000002804D1FFE700208DF86F0003E0012010
:109560008DF86F00FFE79DF86F001CB080BD000014
:1095700080B588B00A4603460690059106980028F3
:109580000192009304D1FFE701208DF81F0040E213
:10959000059842F20001C5F20021096801F00F01AF
:1095A000884216D9FFE742F20000C5F200200168A8
:1095B00021F00F01059A11430160006800F00F00CF
:1095C0000599884204D0FFE701208DF81F0020E2B2
:1095D000FFE7069800684007002819D5FFE70698BE
:1095E000006944F21841C5F60201096801F07001F2
:1095F00088420CD9FFE744F21840C5F60200016822
:1096000021F07001069A126911430160FFE7FFE73C
:10961000069800680007002819D5FFE706984069FA
:1096200044F21C41C5F60201096801F0700188424C
:109630000CD9FFE744F21C40C5F60200016821F096
:109640007001069A526911430160FFE7FFE706982F
:109650000068C006002819D5FFE70698806944F223
:109660001C41C5F60201096801F4E06188420CD989
:10967000FFE744F21C40C5F60200016821F4E061F6
:10968000069A926911430160FFE7FFE706980068B8
:109690008006002819D5FFE70698C06944F22041EA
:1096A000C5F60201096801F0700188420CD9FFE794
:1096B00044F22040C5F60200016821F07001069ACC
:1096C000D26911430160FFE7FFE706980068800751
:1096D000002819D5FFE70698C06844F21841C5F67E
:1096E0000201096801F00F0188420CD9FFE744F23A
:1096F0001840C5F60200016821F00F01069AD268F1
:1097000011430160FFE7FFE706980068C0070028E3
:1097100000F08E80FFE744F21840C5F602000168B1
:1097200021F47061069A92681143016006984068BE
:10973000022811D1FFE744F20040C5F6020000689C
:1097400000F400300021B1EB504F04D1FFE70120BD
:109750008DF81F005DE13EE006984068032811D1B6
:10976000FFE744F20040C5F60200006800F0007018
:109770000021B1EB506F04D1FFE701208DF81F00ED
:1097800047E127E006984068012811D1FFE744F23D
:109790000040C5F60200006800F480700021B1EBC3
:1097A000102F04D1FFE701208DF81F0031E110E0F8
:1097B00044F20040C5F60200006800F004000021F9
:1097C000B1EB900F04D1FFE701208DF81F0020E1DD
:1097D000FFE7FFE7FFE744F21040C5F6020001682B
:1097E00021F00701069A526811430160FCF75CFF03
:1097F0000390FFE744F21040C5F60200006800F055
:10980000380006994968B0EBC10F10D0FFE7FCF7AC
:109810004BFFDDF80CE0A0EB0E0041F2893E7045F5
:1098200004D3FFE703208DF81F00F2E0E2E7FFE733
:10983000069800688007002819D5FFE70698C068D9
:1098400044F21841C5F60201096801F00F0188428F
:109850000CD2FFE744F21840C5F60200016821F07F
:109860000F01069AD26811430160FFE7FFE70598F0
:1098700042F20001C5F20021096801F00F0188429F
:1098800016D2FFE742F20000C5F20020016821F085
:109890000F01059A11430160006800F00F0005995F
:1098A000884204D0FFE701208DF81F00B1E0FFE7F8
:1098B000069800684007002819D5FFE70698006958
:1098C00044F21841C5F60201096801F070018842AE
:1098D0000CD2FFE744F21840C5F60200016821F0FF
:1098E0007001069A126911430160FFE7FFE70698CD
:1098F00000680007002819D5FFE70698406944F280
:109900001C41C5F60201096801F0700188420CD2C1
:10991000FFE744F21C40C5F60200016821F0700127
:10992000069A526911430160FFE7FFE70698006855
:10993000C006002819D5FFE70698806944F21C414B
:10994000C5F60201096801F4E06188420CD2FFE724
:1099500044F21C40C5F60200016821F4E061069A59
:10996000926911430160FFE7FFE7069800688006EF
:10997000002819D5FFE70698C06944F22041C5F6D2
:109980000201096801F0700188420CD2FFE744F23D
:109990002040C5F60200016821F07001069AD269E4
:1099A00011430160FFE7FFE700F096F844F2184E1C
:1099B000C5F6020EDEF80010C1F303214BF27A2245
:1099C000C0F60102515C01F01F01C84002900298EC
:1099D000DEF8001001F00F01515C01F01F01C840DA
:1099E00040F2C001C2F200410860029840F2BC019E
:1099F000C2F20041086040F2A810C2F200400068C4
:109A0000FCF70EFF8DF813009DF813008DF81F0072
:109A1000FFE79DF81F0008B080BD000000000000B7
:109A200080B582B000F058F844F2184EC5F6020E28
:109A3000DEF80010C1F303214BF27A22C0F60102D6
:109A4000515C01F01F01C84001900198DEF8001040
:109A500001F00F01515C01F01F01C84040F2C0014C
:109A6000C2F200410860019840F2BC02C2F200421A
:109A70001060086802B080BD80B5FFF7D1FF44F2E6
:109A80001C4EC5F6020EDEF800E0CEF3021E4BF2CD
:109A90007A21C0F6010111F80E1001F01F01C84033
:109AA00080BD00000000000080B5FFF7B9FF44F260
:109AB0001C4EC5F6020EDEF800E0CEF3022E4BF28D
:109AC0007A21C0F6010111F80E1001F01F01C84003
:109AD00080BD0000000000008AB044F21040C5F6CE
:109AE0000200006800F0380001461828019100F2D9
:109AF00071810199DFE811F019006E016E016E01AC
:109B00006E016E016E016E013B006E016E016E0111
:109B10006E016E016E016E0141006E016E016E01FB
:109B20006E016E016E016E01470044F20040C5F601
:109B30000200006800F020000021B1EB501F0FD0A0
:109B4000FFE744F20040C5F602000068C0F3C10020
:109B500049F20001C0F2D03121FA00F0029005E094
:109B600049F20000C0F2D0300290FFE738E140F641
:109B70000010C0F23D00029032E143F20060C0F2FA
:109B80006E1002902CE144F22840C5F602000168F4
:109B900001F0030108910068C0F30510079044F23A
:109BA0002C40C5F60200006800F0010006900698FF
:109BB00044F23441C5F602010968C1F3CC014843BF
:109BC00000EE100AB8EE400A8DED040A079800284E
:109BD00000F0FC80FFE708980028009009D0FFE71C
:109BE000009801286BD0FFE70098022800F08C80D5
:109BF000AFE044F20040C5F60200006800F020002B
:109C00000021B1EB501F34D0FFE744F20040C5F60D
:109C100002000068C0F3C10049F20001C0F2D03177
:109C200021FA00F005909DED050AB8EE400A9DED81
:109C3000071AB8EE411A80EE010A44F23040C5F628
:109C4000020000686FF35F2001EE100AB8EE411ABF
:109C50009DED042A9FED653A82EE032A31EE021A49
:109C6000B7EE002A31EE021A20EE010A8DED030A4A
:109C700024E0079800EE100AB8EE400A9FED5D1A46
:109C800081EE000A44F23040C5F6020000686FF32E
:109C90005F2001EE100AB8EE411A9DED042A9FEDF7
:109CA000533A82EE032A31EE021AB7EE002A31EE61
:109CB000021A20EE010A8DED030AFFE76EE0079815
:109CC00000EE100AB8EE400A9FED491A81EE000A34
:109CD00044F23040C5F6020000686FF35F2001EEE9
:109CE000100AB8EE411A9DED042A9FED403A82EE2B
:109CF000032A31EE021AB7EE002A31EE021A20EEE4
:109D0000010A8DED030A49E0079800EE100AB8EE4B
:109D1000400A9FED351A81EE000A44F23040C5F644
:109D2000020000686FF35F2001EE100AB8EE411ADE
:109D30009DED042A9FED2D3A82EE032A31EE021AA0
:109D4000B7EE002A31EE021A20EE010A8DED030A69
:109D500024E0079800EE100AB8EE400A9FED241A9E
:109D600081EE000A44F23040C5F6020000686FF34D
:109D70005F2001EE100AB8EE411A9DED042A9FED16
:109D80001B3A82EE032A31EE021AB7EE002A31EEB8
:109D9000021A20EE010A8DED030AFFE744F230407B
:109DA000C5F60200006800F47E40012101EB50205E
:109DB00009909DED030A9DED091AB8EE411A80EE57
:109DC000010ABCEEC00A8DED020A02E000200290FA
:109DD000FFE705E040F60010C0F23D000290FFE70B
:109DE00002980AB0704700BF001BB74B0000004646
:109DF0000024744A0024744C80B58CB001460A904B
:109E00000A980028009105D1FFE701208DF82F0066
:109E100000F031BD0A980068C007002800F0C0803B
:109E2000FFE744F21040C5F60200006800F0380079
:109E3000069044F22840C5F6020000680590069896
:109E400010280AD0FFE7069818281DD1FFE70598CB
:109E500000F00300022817D1FFE744F20040C5F6E6
:109E60000200006800F400300021B1EB504F0AD02E
:109E7000FFE70A984068002805D1FFE701208DF828
:109E80002F0000F0F8BC8AE0FFE70A984068B0F5C0
:109E9000803F09D1FFE744F20040C5F602000168A7
:109EA00041F48031016033E00A98406800280DD108
:109EB000FFE744F20040C5F60200016821F480315A
:109EC0000160016821F48021016020E00A98406867
:109ED000B0F5A02F0DD1FFE744F20040C5F6020017
:109EE000016841F480210160016841F48031016022
:109EF0000CE044F20040C5F60200016821F4803114
:109F00000160016821F480210160FFE7FFE7FFE7BE
:109F1000FFE70A984068002820D0FFE7FCF7C4FB61
:109F20000990FFE744F20040C5F60200006800F423
:109F300000300021B1EB504F0FD1FFE7FCF7B4FB2D
:109F4000DDF824E0A0EB0E00652805D3FFE7032031
:109F50008DF82F0000F08FBCE4E71FE0FCF7A4FBB6
:109F60000990FFE744F20040C5F60200006800F4E3
:109F700000300021B1EB504F0FD0FFE7FCF794FB0E
:109F8000DDF824E0A0EB0E00652805D3FFE70320F1
:109F90008DF82F0000F06FBCE4E7FFE7FFE7FFE775
:109FA0000A9800688007002840F1CF80FFE744F25C
:109FB0001040C5F60200006800F03800049044F23A
:109FC0002840C5F6020000680390049800280AD0D3
:109FD000FFE70498182854D1FFE79DF80C0080078C
:109FE00000284ED1FFE744F20040C5F602000068A9
:109FF00000F004000021B1EB900F0AD0FFE70A98AF
:10A00000C068002805D1FFE701208DF82F0000F07F
:10A0100032BC44F20040C5F60200016821F019018B
:10A020000A9AD26811430160FCF73EFB0990FFE7F2
:10A0300044F20040C5F60200006800F00400002170
:10A04000B1EB900F0FD1FFE7FCF72EFBDDF824E01A
:10A05000A0EB0E00032805D3FFE703208DF82F00A7
:10A0600000F009BCE4E744F20440C5F602000168D0
:10A0700021F0FE410A9A126941EA02610160FFE79C
:10A0800062E00A98C068002836D0FFE744F200403A
:10A09000C5F60200016821F019010A9AD26811433D
:10A0A0000160FCF701FB0990FFE744F20040C5F6B0
:10A0B0000200006800F004000021B1EB900F0ED107
:10A0C000FFE7FCF7F1FADDF824E0A0EB0E0003282F
:10A0D00004D3FFE703208DF82F00CCE3E5E744F23B
:10A0E0000440C5F60200016821F0FE410A9A126997
:10A0F00041EA0261016026E044F20040C5F6020038
:10A10000016821F001010160FCF7CEFA0990FFE738
:10A1100044F20040C5F60200006800F0040000218F
:10A12000B1EB900F0ED0FFE7FCF7BEFADDF824E0AC
:10A13000A0EB0E00032804D3FFE703208DF82F00C7
:10A1400099E3E5E7FFE7FFE7FFE70A980068C00645
:10A15000002840F1A580FFE744F21040C5F6020058
:10A16000006800F03800029044F22840C5F6020072
:10A1700000680190029808280AD0FFE70298182882
:10A180002BD1FFE7019800F00300012825D1FFE75C
:10A1900044F20040C5F60200006800F4807000211F
:10A1A000B1EB102F09D0FFE70A98C069802804D0CE
:10A1B000FFE701208DF82F005DE3FFE744F20C403C
:10A1C000C5F60200016821F07C510A9A126A41EA40
:10A1D00002610160FFE7FFE761E00A98C0690028BB
:10A1E00035D0FFE744F20040C5F60200016841F0B7
:10A1F00080010160FCF758FA0990FFE744F2004043
:10A20000C5F60200006800F480700021B1EB102F49
:10A210000ED1FFE7FCF748FADDF824E0A0EB0E00D2
:10A22000032804D3FFE703208DF82F0023E3E5E79D
:10A23000FFE744F20C40C5F60200016821F07C51B2
:10A240000A9A126A41EA02610160FFE726E044F2DD
:10A250000040C5F60200016821F080010160FCF7B2
:10A2600023FA0990FFE744F20040C5F602000068B7
:10A2700000F480700021B1EB102F0ED0FFE7FCF747
:10A2800013FADDF824E0A0EB0E00032804D3FFE767
:10A2900003208DF82F00EEE2E5E7FFE7FFE7FFE799
:10A2A0000A9800680007002854D5FFE70A9840691B
:10A2B000002827D0FFE744F27440C5F60200016889
:10A2C00041F001010160FCF7EFF90990FFE744F26A
:10A2D0007440C5F60200006800F002000021B1EBF6
:10A2E000500F0ED1FFE7FCF7DFF9DDF824E0A0EB1B
:10A2F0000E00032804D3FFE703208DF82F00BAE2F5
:10A30000E5E726E044F27440C5F60200016821F05A
:10A3100001010160FCF7C8F90990FFE744F27440BD
:10A32000C5F60200006800F002000021B1EB500FFA
:10A330000ED0FFE7FCF7B8F9DDF824E0A0EB0E0043
:10A34000032804D3FFE703208DF82F0093E2E5E70D
:10A35000FFE7FFE70A9800688006002854D5FFE76A
:10A360000A988069002827D0FFE744F20040C5F62C
:10A370000200016841F480510160FCF795F90990F1
:10A38000FFE744F20040C5F60200006800F4005008
:10A390000021B1EB503F0ED1FFE7FCF785F9DDF866
:10A3A00024E0A0EB0E00032804D3FFE703208DF880
:10A3B0002F0060E2E5E726E044F20040C5F6020027
:10A3C000016821F480510160FCF76EF90990FFE704
:10A3D00044F20040C5F60200006800F4005000217D
:10A3E000B1EB503F0ED0FFE7FCF75EF9DDF824E05B
:10A3F000A0EB0E00032804D3FFE703208DF82F0005
:10A4000039E2E5E7FFE7FFE70A9800684007002820
:10A4100040F1AF80FFE744F60000C5F60200016896
:10A4200041F480710160FCF73FF90990FFE744F6C1
:10A430000000C5F60200006810F4807F0ED1FFE72F
:10A44000FCF732F9DDF824E0A0EB0E00652804D318
:10A45000FFE703208DF82F000DE2E8E7FFE70A98F9
:10A460008068012809D1FFE744F27040C5F6020078
:10A47000016841F00101016032E00A98806800281B
:10A480000DD1FFE744F27040C5F60200016821F0EB
:10A4900001010160016821F0040101601FE00A98D8
:10A4A000806805280DD1FFE744F27040C5F6020030
:10A4B000016841F004010160016841F0010101609F
:10A4C0000CE044F27040C5F60200016821F0010181
:10A4D0000160016821F004010160FFE7FFE7FFE789
:10A4E000FFE70A988068002821D0FFE7FCF7DCF836
:10A4F0000990FFE744F27040C5F60200006800F0E2
:10A5000002000021B1EB500F10D1FFE7FCF7CCF8AF
:10A51000DDF824E0A0EB0E0041F2893E704504D343
:10A52000FFE703208DF82F00A5E1E3E720E0FCF72B
:10A53000BBF80990FFE744F27040C5F602000068DE
:10A5400000F002000021B1EB500F10D0FFE7FCF744
:10A55000ABF8DDF824E0A0EB0E0041F2893E704537
:10A5600004D3FFE703208DF82F0084E1E3E7FFE742
:10A57000FFE70A98406A002800F07981FFE744F27B
:10A580001040C5F60200006800F03800182800F0FE
:10A59000E480FFE70A98406A022840F0B680FFE7AF
:10A5A00044F20040C5F60200016821F080710160AC
:10A5B000FCF77AF80990FFE744F20040C5F6020084
:10A5C000006800F000700021B1EB506F0ED0FFE783
:10A5D000FCF76AF8DDF824E0A0EB0E00032804D3B2
:10A5E000FFE703208DF82F0045E1E5E7FFE744F2A0
:10A5F0002840C5F60200016840F2F33291430A9AFE
:10A60000936AD26A43EA0212114301600A98016B0D
:10A61000426B836BC06B01396FF35F214FF6006CA7
:10A62000CFF6FF7C0CEB422292B211430022CFF610
:10A63000FF7202EB034202F4FE0211434FF07F422D
:10A6400002EB006000F0FE40084344F23041C5F6E2
:10A6500002010860FFE744F22C40C5F602000168E1
:10A6600021F00101016044F23441C5F602010A689B
:10A670004FF6F8739A430A9B9B6C42EAC3020A6046
:10A68000016821F00C010A9A126C11430160016803
:10A6900021F002010A9A526C11430160016841F4F1
:10A6A00080310160016841F400310160016841F4CA
:10A6B00080210160016841F00101016044F2004025
:10A6C000C5F60200016841F080710160FBF7ECFF04
:10A6D0000990FFE744F20040C5F60200006800F070
:10A6E00000700021B1EB506F0ED1FFE7FBF7DCFFEC
:10A6F000DDF824E0A0EB0E00032804D3FFE70320DD
:10A700008DF82F00B7E0E5E726E044F20040C5F6FB
:10A710000200016821F080710160FBF7C5FF09901C
:10A72000FFE744F20040C5F60200006800F0007048
:10A730000021B1EB506F0ED0FFE7FBF7B5FFDDF85E
:10A7400024E0A0EB0E00032804D3FFE703208DF8DC
:10A750002F0090E0E5E7FFE788E044F22840C5F6E7
:10A7600002000068089044F23040C5F6020000681C
:10A7700007900A98406A012838D0FFE7089800F04F
:10A7800003000A99896A884230D1FFE7089800F4EB
:10A790007C700A99C96AB1EB101F27D1FFE70798AF
:10A7A0006FF35F200A99096B013988421ED1FFE7D8
:10A7B000079800F47E400A99496B0139B1EB502F9C
:10A7C00014D1FFE7079800F4FE000A99896B01395C
:10A7D000B1EB104F0AD1FFE7079800F0FE400A994D
:10A7E000C96B0139B1EB106F04D0FFE701208DF880
:10A7F0002F0040E044F23440C5F602000068C0F388
:10A80000CC0008900A98806C089988422CD0FFE709
:10A8100044F22C40C5F60200016821F001010160FC
:10A82000FBF742FF0990FFE7FBF73EFFDDF824E06E
:10A83000A0EB0E00002801D1FFE7F5E744F2344019
:10A84000C5F6020001684FF6F87291430A9A926CBD
:10A8500041EAC201016044F22C40C5F602000168E1
:10A8600041F001010160FFE7FFE7FFE7FFE700209C
:10A870008DF82F00FFE79DF82F000CB080BD000081
:10A8800082B001460190009102B0704700000000C4
:10A8900080B588B001460790079800680069069067
:10A8A00007980068406905900698059A1040049042
:10A8B000079800688068039000200290079890F83D
:10A8C00081008DF8070005980005002800910FD53C
:10A8D000FFE70698000700280AD5FFE707980068F9
:10A8E000816941F400618161079800F0DDFB98E126
:10A8F0009DF810004006002814D4FFE79DF81000D2
:10A90000800600280ED4FFE704984007002809D5E8
:10A91000FFE70798416F88470798016F8847012034
:10A920000290FFE79DF810004006002811D4FFE7D1
:10A930000498C00700280CD0FFE79DF810004007DE
:10A94000002806D4FFE70798016F8847012002908E
:10A95000FFE79DF810008006002811D4FFE7049857
:10A96000800700280CD5FFE79DF81000400700285D
:10A9700006D4FFE70798416F884701200290FFE760
:10A980000298002801D0FFE74BE104980007002857
:10A9900040F18D80FFE707980068816941F0080168
:10A9A000816107980068816941F010018161079811
:10A9B0000068816941F4006181610798006801695C
:10A9C00021F00801016107980068806810F4404F89
:10A9D0003CD1FFE7FFE70798B0F86A00002834D0C1
:10A9E000FFE70798C06810280BD3FFE707980068B7
:10A9F000006B0799496E08600798416E0431416603
:10AA00001CE00798C06808280BD3FFE70798006888
:10AA1000008E0799496E08800798416E02314166A1
:10AA20000BE00798006890F830000799496E0870AD
:10AA30000798416E01314166FFE7FFE70798B0F8DC
:10AA40006A100139A0F86A10C5E7FFE7079804F01B
:10AA5000EFFD07984FF0010E80F881E00798D0F8DD
:10AA60008400002804D0FFE70798FFF709FFD8E02B
:10AA70009DF80700052804D1FFE7079801F0BCF80E
:10AA800014E09DF80700042804D1FFE7079800F0C0
:10AA900003FB0AE09DF80700032804D1FFE70798AD
:10AAA00001F0A2F800E0FFE7FFE7FFE7B9E0BDF83B
:10AAB000100010F4587F00F0B480FFE79DF81000FC
:10AAC000400600280ED5FFE70798D0F8841041F023
:10AAD0000401C0F8841007980068816941F04001C2
:10AAE0008161FFE79DF81100800700280ED5FFE780
:10AAF0000798D0F8841041F00101C0F8841007983D
:10AB00000068816941F400718161FFE79DF81100DF
:10AB1000C00700280ED0FFE70798D0F8841041F056
:10AB20000801C0F8841007980068816941F48071B9
:10AB30008161FFE79DF81000800600280ED5FFE731
:10AB40000798D0F8841041F08001C0F8841007986D
:10AB50000068816941F020018161FFE70798D0F822
:10AB6000840000285CD0FFE707980068016821F0A6
:10AB70000101016007980068016940F26B3291435E
:10AB80000161039800F44040B0F5404F3FD1FFE72A
:10AB900007980068816821F4404181600798C06F80
:10ABA000002817D0FFE70798C06F4FF25171C0F629
:10ABB000000101650798C06FF7F7BEFC002808D0B8
:10ABC000FFE70798D0F8841041F04001C0F88410E6
:10ABD000FFE7FFE70798806F002817D0FFE7079887
:10ABE000806F4FF25171C0F6000101650798806FC8
:10ABF000F7F7A2FC002808D0FFE70798D0F88410E8
:10AC000041F04001C0F88410FFE7FFE707E0079834
:10AC1000012180F881100798FFF732FEFFE7FFE778
:10AC2000FFE708B080BD000080B586B00146049003
:10AC300004980028019104D1FFE701208DF8170046
:10AC40003CE10498406A002801D1FFE7FFE704983F
:10AC5000002181620498006843F20001C4F20101FE
:10AC600088421BD0FFE70498006843F60001C4F255
:10AC70000001884212D0FFE70498006843F60041C3
:10AC8000C4F20001884209D0FFE70498C068102888
:10AC900004D3FFE701208DF817000FE1049804F0BA
:10ACA000C7FD02900498006843F2000EC4F2010E42
:10ACB000704516D0FFE70498006843F60001C4F21F
:10ACC000000188420DD0FFE70498006843F6004178
:10ACD000C4F20001884204D0FFE7029808281FD878
:10ACE000FFE70498006843F20001C4F201018842C2
:10ACF00012D0FFE70498006843F60001C4F2000197
:10AD0000884209D0FFE70498006843F60041C4F286
:10AD10000001884208D1FFE70298112804D3FFE719
:10AD200001208DF81700C9E0049890F881000028F0
:10AD300008D1FFE70498002180F88010049800F003
:10AD4000C3F8FFE70498022180F881100498006896
:10AD5000016821F00101016004980068806800F436
:10AD6000F810039004988069B0F1806F1DD1FFE75F
:10AD700004984068B0F5800F05D1FFE70498806B18
:10AD800000280BD0FFE70498406800280DD1FFE7AA
:10AD90000498806BB0F1805F07D1FFE704980068EA
:10ADA000016841F480510160FFE704984068400267
:10ADB000002810D5FFE70498C06807280BD3FFE7E9
:10ADC00004980068006820F4807004990A68096D8E
:10ADD0000843106006E004980068016821F480715F
:10ADE0000160FFE704980168C268C369D0F828C011
:10ADF00043EA0C03DDF80CC043EA0C03C06B1843B4
:10AE0000104388600498416B426A1143826B11437E
:10AE10008269114302684368D0F808C0D0F810E096
:10AE200041EA0E01D0F814E041EA0E01D0F820E02A
:10AE300041EA0E011943C36C194341EA0C01836CCA
:10AE40001943806D0843D06004984068002813D1EE
:10AE5000FFE7049800688068012161F3CC20049921
:10AE600009688860049800688068022161F34A20BC
:10AE7000049909688860FFE704980068016D21F073
:10AE80000101016504984068400200280BD5FFE7E6
:10AE900004980068C06820F0004004990A68496D71
:10AEA0000843D060FFE704980021C0F8841004989C
:10AEB000012280F881208DF81710FFE79DF8170018
:10AEC00006B080BD0000000080B5C2B001464190D0
:10AED000002040903F903E903D903C900EA8B822BC
:10AEE0000A911146F5F7F4FB4198006843F600011A
:10AEF000C4F20001884240F0CA80FFE700200F90B2
:10AF00004FF480510E9125900EA8FDF701FB00280B
:10AF100003D0FFE7F6F784FCFFE7FFE744F2E840E1
:10AF2000C5F60200016841F480410160006800F448
:10AF300080400D900D980990FFE7FFE744F2E04054
:10AF4000C5F60200016841F004010160006800F0EC
:10AF500004000C900C980890FFE7FFE744F2E040F3
:10AF6000C5F60200016841F002010160006800F0CE
:10AF700002000B900B980790FFE706203C90022000
:10AF80003D9000213E9103223F920523409340F6DD
:10AF9000000CC5F6020C0DF1F00E0690604605910E
:10AFA0007146CDF810E003930292FBF75DF94FF480
:10AFB00000503C9006983D9005993E91029A3F9230
:10AFC000039B409340F20040C5F602000499FBF752
:10AFD0004BF942F27470C2F200404021C4F2020107
:10AFE00001602721416005998160C1604FF4806252
:10AFF000026141618161C1614FF44032026241628C
:10B00000F8F726FF002803D0FFE7F6F709FCFFE773
:10B01000FFE7419842F27471C2F20041C167419862
:10B020008863FFE742F2EC70C2F200402821C4F2CC
:10B030000201016028214160402181600021C1603E
:10B040004FF48062026141618161C1614FF400325D
:10B0500002624162F8F7FCFE002803D0FFE7F6F732
:10B06000DFFBFFE7FFE7419842F2EC71C2F20041DB
:10B07000816741988863FFE72420002101900091B7
:10B08000009AFBF739FC0198FBF72AFCFFE742B076
:10B0900080BD00000000000082B0014601900091D8
:10B0A00002B070470000000082B00146019000919C
:10B0B00002B070470000000070B594B0DDF860C0C9
:10B0C0009E4614460D460646129011911092ADF818
:10B0D0003E301298C06B012101EB5010ADF82A00F0
:10B0E000CDF824E0089407950696CDF814C0FBF738
:10B0F000DBFA0E90BDF83E00ADF82E00BDF83E0024
:10B10000ADF82C00129890F88100012804D0FFE7D8
:10B1100002208DF84F0075E31198002809D0FFE751
:10B120001098002805D0FFE7BDF83E00002804D1A4
:10B13000FFE701208DF84F0064E3FFE7129890F8D5
:10B140008000012804D1FFE702208DF84F0059E369
:10B150001298012180F88010FFE7FFE7129805217F
:10B1600080F8811012980021C0F884101098129A6B
:10B170005066BDF83E00129AA2F86A00BDF83E0083
:10B18000129AA2F868001198129AD065BDF83E0094
:10B19000129AA2F86200BDF83E00129AA2F860006E
:10B1A000129801671298416712980068C06820F4ED
:10B1B000C02012990968C8601298006843F2000123
:10B1C000C4F20101884212D0FFE71298006843F6EA
:10B1D0000001C4F20001884209D0FFE7129800681C
:10B1E00043F60041C4F20001884203D1FFE710207A
:10B1F0000D9002E008200D90FFE71298006840686B
:10B200004FF6FF718843BDF83E1008431299096854
:10B21000486012980068016841F0010101601298CD
:10B220004068B0F5800F07D1FFE712980068016809
:10B2300041F400710160FFE71298C0681028C0F067
:10B24000BE80FFE70D9880080D90FFE7BDF82E0047
:10B2500001210028049107D1FFE7BDF82C00002848
:10B2600018BF01200490FFE70498C007002800F0F1
:10B27000A580FFE712980068406910F0020F23D004
:10B28000FFE7BDF82E0000281ED0FFE7BDF82C0018
:10B29000BDF82E100D9A1144884215D2FFE712987E
:10B2A0000168C06D006808621298C16D0431C16503
:10B2B0001298B0F862100139A0F862101298B0F834
:10B2C0006200ADF82E00FFE71298006840690C900C
:10B2D000BDF82C00002870D0FFE712980068406984
:10B2E00010F0010F16D0FFE712980068006B12995A
:10B2F000496E08601298416E043141661298B0F8A8
:10B300006A100139A0F86A101298B0F86A00ADF816
:10B310002C0051E0BDF82C00BDF82A1088421CDA40
:10B32000FFE79DF831000006002816D5FFE71298C8
:10B330000068006B1299496E08601298416E0431E2
:10B3400041661298B0F86A100139A0F86A10129894
:10B35000B0F86A00ADF82C002DE0FBF7A5F9DDF898
:10B3600038E0A0EB0E00DDF860E0704505D3FFE7A4
:10B3700018980130002804D1FFE71898002819D147
:10B38000FFE7129804F054F91298D0F884E04EF4D4
:10B39000807EC0F884E012984FF0010E80F881E0C2
:10B3A000FFE71298002180F88010FFE703208DF856
:10B3B0004F0027E2FFE7FFE7FFE747E7F2E11298D8
:10B3C000C0680828C0F0EB80FFE70D9840080D909A
:10B3D000FFE7BDF82E0001210028039107D1FFE708
:10B3E000BDF82C00002818BF01200390FFE7039848
:10B3F000C007002800F0D280FFE71298006840697B
:10B4000010F0020F23D0FFE7BDF82E0000281ED059
:10B41000FFE7BDF82C00BDF82E100D9A11448842AC
:10B4200015D2FFE712980168C06D00880884129851
:10B43000C16D0231C1651298B0F862100139A0F8EF
:10B4400062101298B0F86200ADF82E00FFE7129873
:10B45000006840690C90BDF82C00002800F09D8029
:10B46000FFE712980068406910F0010F16D0FFE75F
:10B4700012980068008E1299496E08801298416EE9
:10B48000023141661298B0F86A100139A0F86A10CA
:10B490001298B0F86A00ADF82C007DE0BDF82C00E1
:10B4A000BDF82A10884226DAFFE79DF83100000631
:10B4B000002820D5FFE712980068008E1299496E87
:10B4C00008801298416E0231416612980068008E21
:10B4D0001299496E08801298416E023141661298A5
:10B4E000B0F86A100239A0F86A101298B0F86A0031
:10B4F000ADF82C004FE0BDF82C0001281CD1FFE76F
:10B500009DF831008006002816D5FFE712980068E4
:10B51000008E1299496E08801298416E0231416680
:10B520001298B0F86A100139A0F86A101298B0F8B1
:10B530006A00ADF82C002DE0FBF7B6F8DDF838E036
:10B54000A0EB0E00DDF860E0704505D3FFE718982A
:10B550000130002804D1FFE71898002819D1FFE72F
:10B56000129804F065F81298D0F884E04EF4807ECA
:10B57000C0F884E012984FF0010E80F881E0FFE7F8
:10B580001298002180F88010FFE703208DF84F000B
:10B5900038E1FFE7FFE7FFE7FFE71AE701E1FFE731
:10B5A000BDF82E0001210028029107D1FFE7BDF868
:10B5B0002C00002818BF01200290FFE70298C00766
:10B5C000002800F0ED80FFE712980068406910F055
:10B5D000020F24D0FFE7BDF82E0000281FD0FFE7A0
:10B5E000BDF82C00BDF82E100D9A1144884216D2D9
:10B5F000FFE712980168C06D007881F8200012986A
:10B60000C16D0131C1651298B0F862100139A0F81E
:10B6100062101298B0F86200ADF82E00FFE71298A1
:10B62000006840690C90BDF82C00002800F0B7803D
:10B63000FFE712980068406910F0010F17D0FFE78C
:10B640001298006890F830001299496E08701298AC
:10B65000416E013141661298B0F86A100139A0F8C4
:10B660006A101298B0F86A00ADF82C0096E0BDF8A8
:10B670002C00BDF82A1088423EDAFFE79DF8310021
:10B680000006002838D5FFE71298006890F83000CF
:10B690001299496E08701298416E013141661298F4
:10B6A000006890F830001299496E08701298416E47
:10B6B000013141661298006890F830001299496E85
:10B6C00008701298416E013141661298006890F836
:10B6D00030001299496E08701298416E013141662E
:10B6E0001298B0F86A100439A0F86A101298B0F8ED
:10B6F0006A00ADF82C0050E0BDF82C0003281DD8DE
:10B70000FFE79DF8310010F0600F17D0FFE71298A7
:10B71000006890F830001299496E08701298416ED6
:10B72000013141661298B0F86A100139A0F86A1028
:10B730001298B0F86A00ADF82C002DE0FAF7B4FFCB
:10B74000DDF838E0A0EB0E00DDF860E0704505D3D1
:10B75000FFE718980130002804D1FFE71898002867
:10B7600019D1FFE7129803F063FF1298D0F884E034
:10B770004EF4807EC0F884E012984FF0010E80F8FD
:10B7800081E0FFE71298002180F88010FFE7032096
:10B790008DF84F0036E0FFE7FFE7FFE7FFE7FFE642
:10B7A000FFE7FFE71298189B0E996A46116008217F
:10B7B000002204F039F9002808D0FFE71298D0F8E9
:10B7C000841041F02001C0F88410FFE7129803F0C4
:10B7D0002FFF12984FF0010E80F881E0FFE71298DA
:10B7E000002180F88010FFE71298D0F8840000282C
:10B7F00004D0FFE701208DF84F0003E000208DF812
:10B800004F00FFE79DF84F0014B070BD000000002E
:10B81000B0B58EB09C4696460C4605460C900B91F2
:10B820000A92ADF826300C9890F881000128CDF8E6
:10B8300020C0CDF81CE00694059504D0FFE7022057
:10B840008DF83700CAE10B98002809D0FFE70A9865
:10B85000002805D0FFE7BDF82600002804D1FFE747
:10B8600001208DF83700B9E1FFE70C9890F88000CF
:10B87000012804D1FFE702208DF83700AEE10C98D3
:10B88000012180F88010FFE7FFE70C98052180F880
:10B8900081100C980021C0F884100B980C9AD06588
:10B8A000BDF826000C9AA2F86000BDF826000C9A9C
:10B8B000A2F862000A980C9A5066BDF826000C9A0D
:10B8C000A2F86800BDF826000C9AA2F86A000C984D
:10B8D00001670C9841670C980068C06820F4C0208C
:10B8E0000C990968C8600C980068816821F440418F
:10B8F00081600C98C06810280ED3FFE70C98C06FC9
:10B900008069B0F5804F28D1FFE70C98806F80697F
:10B91000B0F5804F21D1FFE70C98C068082826D3E6
:10B92000FFE70C98C06F8069B0F5005F07D0FFE7B4
:10B930000C98C06F8069B0F5804F0ED1FFE70C986E
:10B94000806F8069B0F5005F11D0FFE70C98806FC1
:10B950008069B0F5804F0AD0FFE7FFE70C9800211F
:10B9600080F88010FFE701208DF8370036E10C9851
:10B97000C068072841D8FFE70C98806F8069B0F550
:10B98000005F09D1FFE70C98B0F862000130400871
:10B990000C99A1F86200FFE70C98806F8069B0F500
:10B9A000804F09D1FFE70C98B0F86200033080089F
:10B9B0000C99A1F86200FFE70C98C06F8069B0F5A0
:10B9C000005F09D1FFE70C98B0F86A000130400829
:10B9D0000C99A1F86A00FFE70C98C06F8069B0F578
:10B9E000804F09D1FFE70C98B0F86A000330800857
:10B9F0000C99A1F86A00FFE727E00C98C0680F28AF
:10BA000021D8FFE70C98806F8069B0F5804F09D18D
:10BA1000FFE70C98B0F86200013040080C99A1F8DB
:10BA20006200FFE70C98C06F8069B0F5804F09D1C4
:10BA3000FFE70C98B0F86A00013040080C99A1F8B3
:10BA40006A00FFE700E0FFE7FFE70C98C06F4FF2E6
:10BA5000C971C0F6000101640C98C06F4FF2E97122
:10BA6000C0F60001C1630C98C06F4FF28171C0F63F
:10BA70000001C1640C98C06F002101650C98016839
:10BA8000426EC36F3031B0F86A0004901846049BD0
:10BA9000F8F7AAFE002815D0FFE70C98D0F884101C
:10BAA00041F01001C0F884100C98012180F8811039
:10BAB000FFE70C98002180F88010FFE701208DF847
:10BAC00037008BE00C980068816841F48041816008
:10BAD0000C98806F002101640C98806FC1630C98F2
:10BAE000806F01650C98806F4FF28171C0F6000184
:10BAF000C1640C980168C26D836F2031B0F8620098
:10BB00000390184602911146029A039BF8F76CFEC7
:10BB100000281CD0FFE70C98C06FF6F73DF8DDF861
:10BB200030E0DEF8841041F01001CEF884100C995A
:10BB30004FF0010E81F881E00190FFE70C980021A1
:10BB400080F88010FFE701208DF8370046E00C9860
:10BB5000806FC069B0F5807F0AD1FFE70C9800685C
:10BB600040684FF6FF7188430C99096848600CE003
:10BB70000C98006840684FF6FF718843BDF82610A6
:10BB800008430C9909684860FFE70C9800688168D1
:10BB900041F4004181600C980068016941F45871DA
:10BBA00001610C980068016841F0010101600C9886
:10BBB0004068B0F5800F07D1FFE70C980068016876
:10BBC00041F400710160FFE7FFE70C98002180F865
:10BBD0008010FFE700208DF83700FFE79DF8370061
:10BBE0000EB0B0BD0000000082B00146019000918F
:10BBF00002B070470000000080B588B00146079091
:10BC00000798006843F20002C4F2010290420691D4
:10BC10001AD1FFE740F2B850C2F2004041680289F1
:10BC2000059008461146FAF703FD0598D0F8101163
:10BC3000B0F80A210A30DDF814E00EF18A0304910D
:10BC40001946049B984747E00798006843F60001AF
:10BC5000C4F2000188421AD1FFE740F2CC60C2F280
:10BC6000004041680289039008461146FAF7E0FC5B
:10BC70000398D0F81011B0F80A210A30DDF80CE072
:10BC80000EF18A0302911946029B984723E0079818
:10BC9000006843F60041C4F2000188421AD1FFE770
:10BCA00040F2E070C2F2004041680289019008460B
:10BCB0001146FAF7BDFC0198D0F81011B0F80A212E
:10BCC0000A30DDF804E00EF18A0300911946009B6A
:10BCD0009847FFE7FFE7FFE708B080BD00000000DE
:10BCE00082B001460190009102B070470000000050
:10BCF00084B00A4603460390029140F20440C5F620
:10BD000000000168DDF80CC021EA0C01DDF808C074
:10BD100041EA0C0101600192009304B070470000F9
:10BD200080B582B0014601900198009103F0E4FED5
:10BD300002B080BD0000000082B001460190009179
:10BD400002B070470000000082B0014601900091EF
:10BD500002B070470000000082B0014601900091DF
:10BD600002B070470000000087B00A460346059005
:10BD7000049101920093FFE7059890F83C00012898
:10BD800004D1FFE702208DF81B00ABE005980121EC
:10BD900080F83C10FFE7FFE70598022180F83D108E
:10BDA00005980068406803900598006880680290D4
:10BDB000059800680021C4F20101884209D0FFE71C
:10BDC0000598006840F20041C4F2010188420AD19E
:10BDD000FFE7039820F470000390049840680399EB
:10BDE00008430390FFE7039820F070000390049845
:10BDF000006803990843039003980599096848600F
:10BE0000059800680021C4F2010188424ED0FFE786
:10BE100005980068B0F1804F48D0FFE705980068AA
:10BE200040F20041C4F2000188423FD0FFE705988C
:10BE3000006840F60001C4F20001884236D0FFE7F6
:10BE40000598006840F60041C4F2000188422DD0F8
:10BE5000FFE70598006840F20041C4F20101884202
:10BE600024D0FFE70598006841F60001C4F2000104
:10BE700088421BD0FFE70598006844F20001C4F235
:10BE80000101884212D0FFE7059800684EF20001D8
:10BE9000C4F20001884209D0FFE7059800684EF21D
:10BEA0000041C4F2000188420ED1FFE7029820F061
:10BEB00080000290049880680299084302900298DA
:10BEC000059909688860FFE70598012180F83D1011
:10BED000FFE70598002180F83C10FFE700208DF86F
:10BEE0001B00FFE79DF81B0007B070470000000033
:10BEF00080B584B00146029002980028019104D1D7
:10BF0000FFE701208DF80F0049E0029890F83D000E
:10BF1000002808D1FFE70298002180F83C10029821
:10BF200000F042F8FFE70298022180F83D100298E5
:10BF300050F8041B00900846009903F031FF029866
:10BF4000012180F84810FFE70298012180F83E1097
:10BF5000029880F83F10029880F84010029880F80C
:10BF60004110029880F84210029880F84310FFE7D1
:10BF7000FFE70298012180F84410029880F84510EC
:10BF8000029880F84610029880F84710FFE7029860
:10BF9000012180F83D1000208DF80F00FFE79DF88B
:10BFA0000F0004B080BD000080B58AB00146099042
:10BFB0000998006840F20042C4F2000290420591E4
:10BFC00011D1FFE7FFE744F2E840C5F6020001683F
:10BFD00041F002010160006800F00200089008983A
:10BFE0000490FFE747E00998006840F60001C4F2BA
:10BFF000000188421AD1FFE7FFE744F2E840C5F6A6
:10C000000200016841F004010160006800F00400D2
:10C01000079007980390FFE71E200221002202905C
:10C02000FAF76AFC0298FAF75BFC23E009980068CB
:10C0300040F60041C4F2000188421AD1FFE7FFE751
:10C0400044F2E840C5F60200016841F008010160D1
:10C05000006800F00800069006980190FFE7322083
:10C06000012100220090FAF747FC0098FAF738FC0B
:10C07000FFE7FFE7FFE70AB080BD00000000000017
:10C0800084B001460290029890F83D00012800918A
:10C0900004D0FFE701208DF80F0083E00298022111
:10C0A00080F83D1002980068C16841F00101C1604C
:10C0B000029800680021C4F2010188424ED0FFE7D7
:10C0C00002980068B0F1804F48D0FFE702980068FE
:10C0D00040F20041C4F2000188423FD0FFE70298DD
:10C0E000006840F60001C4F20001884236D0FFE744
:10C0F0000298006840F60041C4F2000188422DD049
:10C10000FFE70298006840F20041C4F20101884252
:10C1100024D0FFE70298006841F60001C4F2000154
:10C1200088421BD0FFE70298006844F20001C4F285
:10C130000101884212D0FFE7029800684EF2000128
:10C14000C4F20001884209D0FFE7029800684EF26D
:10C150000041C4F20001884219D1FFE7029800684B
:10C1600080680721C0F2010108400190019806286B
:10C170000CD0FFE70198B0F5803F07D0FFE70298A9
:10C180000068016841F001010160FFE706E00298E4
:10C190000068016841F001010160FFE700208DF8AF
:10C1A0000F00FFE79DF80F0004B07047000000008B
:10C1B00080B58EB00A4603460C900B9100208DF896
:10C1C0002B0008920793FFE70C9890F83C00012899
:10C1D00004D1FFE702208DF83700E1E00C9801213F
:10C1E00080F83C10FFE7FFE70C98022180F83D1033
:10C1F0000C9800688068099009984FF68871CFF60E
:10C20000CE7108400990099820F47F400990099860
:10C210000C99096888600B9800680028069000F067
:10C22000A580FFE70698102800F0A080FFE7069899
:10C23000202800F09B80FFE70698302800F09680C9
:10C24000FFE70698402800F08180FFE70698502815
:10C250005CD0FFE70698602868D0FFE70698702852
:10C260002AD0FFE70698B0F5805F24D0FFE7069854
:10C27000B0F5005F38D0FFE70698B0F5801F75D0A5
:10C28000FFE70698B0F1101F70D0FFE72020C0F242
:10C2900010000699814269D0FFE73020C0F21000FB
:10C2A0000699814262D0FFE74020C0F21000069953
:10C2B00081425BD061E064E00C9800680B994A68A9
:10C2C0008B68C96805911946059B03F079FE0C98A7
:10C2D000006880680990099840F0770009900998F3
:10C2E0000C99096888604CE00C9800680B994A68C2
:10C2F0008B68C96804911946049B03F061FE0C9891
:10C300000068816841F4804181603AE00C980068DF
:10C310000B994A68C96803911146039A04F0A8FA78
:10C320000C980068502103F073FE2AE00C98006816
:10C330000B994A68C96802911146029A04F0CCFA36
:10C340000C980068602103F063FE1AE00C98006806
:10C350000B994A68C96801911146019A04F088FA5C
:10C360000C980068402103F053FE0AE00C98006826
:10C370000B99096803F04CFE03E001208DF82B00B7
:10C38000FFE70C98012180F83D10FFE70C98002191
:10C3900080F83C10FFE79DF82B008DF83700FFE791
:10C3A0009DF837000EB080BD82B00146019000912B
:10C3B00002B070470000000080B584B001460390D1
:10C3C00003980068C06802900398006800690190B3
:10C3D000019880070028009124D5FFE70298800784
:10C3E00000281ED5FFE7039800686FF00201016185
:10C3F00003980121017703980068806910F0030F0A
:10C4000004D0FFE70398FFF7CFFF06E0039800F0A2
:10C410002BF9039800F080FAFFE7039800210177D9
:10C42000FFE7FFE701984007002824D5FFE70298BF
:10C43000400700281ED5FFE7039800686FF004014D
:10C44000016103980221017703980068806910F464
:10C45000407F04D0FFE70398FFF7A6FF06E00398AC
:10C4600000F002F9039800F057FAFFE70398002163
:10C470000177FFE7FFE701980007002824D5FFE7D1
:10C480000298000700281ED5FFE7039800686FF0A8
:10C490000801016103980421017703980068C069CD
:10C4A00010F0030F04D0FFE70398FFF77DFF06E0CD
:10C4B000039800F0D9F8039800F02EFAFFE70398EC
:10C4C00000210177FFE7FFE70198C006002824D587
:10C4D000FFE70298C00600281ED5FFE70398006812
:10C4E0006FF010010161039808210177039800683B
:10C4F000C06910F4407F04D0FFE70398FFF754FFB2
:10C5000006E0039800F0B0F8039800F005FAFFE7A2
:10C51000039800210177FFE7FFE70198C007002893
:10C520000FD0FFE70298C007002809D0FFE7039863
:10C5300000686FF001010161039800F051FBFFE713
:10C54000FFE7019800F08000802805D0FFE7019800
:10C55000800400280FD5FFE702980006002809D5BF
:10C56000FFE7039800686FF4025101610398FFF739
:10C57000EBFBFFE7FFE70198C00500280FD5FFE7B9
:10C5800002980006002809D5FFE7039800686FF4B9
:10C59000807101610398FFF7CFFBFFE7FFE7019888
:10C5A000400600280FD5FFE702984006002809D56D
:10C5B000FFE7039800686FF040010161039800F005
:10C5C0009BFBFFE7FFE70198800600280FD5FFE7F8
:10C5D00002988006002809D5FFE7039800686FF0ED
:10C5E000200101610398FFF7B7FBFFE7FFE704B005
:10C5F00080BD00000000000080B58AB001460990AF
:10C600000020089007900690059004900998006813
:10C6100040F20042C4F20002904202911FD1FFE7B3
:10C62000FFE744F2E040C5F60200016841F0020174
:10C630000160006800F00200039003980190FFE79A
:10C64000022004900590002106910791089040F285
:10C650000040C5F6020004A9F9F706FEFFE70AB09C
:10C6600080BD00000000000082B0014601900091F2
:10C6700002B070470000000080B58AB013468C46B7
:10C68000864608900791069200208DF817000493C3
:10C69000CDF80CC0CDF808E0FFE7089890F83C0012
:10C6A000012804D1FFE702208DF82700C9E008988F
:10C6B000012180F83C10FFE7FFE70698142801905D
:10C6C00000F2B0800199DFE801F00BADADAD26AD11
:10C6D000ADAD41ADADAD5CADADAD77ADADAD920045
:10C6E00008980068079903F04BFD08980068816975
:10C6F00041F00801816108980068816921F0040116
:10C7000081610798006908990968D1F818E040EA42
:10C710000E0088618AE008980068079903F0DCFD44
:10C7200008980068816941F4006181610898006897
:10C73000816921F48061816107980069089909681D
:10C74000D1F818E04EEA002088616FE00898006890
:10C75000079903F081FE08980068C16941F008015B
:10C76000C16108980068C16921F00401C16107989E
:10C77000006908990968D1F81CE040EA0E00C86118
:10C7800054E008980068079903F022FF08980068B1
:10C79000C16941F40061C16108980068C16921F470
:10C7A0008061C1610798006908990968D1F81CE0A7
:10C7B0004EEA0020C86139E008980068079903F044
:10C7C0007BFF08980068416D41F0080141650898B9
:10C7D0000068416D21F004014165079800690899DE
:10C7E0000968D1F854E040EA0E0048651EE0089858
:10C7F0000068079903F0CCFF08980068416D41F488
:10C800000061416508980068416D21F480614165CF
:10C810000798006908990968D1F854E04EEA0020A9
:10C82000486503E001208DF81700FFE7FFE708984F
:10C83000002180F83C10FFE79DF817008DF82700D5
:10C84000FFE79DF827000AB080BD0000000000004F
:10C8500080B584B00146029002980028019104D16D
:10C86000FFE701208DF80F0049E0029890F83D00A5
:10C87000002808D1FFE70298002180F83C100298B8
:10C8800000F042F8FFE70298022180F83D1002987C
:10C8900050F8041B00900846009903F081FA0298B2
:10C8A000012180F84810FFE70298012180F83E102E
:10C8B000029880F83F10029880F84010029880F8A3
:10C8C0004110029880F84210029880F84310FFE768
:10C8D000FFE70298012180F84410029880F8451083
:10C8E000029880F84610029880F84710FFE70298F7
:10C8F000012180F83D1000208DF80F00FFE79DF822
:10C900000F0004B080BD000082B00146019000918C
:10C9100002B070470000000082B001460190009113
:10C9200002B070470000000080B592B00A4603468E
:10C9300010900F910F9800280D920C9305D1FFE7EE
:10C94000109890F83E000B9034E00F98042805D121
:10C95000FFE7109890F83F000A9028E00F98082809
:10C9600005D1FFE7109890F8400009901CE00F985F
:10C970000C2805D1FFE7109890F84100089010E0CE
:10C980000F98102805D1FFE7109890F84200079003
:10C9900004E0109890F843000790FFE7079808908C
:10C9A000FFE708980990FFE709980A90FFE70A98BF
:10C9B0000B90FFE70B98012804D0FFE701208DF8CA
:10C9C000470006E10F98002805D1FFE710980221E3
:10C9D00080F83E1039E00F98042806D1FFE7109840
:10C9E000022180F83F1006912CE00F98082806D10C
:10C9F000FFE71098022180F8401005911FE00F9882
:10CA00000C2806D1FFE71098022180F8411004910C
:10CA100012E00F98102806D1FFE71098022180F845
:10CA20004210039105E01098022180F84310039111
:10CA3000FFE703980490FFE704980590FFE7059847
:10CA40000690FFE706980290FFE7109800680F999C
:10CA50000122019203F08CFA1098006801990022DB
:10CA6000C4F20102904200912DD0FFE710980068B7
:10CA7000012140F20042C4F201029042009122D012
:10CA8000FFE710980068012144F20002C4F201029D
:10CA90009042009117D0FFE710980068012144F2FE
:10CAA0000042C4F20102904200910CD0FFE71098BE
:10CAB00000684BF60001CBF6FE710844B0FA80F036
:10CAC00040090090FFE70098C007002807D0FFE763
:10CAD00010980068416C41F400414164FFE71098F0
:10CAE00000680021C4F2010188424ED0FFE710988F
:10CAF0000068B0F1804F48D0FFE71098006840F21E
:10CB00000041C4F2000188423FD0FFE7109800685E
:10CB100040F60001C4F20001884236D0FFE71098C9
:10CB2000006840F60041C4F2000188422DD0FFE7C2
:10CB30001098006840F20041C4F20101884224D0FC
:10CB4000FFE71098006841F60001C4F20001884236
:10CB50001BD0FFE71098006844F20001C4F2010105
:10CB6000884212D0FFE7109800684EF20001C4F22C
:10CB70000001884209D0FFE7109800684EF200419A
:10CB8000C4F20001884219D1FFE71098006880685C
:10CB90000721C0F2010108400E900E9806280CD023
:10CBA000FFE70E98B0F5803F07D0FFE710980068C8
:10CBB000016841F001010160FFE706E0109800689C
:10CBC000016841F001010160FFE700208DF8470096
:10CBD000FFE79DF8470012B080BD00000000000094
:10CBE00080B582B001460190019800680022C4F22D
:10CBF00001029042009107D1FFE740F6FC00C2F22B
:10CC000000404068804773E001980068B0F1804FB1
:10CC100007D1FFE740F60410C2F2004040688047A9
:10CC200065E00198006840F20041C4F200018842CA
:10CC300007D1FFE740F60C10C2F200404068804781
:10CC400054E00198006840F60001C4F200018842F7
:10CC500007D1FFE740F61410C2F200404068804759
:10CC600043E00198006840F60041C4F200018842A8
:10CC700007D1FFE740F61C10C2F200404068804731
:10CC800032E00198006841F20001C4F200018842DC
:10CC900007D1FFE740F62410C2F200404068804709
:10CCA00021E00198006841F20041C4F2000188428D
:10CCB00007D1FFE740F62C10C2F2004040688047E1
:10CCC00010E00198006840F20041C4F2010188427E
:10CCD00007D1FFE740F63410C2F2004040688047B9
:10CCE000FFE7FFE7FFE7FFE7FFE7FFE7FFE7FFE714
:10CCF00002B080BD0000000082B0014601900091AA
:10CD000002B070470000000084B00146029000911C
:10CD1000FFE7029890F88400012804D1FFE7022081
:10CD20008DF80F002CE00298012180F88410FFE7B5
:10CD3000FFE702982421C0F8881002980068006874
:10CD4000019002980068016821F0010101600198DA
:10CD500020F000500190029800214166019802994C
:10CD60000968086002982021C0F88810FFE702983F
:10CD7000002180F88410FFE700208DF80F00FFE706
:10CD80009DF80F0004B0704780B588B013468C46FC
:10CD9000864606900591ADF812200698D0F88C00D2
:10CDA00020280293CDF804C0CDF800E047D1FFE77A
:10CDB0000598002805D0FFE7BDF81200002804D12F
:10CDC000FFE701208DF81F003DE006980121C166B4
:10CDD00006980021016706980599BDF8122004F015
:10CDE0005FFE8DF811009DF81100002822D1FFE7A9
:10CDF0000698C06E012818D1FFE706980068102138
:10CE00000162FFE7FFE70698006850E8000F40F076
:10CE100010000390FFE703980699096841E80002B3
:10CE2000002AF0D1FFE7FFE703E001208DF81100B1
:10CE3000FFE7FFE79DF811008DF81F0003E00220D7
:10CE40008DF81F00FFE79DF81F0008B080BD0000AF
:10CE500080B592B00A4603461190ADF84210119881
:10CE6000006841F20001C4F2010188420F920E9362
:10CE700012D1FFE7BDF8420040F64C21C2F200415A
:10CE8000A1F808011198B1F804215200843192B23E
:10CE9000FFF77AFF0D90BBE11198006845F20001A1
:10CEA000C4F20001884240F0FD80FFE7BDF8420077
:10CEB00040F65C31C2F20041A1F80801B1F8080166
:10CEC000B1F8041188420EDCFFE740F65C30C2F294
:10CED0000040D0F80C11BDF8422084300C9111466E
:10CEE0000C9A9047FFE7119840F65C31C2F200417E
:10CEF000B1F804215200843192B2FFF745FF42F6A7
:10CF00006401C2F2004109681022C4F20202914297
:10CF10000B9000F0B280FFE742F66400C2F20040DE
:10CF200000682821C4F20201884200F0A680FFE7D1
:10CF300042F66400C2F2004000684021C4F20201DF
:10CF4000884200F09A80FFE742F66400C2F2004097
:10CF500000685821C4F20201884200F08E80FFE789
:10CF600042F66400C2F2004000687021C4F202017F
:10CF7000884200F08280FFE742F66400C2F200407F
:10CF800000688821C4F20201884276D0FFE742F6A9
:10CF90006400C2F200400068A021C4F2020188428D
:10CFA0006BD0FFE742F66400C2F200400068B8218F
:10CFB000C4F20201884260D0FFE742F66400C2F288
:10CFC0000040006840F21041C4F20201884254D08F
:10CFD000FFE742F66400C2F20040006840F22841D8
:10CFE000C4F20201884248D0FFE742F66400C2F270
:10CFF0000040006840F24041C4F2020188423CD047
:10D00000FFE742F66400C2F20040006840F2584177
:10D01000C4F20201884230D0FFE742F66400C2F257
:10D020000040006840F27041C4F20201884224D0FE
:10D03000FFE742F66400C2F20040006840F2884117
:10D04000C4F20201884218D0FFE742F66400C2F23F
:10D050000040006840F2A041C4F2020188420CD0B6
:10D06000FFE742F66400C2F20040006840F2B841B7
:10D07000C4F2020188420AD1FFE742F66400C2F21C
:10D0800000400068016821F00801016009E042F6F3
:10D090006400C2F200400068016821F004010160F0
:10D0A000FFE7B4E01198006847F60001C4F2000100
:10D0B000884212D1FFE7BDF8420040F66C41C2F24F
:10D0C0000041A1F808011198B1F8042152008431FF
:10D0D00092B2FFF759FE0A9098E01198006847F65F
:10D0E0000041C4F20001884229D1FFE7BDF84200A7
:10D0F00040F67C51C2F20041A1F808011198B1F844
:10D10000042101F1840309911946FFF73DFE0999B5
:10D11000B1F80821B1F804319A4208900EDCFFE71B
:10D1200040F67C50C2F20040D0F80C11BDF842200D
:10D13000843007911146079A9047FFE765E0119800
:10D14000006841F60001C4F20101884229D1FFE7DD
:10D15000BDF8420040F68C61C2F20041A1F808011E
:10D160001198B1F8042101F1840306911946FFF7E3
:10D170000BFE0699B1F80821B1F804319A420590E6
:10D180000EDCFFE740F68C60C2F20040D0F80C11D4
:10D19000BDF84220843004911146049A9047FFE77D
:10D1A00032E01198006841F60041C4F20101884262
:10D1B00029D1FFE7BDF8420040F63C11C2F2004120
:10D1C000A1F808011198B1F8042101F18403039139
:10D1D0001946FFF7D9FD0399B1F80821B1F80431D8
:10D1E0009A4202900EDCFFE740F63C10C2F200408B
:10D1F000D0F80C11BDF84220843001911146019AFB
:10D200009047FFE7FFE7FFE7FFE7FFE7FFE7FFE7FD
:10D2100012B080BD0000000082B001460190009174
:10D2200002B070470000000080B586B00A46034691
:10D230000490039101920093FFE7049890F8840012
:10D24000012804D1FFE702208DF8170032E004988E
:10D25000012180F88410FFE7FFE704982421C0F83B
:10D2600088100498006800680290049800680168BB
:10D2700021F00101016004980068806820F060607E
:10D2800003990843049909688860049803F0A0FB97
:10D29000029804990968086004982021C0F8881051
:10D2A000FFE70498002180F88410FFE700208DF844
:10D2B0001700FFE79DF8170006B080BD00000000D2
:10D2C00080B586B00A46034604900391019200930C
:10D2D000FFE7049890F88400012804D1FFE70220BA
:10D2E0008DF8170032E00498012180F88410FFE7E0
:10D2F000FFE704982421C0F88810049800680068AB
:10D30000029004980068016821F00101016004980E
:10D310000068806820F06040039908430499096818
:10D320008860049803F054FB029804990968086027
:10D3300004982021C0F88810FFE70498002180F8A5
:10D340008410FFE700208DF81700FFE79DF8170015
:10D3500006B080BD0000000082B00146019000913F
:10D3600002B070470000000082B0014601900091B9
:10D3700002B070470000000082B0014601900198A1
:10D38000006845F20002C4F200029042009101D10F
:10D39000FFE7FFE702B0704780B594B001461390F5
:10D3A00013980068C0691290139800680068119083
:10D3B0001398006880681090129840F60F02104091
:10D3C0000F900F98002803911DD1FFE79DF84800AA
:10D3D0008006002816D5FFE79DF844008006002847
:10D3E00006D4FFE79DF84300C00600280AD5FFE7F2
:10D3F0001398406F002804D0FFE71398416F8847C7
:10D40000FFE755E3FFE70F98002800F01481FFE7DE
:10D4100010980121C1F20001084209D1FFE71198DB
:10D4200040F22011C0F20041084200F00481FFE701
:10D430009DF84800C007002812D0FFE79DF845007E
:10D44000C00700280CD0FFE7139800680121016293
:10D450001398D0F8901041F00101C0F89010FFE748
:10D460009DF848008007002812D5FFE79DF840008E
:10D47000C00700280CD0FFE7139800680221016262
:10D480001398D0F8901041F00401C0F89010FFE715
:10D490009DF848004007002812D5FFE79DF840009E
:10D4A000C00700280CD0FFE7139800680421016230
:10D4B0001398D0F8901041F00201C0F89010FFE7E7
:10D4C0009DF848000007002819D5FFE79DF84400A3
:10D4D0008006002807D4FFE710980121C1F200015F
:10D4E00008420CD0FFE713980068082101621398E6
:10D4F000D0F8901041F00801C0F89010FFE79DF8B7
:10D5000049000007002813D5FFE79DF847004007B2
:10D5100000280DD5FFE7139800684FF40061016201
:10D520001398D0F8901041F02001C0F89010FFE758
:10D530001398D0F8900000287CD0FFE79DF84800B1
:10D540008006002816D5FFE79DF8440080060028D5
:10D5500006D4FFE79DF84300C00600280AD5FFE780
:10D560001398406F002804D0FFE71398416F884755
:10D57000FFE7FFE71398D0F890000E90139800682B
:10D58000806800F04000402806D0FFE79DF8380092
:10D5900010F0280F44D0FFE7139803F0A1FC139874
:10D5A0000068806810F0400F35D0FFE7FFE7FFE725
:10D5B0001398006850E8020F20F040000D90FFE73C
:10D5C0000D981399096841E80202002AF0D1FFE79B
:10D5D000FFE71398D0F88000002817D0FFE71398D2
:10D5E000D0F8800040F6F141C0F6010101651398C2
:10D5F000D0F88000F4F7A0FF002806D0FFE71398CA
:10D60000D0F88000016D8847FFE703E01398FFF72B
:10D61000B3FEFFE703E01398FFF7AEFEFFE708E075
:10D620001398FFF7A9FE13984FF0000EC0F890E092
:10D63000FFE7FFE73CE21398C06E012840F0D78176
:10D64000FFE79DF84800C006002840F1D081FFE7C1
:10D650009DF84400C006002840F1C981FFE71398F7
:10D6600000681021016213980068806810F0400F74
:10D6700000F05B81FFE71398D0F88000006810216C
:10D68000C4F20201884200F0A280FFE71398D0F8AC
:10D69000800000682821C4F20201884200F09780CF
:10D6A000FFE71398D0F8800000684021C4F202011F
:10D6B000884200F08C80FFE71398D0F88000006863
:10D6C0005821C4F20201884200F08180FFE71398DC
:10D6D000D0F8800000687021C4F20201884276D040
:10D6E000FFE71398D0F8800000688821C4F2020197
:10D6F00088426CD0FFE71398D0F880000068A02122
:10D70000C4F20201884262D0FFE71398D0F880008B
:10D710000068B821C4F20201884258D0FFE713988C
:10D72000D0F88000006840F21041C4F20201884243
:10D730004DD0FFE71398D0F88000006840F22841F0
:10D74000C4F20201884242D0FFE71398D0F880006B
:10D75000006840F24041C4F20201884237D0FFE73E
:10D760001398D0F88000006840F25841C4F20201DA
:10D7700088422CD0FFE71398D0F88000006840F270
:10D780007041C4F20201884221D0FFE71398D0F81B
:10D790008000006840F28841C4F20201884216D03D
:10D7A000FFE71398D0F88000006840F2A041C4F26F
:10D7B000020188420BD0FFE71398D0F88000006880
:10D7C00040F2B841C4F20201884207D1FFE7139842
:10D7D000D0F8800000684068029006E01398D0F806
:10D7E0008000006840680290FFE70298ADF83200C0
:10D7F000BDF8320000287CD0FFE7BDF83200139955
:10D80000B1F85C10884274DAFFE7BDF83200139972
:10D81000A1F85E001398D0F88000C069B0F5807F51
:10D820005AD0FFE7FFE7FFE71398006850E8000FC2
:10D8300020F480700B90FFE70B981399096841E87A
:10D840000002002AF0D1FFE7FFE7FFE7FFE71398A8
:10D85000006850E8020F20F001000A90FFE70A98E4
:10D860001399096841E80202002AF0D1FFE7FFE7B7
:10D87000FFE7FFE71398006850E8020F20F0400030
:10D880000990FFE709981399096841E80202002A04
:10D89000F0D1FFE7FFE713982021C0F88C10139810
:10D8A0000021C166FFE7FFE71398006850E8000F0A
:10D8B00020F010000890FFE708981399096841E8E4
:10D8C0000002002AF0D1FFE7FFE71398D0F88000AC
:10D8D000F4F762F90190FFE71398022101671398AA
:10D8E000B0F85C10B0F85E20891A89B2FFF7B0FA80
:10D8F0001AE0BDF832001399B1F85C10884212D1D9
:10D90000FFE71398D0F88000C069B0F5807F09D197
:10D91000FFE71398022101671398B0F85C10FFF736
:10D9200097FAFFE7FFE7FFE7C2E01398B0F85C1053
:10D93000B0F85E00081AADF81E001398B0F85E004B
:10D94000002853D0FFE7BDF81E0000284ED0FFE7A7
:10D95000FFE7FFE71398006850E8000F20F490708D
:10D960000690FFE706981399096841E80002002A2B
:10D97000F0D1FFE7FFE7FFE7FFE71398006850E803
:10D98000020F4FF6FE71CEF6FF7108400590FFE7DB
:10D9900005981399096841E80202002AEDD1FFE7D2
:10D9A000FFE713982021C0F88C1013980021C1665E
:10D9B00013984167FFE7FFE71398006850E8000FEE
:10D9C00020F010000490FFE704981399096841E8DB
:10D9D0000002002AF0D1FFE7FFE713980221016758
:10D9E0001398BDF81E10FFF733FAFFE760E09DF8CB
:10D9F0004A00C00600280FD5FFE79DF84200400608
:10DA0000002809D5FFE7139800684FF480110162E0
:10DA10001398FFF7A9FC4BE09DF84800000600288A
:10DA200016D5FFE79DF844000006002806D4FFE75E
:10DA30009DF84200000600280AD5FFE71398806F82
:10DA4000002804D0FFE71398816F8847FFE72FE095
:10DA50009DF84800400600280AD5FFE79DF84400DD
:10DA60004006002804D5FFE7139803F08DFA1FE065
:10DA70009DF84A00000600280AD5FFE79DF84700F8
:10DA80004006002804D5FFE71398FFF765FC0FE078
:10DA90009DF84B00C00700280AD0FFE79DF847001B
:10DAA0000006002804D5FFE71398FFF7B5FBFFE752
:10DAB00014B080BD0000000080B584B00146029023
:10DAC00002980028019104D1FFE701208DF80F0092
:10DAD00049E002988069002801D0FFE700E0FFE7F5
:10DAE0000298D0F88800002808D1FFE702980021AA
:10DAF00080F88410029800F03BF8FFE70298242198
:10DB0000C0F8881002980068016821F001010160E6
:10DB10000298806A002804D0FFE7029802F0A0FF74
:10DB2000FFE7029803F084FA012804D1FFE70120FF
:10DB30008DF80F0017E002980068416821F49041C9
:10DB4000416002980068816821F02A018160029892
:10DB50000068016841F001010160029803F020F8BB
:10DB60008DF80F00FFE79DF80F0004B080BD0000A6
:10DB700080B5E8B00146679000206690659064909B
:10DB80006390629034A8B82226911146F2F7A0FD66
:10DB90006798006845F20001C4F20001884240F035
:10DBA0009D80FFE70020359002213491519034A8E8
:10DBB000FAF7AEFC002803D0FFE7F3F731FEFFE7EA
:10DBC000FFE744F2E840C5F60200016841F4801125
:10DBD0000160006800F48010339033982590FFE7CF
:10DBE000FFE744F2E040C5F60200016841F004019D
:10DBF0000160006800F00400329032982490FFE742
:10DC0000FFE744F2E040C5F60200016841F0080178
:10DC10000160006800F00800319031982390FFE720
:10DC20004FF48050629002206390002164916591CE
:10DC30000822669240F60003C5F602030DF5C47C87
:10DC40002290184621916146CDF880C01F92F8F7C6
:10DC50000BFB042062902298639021996491659156
:10DC60001F9A669240F60040C5F602002099F8F728
:10DC7000FBFA42F66400C2F200401021C4F2020135
:10DC800001604121416021998160C1604FF480624F
:10DC9000026141618161C1614FF4403202624162BF
:10DCA000F6F7D6F8002803D0FFE7F3F7B9FDFFE752
:10DCB000FFE7679842F66401C2F20041C0F88010A5
:10DCC00067988863FFE7352000211E901D911D9AFB
:10DCD000F8F712FE1E98F8F703FEEDE26798006869
:10DCE00047F60001C4F20001884277D1FFE7002027
:10DCF000359002213491519034A8FAF709FC00289C
:10DD000003D0FFE7F3F78CFDFFE7FFE744F2E840BD
:10DD1000C5F60200016841F080410160006800F032
:10DD20008040309030981C90FFE7FFE744F2E040DD
:10DD3000C5F60200016841F010010160006800F0C2
:10DD400010002F902F981B90FFE74FF4C070629047
:10DD5000022063900020649065900721669141F253
:10DD60000001C5F6020162AA1A9008461146F8F7AA
:10DD70007BFA42F6DC00C2F200408821C4F20201C4
:10DD800001604F2141601A998160C1604FF4806247
:10DD90000261416181614FF48072C261016241623E
:10DDA000F6F756F8002803D0FFE7F3F739FDFFE751
:10DDB000FFE7679842F6DC01C2F20041C0F880102C
:10DDC00067988863FFE75220012119901891189AEB
:10DDD000F8F792FD1998F8F783FD6CE267980068F0
:10DDE00047F60041C4F20001884240F09F80FFE7FF
:10DDF0000020359002213491519034A8FAF788FB25
:10DE0000002803D0FFE7F3F70BFDFFE7FFE744F23D
:10DE1000E840C5F60200016841F000410160006879
:10DE200000F000402E902E981790FFE7FFE744F295
:10DE3000E040C5F60200016841F010010160006891
:10DE400000F010002D902D981690FFE703206290AF
:10DE5000022063900020649065900821669141F251
:10DE60000001C5F6020162AA159008461146F8F7AE
:10DE7000FBF942F65410C2F20040A021C4F20201A4
:10DE800001605121416015998160C1604FF4806249
:10DE90000261416181614FF48072C261016241623D
:10DEA000F5F7D6FF002803D0FFE7F3F7B9FCFFE74B
:10DEB000FFE7679842F65411C2F20041C0F88010A3
:10DEC00067988863FFE742F6CC10C2F20040B821A1
:10DED000C4F20201016052214160402181600021B1
:10DEE000C1604FF48062026141618161C161016280
:10DEF0004162F5F7ADFF002803D0FFE7F3F790FC90
:10DF0000FFE7FFE7679842F6CC11C2F20041C16714
:10DF100067988863FFE75320002114901391139AA8
:10DF2000F8F7EAFC1498F8F7DBFCC3E1679800689F
:10DF300041F60001C4F20101884240F0A280FFE7EF
:10DF40000020359001213491529034A8FAF7E0FA7C
:10DF5000002803D0FFE7F3F763FCFFE7FFE744F295
:10DF6000F040C5F60200016841F040010160006820
:10DF700000F040002C902C981290FFE7FFE744F24D
:10DF8000E040C5F60200016841F008010160006848
:10DF900000F008002B902B981190FFE74FF44040C1
:10DFA0006290022063900020649065900B2166913E
:10DFB00040F60041C5F6020162AA109008461146DB
:10DFC000F8F752F942F64420C2F2004040F2104104
:10DFD000C4F2020101607421416010998160C16046
:10DFE0004FF480620261416181614FF48072C261CD
:10DFF00001624162F5F72CFF002803D0FFE7F3F739
:10E000000FFCFFE7FFE7679842F64421C2F20041A8
:10E01000C0F8801067988863FFE742F6BC20C2F220
:10E02000004040F22841C4F20201016075214160C4
:10E03000402181600021C1604FF480620261416132
:10E040008161C16101624162F5F702FF002803D0DE
:10E05000FFE7F3F7E5FBFFE7FFE7679842F6BC2130
:10E06000C2F20041C16767988863FFE79B200021E7
:10E070000F900E910E9AF8F73FFC0F98F8F730FCCE
:10E0800017E16798006841F20001C4F2010188427B
:10E0900076D1FFE70020359001213491529034A8C9
:10E0A000FAF736FA002803D0FFE7F3F7B9FBFFE7EA
:10E0B000FFE744F2F040C5F60200016841F01001AC
:10E0C0000160006800F010002A902A980D90FFE788
:10E0D000FFE744F2E040C5F60200016841F00101AB
:10E0E0000160006800F00100299029980C90FFE77A
:10E0F0004FF4C060629002206390002064906590AD
:10E10000072166910021C5F6020162AA0B9008461C
:10E110001146F8F7A9F842F6AC30C2F2004070217F
:10E12000C4F202010160292141600B998160C16044
:10E130004FF480620261416181614FF48072C2617B
:10E1400001624162F5F784FE002803D0FFE7F3F790
:10E1500067FBFFE7FFE7679842F6AC31C2F2004188
:10E16000C0F8801067988863FFE7252001210A9096
:10E170000991099AF8F7C0FB0A98F8F7B1FB97E004
:10E180006798006841F60041C4F20101884240F0FE
:10E190008E80FFE70020359001213491529034A801
:10E1A000FAF7B6F9002803D0FFE7F3F739FBFFE7EA
:10E1B000FFE744F2F040C5F60200016841F080013B
:10E1C0000160006800F08000289028980890FFE720
:10E1D000FFE744F2E040C5F60200016841F010019B
:10E1E0000160006800F01000279027980790FFE773
:10E1F00004206290022163910022649265926690ED
:10E2000041F20003C5F602030DF5C47C06901846E2
:10E2100005916146CDF810C003930292F8F724F8F7
:10E2200008206290059863900299649165910B2291
:10E23000669203980499F8F717F842F63430C2F260
:10E2400000405821C4F20201016076214160029928
:10E250008160C1604FF480620261416181614FF46D
:10E260008072C2610162069A426203238362C162C4
:10E270000163F5F7EDFD002803D0FFE7F3F7D0FACF
:10E28000FFE7FFE7679842F63431C2F20041C0F879
:10E29000801067988863FFE79C200021019000911F
:10E2A000009AF8F729FB0198F8F71AFBFFE7FFE758
:10E2B000FFE7FFE7FFE7FFE768B080BD0000000071
:10E2C00082B001460190009102B07047000000004A
:10E2D00082B001460190009102B07047000000003A
:10E2E00082B001460190009102B07047000000002A
:10E2F000FFE7FEE70000000080B586B013468C46BD
:10E300008646059004918DF80F2000208DF80E00B0
:10E310000293CDF804C0CDF800E0FFE79DF80E00B1
:10E320009DF80F1088422ADAFFE70598000F0928A8
:10E330000AD8FFE70598302141EA107004999DF84A
:10E340000E2001F8120009E00598372101EB10704A
:10E3500004999DF80E2001F81200FFE705980001CE
:10E36000059004989DF80E1000EB410000214170CB
:10E37000FFE79DF80E0001308DF80E00CEE706B0E5
:10E3800080BD00000000000080B590B0FFE744F2BF
:10E39000D840C5F60200016841F001010160006843
:10E3A00000F001000F900F980D90FFE7FFE744F297
:10E3B000D840C5F60200016841F002010160006822
:10E3C00000F002000E900E980C90FFE70B20002149
:10E3D0000B900A910A9AF8F78FFA0B98F8F780FADF
:10E3E0000C2009900A990A9AF8F786FA0998F8F722
:10E3F00077FA0D2008900A990A9AF8F77DFA08989A
:10E40000F8F76EFA0E2007900A990A9AF8F774FA4C
:10E410000798F8F765FA0F20012106900A9AF8F795
:10E420006BFA0698F8F75CFA102005900A990A9A98
:10E43000F8F762FA0598F8F753FA112004900A9950
:10E440000A9AF8F759FA0498F8F74AFA2F20039035
:10E450000A990A9AF8F750FA0398F8F741FA38201F
:10E4600002900A990A9AF8F747FA0298F8F738FAE8
:10E47000392001900A990A9AF8F73EFA0198F8F7BC
:10E480002FFA10B080BD000080B542F62440C2F2E1
:10E4900000404AF20001C4F20001016000218160E5
:10E4A000C1600174417401228274032343614FF0FF
:10E4B0000A0CC0F818C04FF01D0EC0F81CE0C0F8E0
:10E4C00020C04362C0F828C0C0F82CE0C0F830C0BB
:10E4D00041638263C1630C22026404234364816448
:10E4E000C364016543658165C165026641668366F3
:10E4F000F7F7F6F9002803D0FFE7F3F791F9FFE704
:10E5000080BD00000000000080B542F6C440C2F2A9
:10E5100000404AF20041C4F2000101600021816024
:10E52000C1600174417401228274032343614FF07E
:10E530000A0CC0F818C04FF01D0EC0F81CE0C0F85F
:10E5400020C04362C0F828C0C0F82CE0C0F830C03A
:10E5500040F2563343638263C16301640422426420
:10E560000C238364C264016542658165C1650366ED
:10E5700041668266F7F7B4F9002803D0FFE7F3F7A6
:10E580004FF9FFE780BD000080B542F66450C2F24B
:10E5900000404DF20041C4F20001016000218160A1
:10E5A000C1600174417401228274032343614FF0FE
:10E5B0000A0CC0F818C04FF01D0EC0F81CE0C0F8DF
:10E5C00020C04362C0F828C0C0F82CE0C0F830C0BA
:10E5D00040F2AB6343638263C1630C220264042391
:10E5E00043648164C364016543658165C1650266F6
:10E5F00041668366F7F774F9002803D0FFE7F3F765
:10E600000FF9FFE780BD000080B596B0002015909F
:10E610001490139012901190FFE744F2E040C5F679
:10E620000200016841F010010160006800F0100074
:10E63000109010980A90FFE7FFE744F2E040C5F61B
:10E640000200016841F004010160006800F004006C
:10E650000F900F980990FFE7FFE744F2E040C5F6FE
:10E660000200016841F080010160006800F0800054
:10E670000E900E980890FFE7FFE744F2E040C5F6E1
:10E680000200016841F002010160006800F0020030
:10E690000D900D980790FFE7FFE744F2E040C5F6C4
:10E6A0000200016841F008010160006800F0080004
:10E6B0000C900C980690FFE7FFE744F2E040C5F6A7
:10E6C0000200016841F001010160006800F00100F2
:10E6D0000B900B980590FFE740F60000C5F602008E
:10E6E00048F20901012204900392F7F7B9FF4FF4B1
:10E6F000004011900398129000211391149111AAD7
:10E700000498029111460192F7F7AEFD092011908D
:10E710000398129013900221149104980199F7F72D
:10E72000A3FD4FF4A05011904FF4041012900398E1
:10E73000139041F20000C5F602000199F7F794FD2D
:10E740004FF000600299FDF7D3FA2820009002995B
:10E75000029AF8F7D1F80098F8F7C2F816B080BD21
:10E7600080B542F60460C2F2004044F60001C5F6EE
:10E77000000101600421416040F6FF71C1607D210C
:10E780008160F7F799FF002803D0FFE7F3F748F817
:10E79000FFE780BD0000000080B543F2F820C2F220
:10E7A000004043F60001C4F2000101604FF4800113
:10E7B0004160002181600722C2604FF00072026157
:10E7C0004FF0807242614FF0806282614FF04052A0
:10E7D000C261016241628162C1624FF08042426364
:10E7E0008163C163016441648164C1640165416501
:10E7F0008165FCF719FA002803D0FFE7F3F710F85A
:10E80000FFE780BD0000000080B58EB000200D90B5
:10E810000C900B900A900990089007900690059034
:10E820000490039002900190009043F28031C2F274
:10E83000004140F20042C4F200020A6017224A601E
:10E84000886042F20F72CA600861802088610846C1
:10E85000FDF74EFB002803D0FFE7F2F7E1FFFFE7EB
:10E860004FF480500A9043F28030C2F200400AA96F
:10E87000FDF79EFC002803D0FFE7F2F7D1FFFFE78A
:10E8800043F28030C2F20040FDF7E2FF002803D0DF
:10E89000FFE7F2F7C5FFFFE700200790099043F27A
:10E8A0008030C2F2004007A9FDF75EFA002803D0CD
:10E8B000FFE7F2F7B5FFFFE760200090002001902E
:10E8C0000290049043F28030C2F2004069460C226C
:10E8D000FDF7D2FE002803D0FFE7F2F7A1FFFFE724
:10E8E00043F28030C2F20040FDF786FE0EB080BDDC
:10E8F00080B588B0002007900690059004900390A2
:10E900000290019043F2CC31C2F2004140F6000285
:10E91000C4F200020A60EF224A60886040F2E732E7
:10E92000CA60086188610846FDF7E2FA002803D052
:10E93000FFE7F2F775FFFFE74FF48050049043F2D2
:10E94000CC30C2F2004004A9FDF732FC002803D00D
:10E95000FFE7F2F765FFFFE700200190039043F225
:10E96000CC30C2F2004001A9FDF7FEF9002803D027
:10E97000FFE7F2F755FFFFE708B080BD0000000099
:10E9800080B588B000200790069005900490039011
:10E990000290019043F21841C2F2004140F6004259
:10E9A000C4F200020A60EF224A60886040F2E73257
:10E9B000CA60086188610846FDF79AFA002803D00A
:10E9C000FFE7F2F72DFFFFE74FF48050049043F28A
:10E9D0001840C2F2004004A9FDF7EAFB002803D06A
:10E9E000FFE7F2F71DFFFFE700200190039043F2DD
:10E9F0001840C2F2004001A9FDF7B6F9002803D083
:10EA0000FFE7F2F70DFFFFE708B080BD0000000050
:10EA100080B543F28C50C2F2004045F20001C4F2CE
:10EA20000001016048F2A061C0F2010141604FF4B1
:10EA3000805181604FF40051C1604FF480610161E9
:10EA40000C21416100218161C161016241628162E9
:10EA5000FFF732F8002803D0FFE7F2F7E1FEFFE707
:10EA600043F28C50C2F200400021FEF729FC00283E
:10EA700003D0FFE7F2F7D4FEFFE743F28C50C2F277
:10EA800000400021FEF7D0FB002803D0FFE7F2F79B
:10EA9000C7FEFFE743F28C50C2F20040FEF734F9A4
:10EAA000002803D0FFE7F2F7BBFEFFE780BD0000C0
:10EAB00080B543F22060C2F2004047F60001C4F284
:10EAC000000101604FF4E131416000218160C160CB
:10EAD00001610C2242618161C16101624162816216
:10EAE000FEF7EAFF002803D0FFE7F2F799FEFFE701
:10EAF00043F22060C2F200400021FEF7E1FB002853
:10EB000003D0FFE7F2F78CFEFFE743F22060C2F28A
:10EB100000400021FEF788FB002803D0FFE7F2F752
:10EB20007FFEFFE743F22060C2F20040FEF7ECF800
:10EB3000002803D0FFE7F2F773FEFFE780BD000077
:10EB400080B543F2B460C2F2004047F60041C4F21F
:10EB5000000101604FF4E131416000218160C1603A
:10EB600001610C2242618161C16101624162816285
:10EB7000FEF7A2FF002803D0FFE7F2F751FEFFE700
:10EB800043F2B460C2F200400021FEF799FB002876
:10EB900003D0FFE7F2F744FEFFE743F2B460C2F2AE
:10EBA00000400021FEF740FB002803D0FFE7F2F70A
:10EBB00037FEFFE743F2B460C2F20040FEF7A4F86C
:10EBC000002803D0FFE7F2F72BFEFFE780BD00002F
:10EBD00080B543F24870C2F2004041F60001C4F231
:10EBE000010101604FF4E131416000218160C160A9
:10EBF00001610C2242618161C161016241628162F5
:10EC0000FEF75AFF002803D0FFE7F2F709FEFFE7FF
:10EC100043F24870C2F200400021FEF751FB002889
:10EC200003D0FFE7F2F7FCFDFFE743F24870C2F2C2
:10EC300000400021FEF7F8FA002803D0FFE7F2F7C2
:10EC4000EFFDFFE743F24870C2F20040FEF75CF8C8
:10EC5000002803D0FFE7F2F7E3FDFFE780BD0000E7
:10EC600080B543F2F840C2F2004041F60041C4F2E0
:10EC7000010101604FF4E131416000218160C16018
:10EC800001610C2242618161C16101624162102116
:10EC900081624FF48051C163FEF70EFF002803D05C
:10ECA000FFE7F2F7BDFDFFE743F2F840C2F2004094
:10ECB0000021FEF705FB002803D0FFE7F2F7B0FDC7
:10ECC000FFE743F2F840C2F200400021FEF7ACFA41
:10ECD000002803D0FFE7F2F7A3FDFFE743F2F84077
:10ECE000C2F20040FEF710F8002803D0FFE7F2F769
:10ECF00097FDFFE780BD000080B543F26440C2F29B
:10ED0000004041F20001C4F2010101604FF4E13121
:10ED1000416000218160C16001610C22426181611A
:10ED2000C161016241628162FEF7C6FE002803D024
:10ED3000FFE7F2F775FDFFE743F26440C2F20040DF
:10ED40000021FEF7BDFA002803D0FFE7F2F768FDC7
:10ED5000FFE743F26440C2F200400021FEF764FA8C
:10ED6000002803D0FFE7F2F75BFDFFE743F26440C2
:10ED7000C2F20040FDF7C8FF002803D0FFE7F2F71A
:10ED80004FFDFFE780BD000080B542F29840C2F21F
:10ED9000004040F20C01C2F20041012204F08CFA62
:10EDA000002803D0FFE7F2F73BFDFFE742F298406F
:10EDB000C2F2004040F2C401C2F2004105F064F822
:10EDC000002803D0FFE7F2F72BFDFFE742F298405F
:10EDD000C2F2004040F26011C2F2004103F098FB21
:10EDE000002803D0FFE7F2F71BFDFFE742F298404F
:10EDF000C2F2004005F014FA002803D0FFE7F2F752
:10EE00000FFDFFE7F9F7A0F880BD0000000000004B
:10EE1000FFE7FEE700000000FFE7FEE7000000005C
:10EE200080B58BB013468C4686460A9009910892AD
:10EE30000A9800F0070007900798C0F1070005281E
:10EE40000493CDF80CC0CDF808E003D3FFE704200D
:10EE5000019004E00798C0F107000190FFE70198D6
:10EE6000069007980430062803D8FFE7002000909A
:10EE700003E0079803380090FFE700980590099891
:10EE80000699012202FA01F10139084005998840EA
:10EE9000089B02FA01F10139194008430BB080BD0B
:10EEA00080B542F61460C2F20040F8F7EDF880BD7C
:10EEB00080B58AB00A46034609900891099800680F
:10EEC0000790079806900798006C05900698089997
:10EED00000EB4110D0F8080B0490059843F20B01A9
:10EEE000C4F654718842039202930ED3FFE704984C
:10EEF0000004002809D5FFE70698089900EB4110A7
:10EF00004FF40041C0F8081BFFE70998F8F744FFE9
:10EF1000059843F20B0EC4F6547E704511D3FFE7FB
:10EF20000998807901280CD1FFE70998016800F25F
:10EF30009C42012001900846019906F021F80090BA
:10EF4000FFE700200AB080BD80B58EB00A460346B8
:10EF50000D900C910D9800680A900A9809900A98F3
:10EF6000006C089009980C9900EB4110D0F8080B40
:10EF700007900D98807901280692059340F08380D0
:10EF8000FFE707980007002817D5FFE7089843F226
:10EF90000B01C4F6547188420ED3FFE707980004B2
:10EFA000002809D5FFE709980C9900EB41104FF4B0
:10EFB0000041C0F8081BFFE764E0079880060028BE
:10EFC00008D5FFE709980C9900EB41102021C0F803
:10EFD000081B56E09DF81C0010F0280F4FD1FFE7EA
:10EFE000089843F20B01C4F6547188420ED3FFE730
:10EFF00007980004002809D5FFE709980C9900EB51
:10F0000041104FF40041C0F8081B37E00D980C99EF
:10F0100001EBC10100EB810000F515700B900B981E
:10F02000006A09990C9A01EB4211D1F8101B6FF399
:10F03000DF41401A0B9948610C98002818D1FFE76E
:10F040000B98006900280CD1FFE70D98016800F2C9
:10F050009C42012004900846049905F091FF03901A
:10F0600005E00B98C16842691144C160FFE7FFE702
:10F070000D989DF83010F7F733FDFFE700E0FFE74C
:10F08000FFE7FFE74BE0089843F20A11C4F654711A
:10F09000884222D1FFE707980004002809D5FFE73E
:10F0A00009980C9900EB41104FF40041C0F8081B7F
:10F0B00012E007988006002808D5FFE709980C9908
:10F0C00000EB41102021C0F8081BFFE70D989DF8C8
:10F0D0003010F7F705FDFFE720E00C98002817D166
:10F0E000FFE70D980C9901EBC10100EB8100D0F80E
:10F0F000640200280CD1FFE70D98016800F29C42E1
:10F10000002002900846029905F03AFF0190FFE7BF
:10F110000D989DF83010F7F7E3FCFFE7FFE70020BC
:10F120000EB080BD0000000080B58EB00A460346D8
:10F130000C900B910C9800680A900A9809900C9812
:10F140000B9901EBC10100EB810014300890089885
:10F150000169406988420492039304D9FFE70120C2
:10F160008DF837007CE0089801694069081A07901B
:10F17000079808998968884204D9FFE70898806849
:10F180000790FFE70798033080080690FFE709988B
:10F190000B9900EB4110D0F8180980B206990022B3
:10F1A000884202920FD3FFE7089801694069002264
:10F1B0008842029207D2FFE708980069002818BF2A
:10F1C00001200290FFE70298C00700282ED0FFE739
:10F1D000089801694069081A079007980899896892
:10F1E000884204D9FFE7089880680790FFE70798EE
:10F1F0000330800806900A980899C9680C9A927999
:10F20000BDF81C309DF82CC0EE46CEF800206246BA
:10F2100006F0AEFD0799089AD3681944D1600799A2
:10F22000089A5369194451610190B0E7089801693F
:10F230004069814210D8FFE70B9800F00F000121D0
:10F2400001FA00F0059005980999D1F8342822EACE
:10F250000000C1F83408FFE700208DF83700FFE711
:10F260009DF837000EB080BD704700000000000020
:10F2700080B588B00A4603460690059100208DF8B7
:10F280000F0044F22840C5F60200006800F00300B9
:10F2900003280292019304D1FFE701208DF81F009B
:10F2A000CEE044F20040C5F60200016821F0806122
:10F2B0000160F7F7F9F90490FFE744F20040C5F662
:10F2C0000200006800F000600021B1EBD06F0ED0AA
:10F2D000FFE7F7F7E9F9DDF810E0A0EB0E000328EF
:10F2E00004D3FFE703208DF81F00A9E0E5E7FFE75F
:10F2F00044F22840C5F60200016821F47C31069AE8
:10F30000126841EA02310160069841688268C36868
:10F31000006901396FF35F214FF6006CCFF6FF7C77
:10F320000CEB422292B211430022CFF6FF7202EBA5
:10F33000034202F4FE0211434FF07F4202EB0060F1
:10F3400000F0FE40084344F23841C5F6020108606F
:10F35000FFE744F22C40C5F60200016821F0C0012D
:10F36000069A526911430160016821F02001069A52
:10F37000926911430160016821F01001016044F2BB
:10F380003C41C5F602010A684FF6F8739A43069BA2
:10F39000DB6942EAC3020A60016841F010010160C2
:10F3A0000598002809D1FFE744F22C40C5F6020079
:10F3B000016841F40021016016E00598012809D197
:10F3C000FFE744F22C40C5F60200016841F48011C9
:10F3D000016008E044F22C40C5F60200016841F4E7
:10F3E00000110160FFE7FFE744F20040C5F60200AC
:10F3F000016841F080610160F7F756F90490FFE77A
:10F4000044F20040C5F60200006800F000600021F0
:10F41000B1EBD06F0ED1FFE7F7F746F9DDF810E05A
:10F42000A0EB0E00032804D3FFE703208DF81F0094
:10F4300006E0E5E7FFE79DF80F008DF81F00FFE706
:10F440009DF81F0008B080BD80B588B00A4603460D
:10F450000690059100208DF80F0044F22840C5F673
:10F460000200006800F0030003280292019304D117
:10F47000FFE701208DF81F00CEE044F20040C5F602
:10F480000200016821F080510160F7F70DF9049046
:10F49000FFE744F20040C5F60200006800F00050AB
:10F4A0000021B1EB507F0ED0FFE7F7F7FDF8DDF854
:10F4B00010E0A0EB0E00032804D3FFE703208DF833
:10F4C0001F00A9E0E5E7FFE744F22840C5F6020087
:10F4D000016821F07C71069A126841EA02510160CC
:10F4E000069841688268C368006901396FF35F213B
:10F4F0004FF6006CCFF6FF7C0CEB422292B2114328
:10F500000022CFF6FF7202EB034202F4FE02114327
:10F510004FF07F4202EB006000F0FE40084344F2EF
:10F520004041C5F602010860FFE744F22C40C5F6F1
:10F530000200016821F44061069A5269114301609A
:10F54000016821F40071069A926911430160016813
:10F5500021F48071016044F24441C5F602010A6859
:10F560004FF6F8739A43069BDB6942EAC3020A60CE
:10F57000016841F4807101600598002809D1FFE716
:10F5800044F22C40C5F60200016841F4800101609C
:10F5900016E00598012809D1FFE744F22C40C5F692
:10F5A0000200016841F40001016008E044F22C40CF
:10F5B000C5F60200016841F080710160FFE7FFE7D6
:10F5C00044F20040C5F60200016841F0805101603C
:10F5D000F7F76AF80490FFE744F20040C5F602002E
:10F5E000006800F000500021B1EB507F0ED1FFE722
:10F5F000F7F75AF8DDF810E0A0EB0E00032804D36B
:10F60000FFE703208DF81F0006E0E5E7FFE79DF820
:10F610000F008DF81F00FFE79DF81F0008B080BDA8
:10F6200080B543F2F820C2F20040FBF731F980BD0B
:10F6300083B00146029002980068406901900298E8
:10F640000068826942F0080282610298006882695B
:10F6500042F01002826102980068026822F0010202
:10F66000026002980068026940F26F339A430261B7
:10F6700002980068826822F440428260029890F802
:10F6800081000428009115D0FFE79DF80400800652
:10F6900000280ED5FFE70298D0F8841041F08001D1
:10F6A000C0F8841002980068816941F020018161EE
:10F6B000FFE7FFE7029890F88100032815D0FFE7E5
:10F6C0009DF80400400600280ED5FFE70298D0F808
:10F6D000841041F00401C0F8841002980068816928
:10F6E00041F040018161FFE7FFE79DF805008007D9
:10F6F00000280ED5FFE70298D0F8841041F00101F0
:10F70000C0F8841002980068816941F40071816139
:10F71000FFE79DF80500C00700280ED0FFE702981C
:10F72000D0F8841041F00801C0F8841002980068F5
:10F73000816941F480718161FFE702980021A0F89E
:10F7400062100298A0F86A1003B070470000000031
:10F7500080B584B0014603900398806B02900298B4
:10F760000022A0F86A200298A0F8622002980122E4
:10F7700080F8812002980191FBF782F804B080BDE7
:10F7800080B584B0014603900398806B0290039883
:10F790000191F3F735FA022813D0FFE70298FFF73B
:10F7A00047FF0298D0F884E04EF0100EC0F884E0D5
:10F7B00002984FF0010E80F881E00298FBF760F8A4
:10F7C000FFE704B080BD000080B584B0014603901F
:10F7D0000398806B029002980191FCF781FA04B0C3
:10F7E00080BD00000000000080B584B00146039099
:10F7F0000398806B0290029890F88100072801918D
:10F8000013D0FFE70298806FC069B0F5807F04D104
:10F81000FFE70298FCF7F0F906E00298006801693A
:10F8200041F008010161FFE7FFE704B080BD00007F
:10F8300084B0014603900398C06B012202EB501084
:10F8400002900398C0680130019001980730C00809
:10F8500001900198029A5043009104B07047000053
:10F8600084B00A460346039002910398006843F26D
:10F870000001C4F201018842019200930AD1FFE71E
:10F88000039840F2B851C2F2004108600298C1F8F2
:10F89000100127E00398006843F60001C4F200015C
:10F8A00088420AD1FFE7039840F2CC61C2F20041DE
:10F8B00008600298C1F8100113E00398006843F64D
:10F8C0000041C4F2000188420AD1FFE7039840F2E8
:10F8D000E071C2F2004108600298C1F81001FFE730
:10F8E000FFE7FFE704B0704770B58EB0DDF848C0A1
:10F8F0009E4614460D4606460C900B91ADF82A2004
:10F90000ADF82830ADF826C00C98006843F200012D
:10F91000C4F201018842CDF820E0079406950596CF
:10F9200022D1FFE70B9840F2B851C2F20041486083
:10F93000BDF82A000881BDF82800A1F80A01BDF829
:10F940002600A1F80C010C986A464FF47A731360F4
:10F9500001F10A028A31012304911146049AFBF74E
:10F96000ABFB8DF837005AE00C98006843F60001B5
:10F97000C4F20001884222D1FFE70B9840F2CC612B
:10F98000C2F200414860BDF82A000881BDF8280095
:10F99000A1F80A01BDF82600A1F80C010C986A46EE
:10F9A0004FF47A73136001F10A028A310123039143
:10F9B0001146039AFBF780FB8DF837002FE00C9877
:10F9C000006843F60041C4F20001884223D1FFE7FA
:10F9D0000B9840F2E071C2F200414860BDF82A0085
:10F9E0000881BDF82800A1F80A01BDF82600A1F899
:10F9F0000C010C98BDF82820BDF826301A4493B2AB
:10FA000001F10A028A3102911146029AFBF700FFC6
:10FA10008DF8370003E000208DF83700FFE79DF8F0
:10FA200037000EB070BD000070B58AB0DDF838C088
:10FA30009E4614460D460646089007918DF81B20F9
:10FA40000593CDF810E0039402950196CDF800C01F
:10FA5000FFE708980068406907990840401AB0FA23
:10FA600080F040099DF81B10884219D1FFE7F6F796
:10FA70001BFEDDF838E0A0EB0E00DDF814E0704569
:10FA800005D3FFE705980130002804D1FFE705986A
:10FA9000002804D1FFE703208DF8270004E0D8E711
:10FAA00000208DF82700FFE79DF827000AB070BD01
:10FAB000704700000000000085B0014604900498E3
:10FAC000019001980078ADF80C0001980130019088
:10FAD00001980078ADF80A00BDF80A00BDF80C20C6
:10FAE00042EA0020ADF80E00BDF80E00009105B00E
:10FAF000704700000000000080B584B0014602900D
:10FB000002980138B0F1807F019103D3FFE7012013
:10FB100003901BE0029801384EF21401CEF200016E
:10FB200008604FF0FF300F210AF01EFB4EF2180064
:10FB3000CEF20000002101604EF21000CEF2000073
:10FB40004FF0070EC0F800E00391FFE7039804B000
:10FB500080BD00000000000080B5F6F70DFE80BDFE
:10FB600080B5A0B00DA84C21F0F7B2FD00200C909C
:10FB70000B900A900990089007900690059002203B
:10FB8000F8F78AF90390FFE70020049044F6180084
:10FB9000C5F60200016821F440410160006800F4EC
:10FBA0004040049004980290FFE7FFE744F61800F5
:10FBB000C5F60200006800F40050B0F5005F01D007
:10FBC000FFE7F3E729200D904FF480300E900120DD
:10FBD00012901390022116911791189128221992D0
:10FBE0001A9004201B901C910C201D9000201E9048
:10FBF0001F900DA8FAF700F9002803D0FFE7F1F7EE
:10FC00000FFEFFE73F20059003200690002107919B
:10FC100008210891402109910A914FF480620B92CA
:10FC20000C9105A9019008460199F9F7A1FC00285B
:10FC300003D0FFE7F1F7F4FDFFE720B080BD00003F
:10FC40004EF68850CEF20000016841F47001016068
:10FC500042F20000C5F20020006800F00F00062804
:10FC60000AD8FFE742F20000C5F20020016807222F
:10FC700062F303010160FFE744F20040C5F60200B1
:10FC8000016841F00101016044F21041C5F6020132
:10FC900000220A6001684EF67F52CEF6F62211402D
:10FCA000016042F20000C5F20020006800F00F0081
:10FCB00008280AD3FFE742F20000C5F200200168DD
:10FCC000072262F303010160FFE744F21840C5F622
:10FCD00002000021016044F21C40C5F602000160F0
:10FCE00044F22040C5F60200016044F22840C5F607
:10FCF000020040F20022C0F20222026044F22C40D4
:10FD0000C5F602000022C0F2FF12026044F2304049
:10FD1000C5F6020040F28022C0F20112026044F2F5
:10FD20003440C5F60200016044F23840C5F60200D6
:10FD3000026044F23C40C5F60200016044F24040DB
:10FD4000C5F60200026044F24440C5F602000160BC
:10FD500044F20040C5F60200026822F480220260EC
:10FD600044F26040C5F60200016044F20000C5F2B2
:10FD7000002043F2D2010160704700000000000043
:10FD800080B543F2CC30C2F20040FCF715FB80BDD9
:10FD900080B543F21840C2F20040FCF70DFB80BD75
:10FDA00085B00A46034604900391049800680290C7
:10FDB00004980021C4F2010188420192009325D0E9
:10FDC000FFE70498B0F1804F20D0FFE7049840F29D
:10FDD0000041C4F20001884218D0FFE7049840F6C1
:10FDE0000001C4F20001884210D0FFE7049840F6F9
:10FDF0000041C4F20001884208D0FFE7049840F2B5
:10FE00000041C4F2010188420AD1FFE7029820F0C4
:10FE10007000029003984068029908430290FFE73F
:10FE200004980021C4F2010188424DD0FFE70498F4
:10FE3000B0F1804F48D0FFE7049840F20041C4F28F
:10FE40000001884240D0FFE7049840F60001C4F268
:10FE50000001884238D0FFE7049840F60041C4F220
:10FE60000001884230D0FFE7049840F20041C4F21C
:10FE70000101884228D0FFE7049844F20001C4F24F
:10FE80000101884220D0FFE7049844F20041C4F207
:10FE90000101884218D0FFE7049844F60001C4F23B
:10FEA0000101884210D0FFE704984EF20001C4F22D
:10FEB0000001884208D0FFE704984EF20041C4F2E6
:10FEC000000188420AD1FFE7029820F440700290B6
:10FED0000398C068029908430290FFE7029820F057
:10FEE0008000039949690843029003988068049947
:10FEF000C862039800680499886204980021C4F2DB
:10FF00000101884220D0FFE7049840F20041C4F28A
:10FF10000101884218D0FFE7049844F20001C4F2BE
:10FF20000101884210D0FFE7049844F20041C4F276
:10FF30000101884208D0FFE7049844F60001C4F2AA
:10FF40000101884205D1FFE703980069049908631D
:10FF5000FFE70498016841F0040101600498012161
:10FF6000416102980499086005B0704700000000E4
:10FF700080B587B013468C4686460690059104925C
:10FF8000059800F01F00012101FA00F0039003988A
:10FF900006990A6A22EA000008620498059901F0AD
:10FFA0001F01884006990A6A104308620293CDF83F
:10FFB00004C0CDF800E007B080BD000000000000E4
:10FFC000B0B589B09C4696460C4605460890079108
:10FFD00006920593089880680490049820F47F4066
:10FFE000049007980699059A41EA0221084304996A
:10FFF00008430490049808998860CDF80CC0CDF8A7
:020000040801F1
:1000000008E00194009509B0B0BD000000000000B8
:1000100085B00A46034604900391049880680290D4
:1000200002984FF68F71CFF6CF7108400290039877
:100030000299084340F007000290029804998860F2
:100040000192009305B0704784B00A4603460390BE
:100050000291039800680021C4F2010188420192D4
:10006000009309D1FFE7039840F6FC01C2F200417A
:1000700008600298486081E003980068B0F1804F02
:1000800009D1FFE7039840F60411C2F2004108606D
:100090000298486071E00398006840F20041C4F2A1
:1000A0000001884209D1FFE7039840F60C11C2F223
:1000B00000410860029848605EE00398006840F6DE
:1000C0000001C4F20001884209D1FFE7039840F61D
:1000D0001411C2F200410860029848604BE0039896
:1000E000006840F60041C4F20001884209D1FFE7F0
:1000F000039840F61C11C2F2004108600298486063
:1001000038E00398006841F20001C4F2000188421F
:1001100009D1FFE7039840F62411C2F200410860BC
:100120000298486025E00398006841F20041C4F25B
:100130000001884209D1FFE7039840F62C11C2F272
:10014000004108600298486012E00398006840F29D
:100150000041C4F20101884209D1FFE7039840F64B
:100160003411C2F20041086002984860FFE7FFE7DF
:10017000FFE7FFE7FFE7FFE7FFE7FFE704B07047B0
:1001800087B00A460346069005910698006A0390D8
:100190000698016A21F00101016206984068029008
:1001A00006988069049004984FF68F71CFF6FE711F
:1001B00008400490049820F003000490059800681B
:1001C000049908430490039820F0020003900598D6
:1001D000806803990843039006980021C4F2010146
:1001E00088420192009320D0FFE7069840F2004138
:1001F000C4F20101884218D0FFE7069844F20001DA
:10020000C4F20101884210D0FFE7069844F2004191
:10021000C4F20101884208D0FFE7069844F60001C5
:10022000C4F2010188420ED1FFE7039820F00800D4
:1002300003900598C068039908430390039820F041
:1002400004000390FFE706980021C4F201018842F0
:1002500020D0FFE7069840F20041C4F20101884235
:1002600018D0FFE7069844F20001C4F20101884269
:1002700010D0FFE7069844F20041C4F20101884221
:1002800008D0FFE7069844F60001C4F20101884255
:1002900013D1FFE7029820F480700290029820F4B6
:1002A00000700290059840690299084302900598F1
:1002B0008069029908430290FFE702980699486016
:1002C00004980699886105984068069948630398E0
:1002D0000699086207B0704787B00A460346069041
:1002E00005910698006A03900698016A21F01001B2
:1002F000016206984068029006988069049004980C
:1003000048F6FF71CFF6FF6108400490049820F48E
:100310004070049005980068049941EA0020049018
:10032000039820F02000039005988068039941EA23
:100330000010039006980021C4F201018842019246
:1003400000932CD0FFE7069840F20041C4F201016F
:10035000884224D0FFE7069844F20001C4F201016C
:10036000884204D1FFE70020002818D1FFE7069853
:1003700044F20041C4F20101884204D1FFE70020A9
:1003800000280CD1FFE7069844F60001C4F20101F1
:10039000884213D1FFE7012000280FD1FFE703981F
:1003A00020F0800003900598C068039941EA00108E
:1003B0000390039820F040000390FFE70698002187
:1003C000C4F20101884220D0FFE7069840F20041C4
:1003D000C4F20101884218D0FFE7069844F20001F8
:1003E000C4F20101884210D0FFE7069844F20041B0
:1003F000C4F20101884208D0FFE7069844F60001E4
:10040000C4F20101884215D1FFE7029820F4806010
:100410000290029820F400600290059840690299C9
:1004200041EA8000029005988069029941EA8000C3
:100430000290FFE70298069948600498069988613F
:10044000059840680699886303980699086207B082
:10045000704700000000000087B00A46034606907F
:1004600005910698006A03900698016A21F480714C
:1004700001620698406802900698C069049004984A
:100480004FF68F71CFF6FE7108400490049820F06B
:1004900003000490059800680499084304900398A9
:1004A00020F40070039005988068039941EA0020C9
:1004B000039006980021C4F2010188420192009342
:1004C0002CD0FFE7069840F20041C4F201018842B7
:1004D00024D0FFE7069844F20001C4F201018842EB
:1004E00004D1FFE70020002818D1FFE7069844F266
:1004F0000041C4F20101884204D1FFE70020002836
:100500000CD1FFE7069844F60001C4F201018842CD
:1005100013D1FFE7012000280FD1FFE7039820F453
:10052000006003900598C068039941EA0020039099
:10053000039820F480600390FFE706980021C4F23E
:100540000101884220D0FFE7069840F20041C4F242
:100550000101884218D0FFE7069844F20001C4F276
:100560000101884210D0FFE7069844F20041C4F22E
:100570000101884208D0FFE7069844F60001C4F262
:100580000101884215D1FFE7029820F480500290C3
:10059000029820F40050029005984069029941EABF
:1005A0000010029005988069029941EA00100290BB
:1005B000FFE702980699486004980699C861059873
:1005C00040680699C86303980699086207B07047A7
:1005D00087B00A460346069005910698006A039084
:1005E0000698016A21F480510162069840680290E1
:1005F0000698C0690490049848F6FF71CFF6FF6131
:1006000008400490049820F4407004900598006815
:10061000049941EA00200490039820F400500390CC
:1006200005988068039941EA0030039006980021FC
:10063000C4F2010188420192009320D0FFE706989E
:1006400040F20041C4F20101884218D0FFE7069849
:1006500044F20001C4F20101884210D0FFE706987D
:1006600044F20041C4F20101884208D0FFE7069835
:1006700044F60001C4F2010188420BD1FFE7029861
:1006800020F48040029005984069029941EA801068
:100690000290FFE702980699486004980699C8619D
:1006A000059840680699086403980699086207B09F
:1006B000704700000000000087B00A46034606901D
:1006C00005910698006A03900698016A21F480312A
:1006D00001620698406802900698406D0490049864
:1006E0004FF68F71CFF6FE710840049005980068B0
:1006F000049908430490039820F40030039005986F
:100700008068039941EA0040039006980021C4F2F2
:10071000010188420192009320D0FFE7069840F241
:100720000041C4F20101884218D0FFE7069844F264
:100730000001C4F20101884210D0FFE7069844F29C
:100740000041C4F20101884208D0FFE7069844F650
:100750000001C4F2010188420BD1FFE7029820F4A6
:100760008030029005984069029941EA0020029089
:10077000FFE702980699486004980699486505982D
:1007800040680699886503980699086207B0704723
:1007900087B00A460346069005910698006A0390C2
:1007A0000698016A21F4801101620698406802905F
:1007B0000698406D0490049848F6FF71CFF6FF61EB
:1007C0000840049005980068049941EA00200490CC
:1007D000039820F40010039005988068039941EA7B
:1007E0000050039006980021C4F201018842019252
:1007F000009320D0FFE7069840F20041C4F20101C7
:10080000884218D0FFE7069844F20001C4F20101C3
:10081000884210D0FFE7069844F20041C4F201017B
:10082000884208D0FFE7069844F60001C4F20101AF
:1008300088420BD1FFE7029820F4802002900598AF
:100840004069029941EA80200290FFE702980699E8
:100850004860049806994865059840680699C865F7
:1008600003980699086207B0704700000000000076
:1008700080B588B013468C4686460790069105924F
:100880000798006A03900798016A21F0010101624C
:10089000079880690490049820F0F000049005986F
:1008A000049941EA00100490039820F00A00039094
:1008B0000698039908430390049807998861039860
:1008C000079908620293CDF804C0CDF800E008B0A3
:1008D00080BD00000000000080B588B013468C4643
:1008E00086460790069105920798006A039007983C
:1008F000016A21F010010162079880690490049850
:1009000020F4704004900598049941EA0030049066
:10091000039820F0A00003900698039941EA001084
:1009200003900498079988610398079908620293D5
:10093000CDF804C0CDF800E008B080BD0000000094
:1009400080B582B04FF4F070F0F7FEFE43F2F8206D
:10095000C2F2004046F69101C0F60101FEF780FFA9
:1009600043F2E070C2F2004009F052F843F218403E
:10097000C2F2004046F60931C0F601010190FFF7CE
:1009800063FB0198FBF77CFB009002B080BD000088
:1009900080B543F28C50C2F20040FCF7FDFC80BDF4
:1009A00080B543F22060C2F20040FCF7F5FC80BD48
:1009B00080B543F2B460C2F20040FCF7EDFC80BDAC
:1009C00080B543F24870C2F20040FCF7E5FC80BD00
:1009D00083B0014602900298406E0028009108D131
:1009E000FFE702980121A0F86A100298A0F86810A9
:1009F00034E010208DF807008DF80600029800689A
:100A00008068C0F342608DF8050002980068806835
:100A1000400F8DF804009DF806009DF804104BF27D
:100A2000F822C0F60102535C10FB03F04BF2F023F6
:100A3000C0F60103595CB0FBF1F00299A1F86A001D
:100A40009DF807009DF80510525C10FB02F0595C00
:100A5000B0FBF1F00299A1F86800FFE703B070471E
:100A600082B0014601900198806A00070028009139
:100A70000BD5FFE701980068406820F40040019919
:100A80000A68896B08435060FFE70198806AC007D5
:100A900000280BD0FFE701980068406820F4003080
:100AA00001990A68C96A08435060FFE70198806AA3
:100AB000800700280BD5FFE701980068406820F404
:100AC000803001990A68096B08435060FFE701987C
:100AD000806A400700280BD5FFE70198006840684E
:100AE00020F4802001990A68496B08435060FFE7B1
:100AF0000198806AC00600280BD5FFE701980068BE
:100B0000806820F4805001990A68C96B084390609E
:100B1000FFE70198806A800600280BD5FFE701985F
:100B20000068806820F4005001990A68096C084345
:100B30009060FFE70198806A400600281CD5FFE717
:100B400001980068406820F4801001990A68496C97
:100B5000084350600198406CB0F5801F0BD1FFE74F
:100B600001980068406820F4C00001990A68896C07
:100B700008435060FFE7FFE70198806A00060028FD
:100B80000BD5FFE701980068406820F40020019928
:100B90000A68C96C08435060FFE702B07047000064
:100BA00080B588B00146069006980022C0F89020D3
:100BB0000191F5F779FD059006980068006810F03E
:100BC000080F30D0FFE70698059B69466FF07E421C
:100BD0000A604FF40011002201F006F8002821D02D
:100BE000FFE7FFE7FFE70698006850E8000F20F0F6
:100BF00080000490FFE704980699096841E8000224
:100C0000002AF0D1FFE7FFE706982021C0F88810FE
:100C1000FFE70698002180F88410FFE703208DF895
:100C20001F0060E0FFE706980068006810F0040FFE
:100C300043D0FFE70698059B69466FF07E420A6045
:100C40004FF48001002200F0CFFF002834D0FFE7EE
:100C5000FFE7FFE70698006850E8000F20F4907067
:100C60000390FFE703980699096841E80002002A0B
:100C7000F0D1FFE7FFE7FFE7FFE70698006850E8DD
:100C8000020F20F001000290FFE702980699096820
:100C900041E80202002AF0D1FFE7FFE70698202191
:100CA000C0F88C10FFE70698002180F88410FFE759
:100CB00003208DF81F0016E0FFE706982021C0F8FA
:100CC00088100698C0F88C1006980021C166069816
:100CD0000167FFE70698002180F88410FFE70020F5
:100CE0008DF81F00FFE79DF81F0008B080BD0000D1
:100CF00080B584B0014603900398806B02900298FF
:100D00000022A0F85E2002980191FCF735FB04B0A8
:100D100080BD00000000000080B586B0014605904F
:100D20000598806B04900498D0F88800039004988C
:100D3000D0F88C00029004980068806810F0800F52
:100D400001910CD0FFE70398212808D1FFE7049810
:100D50000021A0F85610049800F03AF9FFE7049833
:100D60000068806810F0400F0CD0FFE7029822283E
:100D700008D1FFE704980021A0F85E10049800F065
:100D8000AFF8FFE70498D0F8901041F01001C0F8D8
:100D900090100498FCF7F0FA06B080BD0000000047
:100DA00080B588B0014607900798806B0690079839
:100DB000C069B0F5807F01915BD0FFE70698002104
:100DC000A0F85E10FFE7FFE70698006850E8000F04
:100DD00020F480700590FFE705980699096841E8BE
:100DE0000002002AF0D1FFE7FFE7FFE7FFE70698E0
:100DF000006850E8020F20F001000490FFE704981B
:100E00000699096841E80202002AF0D1FFE7FFE7EE
:100E1000FFE7FFE70698006850E8020F20F0400067
:100E20000390FFE703980699096841E80202002A47
:100E3000F0D1FFE7FFE706982021C0F88C10069854
:100E4000C06E012814D1FFE7FFE7FFE706980068AE
:100E500050E8000F20F010000290FFE7029806997A
:100E6000096841E80002002AF0D1FFE7FFE7FFE749
:100E7000FFE70698002101670698C06E012806D199
:100E8000FFE70698B0F85C10FBF7E2FF03E0069876
:100E9000FDF716FAFFE708B080BD00000000000073
:100EA00080B584B0014603900398806B029002984D
:100EB000012202670298C06E0128019107D1FFE765
:100EC0000298B0F85C104908FBF7C2FF03E00298F3
:100ED000FDF7FEF9FFE704B080BD00000000000050
:100EE00085B0014604900091FFE7FFE70498006891
:100EF00050E8000F20F490700390FFE703980499E6
:100F0000096841E80002002AF0D1FFE7FFE7FFE7A8
:100F1000FFE70498006850E8020F4FF6FE71CEF626
:100F2000FF7108400290FFE702980499096841E8C0
:100F30000202002AEDD1FFE7FFE70498C06E012806
:100F400014D1FFE7FFE7FFE70498006850E8000FBF
:100F500020F010000190FFE701980499096841E82A
:100F60000002002AF0D1FFE7FFE7FFE70498202105
:100F7000C0F88C1004980021C1660498416705B040
:100F8000704700000000000080B584B00146039067
:100F90000191FFE7FFE70398006850E8000F20F099
:100FA00040000290FFE702980399096841E80002B7
:100FB000002AF0D1FFE7FFE703982021C0F888104E
:100FC0000398002181670398FDF78AF904B080BD7A
:100FD00084B0014603900091FFE7FFE703980068A3
:100FE00050E8000F20F0C0000290FFE7029803993C
:100FF000096841E80002002AF0D1FFE7FFE7FFE7B8
:10100000FFE70398006850E8020F20F40000019009
:10101000FFE701980399096841E80202002AF0D12C
:10102000FFE7FFE703982021C0F8881004B070475D
:1010300080B5A0B001461F9000208DF86F001F986A
:10104000006840F60042C5F600029042129101D1BC
:10105000FFE700E0FFE71F98816802694369C06904
:101060001143194308431E901F980068006846F614
:10107000F311CCF6FF7108401E9908431F990968C7
:1010800008601F980068406820F440501F990A6863
:10109000C968084350601F9880691E901F980068B7
:1010A00040F60041C5F60001884206D0FFE71F98D0
:1010B000006A1E9908431E90FFE71F980068806829
:1010C0004FF2FF41C1F2FF1108401E9908431F99DA
:1010D000096888601F980068C06A20F00F001F9997
:1010E0000A68496A0843D062FFE71F98006841F226
:1010F0000001C4F20101884240F04180FFE744F260
:101100005440C5F60200006800F038000146282867
:1011100011912FD81199DFE801F0152D2D2D2D2DCE
:101120002D2D192D2D2D2D2D2D2D1D2D2D2D2D2D13
:101130002D2D212D2D2D2D2D2D2D252D2D2D2D2DF3
:101140002D2D290001208DF8750017E004208DF861
:10115000750013E008208DF875000FE010208DF861
:1011600075000BE020208DF8750007E040208DF819
:10117000750003E080208DF87500FFE76CE21F9892
:10118000006844F20041C4F2000188422ED1FFE71A
:1011900044F25440C5F60200006800F00700014622
:1011A000052810911DD81099DFE801F003070B0FF7
:1011B000131700208DF8750017E004208DF87500D6
:1011C00013E008208DF875000FE010208DF87500F1
:1011D0000BE020208DF8750007E040208DF87500A9
:1011E00003E080208DF87500FFE734E21F98006867
:1011F00044F60001C4F2000188422ED1FFE744F218
:101200005440C5F60200006800F0070001460528BA
:101210000F911DD80F99DFE801F003070B0F13178B
:1012200000208DF8750017E004208DF8750013E09C
:1012300008208DF875000FE010208DF875000BE088
:1012400020208DF8750007E040208DF8750003E040
:1012500080208DF87500FFE7FCE11F98006844F6D8
:101260000041C4F2000188422ED1FFE744F254400D
:10127000C5F60200006800F00700014605280E913F
:101280001DD80E99DFE801F003070B0F131700209C
:101290008DF8750017E004208DF8750013E0082024
:1012A0008DF875000FE010208DF875000BE0202000
:1012B0008DF8750007E040208DF8750003E0802070
:1012C0008DF87500FFE7C4E11F98006845F2000142
:1012D000C4F2000188422ED1FFE744F25440C5F623
:1012E0000200006800F00700014605280D911DD896
:1012F0000D99DFE801F003070B0F131700208DF89D
:10130000750017E004208DF8750013E008208DF8B3
:1013100075000FE010208DF875000BE020208DF88F
:10132000750007E040208DF8750003E080208DF8FF
:101330007500FFE78CE11F98006841F20041C4F29C
:101340000101884240F04180FFE744F25440C5F675
:101350000200006800F03800014628280C912FD8C0
:101360000C99DFE801F0152D2D2D2D2D2D2D192D8A
:101370002D2D2D2D2D2D1D2D2D2D2D2D2D2D212DB9
:101380002D2D2D2D2D2D252D2D2D2D2D2D2D2900C6
:1013900001208DF8750017E004208DF8750013E02A
:1013A00008208DF875000FE010208DF875000BE017
:1013B00020208DF8750007E040208DF8750003E0CF
:1013C00080208DF87500FFE741E11F98006847F61F
:1013D0000001C4F2000188422ED1FFE744F25440DC
:1013E000C5F60200006800F00700014605280B91D1
:1013F0001DD80B99DFE801F003070B0F131700202E
:101400008DF8750017E004208DF8750013E00820B2
:101410008DF875000FE010208DF875000BE020208E
:101420008DF8750007E040208DF8750003E08020FE
:101430008DF87500FFE709E11F98006847F6004145
:10144000C4F2000188422ED1FFE744F25440C5F6B1
:101450000200006800F00700014605280A911DD827
:101460000A99DFE801F003070B0F131700208DF82E
:10147000750017E004208DF8750013E008208DF842
:1014800075000FE010208DF875000BE020208DF81E
:10149000750007E040208DF8750003E080208DF88E
:1014A0007500FFE7D1E01F98006841F60001C4F223
:1014B0000101884240F04180FFE744F25440C5F604
:1014C0000200006800F038000146282809912FD852
:1014D0000999DFE801F0152D2D2D2D2D2D2D192D1C
:1014E0002D2D2D2D2D2D1D2D2D2D2D2D2D2D212D48
:1014F0002D2D2D2D2D2D252D2D2D2D2D2D2D290055
:1015000001208DF8750017E004208DF8750013E0B8
:1015100008208DF875000FE010208DF875000BE0A5
:1015200020208DF8750007E040208DF8750003E05D
:1015300080208DF87500FFE786E01F98006841F66F
:101540000041C4F20101884240F04180FFE744F2CB
:101550005440C5F60200006800F038000146282813
:1015600008912FD80899DFE801F0152D2D2D2D2D8C
:101570002D2D192D2D2D2D2D2D2D1D2D2D2D2D2DBF
:101580002D2D212D2D2D2D2D2D2D252D2D2D2D2D9F
:101590002D2D290001208DF8750017E004208DF80D
:1015A000750013E008208DF875000FE010208DF80D
:1015B00075000BE020208DF8750007E040208DF8C5
:1015C000750003E080208DF87500FFE73BE01F9871
:1015D000006840F60041C5F6000188422ED1FFE7C1
:1015E00044F25840C5F60200006800F007000146CA
:1015F000052807911DD80799DFE801F003070B0FB5
:10160000131702208DF8750017E004208DF875007F
:1016100013E008208DF875000FE010208DF875009C
:101620000BE020208DF8750007E040208DF8750054
:1016300003E080208DF87500FFE703E080208DF83F
:101640007500FFE7FFE7FFE7FFE7FFE7FFE7FFE7DB
:10165000FFE7FFE7FFE7FFE7FFE71F98006840F6B7
:101660000041C5F60001884240F0B980FFE79DF8CF
:10167000750001460228069114D0FFE70698042859
:1016800014D0FFE70698082816D0FFE70698102820
:1016900018D0FFE70698202836D0FFE706984028A4
:1016A00038D03BE0F6F75CFC13903DE017A8F6F766
:1016B0006FFC1898139037E014A8F6F7C9FD159839
:1016C000139031E044F20040C5F60200006800F0DB
:1016D00020000021B1EB501F0FD0FFE744F2004083
:1016E000C5F602000068C0F3C10049F20001C0F273
:1016F000D03121FA00F0139005E049F20000C0F269
:10170000D0301390FFE70FE040F60010C0F23D002C
:10171000139009E04FF40040139005E0002013906F
:1017200001208DF86F00FFE71398002856D0FFE7DF
:1017300013981F99496A4BF20032C0F6010232F841
:101740001110B0FBF1F01A901A981F99496801EB3B
:101750004101884207D3FFE71A981F994968B0EB07
:10176000013F04D9FFE701208DF86F0035E01398A1
:101770001F994A68496A4BF20033C0F6010333F8F7
:101780001110002305911946DDF814C00492624639
:101790000393EEF78DFE090241EA10610002049AFC
:1017A00010EB520041F10001039BEEF781FE1C900B
:1017B0001C98B0F5407F0BD3FFE71C980021B1EBDC
:1017C000105F05D1FFE71C981F990968C86003E006
:1017D00001208DF86F00FFE7FFE7FFE74DE11F985D
:1017E000C069B0F5004F40F0AC80FFE79DF8750090
:1017F00001464028029100F264800299DFE801F07E
:1018000021256161296161612F61616161616161AE
:1018100035616161616161616161616161616161E4
:1018200057616161616161616161616161616161B2
:101830006161616161616161616161616161616198
:101840005D00F8F719F9139041E0F8F72DF91390BE
:101850003DE017A8F6F79CFB1898139037E014A802
:10186000F6F7F6FC1598139031E044F20040C5F607
:101870000200006800F020000021B1EB501F0FD0E3
:10188000FFE744F20040C5F602000068C0F3C10063
:1018900049F20001C0F2D03121FA00F0139005E0C6
:1018A00049F20000C0F2D0301390FFE70FE040F69D
:1018B0000010C0F23D00139009E04FF40040139077
:1018C00005E00020139001208DF86F00FFE71398CA
:1018D000002835D0FFE713981F994A68496A4BF2F0
:1018E0000033C0F6010333F81110B0FBF1F04000F3
:1018F00000EB5200B0FBF2F01C901C9810281AD399
:10190000FFE7BDF87200002815D1FFE71C984FF6DD
:10191000F0710840ADF876001C9800F00E00BDF89C
:10192000761041EA5000ADF87600BDF876001F99B8
:101930000968C86003E001208DF86F00FFE7FFE74A
:101940009AE09DF8750001464028019100F26480FC
:101950000199DFE801F021256161296161612F6151
:101960006161616161613561616161616161616193
:101970006161616161615761616161616161616161
:101980006161616161616161616161616161616147
:101990006161616161615D00F8F76EF8139041E08B
:1019A000F8F782F813903DE017A8F6F7F1FA1898C7
:1019B000139037E014A8F6F74BFC1598139031E01C
:1019C00044F20040C5F60200006800F0200000214B
:1019D000B1EB501F0FD0FFE744F20040C5F6020004
:1019E0000068C0F3C10049F20001C0F2D03121FA11
:1019F00000F0139005E049F20000C0F2D0301390DF
:101A0000FFE70FE040F60010C0F23D00139009E040
:101A10004FF40040139005E00020139001208DF852
:101A20006F00FFE71398002825D0FFE713981F9950
:101A30004A68496A4BF20033C0F6010333F81110CB
:101A4000B0FBF1F000EB5200B0FBF2F01C901C98E0
:101A500010280BD3FFE7BDF87200002806D1FFE77E
:101A6000BDF870001F990968C86003E001208DF877
:101A70006F00FFE7FFE7FFE7FFE71F980121A0F8EE
:101A80006A101F98A0F868101F98002141671F98DE
:101A900081679DF86F0020B080BD0000000000004D
:101AA00080B58AB013468C46864608900791ADF8FB
:101AB0001A20079808998865BDF81A000899A1F8B6
:101AC0005C0008980021C0F8901008982221C0F806
:101AD0008C100898D0F8800000280293CDF804C03C
:101AE000CDF800E037D0FFE70898D0F8800040F646
:101AF000A151C0F60101C1630898D0F8800040F6FA
:101B0000A161C0F6010101640898D0F8800040F698
:101B10001951C0F60101C1640898D0F88000002175
:101B2000016508980168826DD0F880002431BDF805
:101B30001A30F2F759FE00280CD0FFE70898102160
:101B4000C0F8901008982021C0F88C1001208DF862
:101B5000270043E0FFE708980069002814D0FFE75A
:101B6000FFE7FFE70898006850E8000F40F4807036
:101B70000590FFE705980899096841E80002002AE6
:101B8000F0D1FFE7FFE7FFE7FFE7FFE7089800680E
:101B900050E8020F40F001000490FFE70498089914
:101BA000096841E80202002AF0D1FFE7FFE7FFE7FA
:101BB000FFE70898006850E8020F40F040000390EB
:101BC000FFE703980899096841E80202002AF0D16A
:101BD000FFE7FFE700208DF82700FFE79DF82700CB
:101BE0000AB080BD0000000070B58CB0DDF840C0C8
:101BF0009E4614460D4606460A9009918DF823200C
:101C00000793CDF818E0059404950396CDF808C025
:101C1000FFE70A980068C06909990840401AB0FABD
:101C200080F040099DF8231088426AD1FFE71098A0
:101C30000130002864D0FFE7F4F736FDDDF81CE042
:101C4000A0EB0E00DDF840E0704504D8FFE71098E7
:101C5000002804D1FFE703208DF82F0055E00A98F3
:101C60000068006810F0040F49D0FFE70998802849
:101C700045D0FFE70998402841D0FFE70A9800685F
:101C8000C06900F008000121B1EBD00F16D1FFE7C9
:101C90000A980068082101620A980191FFF720F96B
:101CA0000A980199C0F89010FFE70A98002180F87F
:101CB0008410FFE701208DF82F0026E00A980068C5
:101CC000C06900F400600121B1EBD02F16D1FFE70D
:101CD0000A9800684FF4006101620A98FFF700F962
:101CE0000A982021C0F89010FFE70A98002180F898
:101CF0008410FFE703208DF82F0006E0FFE7FFE7E1
:101D000087E700208DF82F00FFE79DF82F000CB02B
:101D100070BD00000000000080B543F2F840C2F240
:101D20000040FBF739FB80BD80B543F26440C2F24E
:101D30000040FBF731FB80BD80B58CB00A460346FE
:101D40000A908DF827100A98D0F8C80207900A98D0
:101D5000D0F8D41200EB8100D0F8C002002806921F
:101D6000059304D1FFE703208DF82F006BE00A985C
:101D7000D0F8D41200EB8100D0F8C00208900A9885
:101D80009DF8271001F00F0101EB810100EB8100AC
:101D9000806900282DD0FFE70A989DF8271001F0F0
:101DA0000F0101EB810200EB82008069079A01EBD1
:101DB000C10102EB8101C969B0FBF1F202FB110024
:101DC000002816D1FFE70A989DF8271001F00F01AF
:101DD00001EB810100EB8100002181610A989DF8EF
:101DE000272004911146049A049B01F0E9FF039017
:101DF00025E008980021C0F814120A98D0F8D412EF
:101E000000EB8100D0F8C4020069002816D0FFE77B
:101E10000A98D0F8D41200EB8100D0F8C40200690F
:101E20000899D1F8082201F504719DF82730029035
:101E300010461A46029B98470190FFE7FFE70020F3
:101E40008DF82F00FFE79DF82F000CB080BD00003B
:101E500080B588B00A46034606908DF8171006989C
:101E6000D0F8D41200EB8100D0F8C002049006989C
:101E7000D0F8D41200EB8100D0F8C0020028039201
:101E8000029304D1FFE703208DF81F001EE006989F
:101E90009DF8171001F0A4FC0499C1F80C020698F3
:101EA000D0F8D41200EB8100D0F8C402C0680499C5
:101EB000D1F804E201F5037101907046DDF804E009
:101EC000F04700218DF81F100090FFE79DF81F00DC
:101ED00008B080BD0000000080B58CB00A46034603
:101EE0000B908DF82B100B9840F20901C2F20041C3
:101EF00091F800C0099161460892079301F040FAF9
:101F00000B99099A137803F00F0303EB830301EB9A
:101F1000830100238B840B9940F20A0CC2F2004C1F
:101F20009CF800E0069008467146CDF814C0049372
:101F300001F026FA0B99059A137803F00F0303EBCF
:101F4000830301EB8301049BA1F864310B9940F2F8
:101F5000080CC2F2004C9CF800E003900846714661
:101F6000CDF808C001F00CFA0B99029A137803F02F
:101F70000F0303EB830301EB8301049B8B840B9919
:101F800092F800C00CF00F0C0CEB8C0C01EB8C01E8
:101F9000CB840B99D1F8D4C201EB8C01D1F8C012DB
:101FA0000029019020D0FFE70B98D0F8D41200EB65
:101FB0008100D0F8C402406880470B99D1F8D4E280
:101FC00001EB8E01D1F8C0120090084602F030FCFF
:101FD0000B98D0F8D41200EB81000021C0F8C01299
:101FE0000B98C0F8BC12FFE700200CB080BD0000C9
:101FF00080B586B0014604900498D0F8D42200EB56
:102000008200D0F8C002039003980028029104D106
:10201000FFE703208DF817002BE00498D0F8D412C6
:1020200000EB8100D0F8C40200281ED0FFE703981F
:1020300090F80002FF2818D0FFE70498D0F8D412D7
:1020400000EB8100D0F8C4028068039991F8002267
:1020500091F80132019010461A46019B9847039966
:10206000FF2281F800220090FFE700208DF8170082
:10207000FFE79DF8170006B080BD000000000000DB
:1020800082B00146019001980A22028040F240107D
:10209000C2F20040009102B0704700000000000052
:1020A00080B586B00146059040F2FC00C2F20040C7
:1020B000822201900091114600F0DEFE0490012181
:1020C000019800F0D9FE03908121019800F0D4FE20
:1020D00002900498002804D0FFE704981021817131
:1020E000FFE70398002804D0FFE703984021818090
:1020F000FFE70298002804D0FFE702984021818082
:10210000FFE705984321018040F2FC00C2F2004045
:1021100006B080BD0000000080B586B00146059085
:1021200040F2FC00C2F20040822201900091114670
:1021300000F0A2FE04900121019800F09DFE0390A2
:102140008121019800F098FE02900498002804D0A4
:10215000FFE7049810218171FFE70398002805D05C
:10216000FFE703984FF400718180FFE70298002891
:1021700005D0FFE702984FF400718180FFE70598D2
:102180004321018040F2FC00C2F2004006B080BD55
:1021900080B586B00146059040F2FC00C2F20040D6
:1021A000822201900091114600F066FE0490012108
:1021B000019800F061FE03908121019800F05CFE1F
:1021C00002900498002804D0FFE704981021817140
:1021D000FFE70398002804D0FFE70398402181809F
:1021E000FFE70298002804D0FFE702984021818091
:1021F000FFE705984321018040F2FC00C2F2004055
:1022000006B080BD0000000080B59AB00A460346C3
:1022100018908DF85F104FF407701592149302F028
:102220000FFB1690169800280CD1FFE71898D0F8ED
:10223000D41200EB81000021C0F8C01202208DF8FA
:10224000670019E116984FF40771EEF741FA1698F6
:102250001899D1F8D4E201EB8E01C1F8C0021898A8
:10226000D0F8D41200EB8101D1F8C012C0F8BC1232
:102270001898007C00284FD1FFE7189840F2090118
:10228000C2F200410A7802234FF4007C13911146F8
:102290001A4612936346CDF844C001F0C1FB189969
:1022A000139A137803F00F0303EB830301EB83010D
:1022B00001238B84189940F20A0CC2F2004C9CF85E
:1022C00000E0109008467146129ADDF844E00F9342
:1022D0007346CDF838C001F0A3FB18990E9A137815
:1022E00003F00F0303EB830301EB83010F9BA1F8C2
:1022F0006431189940F2080CC2F2004C9CF800C0FE
:102300000CF00F0C0CEB8C0C01EB8C014FF0100C53
:10231000A1F826C00D904EE0189840F20901C2F2D3
:1023200000410A7802234FF0400C0C9111461A46E6
:102330000B936346CDF828C001F072FB18990C9AF4
:10234000137803F00F0303EB830301EB83010123F5
:102350008B84189940F20A0CC2F2004C9CF800E001
:102360000990084671460B9ADDF828E008937346F9
:10237000CDF81CC001F054FB1899079A137803F0AC
:102380000F0303EB830301EB8301089BA1F8643186
:10239000189940F2080CC2F2004C9CF800C00CF0F6
:1023A0000F0C0CEB8C0C01EB8C014FF0100CA1F816
:1023B00026C00690FFE7189840F20801C2F20041DB
:1023C0000A7803234FF0080C059111461A4663461C
:1023D00001F026FB1899059A137803F00F0303EB1D
:1023E000830301EB830101238B8416990023C1F839
:1023F00004321899D1F8D4C201EB8C01D1F8C4127F
:1024000009680490039388471699039AC1F8142227
:102410001699C1F818221699D1F8041200290290D1
:1024200004D1FFE702208DF8670025E01898007CB2
:1024300000280FD1FFE7189840F20A01C2F20041CC
:10244000169AD2F8042209784FF4007301F018FBB1
:1024500001900DE0189840F20A01C2F20041169A6C
:10246000D2F804220978402301F00AFB0090FFE72C
:1024700000208DF86700FFE79DF867001AB080BD67
:1024800080B586B0014604900498D0F8D42200EBC1
:102490008200D0F8C00203900498D0F8D42200EB58
:1024A0008200D0F8C0020028029104D1FFE7032087
:1024B0008DF8170025E00498007C00280FD1FFE775
:1024C000049840F20A01C2F20041039AD2F80422B1
:1024D00009784FF4007301F0D3FA01900DE00498ED
:1024E00040F20A01C2F20041039AD2F804220978AC
:1024F000402301F0C5FA0090FFE700208DF8170097
:10250000FFE79DF8170006B080BD00000000000046
:1025100085B00A4603460390029102980028019272
:10252000009304D1FFE703208DF813000BE002981D
:102530000399D1F8D42201EB8201C1F8C402002032
:102540008DF81300FFE79DF8130005B070470000F9
:1025500086B00A460346049003910498D0F8D4123A
:1025600000EB8100D0F8C00202900298002801928E
:10257000009304D1FFE703208DF8170007E00398CC
:102580000299C1F8040200208DF81700FFE79DF8BA
:10259000170006B07047000080B588B013468C461F
:1025A00086460690059104920698D0F8D41200EB66
:1025B0008100D0F8C0020390039800280293CDF860
:1025C00004C0CDF800E004D1FFE703208DF81F0020
:1025D0000BE005980399C1F8080204980399C1F823
:1025E000100200208DF81F00FFE79DF81F0008B0C3
:1025F00080BD00000000000080B594B00A4603468C
:10260000129011911298D0F8D41200EB8100D0F8FA
:10261000C002109000208DF83D00ADF83A008DF812
:102620003900109800280D920C9304D1FFE7032085
:102630008DF84F00D6E01198007800F06000014658
:1026400000280B916BD0FFE70B98202840F0BD804D
:10265000FFE71198C08800284ED0FFE71198007856
:10266000000600282AD5FFE71298D0F8D41200EB14
:102670008100D0F8C40280681199109ACB884978FB
:102680000A90084611461A460A9B98471199C9882C
:102690000829099003D3FFE70720089003E0119869
:1026A000C0880890FFE70898ADF83E00129810998E
:1026B000BDF83E2000F09CF907901CE0119840788E
:1026C000109981F800021198C0883F2804D8FFE7CC
:1026D0001198C088069002E040200690FFE7069817
:1026E000109981F801021298109991F8012200F0D6
:1026F0003BF90590FFE711E01298D0F8D41200EBF7
:102700008100D0F8C402806811994A7800230490AF
:1027100010461A46049B98470390FFE75DE0119826
:10272000407801460B28029146D80299DFE801F073
:10273000064344444444444444441D34129890F8AD
:102740009C02032808D1FFE712980DF13A010222FA
:1027500000F04EF9019007E01298119900F0ECF8A2
:1027600003208DF83900FFE72EE0129890F89C02C4
:10277000032808D1FFE712980DF13D01012200F076
:1027800037F9009007E01298119900F0D5F803206E
:102790008DF83900FFE717E0129890F89C020328A3
:1027A00008D0FFE71298119900F0C6F803208DF8C1
:1027B0003900FFE708E007E01298119900F0BCF833
:1027C00003208DF83900FFE707E01298119900F017
:1027D000B3F803208DF83900FFE79DF839008DF834
:1027E0004F00FFE79DF84F0014B080BD00000000CF
:1027F00080B586B00A46034605908DF81310002078
:102800008DF812000598D0F8B81249689DF813C0E9
:1028100003916146DDF80CC002920193E047002865
:1028200004D0FFE703208DF81200FFE79DF81200A7
:1028300006B080BD0000000080B586B00A460346A1
:1028400005900491059890F89C02013802280392A3
:1028500002930FD8FFE704984088012809D1FFE7C9
:1028600005980021C0F8A412059800F0E9F801903D
:10287000FFE704E00598049900F05EF8FFE706B072
:1028800080BD00000000000084B00A4603460390AB
:102890008DF80B1000200192009304B070470000E7
:1028A00084B00A46034603908DF80B100020019275
:1028B000009304B070470000B0B58AB013468C4650
:1028C00086460990089107920998089A079900246A
:1028D00006912146069D05932B46CDF810C0CDF8F4
:1028E0000CE0029401F0CCF80299019008460AB07D
:1028F000B0BD000000000000B0B58AB013468C46A1
:1029000086460990089107920998089A0799002429
:1029100006912146069D05932B46CDF810C0CDF8B3
:102920000CE0029401F04CFA0299019008460AB0BA
:10293000B0BD00000000000080B586B00A46034626
:1029400005900491059880210392029301F0E0F92B
:102950000599002201900846114601F0D9F900902E
:1029600006B080BD00000000B0B58AB013468C46AA
:10297000864609900891079209980321C0F894129D
:1029800007980999C1F8580107980999C1F85C019D
:102990000998089A0799002406912146069D0593F7
:1029A0002B46CDF810C0CDF80CE0029401F068F889
:1029B0000299019008460AB0B0BD00000000000076
:1029C00080B584B00146039003980522C0F8942294
:1029D00003980022029111460192019B01F050F8E8
:1029E00001990090084604B080BD0000000000007E
:1029F000B0B58AB013468C46864609900891079276
:102A000009980221C0F894120798099988610798DB
:102A10000999C8610998089A0799002406912146E6
:102A2000069D05932B46CDF810C0CDF80CE002941E
:102A300001F0C6F90299019008460AB0B0BD000045
:102A400080B584B00146039003980422C0F8942214
:102A500003980022029111460192019B01F0B0F906
:102A600001990090084604B080BD000000000000FD
:102A700080B588B00A460346079006910698C0883C
:102A800001280592049305D0FFE707980699FFF700
:102A900053FF23E0079890F89C02411E02290390FF
:102AA00004D3FFE7039803280BD011E00798002117
:102AB0008160079800F108010122FFF799FF029059
:102AC0000BE00798011D0122FFF792FF019004E03F
:102AD00007980699FFF730FFFFE7FFE708B080BDD2
:102AE00080B598B00A460346179016910020ADF8BD
:102AF000560014908DF84F00169840884FF0FF3123
:102B000001EB102001460E2812921193109100F251
:102B10006F811099DFE811F02E003B005F006C011F
:102B20006C0131014D016C016C016C016C016C0197
:102B30006C016C010F001798D0F8B402C06900282E
:102B40000DD0FFE71798D0F8B412C969007C0DF1D9
:102B500056020F9111460F9A9047149009E017986A
:102B60001699FFF7E9FE9DF84F0001308DF84F00F0
:102B7000FFE747E11798D0F8B4120968007C0DF11F
:102B800056020E9111460E9A904714903AE117980A
:102B9000007C00280FD1FFE71798D0F8B802806AB0
:102BA0000DF156010D9008460D9988471490149820
:102BB000022141700EE01798D0F8B802C06A0DF1FA
:102BC00056010C9008460C998847149014980221DD
:102BD0004170FFE716E116988078014605280B91B1
:102BE00000F2C0800B99DFE801F0032241607F9E74
:102BF0001798D0F8B402406800280DD0FFE7179866
:102C0000D0F8B4124968007C0DF156020A911146C1
:102C10000A9A9047149009E017981699FFF78CFECE
:102C20009DF84F0001308DF84F00FFE7A4E01798A2
:102C3000D0F8B402806800280DD0FFE71798D0F8CC
:102C4000B4128968007C0DF1560209911146099A67
:102C50009047149009E017981699FFF76DFE9DF8BC
:102C60004F0001308DF84F00FFE785E01798D0F84E
:102C7000B402C06800280DD0FFE71798D0F8B4124E
:102C8000C968007C0DF1560208911146089A9047D8
:102C9000149009E017981699FFF74EFE9DF84F0023
:102CA00001308DF84F00FFE766E01798D0F8B402C6
:102CB000006900280DD0FFE71798D0F8B412096911
:102CC000007C0DF1560207911146079A9047149027
:102CD00009E017981699FFF72FFE9DF84F00013075
:102CE0008DF84F00FFE747E01798D0F8B40240692D
:102CF00000280DD0FFE71798D0F8B4124969007C7E
:102D00000DF1560206911146069A9047149009E07B
:102D100017981699FFF710FE9DF84F0001308DF8B7
:102D20004F00FFE728E01798D0F8B4028069002828
:102D30000DD0FFE71798D0F8B4128969007C0DF127
:102D4000560205911146059A9047149009E017988C
:102D50001699FFF7F1FD9DF84F0001308DF84F00F7
:102D6000FFE709E017981699FFF7E6FD9DF84F0079
:102D700001308DF84F00FFE744E01798007C0028F1
:102D80000CD1FFE71798D0F8B802406B0DF156014F
:102D90000490084604998847149009E017981699FA
:102DA000FFF7CAFD9DF84F0001308DF84F00FFE797
:102DB00028E01798007C00280FD1FFE71798D0F87B
:102DC000B802006B0DF1560103900846039988473D
:102DD000149014980721417009E017981699FFF78D
:102DE000ABFD9DF84F0001308DF84F00FFE709E083
:102DF00017981699FFF7A0FD9DF84F0001308DF848
:102E00004F00FFE79DF84F00002801D0FFE72EE0BC
:102E10001698C088002825D0FFE7BDF85600002886
:102E20001AD0FFE7BDF856001699C988884204DA1F
:102E3000FFE7BDF85600029003E01698C0880290A4
:102E4000FFE70298ADF8560017981499BDF8562080
:102E5000FFF7CEFD019004E017981699FFF76CFD7F
:102E6000FFE704E01798FFF7EBFD0090FFE718B0CD
:102E700080BD00000000000080B588B00A4603460F
:102E800007908DF81B100798059007980490002074
:102E9000039004984188007881420192009327DDD5
:102EA000FFE704980078ADF80A00FFE7BDF80A00D4
:102EB0000499498888421ADAFFE705980DF10A015A
:102EC00000F036F805900598407805280ED1FFE708
:102ED00005980390039880789DF81B10884201D1D3
:102EE000FFE704E000200390FFE7FFE7DEE7FFE7EE
:102EF000039808B080BD000084B001460390002014
:102F00008DF80B00039801900091FFE7019800787D
:102F1000002809D0FFE79DF80B0001308DF80B0069
:102F2000019801300190F1E79DF80B0004B0704763
:102F300085B00A46034604900391049802900298D3
:102F400000780399B1F800C06044088004980299A1
:102F500009780844029002980192009305B07047E6
:102F600080B586B00A46034605900491059890F80E
:102F70009C02013802280392029321D8FFE70498AB
:102F8000C088022805D0FFE705980499FFF7D4FC14
:102F90001BE005980121C1600598D0F8A402002823
:102FA00006D0FFE70598C16841F00201C160FFE764
:102FB000059800F10C010222FFF71AFD019004E0D0
:102FC00005980499FFF7B8FCFFE706B080BD000044
:102FD00080B58AB013468C468646099008910792C0
:102FE00000208DF81B00099800280493CDF80CC030
:102FF000CDF808E001D1FFE750E009980590059869
:10300000FFF77AFF4FF0020E0EEB4000B0F5007FA5
:1030100004D9FFE74FF40070019008E00598FFF72E
:103020006BFF4FF0020E0EEB40000190FFE701989E
:10303000079908800798007808999DF81B20885404
:103040009DF81B0001308DF81B0008989DF81B109F
:10305000032242549DF81B0001308DF81B00FFE74E
:1030600005980078002819D0FFE70598007808999E
:103070009DF81B2088540598013005909DF81B0091
:1030800001308DF81B0008989DF81B100022425457
:103090009DF81B0001308DF81B00E1E70AB080BDF0
:1030A00083B001468DF80B0000208DF80A009DF8D2
:1030B0000B00024603280191009214D80099DFE822
:1030C00001F002060A0E00208DF80A000FE003202E
:1030D0008DF80A000BE001208DF80A0007E00320BC
:1030E0008DF80A0003E003208DF80A00FFE79DF841
:1030F0000A0003B07047000080B584B00A4603465A
:103100008DF80F0002919DF80F00002801920093A6
:103110000CD1FFE7029A4BF2B630C0F6010040F640
:10312000A071C2F20041FFF753FF0BE0029A4BF28D
:10313000B630C0F6010040F6A071C2F20041FFF7C0
:1031400047FFFFE740F6A070C2F2004004B080BD28
:1031500084B00A4603468DF80F00029102981221AE
:10316000018040F24C10C2F200400192009304B082
:10317000704700000000000080B584B00A46034696
:103180008DF80F0002919DF80F0000280192009326
:103190000CD1FFE7029A4BF2A830C0F6010040F6CE
:1031A000A071C2F20041FFF713FF0BE0029A4BF24D
:1031B000A830C0F6010040F6A071C2F20041FFF74E
:1031C00007FFFFE740F6A070C2F2004004B080BDE8
:1031D00084B00A4603468DF80F000291029804213C
:1031E000018040F27410C2F200400192009304B0DA
:1031F000704700000000000080B586B00A46034614
:103200008DF81700049104984BF2C131C0F601010A
:1032100040F6A07CC2F2004C039008466146DDF8FF
:103220000CE0029272460193CDF800C0FFF7D0FE89
:10323000009806B080BD000080B584B00A46034601
:103240008DF80F0002919DF80F0000280192009365
:103250000CD1FFE7029A4BF2D430C0F6010040F6E1
:10326000A071C2F20041FFF7B3FE0BE0029A4BF2ED
:10327000D430C0F6010040F6A071C2F20041FFF761
:10328000A7FEFFE740F6A070C2F2004004B080BD88
:1032900080B584B00A4603468DF80F00029102986B
:1032A0001A21018001920093EEF742FC40F278105F
:1032B000C2F2004004B080BD80B588B013468C4691
:1032C0008646069005918DF81320069800280393F2
:1032D000CDF808C0CDF804E004D1FFE703208DF855
:1032E0001F0024E006980021C0F8B8120698C0F824
:1032F000C4120698C0F8D0120598002805D0FFE740
:1033000005980699C1F8B402FFE70698012180F8F4
:103310009C129DF8130006990870069800F074FA44
:103320008DF812009DF812008DF81F00FFE79DF840
:103330001F0008B080BD000080B584B00A46034677
:1033400003908DF80B1000208DF80A008DF809000D
:103350000398D0F8C8029DF80B1001920093F3F780
:103360007FFC8DF80A009DF80A00FFF799FE8DF8A2
:1033700009009DF8090004B080BD000000000000B5
:1033800080B584B00A46034603908DF80B100020E8
:103390008DF80A008DF809000398D0F8C8029DF84E
:1033A0000B1001920093F3F7FFFB8DF80A009DF8D4
:1033B0000A00FFF775FE8DF809009DF8090004B0BA
:1033C00080BD00000000000080B594B013468C461C
:1033D000864612908DF8471010929DF847000028FD
:1033E0000D93CDF830C0CDF82CE040F08480FFE79D
:1033F000129814300F901298D0F89402022869D1D4
:10340000FFE70F988168C068814216D9FFE70F98DF
:103410008168C268891A8160129810990F9A92681F
:10342000FFF76AFA129900220A900846114609929B
:10343000099B00F025FB08904BE00F988168C0685D
:10344000884221D1FFE70F984168C06881421BD3B1
:10345000FFE70F9840681299D1F89812884213D26A
:10346000FFE7129800210791079AFFF745FA129992
:10347000079AC1F898221299069008461146079BB0
:1034800000F0FEFA059023E0129890F89C020328C1
:1034900013D1FFE71298D0F8B802C06800280BD00B
:1034A000FFE712980021C0F8D4121298D0F8B81291
:1034B000C96888470490FFE7FFE71298802100F071
:1034C00027FC129903900846FFF77AFA0290FFE76B
:1034D000FFE7FFE7129890F8A00200280AD0FFE764
:1034E000129800F015FDDDF848E000218EF8A012DA
:1034F0000190FFE746E012989DF8471041F08001E7
:10350000FFF7C2F98DF83A009DF83A00FF2838D04D
:10351000FFE79DF83A00002833D1FFE7129890F8B2
:103520009C0203282CD1FFE712989DF83A1000EB7B
:103530008100D0F8B8024069002820D0FFE79DF84C
:103540003A001299C1F8D40212989DF83A1000EB93
:103550008101D1F8B81249699DF8472000911146C0
:10356000009A90478DF83B009DF83B00002805D05D
:10357000FFE79DF83B008DF84F0007E0FFE7FFE70E
:10358000FFE7FFE700208DF84F00FFE79DF84F00B1
:1035900014B080BD0000000080B592B013468C4688
:1035A000864610908DF83F100E9200208DF8330063
:1035B0009DF83F0000280B93CDF828C0CDF824E0FB
:1035C00040F08C80FFE7109800F5AA700D901098DD
:1035D000D0F89402032840F08080FFE70D988168BE
:1035E000C068814221D9FFE70D988168C268891AB5
:1035F000816010980E990D9A9368D2689342089052
:10360000079104D2FFE70D988068069003E00D98BB
:10361000C0680690FFE70698089905900846079944
:10362000059AFFF749F9049056E0109890F8AA021D
:1036300000F01F0001460028039108D0FFE703981F
:10364000012808D0FFE7039802280CD013E00020DF
:103650008DF8320013E0109890F8AE12FFF720F9C1
:103660008DF832000BE0109890F8AE12FFF70CF9CD
:103670008DF8320003E000208DF83200FFE79DF85E
:103680003200002823D1FFE7109890F89C0203280D
:103690001CD1FFE710989DF8321000EB8100D0F8A4
:1036A000B8020069002810D0FFE79DF83200109999
:1036B000C1F8D40210989DF8321000EB8101D1F8C6
:1036C000B812096988470290FFE7FFE7FFE7109803
:1036D000FFF7B6F90190FFE7FFE746E010989DF885
:1036E0003F1001F07F01FFF7CFF88DF832009DF811
:1036F0003200FF2838D0FFE79DF83200002833D190
:10370000FFE7109890F89C02032822D1FFE7109859
:103710009DF8321000EB8100D0F8B80280690028D3
:1037200016D0FFE79DF832001099C1F8D402109826
:103730009DF8321000EB8101D1F8B81289699DF82B
:103740003F2000911146009A90478DF83300FFE723
:10375000FFE79DF83300002805D0FFE79DF8330010
:103760008DF8470005E0FFE7FFE700208DF84700F0
:10377000FFE79DF8470012B080BD00000000000088
:1037800082B0014601900020009102B07047000015
:1037900080B584B00146039000208DF80B0003989B
:1037A000012280F89C220398D0F8B80200280191E9
:1037B00011D0FFE70398D0F8B81249680279009158
:1037C0001146009A9047002804D0FFE703208DF8A7
:1037D0000B00FFE7FFE79DF80B0004B080BD000081
:1037E00080B584B00A46034603908DF80B10039809
:1037F000D0F8C8029DF80B1001920093F3F79CFAE1
:1038000004B080BD0000000080B588B0014607907C
:10381000079800780128069140D1FFE7079842F603
:103820001461C2F20041C1F8E0040798C0F8C81260
:103830000020C4F204000860092008710220C87149
:1038400000228A7148728A72CA720A738A73CA73B2
:103850000A740846F4F7A8F8002803D0FFE7EDF74C
:10386000DFFFFFE742F61460C2F2004080210590BE
:103870000491F3F79DF80021DDF814E00390704601
:10388000049AF3F7A5F801214FF4BA72DDF814E0B9
:1038900002907046F3F79CF80190FFE7002008B013
:1038A00080BD00000000000086B00A460346049078
:1038B0008DF80F100498D0F8C80202909DF80F0000
:1038C00000060028019200930DD5FFE702989DF8AD
:1038D0000F1001F07F0101EBC10100EB8100807D41
:1038E0008DF817000DE002989DF80F1001F07F0190
:1038F00001EBC10100EB810090F856028DF8170032
:10390000FFE79DF8170006B07047000000000000B8
:1039100080B588B00A46034606908DF817100698C1
:10392000D0F8D41200EB8100D0F8B802002804923D
:10393000039304D1FFE703208DF81F0025E00698CC
:1039400090F89C0203281CD1FFE70698D0F8D41207
:1039500000EB8100D0F8B802006A002810D0FFE721
:103960000698D0F8D41200EB8101D1F8B812096A98
:103970009DF8172002911146029A90470190FFE7A7
:10398000FFE700208DF81F00FFE79DF81F0008B03B
:1039900080BD00000000000080B588B00A460346E4
:1039A00006908DF817100698D0F8D41200EB81001D
:1039B000D0F8B80200280492039304D1FFE7032053
:1039C0008DF81F0025E0069890F89C0203281CD172
:1039D000FFE70698D0F8D41200EB8100D0F8B802C7
:1039E000406A002810D0FFE70698D0F8D41200EB08
:1039F0008101D1F8B812496A9DF817200291114649
:103A0000029A90470190FFE7FFE700208DF81F0022
:103A1000FFE79DF81F0008B080BD00000000000017
:103A2000B0B588B09C4696460C46054607908DF882
:103A30001B108DF81A20ADF8183000208DF81700F3
:103A40008DF816000798D0F8C8029DF81A30BDF816
:103A500018209DF81B10CDF810C0CDF80CE0029492
:103A60000195F3F781F98DF817009DF81700FFF71E
:103A700017FB8DF816009DF8160008B0B0BD0000C9
:103A8000B0B58AB09C4696460C46054609908DF81E
:103A900023100792069300208DF817008DF816006A
:103AA0000998D0F8C802079A069B9DF82310CDF814
:103AB00010C0CDF80CE002940195F3F7D9F98DF818
:103AC00017009DF81700FFF7EBFA8DF816009DF828
:103AD00016000AB0B0BD000080B58AB0014609905A
:103AE00000208DF82300099A012382F89C32099A5C
:103AF000C2F89402099A5060099AC2F8A402099A7D
:103B000082F8A0020998D0F8B8020028079119D0CD
:103B1000FFE70998D0F8B8024068002811D0FFE705
:103B20000998D0F8B8124968027906911146069AA8
:103B30009047002804D0FFE703208DF82300FFE71B
:103B4000FFE7FFE70998002140220591059B0492B9
:103B50001A46049BFFF764FF09990122A1F864212A
:103B60000999049BC1F8603109994FF0800E0390C8
:103B700008467146DDF814E002927246FFF750FFE6
:103B80000999029A8A840999049B0B629DF8231073
:103B9000019008460AB080BD82B0014601900198AC
:103BA00090F89C020428009107D1FFE7019890F853
:103BB0009D02019981F89C02FFE7002002B0704746
:103BC00080B584B001460390039890F89C020328C6
:103BD000029116D1FFE70398D0F8B80200280FD061
:103BE000FFE70398D0F8B802C069002807D0FFE7C4
:103BF0000398D0F8B812C96988470190FFE7FFE73A
:103C0000FFE7002004B080BD84B00A46034603905D
:103C10008DF80B109DF80B00039908740020019299
:103C2000009304B07047000080B584B00A46034694
:103C300003908DF80B1000208DF80A008DF8090014
:103C40000398D0F8C8029DF80B1001920093F4F786
:103C50006FF88DF80A009DF80A00FFF721FA8DF839
:103C600009009DF8090004B080BD000000000000BC
:103C700080B586B00A46034605900491059800F287
:103C8000AA2004990292019300F0C6F80598012138
:103C9000C0F894120598B0F8B012C0F898120598C0
:103CA00090F8AA0200F01F0001460028009108D0F9
:103CB000FFE7009801280CD0FFE70098022810D0F9
:103CC00017E0059800F2AA2100F0B6FA8DF80F006F
:103CD00019E0059800F2AA2100F022FD8DF80F00EE
:103CE00011E0059800F2AA2100F016FB8DF80F00F4
:103CF00009E0059890F8AA1201F0800100F008F898
:103D00008DF80F00FFE79DF80F0006B080BD0000A2
:103D100080B584B00A46034603908DF80B1000204E
:103D20008DF80A008DF809000398D0F8C8029DF8B4
:103D30000B1001920093F3F7E3F88DF80A009DF859
:103D40000A00FFF7ADF98DF809009DF8090004B0ED
:103D500080BD00000000000080B584B001460390E3
:103D600000208DF80B008DF80A000398D0F8C802E7
:103D70000191F4F725F88DF80B009DF80B00FFF783
:103D80008FF98DF80A009DF80A0004B080BD00008C
:103D900082B001460190019890F89C02042800919D
:103DA00007D0FFE7019890F89C02019981F89D02E5
:103DB000FFE70198042180F89C12002002B07047B0
:103DC000B0B58AB09C4696460C46054609908DF8DB
:103DD00023100792069300208DF817008DF8160027
:103DE0000998D0F8C802079A069B9DF82310CDF8D1
:103DF00010C0CDF80CE002940195F3F7FDF88DF8B2
:103E000017009DF81700FFF74BF98DF816009DF885
:103E100016000AB0B0BD000080B586B00A46034661
:103E20000590049104980390039800780599087010
:103E3000039801300390039800780599487003981F
:103E400001300390039802920193FBF735FE059928
:103E50004880039801300390039801300390039841
:103E6000FBF72AFE05998880039801300390039898
:103E7000013003900398FBF71FFE0599C88006B038
:103E800080BD00000000000080B588B00A460346EF
:103E9000069005910020ADF81200059800280392C5
:103EA000029304D1FFE703208DF81F002AE0059854
:103EB0000699C1F8B8020698D0F8D41200EB810038
:103EC000D0F8B802C06A002812D0FFE70698D0F8F0
:103ED000D41200EB8100D0F8B802C06A0DF11201D3
:103EE00001900846019988470699C1F8D002FFE77A
:103EF0000698D0F8D8120131C0F8D81200208DF8F9
:103F00001F00FFE79DF81F0008B080BD0000000003
:103F100082B0014601900020009102B0704700007D
:103F200080B588B00A4603460790069106988088B7
:103F30000028049203933CD1FFE70698C08800282C
:103F400037D1FFE7069840887F2832D8FFE70698E8
:103F5000807800F07F008DF81700079890F89C0299
:103F6000032805D1FFE707980699FEF7E5FC1FE057
:103F70009DF81700079981F89E0207989DF8171081
:103F8000FFF752FE079902900846FEF759FD9DF88B
:103F900017100029019005D0FFE70798022180F84B
:103FA0009C1204E00798012180F89C12FFE7FFE7CC
:103FB00004E007980699FEF7BFFCFFE708B080BD54
:103FC00080B586B00A46034605908DF81310002090
:103FD0008DF812000598D0F8B802002803920293D9
:103FE0000DD0FFE70598D0F8B81209689DF81320A6
:103FF00001911146019A90478DF81200FFE79DF854
:10400000120006B080BD000080B592B00A4603469B
:1040100010900F9100208DF83B000F98807840F6AB
:104020009C71C2F200410870087802280D920C932E
:1040300008D3FFE710980F99FEF77EFC03208DF858
:104040004700B9E0109890F89C02014602280B91B5
:1040500004D0FFE70B98032837D097E040F69C7018
:10406000C2F200400078002829D0FFE740F69C709B
:10407000C2F200400178109A5160109900780A90BD
:1040800008460A99FFF79CFF8DF83B009DF83B001E
:10409000002809D0FFE710980F99FEF74DFC109803
:1040A000022180F89C1209E01098FEF7C9FCDDF8A7
:1040B00040E003218EF89C120990FFE704E010987D
:1040C000FEF7BEFC0890FFE771E040F69C70C2F27C
:1040D00000400078002819D1FFE71098022180F8ED
:1040E0009C1240F69C70C2F200400178109A516018
:1040F00010990078079008460799FEF779FB109908
:1041000006900846FEF79CFC05903EE040F69C7049
:10411000C2F2004000781099496888422FD0FFE72A
:1041200010980179FEF764FB40F69C71C2F20041E1
:1041300091F800E0109AC2F804E0109A097804900F
:104140001046FFF73DFF8DF83B009DF83B0000282F
:104150000FD0FFE710980F99FEF7EEFB109801794A
:10416000FEF746FB10994FF0020E81F89CE2039097
:1041700004E01098FEF764FC0290FFE704E010985A
:10418000FEF75EFC0190FFE7FFE710E010980F9943
:10419000FEF7D2FB109840F69C71C2F200410978FC
:1041A000FEF726FB03218DF83B100090FFE79DF8FA
:1041B0003B008DF84700FFE79DF8470012B080BD37
:1041C00080B586B00A46034605900491049840885D
:1041D00001280392029309D1FFE705980121C0F855
:1041E000A4120598FEF72CFC019015E00498408875
:1041F00002280BD1FFE704988088000A059981F80E
:10420000A0020598FEF71CFC009004E005980499B4
:10421000FEF792FBFFE7FFE706B080BD000000005D
:1042200080B582B00146019001980091FFF794FD9E
:1042300002B080BD0000000080B588B00A46034689
:104240000790069100208DF817000698007800F07E
:1042500060000146002804920393029118D0FFE702
:104260000298202804D0FFE70298402849D1FFE7B0
:104270000798D0F8D41200EB8101D1F8B812896800
:10428000069A01911146019A90478DF817003DE07A
:10429000069840780146092800912CD80099DFE85B
:1042A00001F01B252A202A0A052A160F07980699CD
:1042B000FEF716FC24E007980699FFF731FE1FE091
:1042C00007980699FFF7A0FE8DF8170018E00798E9
:1042D0000699FEF7CDFB13E007980699FEF740FE1E
:1042E0000EE007980699FFF76BFF09E0079806991B
:1042F000FEF7A2FA04E007980699FEF71DFBFFE718
:1043000004E007980699FEF717FBFFE79DF81700F2
:1043100008B080BD0000000080B59AB00A46034690
:104320001990189100208DF85900189880888DF800
:104330005B001898007800F0600001460028159294
:10434000149313913CD0FFE71398202805D0FFE782
:104350001398402840F0DA81FFE719989DF85B1028
:10436000FEF792FA8DF85A009DF85A00FF2826D0E1
:10437000FFE79DF85A00002821D1FFE79DF85A0079
:104380001999C1F8D40219989DF85A1000EB8100D0
:10439000D0F8B8028068002810D0FFE719989DF87F
:1043A0005A1000EB8101D1F8B8128968189A12915D
:1043B0001146129A90478DF85900FFE7FFE7AAE1EE
:1043C0001898407801460028119100F0D980FFE745
:1043D0001198012857D0FFE71198032840F09081E9
:1043E000FFE7199890F89C0201460228109104D02A
:1043F000FFE7109803281FD03FE09DF85B000028DE
:1044000014D0FFE79DF85B0080280FD0FFE71998D4
:104410009DF85B10FFF77CFC19994FF0800E0F9010
:1044200008467146FFF774FC0E9004E0199818993D
:10443000FEF782FAFFE725E018984088002817D198
:10444000FFE79DF85B00002811D0FFE79DF85B00B7
:1044500080280CD0FFE71898C088002807D1FFE714
:1044600019989DF85B10FFF753FC0D90FFE7FFE7ED
:104470001998FEF7E5FA0C9004E019981899FEF7E0
:104480005BFAFFE741E1199890F89C020146022887
:104490000B9104D0FFE70B9803281FD06AE09DF82A
:1044A0005B00002814D0FFE79DF85B0080280FD048
:1044B000FFE719989DF85B10FFF72AFC19994FF058
:1044C000800E0A9008467146FFF722FC099004E02E
:1044D00019981899FEF730FAFFE750E018984088CD
:1044E000002846D1FFE79DF85B004006002807D072
:1044F000FFE719989DF85B10FEF71EFF0890FFE795
:104500001998FEF79DFADDF864E09DF85B100790BE
:104510007046FEF7B9F98DF85A009DF85A00FF2849
:1045200026D0FFE79DF85A00002821D1FFE79DF82B
:104530005A001999C1F8D40219989DF85A1000EB45
:104540008100D0F8B8028068002810D0FFE71998E1
:104550009DF85A1000EB8101D1F8B8128968189AB9
:1045600006911146069A90478DF85900FFE7FFE73C
:10457000FFE704E019981899FEF7DEF9FFE7C4E0B9
:10458000199890F89C0201460228059104D0FFE793
:10459000059803283AD0ADE09DF85B0000280AD0CA
:1045A000FFE79DF85B00802805D0FFE71998189970
:1045B000FEF7C2F9A3E09DF85B00000600280CD5C9
:1045C000FFE719989DF85B1001F07F0101EB810175
:1045D00000EB8100143004900CE019989DF85B10FA
:1045E00001F07F0101EB810100EB810000F5AA7071
:1045F0000490FFE70498179017980021016019981C
:1046000017990222FEF7F4F9039078E09DF85B0019
:104610000006002813D5FFE719989DF85B1001F0FC
:104620000F0101EB810100EB8100808C002805D196
:10463000FFE719981899FEF77FF960E013E01998E1
:104640009DF85B1001F00F0101EB810100EB81008F
:10465000B0F86401002805D1FFE719981899FEF712
:104660006BF94CE0FFE79DF85B00000600280CD5D5
:10467000FFE719989DF85B1001F07F0101EB8101C4
:1046800000EB8100143002900CE019989DF85B104B
:1046900001F07F0101EB810100EB810000F5AA70C0
:1046A0000290FFE7029817909DF85B00002805D064
:1046B000FFE79DF85B00802804D1FFE717980021F1
:1046C000016010E019989DF85B10FFF7EDF80028E5
:1046D00004D0FFE717980121016003E0179800213B
:1046E0000160FFE7FFE7199817990222FEF780F9AA
:1046F000019004E019981899FEF71EF9FFE704E00D
:1047000019981899FEF718F9FFE704E01998189915
:10471000FEF712F9FFE79DF859001AB080BD0000BE
:1047200080B588B00A4603460790069100208DF8B0
:1047300017000698007800F06000014600280492F7
:104740000393029108D0FFE70298202804D0FFE7E6
:104750000298402862D1FFE7079890F89C02013840
:10476000022855D8FFE70698007901284AD8FFE7C4
:10477000079806990979FEF793F88DF816009DF8C9
:104780001600FF282AD0FFE79DF81600002825D143
:10479000FFE707989DF8161000EB8100D0F8B802EB
:1047A0008068002815D0FFE79DF816000799C1F82A
:1047B000D40207989DF8161000EB8101D1F8B812C9
:1047C0008968069A01911146019A90478DF8170061
:1047D00003E003208DF81700FFE703E003208DF8C6
:1047E0001700FFE70698C08800280AD1FFE79DF868
:1047F0001700002805D1FFE70798FEF721F9009080
:10480000FFE704E007980699FEF796F8FFE704E053
:1048100007980699FEF790F8FFE704E007980699D5
:10482000FEF78AF8FFE79DF8170008B080BD00008A
:1048300082B001460190009102B070470000000074
:1048400082B00146019041F2A010C2F200400091F6
:1048500002B070470000000086B00A46034605908B
:104860000491059803900498007802900498407889
:1048700001280192009331D1FFE70498007800F0FD
:104880000F00012101FA00F080B20399D1F81C2831
:104890001043C1F81C080398029900EB4110D0F8AE
:1048A000000910F4004F18D1FFE7049881686FF3F6
:1048B000DF21007941EA8040029940EA8150039A61
:1048C00002EB4111D1F80029104348F20002C1F275
:1048D00000021043C1F80009FFE72EE004980078B9
:1048E00000F00F00012101FA00F00399D1F81C2813
:1048F00042EA0040C1F81C080398029900EB4110FD
:10490000D0F8000B10F4004F16D1FFE7049881682F
:104910006FF3DF21007941EA80400399029A01EBAD
:104920004211D1F8002B104348F20002C1F20002FC
:104930001043C1F8000BFFE7FFE7002006B0704707
:1049400083B001460290029801900198D0F80029A6
:1049500040F2FF739A43C0F800290198D0F8042868
:1049600042F48072C0F804280020009103B0704720
:1049700070B58EB0DDF848C09E4614460D4606461A
:10498000CDF824C00893079206919DF824108DF865
:1049900034100699079A089B0C930B920A91059084
:1049A0009DF82D00012803950294CDF804E00096AF
:1049B00023D1FFE70598816B21F48031816305984D
:1049C000C1684FF6BF72CFF6BD721140C160059845
:1049D000C16821F44011C1609DF83400012806D15E
:1049E000FFE70598C16841F48011C160FFE70598B1
:1049F00000F03EF88DF813001BE00598C16841F007
:104A00004001C160059800F033F88DF813009DF85F
:104A10003100002806D1FFE70598816B41F4803111
:104A2000816305E00598816B21F480318163FFE7A4
:104A3000FFE79DF82A00012816D1FFE70598C16D10
:104A400089B2C1650598C16D0022C0F2EE321143F2
:104A5000C1650598816841F006018160059881680B
:104A600041F020018160FFE79DF813000EB070BD9A
:104A700084B001460290002001900091FFE7019868
:104A8000013001900198B0F1706F04D9FFE7032065
:104A90008DF80F0026E0FFE70298006910F0004F44
:104AA000EDD0FFE7002001900298016941F001017B
:104AB0000161FFE70198013001900198B0F1706F3A
:104AC00004D9FFE703208DF80F000BE0FFE7029801
:104AD000006900F001000128ECD0FFE700208DF80C
:104AE0000F00FFE79DF80F0004B0704700000000C2
:104AF00086B00A46034605900491059803900498F1
:104B000000780290049840780128019200934ED1D9
:104B1000FFE70398029900EB4110D0F8000910F06C
:104B2000004F15D0FFE70398029900EB4110D0F831
:104B3000001941F00061C0F800190398029900EBD8
:104B40004110D0F8001941F08041C0F80019FFE78A
:104B50000498007800F00F00012101FA00F0002213
:104B6000CFF6FF7262EA0000039BD3F83CC800EA6C
:104B70000C00C3F83C080498007800F00F0001FA1C
:104B800000F062EA00000399D1F81C281040C1F837
:104B90001C080398029900EB4110D0F8001947F661
:104BA0000002CEF633421140C0F8001947E00398E6
:104BB000029900EB4110D0F8000B10F0004F15D017
:104BC000FFE70398029900EB4110D0F8001B41F079
:104BD0000061C0F8001B0398029900EB4110D0F867
:104BE000001B41F08041C0F8001BFFE704980078EB
:104BF00000F00F00012101FA00F0039AD2F83C38CE
:104C000023EA0040C2F83C080498007800F00F0046
:104C100001FA00F00399D1F81C2822EA0040C1F8FB
:104C20001C080398029900EB4110D0F8001B47F6CE
:104C30000002CEF6F3721140C0F8001BFFE700201F
:104C400006B070470000000083B001460290029851
:104C500001900198D0F8002E22F00302C0F8002E37
:104C60000198D0F8042822F00202C0F8042800209D
:104C7000009103B07047000083B001460290029893
:104C800001900198D0F8002E22F00302C0F8002E07
:104C90000198D0F8042842F00202C0F8042800204D
:104CA000009103B07047000070B594B0DDF860C0AB
:104CB0009E4614460D460646CDF83CC00E930D9216
:104CC0000C919DF83C108DF84C100C990D9A0E9B90
:104CD0001293119210910B9000208DF82B000B99DC
:104CE0000991089007950694CDF814E00496FFE723
:104CF00008980E280CD8FFE70B98089900EB810064
:104D00000021C0F80411FFE7089801300890EFE790
:104D10009DF84A00002817D1FFE70998D0F8041839
:104D200041F00201C0F804180B98816B21F40011C6
:104D300081630B98016841F0400101600B980168A4
:104D400041F08001016005E00B98816B41F4001196
:104D50008163FFE709980021C0F8001E9DF8450017
:104D6000012812D1FFE79DF84300002806D1FFE794
:104D70000B98002100F0FCFE039005E00B98012148
:104D800000F0F6FE0290FFE705E00B98032100F02B
:104D9000EFFE0190FFE70B98102100F0EDFC0028DA
:104DA00004D0FFE701208DF82B00FFE70B9800F0FF
:104DB000A7FC002804D0FFE701208DF82B00FFE7B7
:104DC00009980021C0F810180998C0F8141809981B
:104DD000C0F81C180891FFE708989DF84010884219
:104DE0003DD2FFE70998089900EB4110D0F800097F
:104DF00010F0004F17D0FFE70898002809D1FFE70F
:104E00000998089900EB41104FF00061C0F80019B3
:104E100008E00998089900EB41104FF09041C0F864
:104E20000019FFE707E00998089900EB41100021FD
:104E3000C0F80019FFE70998089900EB411000211C
:104E4000C0F810190998089900EB41104FF67F310E
:104E5000C0F80819FFE7089801300890BCE7002067
:104E60000890FFE708989DF8401088423DD2FFE780
:104E70000998089900EB4110D0F8000B10F0004F92
:104E800017D0FFE70898002809D1FFE7099808998B
:104E900000EB41104FF00061C0F8001B08E00998DA
:104EA000089900EB41104FF09041C0F8001BFFE75C
:104EB00007E00998089900EB41100021C0F8001B99
:104EC000FFE70998089900EB41100021C0F8101B7A
:104ED0000998089900EB41104FF67F31C0F8081B84
:104EE000FFE7089801300890BCE70998D0F810183F
:104EF00021F48071C0F810180B98002181610B9883
:104F00006FF0804141619DF84200002806D1FFE723
:104F10000B98816941F010018161FFE70B9881696D
:104F200043F60002C8F23C02114381619DF846003D
:104F3000002806D0FFE70B98816941F008018161E4
:104F4000FFE79DF84A00012808D1FFE70B98816927
:104F50000422C4F2000211438161FFE79DF82B0097
:104F600014B070BD0000000082B0014601900198AD
:104F7000826822F0010282600020009102B0704736
:104F800080B589B013468C46864607908DF81B1075
:104F90000592079804900798006C0390039843F2D9
:104FA0000B01C4F6547188420293CDF804C0CDF8C9
:104FB00000E00CD3FFE70498D0F8000B10F0004F8E
:104FC00004D0FFE700208DF823002EE0FFE70498CF
:104FD0000021C0F8101B0498D0F8101B41F40021E8
:104FE000C0F8101B0498D0F8101B41F01801C0F84D
:104FF000101B0498D0F8101B41F0C041C0F8101BE2
:105000009DF81B0001280CD1FFE705980499C1F811
:10501000140B0498D0F8001B41F08021C0F8001B4D
:10502000FFE700208DF82300FFE79DF8230009B07B
:1050300080BD00000000000086B00A4603460590CF
:1050400004910598039004980078029004984078A1
:1050500001280192009320D1FFE70398029900EB09
:105060004110D0F8001921F40011C0F8001904987B
:105070000079032805D0FFE70498007902280BD1B6
:10508000FFE70398029900EB4110D0F8001941F0B6
:105090008051C0F80019FFE71FE00398029900EB68
:1050A0004110D0F8001B21F40011C0F8001B049837
:1050B0000079032805D0FFE70498007902280BD176
:1050C000FFE70398029900EB4110D0F8001B41F074
:1050D0008051C0F8001BFFE7FFE7002006B07047D3
:1050E00086B00A46034605900491059803900498FB
:1050F000007802900498407801280192009324D10E
:10510000FFE70398029900EB4110D0F8000910F076
:10511000004F0FD1FFE7029800280BD0FFE703985C
:10512000029900EB4110D0F8001921F08041C0F83D
:105130000019FFE70398029900EB4110D0F800191D
:1051400041F40011C0F8001923E00398029900EB24
:105150004110D0F8000B10F0004F0FD1FFE702987C
:1051600000280BD0FFE70398029900EB4110D0F81C
:10517000001B21F08041C0F8001BFFE70398029953
:1051800000EB4110D0F8001B41F40011C0F8001BE7
:10519000FFE7002006B0704780B58CB013468C4600
:1051A00086460B900A918DF827200B9808900A9854
:1051B000007807900A98407801280593CDF810C030
:1051C000CDF80CE040F02D81FFE70A980069002837
:1051D0001FD1FFE70898079900EB4110D0F810198C
:1051E0006FF3DC41C0F810190898079900EB4110E3
:1051F000D0F8101941F40021C0F810190898079947
:1052000000EB4110D0F810196FF31201C0F810191B
:1052100073E00898079900EB4110D0F810196FF36C
:105220001201C0F810190898079900EB4110D0F846
:1052300010196FF3DC41C0F810190798002815D138
:10524000FFE70A9881680069884204D9FFE70A9855
:1052500081680161FFE70898079900EB4110D0F8D9
:10526000101941F40021C0F8101938E00A9881683B
:10527000006908440138B0FBF1F0ADF81A00BDF840
:105280001A000021C1F6F87101EAC0400899079A96
:1052900001EB4211D1F810291043C1F810090A9806
:1052A000007901281AD1FFE70898079900EB41100F
:1052B000D0F8101921F0C041C0F81019BDF81A003B
:1052C0004FF0C04101EA40700899079A01EB421182
:1052D000D1F810291043C1F81009FFE7FFE70A9839
:1052E00000696FF3DF400899079A01EB4211D1F88A
:1052F00010291043C1F81009FFE79DF82700012885
:105300003CD1FFE70A98C069002809D0FFE70A9856
:10531000C0690899079A01EB4211C1F81409FFE727
:105320000A98007901281ED1FFE70898D0F80808EC
:1053300010F4807F0BD1FFE70898079900EB41102C
:10534000D0F8001941F00051C0F800190AE008989F
:10535000079900EB4110D0F8001941F08051C0F8D6
:105360000019FFE7FFE70898079900EB4110D0F814
:10537000001941F00441C0F8001951E0089807995C
:1053800000EB4110D0F8001941F00441C0F80019B9
:105390000A980079012814D0FFE70A9800690028CC
:1053A0000ED0FFE70A98007800F00F00012101FA03
:1053B00000F00899D1F834281043C1F83408FFE709
:1053C0002DE00898D0F8080810F4807F0BD1FFE793
:1053D0000898079900EB4110D0F8001941F00051EE
:1053E000C0F800190AE00898079900EB4110D0F8BE
:1053F000001941F08051C0F80019FFE70B980A9995
:10540000CA680B8A09789DF827C0EE46CEF800C01E
:1054100002911146029A00F0ABFC0190FFE7FFE712
:10542000C8E00898079900EB4110D0F8101B6FF303
:105430001201C0F8101B0898079900EB4110D0F832
:10544000101B6FF3DC41C0F8101B0798002824D113
:10545000FFE70A980069002804D0FFE70A988168EE
:105460000161FFE70A98816801620A98006A6FF398
:10547000DF400899079A01EB4211D1F8102B104335
:10548000C1F8100B0898079900EB4110D0F8101BD9
:1054900041F40021C0F8101B4AE00A980069002876
:1054A00018D1FFE70A9880686FF3DF400899079AE0
:1054B00001EB4211D1F8102B1043C1F8100B0898E2
:1054C000079900EB4110D0F8101B41F40021C0F8FF
:1054D000101B2CE00A988168006908440138B0FB71
:1054E000F1F0ADF81A000A988168BDF81A2051430E
:1054F0000162BDF81A000021C1F6F87101EAC0404E
:105500000899079A01EB4211D1F8102B1043C1F80A
:10551000100B0A98006A6FF3DF400899079A01EBB5
:105520004211D1F8102B1043C1F8100BFFE7FFE731
:105530009DF8270001280FD1FFE70A98C0680028CE
:1055400009D0FFE70A98C0680899079A01EB421151
:10555000C1F8140BFFE7FFE70A98007901281ED174
:10556000FFE70898D0F8080810F4807F0BD1FFE718
:105570000898079900EB4110D0F8001B41F000514A
:10558000C0F8001B0AE00898079900EB4110D0F81A
:10559000001B41F08051C0F8001BFFE7FFE70898AF
:1055A000079900EB4110D0F8001B41F00441C0F80E
:1055B000001BFFE700200CB080BD000000000000D1
:1055C00087B00A46034606900591002004908DF8A6
:1055D0000F000698029005984078012801920093E8
:1055E0003FD1FFE702980599097800EB4110D0F808
:1055F000000910F0004F33D0FFE7029805990978B1
:1056000000EB4110D0F8001941F00061C0F800191A
:1056100002980599097800EB4110D0F8001941F083
:105620008041C0F80019FFE7049801300490049805
:1056300042F21171884204D3FFE701208DF80F0078
:105640000DE0FFE702980599097800EB4110D0F8CA
:10565000000900F00040B0F1004FE5D0FFE7FFE7A0
:105660003EE002980599097800EB4110D0F8000B54
:1056700010F0004F33D0FFE702980599097800EB4E
:105680004110D0F8001B41F00061C0F8001B0298E7
:105690000599097800EB4110D0F8001B41F08041DA
:1056A000C0F8001BFFE7049801300490049842F210
:1056B0001171884204D3FFE701208DF80F000DE03F
:1056C000FFE702980599097800EB4110D0F8000B2C
:1056D00000F00040B0F1004FE5D0FFE7FFE7FFE743
:1056E0009DF80F0007B0704782B001460190019805
:1056F000826842F0010282600020009102B070478F
:1057000084B001460290002001900091FFE70198CB
:10571000013001900198B0F1706F04D9FFE70320C8
:105720008DF80F0024E0FFE70298006910F0004FA9
:10573000EDD0FFE700200190029810210161FFE702
:105740000198013001900198B0F1706F04D9FFE722
:1057500003208DF80F000BE0FFE70298006900F0CE
:1057600010001028ECD0FFE700208DF80F00FFE7B5
:105770009DF80F0004B0704786B00A4603460490B7
:1057800003910020029001920093FFE702980130FC
:1057900002900298B0F1706F04D9FFE703208DF8F2
:1057A000170027E0FFE70498006910F0004FEDD0E4
:1057B000FFE7002002900398202141EA801004991D
:1057C0000861FFE70298013002900298B0F1706F13
:1057D00004D9FFE703208DF817000BE0FFE70498DA
:1057E000006900F020002028ECD0FFE700208DF8B1
:1057F0001700FFE79DF8170006B070470000000093
:1058000085B001460490049803900398D0F80808E6
:1058100000F00600019001980028009104D1FFE7F4
:1058200000208DF80B0010E00198022804D0FFE75B
:105830000198062804D1FFE702208DF80B0003E051
:105840000F208DF80B00FFE7FFE79DF80B0005B078
:10585000704700000000000082B0014601900198EE
:10586000406900F00100009102B0704700000000A4
:1058700084B001460390039802900298D0F818086B
:1058800001900298D0F81C08019A10400190BDF8D0
:105890000400009104B0704784B00146039003985F
:1058A00002900298D0F8180801900298D0F81C08CD
:1058B000019A10400190BDF80600009104B07047B5
:1058C00088B00A46034607908DF81B10079805908C
:1058D0000598D0F8100803900598D0F83408029085
:1058E00002989DF81B1001F00F01C84000F0010064
:1058F000039941EAC010039005989DF81B1000EB36
:105900004110D0F8080903990840049004980192C6
:10591000009308B07047000086B00A460346059021
:105920008DF813100598039003989DF8131000EB61
:105930004110D0F8080B02900398D0F8140802998F
:105940000840029002980192009306B07047000050
:1059500083B00146029002984069019002988069E4
:10596000019A104001900198009103B07047000027
:1059700080B58CB013468C4686460B900A91ADF8E4
:1059800026200B9808900A980790BDF826008008FA
:105990000490BDF8260000F00300ADF80E000020D2
:1059A00005900293CDF804C0CDF800E0FFE705981C
:1059B0000499884217D2FFE708984FF48051405865
:1059C0000799086007980130079007980130079001
:1059D000079801300790079801300790FFE7059876
:1059E00001300590E3E7BDF80E00002821D0FFE765
:1059F0000020059008984FF4805140580690FFE72A
:105A000006989DF81410C900C840079908700598B9
:105A100001300590079801300790BDF80E0001385D
:105A2000ADF80E00FFE7BDF80E000028E8D1FFE753
:105A3000FFE707980CB080BD80B588B00A460346E2
:105A400006908DF81710002004900698C16821F088
:105A5000C041C1609DF8170001280392029324D130
:105A6000FFE70698C16841F00051C160FFE70A20D6
:105A7000EFF756FA04980A300490FFE70698FFF70C
:105A8000EBFE4FF0000E0128CDF804E007D0FFE751
:105A900004980021C82838BF01210191FFE701982F
:105AA000C0070028E3D1FFE72DE09DF8170000288C
:105AB00024D1FFE70698C16841F08041C160FFE74B
:105AC0000A20EFF72DFA04980A300490FFE70698B1
:105AD000FFF7C2FE4FF0000E0028CDF800E007D01F
:105AE000FFE704980021C82838BF01210091FFE793
:105AF0000098C0070028E3D1FFE703E001208DF8FC
:105B00001F000CE0FFE70498C82804D1FFE701203C
:105B10008DF81F0003E000208DF81F00FFE79DF8BF
:105B20001F0008B080BD000085B00A4603460490FF
:105B30008DF80F10049802900298D0F8001821F404
:105B4000FE61C0F800189DF80F004FF4FE6101EAF5
:105B500000100299D1F800C840EA0C00C1F8000812
:105B600000200192009305B0704700000000000083
:105B700085B00A46034604908DF80F1004980290F1
:105B80009DF80F000299D1F800C840EA0C00C1F856
:105B9000000800200192009305B07047000000004B
:105BA00080B587B013468C468646069005918DF8E1
:105BB00013209DF8130002280293CDF804C0CDF8FD
:105BC00000E040F0B880FFE705984AF6C041C0F217
:105BD000D80188420BD3FFE705984EF2BF11C0F2FF
:105BE000E401884203D8FFE70F200390A2E0059864
:105BF0004EF2C011C0F2E40188420BD3FFE70598D2
:105C000042F2FF31C0F2F401884203D8FFE70E20D0
:105C100003908EE0059842F20041C0F2F401884200
:105C20000BD3FFE7059847F27F31C0F20611884297
:105C300003D8FFE70D2003907AE0059847F2803102
:105C4000C0F2061188420BD3FFE7059844F69F1176
:105C5000C0F21A11884203D8FFE70C20039066E0D7
:105C6000059844F6A011C0F21A1188420BD3FFE741
:105C7000059842F6FF41C0F23111884203D8FFE790
:105C80000B20039052E0059842F60051C0F231110A
:105C900088420BD3FFE705984AF23F41C0F24C110E
:105CA000884203D8FFE70A2003903EE005984AF2B5
:105CB0004041C0F24C1188420BD3FFE7059843F2F4
:105CC000FF51C0F26E11884203D8FFE7092003900C
:105CD0002AE0059843F20061C0F26E1188420BD3AE
:105CE000FFE705984AF61F31C0F2A611884203D893
:105CF000FFE70820039016E005984AF62031C0F22D
:105D0000A61188420BD3FFE7059844F2FF71C0F259
:105D1000E811884203D8FFE70720039002E006203D
:105D20000390FFE7FFE7FFE7FFE7FFE7FFE7FFE796
:105D3000FFE7FFE70BE09DF81300002803D1FFE722
:105D40000920039002E009200390FFE7FFE706988F
:105D5000C16821F47051C16003984FF4705101EA99
:105D600080200699CA681043C860002007B080BD33
:105D700070B58CB0DDF840C09E4614460D46064610
:105D80000B900A918DF82720ADF824308DF823C0B0
:105D90000B9807900A9806909DF823000028CDF8EC
:105DA0000CE002940195009629D1FFE7BDF824008C
:105DB00003308008059000200490FFE704980599BF
:105DC00088421BD2FFE70698006807999DF82720B4
:105DD00001EB02314FF48052885006980130069052
:105DE000069801300690069801300690069801301A
:105DF0000690FFE7049801300490DFE7FFE70020FA
:105E00000CB070BD00000000FFE7FEE700000000DE
:105E100080B504F0F1F904F0B7FA80BD000000008D
:105E200080B504F039FA04F0D7FA04F011FB80BD14
:105E300080B504F009FA04F0BBFA80BD0000000050
:105E400080B504F051FA04F0DBFA80BD00000000D8
:105E500080B504F071FA04F0E7FA04F005FB80BDA8
:105E600080B584B00146039041F20400CEF20000F8
:105E7000006802900298039A1268801A00EE100AD5
:105E8000B8EE400A40F2B820C2F2004090ED001A8D
:105E9000B8EE411A80EE010A8DED010A0298039ACC
:105EA0001060009101F03CFC9DED010A04B080BD42
:105EB00086B0B0EE601AB0EE402A014605908DED36
:105EC000040ACDED030A059890ED000ADDED040A01
:105ED000B4EEE00AF1EE10FA8DED021A8DED012A12
:105EE000009106DAFFE79DED040A059880ED000AAF
:105EF00011E0059890ED000A9DED031AB4EEC10A79
:105F0000F1EE10FA06DDFFE79DED030A059880ED3E
:105F1000000AFFE7FFE706B070470000000000003E
:105F200080B582B000F028F840F6F40EC2F2004EC0
:105F30009EED000AB8EE400ABEF8040001EE100A19
:105F4000B8EEC11A9FED092A01EE020ABEF806005A
:105F500001EE100AB8EEC11A9FED052A01EE020A01
:105F60008DED010A9DED010A02B080BD6F12833AEA
:105F7000BD3786350000000070B588B001F0D0FB59
:105F800041F2040ECEF2000EDEF800E0CDF81CE087
:105F900040F2D42EC2F2004EDEF800E00798002155
:105FA0004FF0FF320B46EEFB020340F2C822C2F272
:105FB0000042536010601068536840F2B82EC2F27D
:105FC000004EDEF800C00691194605926246069B17
:105FD000CDF810E0EAF76CFA42F21042C2F2004249
:105FE00051601060059801684368D2F800C0D2F88B
:105FF00004E0049C2568ACFB05C60EFB056EB1EB06
:106000000C0163EB0E0342F2184CC2F2004CCCF8C8
:106010000010CCF80430116840F6F402C2F20042DD
:106020001160DCF80000DCF8041040F2BC23C2F27E
:106030000043D3F800E003927246DDF818E00293C3
:106040007346CDF804C0EAF733FA039988800198C3
:1060500002684368B1F804C0DDF808E0DEF80040EB
:106060000CFB04FCB2EB0C0263F1000342F2204C87
:10607000C2F2004CCCF80020CCF80430DCF8000070
:10608000DCF8041040F2C022C2F200421268069B03
:10609000EAF70EFA0399C88008B070BD000000004E
:1060A000B0B592B09C4696460C46054611908DF8C8
:1060B00043108DF842208DF8413043F6B230C2F2E1
:1060C00000400421018043F6B031C2F200410822B1
:1060D0000A809DF84310119A11739DF84210119A8D
:1060E00051739DF84110119A9173119900220A740D
:1060F0009DF841100F900846CDF838C0CDF834E037
:106100000C940B95EAF77EF9119948611198406952
:106110009DF84110EAF7BAFA0F9801889DF84120DE
:1061200001FB02F0EAF76EF9119988611198806914
:106130000F990A889DF8413002FB03F1EAF7C8FA8B
:106140000F9801889DF8412001FB02F0EAF75AF907
:106150001199C8611198C0690F990A889DF841305A
:1061600002FB03F1EAF7B4FA0F9801889DF8432087
:1061700001FB02F0EAF746F9119908621198006AEA
:106180000F990A889DF8433002FB03F1EAF7A0FA61
:106190009DF84100EAF736F9119948621198406A72
:1061A0009DF84110EAF772FA0F9801889DF8432094
:1061B00001FB02F0EAF726F91199086011980068CE
:1061C0000F990A889DF8433002FB03F1EAF780FA41
:1061D0000F9801889DF8412001FB02F0EAF712F9BF
:1061E00011994860119840680F990A889DF84130CC
:1061F00002FB03F1EAF76CFA0F9801889DF8422040
:1062000001FB02F0EAF7FEF81199886011988068A6
:106210000F990A889DF8423002FB03F1EAF758FA19
:106220000F9801889DF8432001FB02F0EAF7EAF895
:106230001199C1F8E8001198D0F8E8000F990A8880
:106240009DF8433002FB03F1EAF742FA119800F19E
:106250003001027BD0F8E83001200A900846114650
:106260000A9A04F05FF90F9801889DF8432001FB1A
:1062700002F0EAF7C7F81199C1F8EC001198D0F8CC
:10628000EC000F990A889DF8433002FB03F1EAF70E
:106290001FFA119800F13801027BD0F8EC30084663
:1062A00011460A9A04F03EF99DF84200002828D0D1
:1062B000FFE743F6B230C2F2004001889DF8422069
:1062C000514309900846EAF79DF81199C1F8F0008A
:1062D0001198D0F8F00009990A889DF842E002FB75
:1062E0000EF1EAF7F5F9119800F14001427BD0F880
:1062F000F0300120089008461146089A04F012F97F
:10630000FFE743F6B230C2F2004001889DF8412019
:10631000514307900846EAF775F81199C1F8F4005F
:106320001198D0F8F40007990A889DF841E002FB23
:106330000EF1EAF7CDF9119800F14801827BD0F80F
:10634000F4300120069008461146069A04F0EAF857
:10635000079801889DF84320514301FB02F0EAF7BA
:1063600051F81199C1F8F8001198D0F8F800079980
:106370000A889DF843305A4302FB03F1EAF7A8F973
:10638000119800F15001027BD0F8F8300846114610
:1063900004F0C8F8079801889DF84320514301FB99
:1063A00002F0EAF72FF81199C1F8FC001198D0F823
:1063B000FC0007990A889DF843305A4302FB03F119
:1063C000EAF786F9119800F15801027BD0F8FC3009
:1063D0000846114604F0A6F8079801889DF8432066
:1063E000514301FB02F0EAF70DF81199C1F80001E1
:1063F000079801889DF84320514301FB02F0EAF71A
:1064000001F81199C1F804011198D0F80001079919
:106410000A889DF843305A4302FB03F1EAF758F922
:106420001198D0F8040107990A889DF843305A431F
:1064300002FB03F1EAF74CF9119800F16001027BCD
:10644000D0F800310846114604F06CF8119800F1BC
:106450006801027BD0F804310846114604F062F866
:106460009DF8420000282FD0FFE743F6B230C2F279
:10647000004001889DF8432051439DF8422051433C
:1064800005900846E9F7BEFF1199C1F80801119877
:10649000D0F8080105990A889DF843E002FB0EF246
:1064A0009DF842E002FB0EF1EAF712F9119800F1B3
:1064B0007001027B90F80DE0D0F8083108461146D3
:1064C000724604F02FF8FFE743F6B230C2F2004004
:1064D00001889DF8412051439DF843205143049089
:1064E0000846E9F78FFF1199C1F80C01049801885B
:1064F0009DF8432051439DF8412001FB02F0E9F74C
:1065000081FF1199C1F810011198D0F80C0104997C
:106510000A889DF841E002FB0EF29DF843E002FB81
:106520000EF1EAF7D5F81198D0F8100104990A880D
:106530009DF843E002FB0EF29DF841E002FB0EF1F4
:10654000EAF7C6F8119800F17801027B90F80EE0A6
:10655000D0F80C310846714603F0E4FF119800F1C1
:106560008001027B837BD0F810010390084611461E
:106570001A46039B03F0D6FF049801889DF8432038
:10658000514301FB02F0E9F73DFF1199C1F81401F5
:106590001198D0F8140104990A889DF843305A43A1
:1065A00002FB03F1EAF794F8119800F18801027BED
:1065B000D0F814310846114603F0B4FF049801885E
:1065C0009DF84120514301FB02F0E9F71BFF1199AF
:1065D000C1F818011198D0F8180104990A889DF89B
:1065E00041305A4302FB03F1EAF772F8119800F1C7
:1065F0009001827BD0F818310846114603F092FFD3
:10660000049801889DF8432051439DF8412001FBE7
:1066100002F0E9F7F7FE1199C1F81C011198D0F8C2
:106620001C0104990A889DF843305A439DF8413073
:1066300002FB03F1EAF74CF8119800F19801027B94
:10664000837BD0F81C010290084611461A46029B33
:1066500003F068FF04980188119A127B514301FBF3
:1066600002F0E9F7CFFE1199C1F8200104980188E2
:10667000119A127B514301FB02F0E9F7C3FE119915
:10668000C1F8240104980188119A127B514301FB3F
:1066900002F0E9F7B7FE1199C1F8280104980188C2
:1066A000119A127B01FB02F0E9F7ACFE1199C1F8D7
:1066B0002C0104980188119A127B01FB02F0E9F782
:1066C000A1FE1199C1F83001119800F1A001027BDF
:1066D000D0F820310846114603F024FF119800F14C
:1066E000A801027BD0F824310846114603F01AFFB6
:1066F000119800F1B001027BD0F82831084611460C
:1067000003F010FF119800F1B801027BD0F82C3192
:106710000120019008461146019A03F003FF1198E9
:1067200000F1C001027BD0F8303108461146019AD1
:1067300003F0F8FE1198002180F82810119880F8D5
:106740002910119880F82A10119880F82B101198B0
:1067500080F82C1012B0B0BD80B588B0014607900B
:10676000079890F82A000028069140F08C80FFE7F7
:10677000079800F17801803005900846059904F0EB
:1067800055F9079981F8C8000798B0F87810A0F873
:10679000A8100798B0F85A10A0F8AA10079800F1AE
:1067A000780100F1580E00F1A8020846714604F085
:1067B00027F8079981F8C8000798B0F8A810A0F842
:1067C000B0100798B0F88210A0F8B210079800F146
:1067D000A80100F18002B030049008461146049AE6
:1067E00004F00EF8079981F8C8000798B0F89010E7
:1067F000A0F8A0100798B0F89210A0F8A21007987F
:1068000000F1B00100F19002A0300390084611465B
:10681000039A03F031FE079981F8C800079800F148
:10682000A001B03002900846029903F07FFE07995C
:1068300081F8C8000798B0F85810A0F8A810079879
:10684000B0F88210A0F8AA10079800F1580100F1E2
:106850008002A830019008461146019A03F0D0FF4B
:10686000079981F8C800079800F1A80100F1B0026B
:106870009830009008461146009A03F0C1FF07992E
:1068800081F8C800FFE708B080BD000000000000EC
:1068900080B586B013468C46864605900491ADF8C7
:1068A0000E200293CDF804C0CDF800E006B080BD04
:1068B00080B588B0014607900798059100F0E0F890
:1068C0000798D0F8CC00002805D0FFE70798D0F84B
:1068D000CC108847FFE7079800F06EFE0798D0F8C5
:1068E000D000002805D0FFE70798D0F8D0108847DF
:1068F000FFE7079800F010FE0798D0F8D4000028B2
:1069000005D0FFE70798D0F8D4108847FFE707982D
:10691000007C002805D1FFE70798C07B002820D124
:10692000FFE70798FFF718FF0798D0F8D80000286E
:1069300005D0FFE70798D0F8D8108847FFE70798F9
:1069400000F086FD0798D0F8DC00002805D0FFE7AE
:106950000798D0F8DC108847FFE7079800F0DCF9CB
:1069600028E00798D0F8E810D0F8EC2043F6B233CE
:10697000C2F20043B3F800C0007B0CFB00F00490AF
:1069800008461146049A0393E9F74EFE0798D0F89B
:10699000F810D0F8FC20039BB3F800C0007B0CFB80
:1069A00000FC0CFB00F0029008461146029AE9F741
:1069B0003BFEFFE70798D0F8E000002805D0FFE78E
:1069C0000798D0F8E0108847FFE700208DF81B00FB
:1069D000FFE79DF81B000799097B884230DAFFE743
:1069E0000798D0F8F8109DF81B20037B12FB0323B7
:1069F00001EB830191ED000A006A00EB820090ED4B
:106A0000001AB4EEC10AF1EE10FA12DAFFE70798A5
:106A1000016A9DF81B2001EB820191ED000AD0F87C
:106A2000F810007B12FB002001EB800080ED000AD3
:106A3000FFE7FFE79DF81B0001308DF81B00C8E75A
:106A400007980168D0F8E82043F6B233C2F2004359
:106A50001B88007B5843019008461146019AE9F7CC
:106A6000E3FD0798D0F8E400002805D0FFE7079879
:106A7000D0F8E4108847FFE70798006808B080BDA9
:106A800080B586B0014605900598C07B002804912A
:106A900004D0FFE7059800F063FE1FE00598D0F8EA
:106AA000F410426843F6B233C2F20043B3F800C0B8
:106AB000807B0CFB00F0039008461146039A02937A
:106AC000E9F7B2FD05984168029A1388807B584324
:106AD000019008460199E9F7FBFDFFE70598D0F81A
:106AE000F010826843F6B233C2F200431B88407B49
:106AF0005843009008461146009AE9F795FD06B004
:106B000080BD00000000000080B582B043F6A830D0
:106B1000C2F200400168013101600068B0F5FA6F0F
:106B200007D9FFE743F6B430C2F2004001210170FB
:106B3000FFE743F6B430C2F200400078C0070028F7
:106B400023D0FFE743F2E070C2F20040019002F070
:106B500043FE019802F008FD43F6BC30C2F200404B
:106B600080ED000A019802F00BFD43F6B830C2F246
:106B7000004080ED000A019802F0EAFC43F6C030C4
:106B8000C2F2004080ED000AFFE702B080BD0000C5
:106B900080B590B00146B0EE423AB0EE614AB0EE38
:106BA000415AB0EE606AB0EE407A8DED0F0ACDED3D
:106BB0000E0A8DED0D1ACDED0C1A8DED0B2A0A90F3
:106BC0000A98012202709DED0F0A0A9880ED6C0A66
:106BD0009DED0E0A0A9880ED6D0A9DED0D0A0A984A
:106BE00080ED6E0A0A984CF67742C3F22B22C0F869
:106BF000CC210A98002280F838210A98C0F8442154
:106C0000C0F840210A98C0F84C21C0F848219DEDF9
:106C10000C0AB7EE001AB4EEC10AF1EE10FA0991AF
:106C20008DED083A8DED074A8DED065A8DED056A1A
:106C30008DED047A04DDFFE74FF07E500C90FFE706
:106C40009DED0C0A0A9880ED740A9DED0B0A0A98D6
:106C500080ED640A0A98043006210022032303927F
:106C6000FFF71EFA0A9800F5E07100F5E4730120C1
:106C7000029008460299029A03F054FC0A98D0F850
:106C8000EC004FF07E5101600A98D0F8EC000399B7
:106C900041600A98D0F8EC0081600A98D0F8EC00C6
:106CA000C1600A9847F6A922C0F60102C0F8D020B8
:106CB0000A9848F2E912C0F60102C0F8D4200A98F6
:106CC00047F62912C0F60102C0F8D8200A9847F604
:106CD0000132C0F60102C0F8DC200A98029A80F85E
:106CE0002E200A9880F82F200A98D0F804014BF241
:106CF0001831C0F6010190231A460193E9F794FC7C
:106D00000A98D0F8FC0040F22C01C2F20041019A2E
:106D1000E9F78AFC10B080BD80B586B001460590C9
:106D2000059890F82C000028049142D1FFE70598BF
:106D3000B0F89810A0F8A8100598B0F87A10A0F84C
:106D4000AA100598B0F8A810A0F8B0100598B0F8EF
:106D50005A10A0F8B210059800F1980100F17802DD
:106D6000A830039008461146039A03F049FD05999F
:106D700081F8C800059800F1A80100F15802B03070
:106D8000029008461146029A03F03AFD059981F8EF
:106D9000C800059800F1580100F1B0025030019090
:106DA00008461146019A03F0EBFD059981F8C800E9
:106DB000FFE706B080BD000080B598B011A902467B
:106DC000B0EE434AB0EE625AB0EE426AB0EE617A7B
:106DD000F0EE413AF0EE604AF0EE405A81ED060ADC
:106DE000C1ED050A81ED041AC1ED031A81ED022AF5
:106DF000C1ED012A81ED003A10901098007800282A
:106E00000E910D928DED0C4A8DED0B5A8DED0A6AA7
:106E10008DED097ACDED083ACDED074ACDED065A54
:106E20000ED1FFE71098B2EE040ADFEDDA0A9FED0B
:106E3000DA1AF7EE001A9FEDD92AFFF7A9FEFFE74D
:106E40000E9890ED000A109981ED6F0A90ED060AF8
:106E5000109991ED581A30EE410A81ED5B0A90EDE0
:106E6000050A109991ED591A30EE410A81ED5C0A3C
:106E700090ED040A109991ED5A1A30EE410A81ED15
:106E80005D0A109991ED5B0AB6EE001A20EE010A38
:106E900090ED002A20EE020A42F22C41C2F200419B
:106EA00081ED000A109A92ED5C0A20EE010A90ED45
:106EB000002A20EE020A42F23042C2F2004282ED83
:106EC000000A109B93ED5D0A20EE010A90ED001A76
:106ED00020EE010A42F23443C2F2004383ED000A7D
:106EE000DDF840C0DCF804014BF2183CC0F6010CA0
:106EF0004FF0900E05916146049272460393E9F7B4
:106F000093FB059890ED000AB1EE400A1099D1F874
:106F1000041181ED010A049991ED000AB1EE400AD5
:106F2000109AD2F8042182ED020A039A92ED000A27
:106F3000B1EE400A109BD3F8043183ED030A90EDC3
:106F4000000A109BD3F8043183ED060A92ED000A83
:106F5000109BD3F8043183ED080A91ED000AB1EEDD
:106F6000400A109BD3F8043183ED090A91ED000A21
:106F7000109BD3F8043183ED0C0A92ED000AB1EEB8
:106F8000400A109BD3F8043183ED0D0A90ED000AFE
:106F9000109BD3F8043183ED0F0A92ED000A109B89
:106FA000D3F8043183ED120A91ED000A109BD3F857
:106FB000043183ED130A90ED000AB1EE400A109BF4
:106FC000D3F8043183ED140A109BD3F848C1D3F8E9
:106FD0004C3143EA0C03002B11D1FFE70E9890EDE2
:106FE000030A109981ED5E0A90ED020A109981ED75
:106FF0005F0A90ED010A109981ED600AFFE7109891
:1070000090ED5E0A90ED641A90ED6F2A20EE010A71
:1070100032EE011A80EE010A0E9991ED033A23EE49
:10702000022A82EE011A30EE010A80ED5E0A109803
:1070300090ED5F0A90ED641A90ED6F2A20EE010A40
:1070400032EE011A80EE010A91ED023A23EE022A95
:1070500082EE011A30EE010A80ED5F0A109890ED81
:10706000600A90ED641A90ED6F2A20EE010A32EE6C
:10707000011A80EE010A91ED013A23EE022A82EE16
:10708000011A30EE010A80ED600A109890ED5E0A58
:1070900090ED5F1A90ED602A21EE011A00EE001AC1
:1070A00002EE021AB0EE410A01F0D6F942F228408F
:1070B000C2F2004080ED000A00208DF83F00FFE79B
:1070C0009DF83F0002281BDCFFE710989DF83F1059
:1070D00000EB810292ED5E0A42F22842C2F20042C7
:1070E00092ED001A20EE010A806800EB810080ED2D
:1070F000000AFFE79DF83F0001308DF83F00DFE711
:10710000109890ED5B0A90ED5C1A90ED5D2A21EEEF
:10711000011A00EE001A02EE021AB0EE410A01F066
:107120009BF9B7EE001A81EE000A109880ED650A0F
:1071300042F22840C2F2004090ED000A81EE000ABF
:10714000109880ED660A109890ED650A9FEDB91AC7
:10715000B4EEC10AF1EE10FA22DAFFE7109890EDD2
:10716000660A9FEDB51AB4EEC10AF1EE10FA17DD0A
:10717000FFE7109890ED660A9FEDB01AB4EEC10AD1
:10718000F1EE10FA0CDAFFE71098012180F83911BE
:107190000BE000BF6F12833A8096184B000000008E
:1071A0001098002180F83911FFE7109890ED6C0AD3
:1071B00090ED6F1A20EE010AD0F8180180ED000A58
:1071C000109890ED6C0A90ED6F1A20EE010AD0F83D
:1071D000180180ED070A109890ED6C0A90ED6F1A77
:1071E00020EE010AD0F8180180ED0E0A109890EDFB
:1071F0006C0A90ED6F1A20EE010AD0F8180180EDAC
:10720000150A109890ED6D0A90ED6F1A20EE010AA4
:10721000D0F8180180ED1C0A109890ED6D0A90EDE1
:107220006F1A20EE010AD0F8180180ED230A109899
:1072300090ED6E0AD0F81C0180ED000A109890EDD8
:107240006E0AD0F81C0180ED040A109890ED6E0AC9
:10725000D0F81C0180ED080A10980430FFF728FBD5
:10726000DDF840E0DEF8041091ED000A8EED540ADE
:107270001099D1F804E09EED010A81ED550A1099AC
:10728000D1F804E09EED020A81ED560A1099D1F87A
:1072900004E09EED030A81ED570A1099D1F804E04D
:1072A0009EED040A81ED580A1099D1F804E09EED94
:1072B000050A81ED590A40F2AC11C2F2004191ED8C
:1072C000000A109981ED5A0A109991ED540A91ED36
:1072D000551A91ED562A91ED573A21EE022A00EE09
:1072E000032A32EE022A21EE011A00EE001A31EED4
:1072F000010AB7EE001A70EE410AB0EE420A02909F
:107300008DED011A03F050FD9FED4D1A20EE010A9C
:10731000109880ED6A0A109890ED540A90ED552A65
:1073200090ED563AD0ED570A23EE203A00EE023A9D
:1073300033EE032A20EEA03A00EE003A33EE030AC1
:107340009DED013A70EE430AB0EE420A8DED001A4F
:1073500003F02AFD9DED001A20EE010A109880ED41
:10736000690A109890ED540A90ED552A90ED563A1E
:10737000D0ED570A22EE202A00EE432AB8EE000A8A
:1073800022EE000A03F07AFC9DED001A20EE010ABD
:10739000109880ED680A109890ED6A0A90ED762AB0
:1073A00030EE420A9FED272AB4EEC20AF1EE10FA3F
:1073B00007DDFFE71098B0F8D4110139A0F8D41117
:1073C00016E0109890ED6A0A90ED761A30EE410AB8
:1073D0009FED1D1AB4EEC10AF1EE10FA07DAFFE7CD
:1073E0001098B0F8D4110131A0F8D411FFE7FFE7ED
:1073F0001098B0F9D41100EE101AB8EEC00A90ED52
:107400006A1A9FED122A00EE021A80ED6B1A10988C
:1074100090ED6A0A80ED760A1098D0F84811D0F8FD
:107420004C21013142F10002C0F84811C0F84C2152
:1074300018B080BD9A99993ECDCC1441CDCC244151
:10744000E12E654200003443000034C30000B44321
:1074500080B588B001460790079890F82B00002867
:10746000069157D1FFE70798B0F87810A0F8B81048
:1074700007980121A0F8BA10079800F1780200F1EE
:107480003803B8300590104604911946059A03F068
:10749000B7F9079981F8C8000798B0F84810A0F824
:1074A000C01007980499A0F8C210079800F148028C
:1074B00000F1B801C03003901046039A03F060FA5F
:1074C000079981F8C8000798B0F89810A0F8B8108C
:1074D00007980499A0F8BA10079800F1980200F1F3
:1074E000C001B83002901046029A03F089F907995A
:1074F00081F8C800079800F1380100F1B802303077
:10750000019008461146019A02F0B6FF079981F8EA
:10751000C800FFE708B080BD80B586B00146059081
:10752000059890F829000028049143D1FFE70598B9
:1075300000F16001683003900846039903F076FA81
:10754000059981F8C800059800F1600100F1500E1E
:1075500000F158020846714603F052F9059981F886
:10756000C8000598B0F85810A0F8A8100598B0F811
:107570006A10A0F8AA10059800F1580100F16802FD
:10758000A830029008461146029A03F039F905998D
:1075900081F8C800059800F1A80100F18802583070
:1075A000019008461146019A02F066FF059981F89C
:1075B000C800FFE706B080BD80B588B001460790DF
:1075C000079890F828000028069154D1FFE7079803
:1075D000407B01283EDBFFE70798017BA0F8B8104D
:1075E00007980121A0F8BA10079800F1600200F195
:1075F0003003B8300590104604911946059A03F0FF
:10760000FFF8079981F8C8000798017BA0F8C0101F
:1076100007980499A0F8C210079800F1700200F1D1
:107620004001C03003901046039A03F0E9F807992F
:1076300081F8C800079800F1B80100F1C0023830A5
:10764000029008461146029A02F016FF079981F847
:10765000C8000FE0079800F1600100F130023830F7
:10766000019008461146019A03F0CAF8079981F87B
:10767000C800FFE7FFE708B080BD00000000000081
:1076800083B0B0EE401A8DED020A9DED020AB5EE10
:10769000C00AF1EE10FA8DED011A05DDFFE79DED50
:1076A000020A8DED000A06E09DED020AB1EE400AE5
:1076B0008DED000AFFE79DED000A03B07047000062
:1076C00084B0B0EE401A8DED030A41F20400CEF210
:1076D000000000680290039801908DED001AFFE70A
:1076E00041F20400CEF2000000680299401A00EE58
:1076F000100AB8EE400A9DED011A40F2B820C2F21D
:10770000004090ED002AB8EE422A21EE021AB4EEB3
:10771000C10AF1EE10FA01DAFFE7E1E704B07047C1
:1077200081B041F20400CEF20000006800900098A1
:1077300040F2D021C2F200410968884208D2FFE736
:1077400040F2D420C2F20040016801310160FFE73D
:10775000009840F2D021C2F20041086001B07047A9
:1077600010B58AB001460990099800220274099860
:10777000D0F8F430D0F804C043F6B23EC2F2004E66
:10778000BEF80040807B6043079018460691614632
:10779000079B05921A46CDF810E0E8F745FF0998D7
:1077A0004168049A1388807B5843039008460399E4
:1077B000E8F78EFF0998D0F81811049A1388807B97
:1077C00043435843029008460299E8F781FF09981D
:1077D000D0F80C11049A138890F80CC0807B03FB3E
:1077E0000CF35843019008460199E8F771FF05989A
:1077F0008DF82300FFE79DF823000999897B8842D3
:1078000044DAFFE70998D0F8F4009DF8231000EB64
:10781000810090ED000AB5EE400AF1EE10FA2ED08C
:10782000FFE70998D0F8F4109DF8232001EB8202BD
:1078300092ED000A007C01EB800080ED000A9DF8CB
:10784000230009994A6A097C5054099881699DF876
:10785000232001EB820191ED000AD0F80C11037B8B
:1078600090F810C04069805C13FB0C0001EB8000B5
:1078700000ED010A0998017C01310174FFE7FFE77F
:107880009DF8230001308DF82300B4E700208DF827
:107890002200FFE79DF822000999097C88421ADA44
:1078A000FFE70998C169426A9DF82230D25C01EB7A
:1078B000820191ED000AD0F81811007C13FB003012
:1078C00001EB800080ED000AFFE79DF82200013007
:1078D0008DF82200DEE70998017CA0F8781009985D
:1078E000017BA0F87A100998017BA0F88010099814
:1078F000017CA0F882100998017CA0F890100998EA
:10790000017CA0F892100998017BA0F898100998C2
:10791000017CA0F89A100998017CA0F848100AB0E0
:1079200010BD00000000000070B586B00146059053
:107930000598D0F8EC0090ED000A30EE000A42F213
:107940003840C2F2004080ED000A059AD2F8EC20DF
:1079500092ED010A30EE000A42F23C42C2F20042CD
:1079600082ED000A059BD3F8EC3093ED020A30EE6D
:10797000000A42F24043C2F2004383ED000ADDF800
:1079800014C0DCF8ECC09CED030A30EE000A42F2B1
:10799000444CC2F2004C8CED000ADDF814E0DEF835
:1079A0000C4143F6B235C2F200452D889EF80C60BA
:1079B0009EF80EE005FB0EFE0EFB06FE0490204630
:1079C000039171460293CDF804C00092E8F780FE5F
:1079D000029890ED000AB1EE400A0599D1F80C1119
:1079E00081ED000A019991ED000A059AD2F80C2167
:1079F00082ED010A049A92ED000AB1EE400A059B5D
:107A0000D3F80C3183ED020A009B93ED000ADDF8F8
:107A100014C0DCF80CC18CED030A93ED000ADDF80C
:107A200014C0DCF80CC18CED060A92ED000ADDF8FA
:107A300014C0DCF80CC18CED070A91ED000ADDF8EA
:107A400014C0DCF80CC18CED080A90ED000ADDF8DA
:107A500014C0DCF80CC18CED090A92ED000ADDF8C7
:107A600014C0DCF80CC18CED0C0A93ED000AB1EEE9
:107A7000400ADDF814C0DCF80CC18CED0D0A90ED65
:107A8000000AB1EE400ADDF814C0DCF80CC18CED40
:107A90000E0A91ED000ADDF814C0DCF80CC18CED83
:107AA0000F0A06B070BD000080B584B00146039097
:107AB0000398D0F8F80040F22C02C2F20042902362
:107AC00002901046029A019111461A46E8F7ACFD61
:107AD0000398D0F81C1140F22830C2F2004048222E
:107AE0000092E8F7A1FD0398D0F80C1140F2E020D5
:107AF000C2F20040009AE8F797FD04B080BD000094
:107B000080B598B001461790179800F17802803040
:107B100014901046149A1391114602F087FF17999A
:107B200081F8C8001798B0F87810A0F8A810179836
:107B3000B0F85A10A0F8AA10179800F1780100F1D7
:107B40005802A830129008461146129A02F058FEC8
:107B5000179981F8C8001798B0F8A810A0F8B010CD
:107B60001798B0F88210A0F8B210179800F1A80189
:107B700000F18002B030119008461146119A02F0CF
:107B80003FFE179981F8C8001798B0F89010A0F838
:107B9000A0101798B0F89210A0F8A210179800F152
:107BA000B00100F19002A030109008461146109AE2
:107BB00002F062FC179981F8C800179800F1A00143
:107BC000B0300F9008460F9902F0B0FC179981F879
:107BD000C8001798D0F8EC0090ED000A42F2484037
:107BE000C2F2004080ED000A1799D1F8EC1091ED37
:107BF000010A42F24C41C2F2004181ED000A179A9B
:107C0000D2F8EC2092ED020A42F25042C2F2004257
:107C100082ED000ADDF85CE0DEF8ECE09EED030AA0
:107C200042F2544EC2F2004E8EED000A179BB3F89A
:107C300078C0A3F8B8C0179B4FF0010CA3F8BAC0E6
:107C400091ED000A9EED001A20EE010A90ED001A57
:107C500092ED002A01EE420A30EE000A179BD3F89B
:107C60002C3183ED000A90ED000A91ED001A92ED9F
:107C7000002A9EED003A22EE032A00EE012A32EE9F
:107C8000020A179BD3F82C3183ED010A90ED000A0C
:107C900020EE000A91ED001A01EE410A92ED001A61
:107CA00001EE410A9EED001A01EE010A1798D0F884
:107CB0002C0180ED020A00208DF85B00FFE79DF8A3
:107CC0005B0002281EDCFFE71798D0F82C019DF816
:107CD0005B1000EB810090ED000AB0EEC00A02F0EC
:107CE00041FF9DF85B0040F2D831C2F2004101EB48
:107CF000800080ED610AFFE79DF85B0001308DF8A0
:107D00005B00DCE71798B0F84810A0F8C01017988F
:107D10000121A0F8C210179800F1480200F1B80341
:107D2000C0300E9010460D9119460E9A02F028FEB2
:107D3000179981F8C8001798B0F8C010A0F8A810DB
:107D400017980D99A0F8AA10179800F1B00200F149
:107D5000C001A8300C9010460C9A02F051FD179902
:107D600081F8C80017980D99A0F8B8101798B0F8C6
:107D7000C020A0F8BA20179800F1C00200F1B801A5
:107D8000104602F053FE179981F8C800179800F1C9
:107D9000B801A83040F2D832C2F2004202F5E073D6
:107DA0000B9008460B990A921A4602F029FD179982
:107DB00081F8C8000A9890ED720A90ED731AB6EE39
:107DC000002A21EE021AB4EEC10AF1EE10FA08DA26
:107DD000FFE740F2D830C2F20040012180F83811AC
:107DE000FFE740F2D830C2F2004090ED720A90ED09
:107DF000731AB4EEC10AF1EE10FA74DDFFE740F237
:107E0000D830C2F2004090F8380100286BD0FFE76C
:107E100040F2D830C2F2004090F83901002810D06A
:107E2000FFE740F2D830C2F20040D0F84011D0F85D
:107E30004421013142F10002C0F84011C0F8442150
:107E400009E040F2D830C2F200400021C0F84411ED
:107E5000C0F84011FFE740F2D830C2F20040D0F83D
:107E60004011D0F84401333970F1000009910890B5
:107E70000BD3FFE740F2D830C2F20040002180F877
:107E80003811179880F82C102CE01798D0F8E810CB
:107E9000D0F8EC2043F6B233C2F20043B3F800C08E
:107EA000007B0CFB00F0079008461146079A0693EA
:107EB000E8F7BAFB1798D0F8F810D0F8FC20069B2A
:107EC000B3F800C0007B0CFB00FC0CFB00F005903D
:107ED00008461146059AE8F7A7FB1798012180F894
:107EE0002C1074E143E040F2D830C2F2004090ED33
:107EF000720A90ED731A9FEDB72A21EE021AB4EEC2
:107F0000C10AF1EE10FA1CDDFFE740F2D830C2F2F0
:107F1000004090F83801002813D0FFE740F2D83035
:107F2000C2F2004090ED720A90ED731A31EE400AF1
:107F30009FEDA92A21EE021A80EE010A80ED670A60
:107F400008E040F2D830C2F200404FF07E51C0F855
:107F50009C11FFE740F2D830C2F200400021C0F887
:107F60004411C0F84011179880F82C10FFE71798BB
:107F7000B0F85810A0F8A8101798B0F88210A0F820
:107F8000AA10179800F1580100F18002A83004905F
:107F900008461146049A02F033FC179981F8C8008C
:107FA000179800F1A80100F1B0029830039008463C
:107FB0001146039A02F024FC179981F8C8000020AA
:107FC0008DF85A00FFE79DF85A001799B1F89820EC
:107FD000B1F89A10514388421ADAFFE740F2D830DC
:107FE000C2F2004090ED670A1798D0F81C019DF886
:107FF0005A1000EB810090ED001A21EE000A80ED8E
:10800000000AFFE79DF85A0001308DF85A00DAE7C0
:1080100004208DF85900FFE79DF85900052835DC4C
:10802000FFE700208DF85800FFE79DF85800022870
:1080300025DCFFE79DF8590040F2D831C2F200413B
:1080400001EB800191ED5D0A9FED661A80EE010A59
:108050001799D1F81C1100EB40009DF858201044EE
:1080600001EB800090ED001A21EE000A80ED000A7D
:10807000FFE79DF8580001308DF85800D5E7FFE77D
:108080009DF8590001308DF85900C5E71798B0F8F0
:108090009810A0F8B81017980121A0F8BA101798F6
:1080A00000F1980100F1C002B83002900846114674
:1080B000029A02F0A5FB179981F8C80040F2D83067
:1080C000C2F2004090F8380100286BD0FFE704208E
:1080D0008DF85700FFE79DF85700052861DCFFE7A2
:1080E0001798D0F8BC009DF8571000EB810090ED78
:1080F000000A40F2D830C2F2004090ED6F1A9FEDB6
:10810000372A21EE021AB4EEC10AF1EE10FA14DD9C
:10811000FFE740F2D830C2F2004090ED6F0A9FEDC9
:108120002F1A20EE010A1798D0F8BC009DF85710BE
:1081300000EB810080ED000AFFE71798D0F8BC0043
:108140009DF8571000EB810090ED000A40F2D83006
:10815000C2F2004090ED6F1A9FED212A21EE021A23
:10816000B4EEC10AF1EE10FA14DAFFE740F2D830AB
:10817000C2F2004090ED6F0A9FED191A20EE010A3D
:108180001798D0F8BC009DF8571000EB810080EDE7
:10819000000AFFE7FFE79DF8570001308DF8570010
:1081A00099E7FFE71798D0F8BC000021C160179845
:1081B00000F1380100F1B802303001900846114654
:1081C000019A02F059F9179981F8C800FFE718B031
:1081D00080BD00BFCDCCCC3D6666663F0AD7233C50
:1081E0000AD723BCDA0FC93F80B584B0014603909B
:1081F0000398D0F8EC0090ED000A42F25840C2F229
:10820000004080ED000A039AD2F8EC2092ED010ABA
:1082100042F25C42C2F2004282ED000A039BD3F8B4
:10822000EC3093ED020A42F26043C2F2004383ED68
:10823000000ADDF80CC0DCF8ECC09CED030A42F249
:10824000644CC2F2004C8CED000A90ED000A92EDF5
:10825000001A21EE011A00EE001A93ED000A00EE5A
:10826000001A9CED000A00EE001AB0EE410A0191DE
:1082700000F0F2F842F26840C2F2004080ED000ADD
:1082800000208DF80B00FFE79DF80B0003281ADC97
:10829000FFE742F26840C2F2004090ED000A039806
:1082A000D0F8EC009DF80B1000EB810090ED001A67
:1082B00021EE000A80ED000AFFE79DF80B00013077
:1082C0008DF80B00E0E742F25C40C2F2004090ED16
:1082D000000A40F2D831C2F2004191ED6F1A20EE4F
:1082E000010AB0EE001A80EE010A039AD2F80021CA
:1082F00082ED040A42F26042C2F2004292ED000AAC
:1083000091ED6F2A20EE020A80EE010A039BD3F85A
:10831000003183ED050A42F25843C2F2004393ED67
:10832000000A91ED6F2A20EE420A80EE010ADDF884
:108330000CC0DCF800C18CED0A0A42F2644CC2F2B7
:10834000004C9CED000A91ED6F2A20EE020A80EEAF
:10835000010ADDF80CE0DEF800E18EED0B0A9CED81
:10836000000A91ED6F2A20EE420A80EE010ADDF844
:108370000CC0DCF800C18CED100A93ED000A91ED01
:108380006F2A20EE420A80EE010A039BD3F80031E7
:1083900083ED110A92ED000A91ED6F2A20EE020A98
:1083A00080EE010A039AD2F8002182ED160A90EDC0
:1083B000000A91ED6F2A20EE420A80EE010A03982E
:1083C000D0F8000180ED170A91ED740A0398D0F8F7
:1083D000F80090ED1C1A81EE000A80ED1C0A91ED68
:1083E000740A0398D0F8F80090ED231A81EE000A81
:1083F00080ED230A0398D0F8F80090ED1C0A9FED59
:10840000151AB4EEC10AF1EE10FA09DDFFE7039880
:10841000D0F8F80044F20001C4F21C610167FFE7E4
:108420000398D0F8F80090ED230A9FED0A1AB4EEF5
:10843000C10AF1EE10FA0ADDFFE70398D0F8F80060
:1084400044F20001C4F21C61C0F88C10FFE704B0D4
:1084500080BD00BF00401C4685B0B0EE401A8DEDD7
:10846000040A9DED040AB6EE002A20EE020A8DED04
:10847000030A0498029002980190019845F686211B
:10848000C5F63771A1EB60000190019802909DED57
:10849000020A9DED032A22EE002AB7EE083A02EE08
:1084A000403A20EE030A8DED020A9DED020A8DEDA1
:1084B000001A05B07047000084B00146039003988D
:1084C00040F2BC02C2F2004213684DF6836CC4F263
:1084D0001B3CA3FB0C3C4FEA9C4CC0F808C0126844
:1084E00044F6D35CC1F2620CA2FB0C2C4FEA9C1C3C
:1084F000C0F80CC002910192009304B070470000D4
:1085000080B586B00A46034605900491059803900D
:108510000292019300F070F903990A7910430871EF
:108520004879002805D0FFE70499039800F008FA7D
:1085300022E0049843F6AC01C3F62231416204986C
:1085400041F2B061C3F6CE1181620498C162049811
:1085500041F23F61C4F21B110163049890ED0C0AD3
:108560009FED071A81EE000A80ED080A04980021A9
:10857000C4F220218161FFE70398007906B080BD35
:10858000C3F51C410000000080B588B00A460346D0
:1085900007900691079842F26E41C2F200414FF0F7
:1085A000120C4FF0060E059004916146DDF810C0E4
:1085B000039262460293734600F08AFD04980178A4
:1085C000427841EA022142F26C42C2F2004211803A
:1085D000B2F9001000EE101AB8EEC00A40F2000125
:1085E000C2F2004191ED001A20EE010A069B83EDD4
:1085F000000A837890F803C043EA0C231380B2F991
:10860000003000EE103AB8EEC00A91ED001A20EEEC
:10861000010A069B83ED010A037990F805C043EA3D
:108620000C231380B2F9002000EE102AB8EEC00A25
:1086300091ED001A20EE010A069981ED020A00214F
:1086400008230598049A00F0FFFC049801780F298C
:1086500040F09580FFE70598417900294AD0FFE76F
:1086600042F26E40C2F200408178C27841EA0221B3
:1086700042F26C42C2F200421180B2F9001000EEE8
:10868000101AB8EEC00A40F20401C2F2004191EDA6
:10869000001A069B93ED092A10EE012A83ED032AA6
:1086A000037990F805C043EA0C231380B2F9003037
:1086B00000EE103AB8EEC00A91ED001A069B93ED59
:1086C0000A2A10EE012A83ED042A8379C07943EA4D
:1086D00000201080B2F9000000EE100AB8EEC00AC7
:1086E00091ED001A069890ED0B2A10EE012A80ED0C
:1086F000052A43E042F26E40C2F200408178C2781F
:1087000041EA022142F26C42C2F200421180B2F907
:10871000001000EE101AB8EEC00A40F20401C2F2D6
:10872000004191ED001A20EE010A069B83ED030A39
:10873000037990F805C043EA0C231380B2F90030A6
:1087400000EE103AB8EEC00A91ED001A20EE010AD0
:10875000069B83ED040A8379C07943EA00201080E8
:10876000B2F9000000EE100AB8EEC00A91ED001A4E
:1087700020EE010A069880ED050AFFE7FFE742F2C6
:108780006E40C2F2004022210223059A0190104659
:10879000019A00F09DFC019801784278C90041EAF5
:1087A000521142F26C42C2F200421180B2F9001042
:1087B000B1F5806F09DBFFE742F26C40C2F2004086
:1087C0000188A1F500610180FFE742F26C40C2F22E
:1087D0000040B0F9000000EE100AB8EEC00AB4EE96
:1087E000001AB3EE072A00EE012A069880ED072A48
:1087F00008B080BD0000000080B58CB001460A9032
:108800000A9800228DF827208DF826200DF12703E5
:1088100008900791114606921A46059300F0A4FCB1
:108820009620089904900846049900F0B9FD08982C
:108830000699059A00F098FC0898049900F0B0FD9C
:108840007E21B622089800F0C7FC5021089800F05D
:1088500057FD08980699059A00F086FC0898049937
:1088600000F09EFD08980699059A00F07DFC089896
:10887000049900F095FD9DF827001E2804D0FFE71D
:10888000FF208DF82F0056E000208DF82600FFE72E
:108890009DF8260005284ADCFFE79DF8260000EB3E
:1088A000400040F29211C2F200410A18085C52786E
:1088B000089B03901846DDF80CC00291614600F059
:1088C0008BFC9620089901900846019900F068FDFC
:1088D0009DF8260000EB40000299095C0DF127028B
:1088E000089800F041FC0898019900F059FD9DF8A6
:1088F00027009DF8261001EB4101029A11444978A6
:1089000088420DD0FFE79DF8260000EB400040F2C2
:108910009211C2F20041084480788DF82F000AE0DD
:10892000FFE79DF8260001308DF82600B0E7002013
:108930008DF82F00FFE79DF82F000CB080BD0000E0
:1089400080B596B008AA0B468446159014911598E8
:1089500000211391129105920493CDF80CC002905E
:10896000FDF7DEFA42F27840C2F2004080ED000AE4
:10897000FFE7FDF7D5FA42F2784EC2F2004E9EEDC7
:10898000001A30EE410AB2EE041AB4EEC10AF1EE5A
:1089900010FA1ADDFFE7149843F6AC01C3F6223152
:1089A0004162149841F2B061C3F6CE11816214980D
:1089B000C162149841F23F61C4F21B110163149823
:1089C0000021C4F220218161FAE29FEDEA0AFEF75C
:1089D00077FEDDF850E00020CEF83000DDF850E002
:1089E000CEF82400DDF850E0CEF82800DDF850E0A5
:1089F000CEF82C00ADF81E00FFE7BDF81E0040F2D7
:108A0000A411C2F200410988884280F2EB81FFE79D
:108A1000122112A80623029A01901046019A00F032
:108A200057FB9DF848009DF8491040EA0120ADF839
:108A30004600BDF9460000EE100AB8EEC00A40F24A
:108A40000000C2F2004090ED001A20EE010A1499D5
:108A500081ED000A9DF84A109DF84B2041EA022161
:108A6000ADF84610BDF9461000EE101AB8EEC00A77
:108A700090ED001A20EE010A149981ED010A9DF88B
:108A80004C109DF84D2041EA0221ADF84610BDF989
:108A9000461000EE101AB8EEC00A90ED001A20EE53
:108AA000010A149880ED020A149890ED000A90EDE6
:108AB000011A90ED022A21EE011A00EE001A02EED0
:108AC000021AB0EE410A02F097FA059880ED020A08
:108AD00090ED020A149991ED0C1A31EE000A81ED25
:108AE0000C0A002108230298019A00F0ADFA9DF8C3
:108AF00048000F285FD1FFE79DF84A009DF84B1012
:108B000040EA0120ADF84600BDF9460000EE100A2B
:108B1000B8EEC00A40F20400C2F2004090ED001A24
:108B200020EE010A149981ED030A149991ED030ACC
:108B300091ED091A31EE000A81ED090A9DF84C10F9
:108B40009DF84D2041EA0221ADF84610BDF94610CE
:108B500000EE101AB8EEC00A90ED001A20EE010ADD
:108B6000149981ED040A149991ED040A91ED0A1A01
:108B700031EE000A81ED0A0A9DF84E109DF84F2053
:108B800041EA0221ADF84610BDF9461000EE101A78
:108B9000B8EEC00A90ED001A20EE010A149880ED9C
:108BA000050A149890ED050A90ED0B1A31EE000AB3
:108BB00080ED0B0AFFE7BDF81E0000282DD1FFE76E
:108BC0000A9809900A98089000208DF81D00FFE788
:108BD0009DF81D0002281FDCFFE714989DF81D106A
:108BE00000EB810090ED030A0EA800EB810080ED00
:108BF000000A14989DF81D1000EB810090ED030A07
:108C00000BA800EB810080ED000AFFE79DF81D0036
:108C100001308DF81D00DBE76AE0059890ED020A4F
:108C200090ED011AB4EEC10AF1EE10FA03DDFFE790
:108C30000A980990FFE7059890ED020A90ED001A56
:108C4000B4EEC10AF1EE10FA03DAFFE70A980890D1
:108C5000FFE700208DF81C00FFE79DF81C000228AC
:108C600045DCFFE714989DF81C1000EB810090EDA7
:108C7000030A0EA800EB810090ED001AB4EEC10AC1
:108C8000F1EE10FA0DDDFFE714989DF81C1000EBD3
:108C9000810090ED030A0EA800EB810080ED000A30
:108CA000FFE714989DF81C1000EB810090ED030A7B
:108CB0000BA800EB810090ED001AB4EEC10AF1EEB2
:108CC00010FA0DDAFFE714989DF81C1000EB8100F4
:108CD00090ED030A0BA800EB810080ED000AFFE78E
:108CE000FFE79DF81C0001308DF81C00B5E7FFE799
:108CF000059890ED010A90ED001A30EE410A42F21B
:108D00008841C2F2004181ED000A00218DF81B105C
:108D1000FFE79DF81B0002281DDCFFE79DF81B0004
:108D20000EA901EB800191ED000A0BA901EB800176
:108D300091ED001A30EE410A42F28C41C2F200413C
:108D400001EB800080ED000AFFE79DF81B00013079
:108D50008DF81B00DDE742F28840C2F2004090ED42
:108D6000000AB6EE001AB4EEC10AF1EE10FA2DDCDC
:108D700002E000BF0AD7A33B42F28C40C2F200409F
:108D800090ED000A9FED941AB4EEC10AF1EE10FACC
:108D90001CDCFFE742F28C40C2F2004090ED010A79
:108DA0009FED8D1AB4EEC10AF1EE10FA0EDCFFE76A
:108DB00042F28C40C2F2004090ED020A9FED861A0A
:108DC000B4EEC10AF1EE10FA01DDFFE70AE09FED13
:108DD000830AFEF775FCFFE7BDF81E000130ADF811
:108DE0001E000AE640F2A410C2F20040008800EE25
:108DF000100AB8EE400A149890ED0C1A81EE000AA1
:108E000080ED0C0A00208DF81A00FFE79DF81A008B
:108E100002281BDCFFE740F2A410C2F200400088E9
:108E200000EE100AB8EE400A14989DF81A1000EBF4
:108E3000810090ED091A81EE000A80ED090AFFE732
:108E40009DF81A0001308DF81A00DFE7222112AADE
:108E50000223029800F03CF99DF848009DF8491063
:108E6000C00040EA5110ADF84600BDF94600B0F52B
:108E7000806F07DBFFE7BDF84600A0F50060ADF8A6
:108E80004600FFE7BDF9460000EE100AB8EEC00A42
:108E9000B4EE001AB3EE072A00EE012A149880ED12
:108EA000062A42F27E40C2F2004001880131018070
:108EB000FFE742F28840C2F2004090ED000A012034
:108EC000B6EE001AB4EEC10AF1EE10FA009071DCB1
:108ED000FFE7149890ED0C0A9FED411A30EE010A5D
:108EE000B0EEC00A0120B6EE001AB4EEC10AF1EEEF
:108EF00010FA00905EDCFFE742F28C40C2F20040C4
:108F000090ED000A01209FED341AB4EEC10AF1EE93
:108F100010FA00904EDCFFE742F28C40C2F20040B3
:108F200090ED010A01209FED2C1AB4EEC10AF1EE7A
:108F300010FA00903EDCFFE742F28C40C2F20040A3
:108F400090ED020A01209FED241AB4EEC10AF1EE61
:108F500010FA00902EDCFFE7149890ED090AB0EEAD
:108F6000C00A01209FED1F1AB4EEC10AF1EE10FAFB
:108F700000901FDCFFE7149890ED0A0AB0EEC00ADB
:108F800001209FED181AB4EEC10AF1EE10FA00901C
:108F900010DCFFE7149890ED0B0AB0EEC00A9FEDCD
:108FA000111A0020B4EEC10AF1EE10FAC8BF012078
:108FB0000090FFE70098C00700287FF4DAACFFE7D5
:108FC000149890ED0C0A9FED081A81EE000A80EDCE
:108FD000080A16B080BD00BF9A99193E6F12033A75
:108FE000CDCC1CC10AD7233CC3F51C4100000000B6
:108FF00010B588B00A46034607908DF81B100798F5
:109000009DF81B10D0F800C08CF80A1001680968A0
:10901000EC464FF0010ECCF800E040F6000CC5F62F
:10902000020C0824059008466146049222460393E8
:109030007346F6F759FC05990A6892F88A2002905F
:10904000104608B010BD0000B0B58AB09C469646E8
:109050000C46054609908DF8231007928DF81B30B9
:10906000099840F60001C5F602010822059008465D
:109070001146CDF810C0CDF80CE002940195EDF743
:10908000D7FA9DF8230040F080010598FFF7B0FF64
:109090000090FFE79DF81B0000280FD0FFE7552147
:1090A0000598FFF7A5FF079908700798013007900A
:1090B0009DF81B0001388DF81B00EBE740F600001F
:1090C000C5F602000821EDF7B3FA0AB0B0BD000002
:1090D000B0B58CB09C4696460C4605460B908DF874
:1090E0002B1009928DF823300B9840F60001C5F63D
:1090F00002010122079008461146CDF818C0CDF8AC
:1091000014E004940395EDF793FA9DF82B0040F0DA
:1091100080010798FFF76CFF9DF82B1041F080014C
:10912000079A02901046FFF763FF0190FFE79DF852
:10913000230000280FD0FFE755210798FFF758FFBD
:10914000099908700998013009909DF823000138A9
:109150008DF82300EBE740F60000C5F60200012180
:10916000EDF766FA0CB0B0BD80B58CB013468C46F6
:1091700086460B908DF82B1009920B9840F6000153
:10918000C5F6020101220890084607911146069390
:10919000CDF814C0CDF810E00392EDF749FA9DF830
:1091A0002B0040F080010898FFF722FF5521089A14
:1091B000029010460191FFF71BFF089900900846A6
:1091C0000199FFF715FF0999087007980399EDF7C2
:1091D0002FFA0CB080BD000080B58AB013468C46D3
:1091E000864609908DF823108DF82220099840F6C4
:1091F0000001C5F6020101220790084606911146BA
:109200000593CDF810C0CDF80CE00292EDF710FAFE
:109210009DF823100798FFF7EBFE9DF82210079AA0
:1092200001901046FFF7E4FE069900900846029967
:10923000EDF7FEF90AB080BD80B588B013468C46C4
:109240008646069005910492069805990029039395
:10925000CDF808C0CDF804E0009004D1FFE700206D
:109260008DF81F0046E00598006843F20001C4F243
:109270000101884207D1FFE740F2B850C2F2004036
:109280000099086025E00598006843F60001C4F2E3
:109290000001884207D1FFE740F2CC60C2F20040F3
:1092A0000099086014E00598006843F60041C4F294
:1092B0000001884207D1FFE740F2E070C2F20040AF
:1092C0000099086003E000208DF81F0012E0FFE71E
:1092D000FFE7FFE70098FFF7EFF8FFE70499009832
:1092E000FFF70EF9002801D0FFE7F7E701208DF81E
:1092F0001F00FFE79DF81F0008B080BD00000000C0
:1093000089B00A4603460890ADF81E10089800215F
:10931000069105910491039102914EF21401CEF24F
:10932000000109680291BDF81E10C068484306900C
:109330004EF21800CEF200000068059001920093F2
:10934000FFE74EF21800CEF2000000680490049887
:10935000059988421ED0FFE704980599884207D2F4
:10936000FFE705980499401A03990844039008E020
:1093700002980499401A05990844039908440390F7
:10938000FFE70498059003980699884201D3FFE708
:1093900001E0FFE7D5E709B07047000000000000DA
:1093A00089B00A4603460890ADF81E1008980021BF
:1093B000069105910491039102914EF21401CEF2AF
:1093C000000109680291BDF81E10806848430690AC
:1093D0004EF21800CEF20000006805900192009352
:1093E000FFE74EF21800CEF20000006804900498E7
:1093F000059988421ED0FFE704980599884207D254
:10940000FFE705980499401A03990844039008E07F
:1094100002980499401A0599084403990844039056
:10942000FFE70498059003980699884201D3FFE767
:1094300001E0FFE7D5E709B0704700000000000039
:1094400082B001460190019800220271427182604F
:10945000C260009102B0704784B00A460346039090
:10946000029102984FF07E51016002980021416004
:10947000029881600298C1600192009304B0704725
:1094800082B00146019001984FF07E5202600022A6
:1094900042600023C4F27A438360C2600261426189
:1094A000009102B070470000B0B588B09C46964667
:1094B0000C460546079006918DF81720ADF814303C
:1094C000BDF8140006990968C96A8842CDF810C031
:1094D000CDF80CE00294019506D9FFE706980068E4
:1094E000C06AADF81400FFE7BDF81400B0F1FF3F0B
:1094F00004DCFFE70020ADF81400FFE79DF817003B
:1095000001460C28009121D80099DFE801F0071FDF
:109510001F1F0D1F1F1F131F1F1F1900BDF8140051
:1095200006990968486311E0BDF8140006990968B6
:1095300088630BE0BDF8140006990968C86305E06C
:10954000BDF81400069909680864FFE708B0B0BDCB
:1095500082B001460190019890ED410A009102B05D
:10956000704700000000000082B0014601900198A1
:1095700090ED3F0A009102B070470000000000002B
:1095800082B001460190019890ED400A009102B02E
:109590007047000000000000B0B588B09C469646B9
:1095A0000C4605460790069105920493049890EDA9
:1095B000000A90ED011A90ED022A90ED033AB6EE02
:1095C000004AB0EE445A02EE425A03EE435A06985D
:1095D00021EE026A00EE436A90ED007AD0ED010AB6
:1095E000D0ED021A26EE206A05EE076A20EE020A86
:1095F00001EE030A00EE216A36EE060A059880EDB8
:10960000000A049890ED000A90ED011A90ED022AEC
:1096100090ED033A20EE035A01EE025A0698B0EE9E
:10962000446A01EE416A03EE436A90ED007AD0EDA0
:10963000010AD0ED021A26EE206A05EE076A22EE34
:10964000032A00EE412A02EE216A36EE060A059848
:1096500080ED010A049890ED000A90ED011A90ED5A
:10966000022A90ED033A21EE035A00EE425A069880
:1096700020EE010A02EE030A90ED003A90ED016A35
:1096800090ED027A20EE060A05EE030A01EE414A49
:1096900002EE424A04EE070A30EE000A059880ED19
:1096A000020ACDF80CC0CDF808E00194009508B08E
:1096B000B0BD000000000000B0B588B09C469646E2
:1096C0000C4605460790069105920493049890ED88
:1096D000000A90ED011A90ED022A90ED033AB6EEE1
:1096E000004AB0EE445A02EE425A03EE435A06983C
:1096F00020EE036A01EE026A90ED007AD0ED010AD5
:10970000D0ED021A26EE206A05EE076A21EE031A52
:1097100000EE421A01EE216A36EE060A059880ED47
:10972000000A049890ED000A90ED011A90ED022ACB
:1097300090ED033A21EE025A00EE435A0698B0EE3D
:10974000446A01EE416A03EE436A90ED007AD0ED7F
:10975000010AD0ED021A26EE206A05EE076A20EE15
:10976000010A02EE030A00EE216A36EE060A0598A7
:1097700080ED010A049890ED000A90ED011A90ED39
:10978000022A90ED033A20EE025A01EE035A06989F
:1097900022EE033A00EE413A90ED000A90ED016AA4
:1097A00090ED027A23EE063A05EE003A01EE414AC8
:1097B00002EE424A04EE073A33EE030A059880EDC2
:1097C000020ACDF80CC0CDF808E00194009508B06D
:1097D000B0BD00000000000080B588B001460790D1
:1097E000079842F27C42C2F20042137801331370B0
:1097F00000F56F72059010460491FCF731FB059857
:1098000080EDED0A90EDED0A90EDEE1A31EE000AD2
:1098100080EDEE0A2830059901F53C71FEF7B4FEA3
:109820000598D0F8F01200F18C02C0F8A810D0F81A
:10983000F412C0F8AC10D0F8F812C0F8B010D0F89C
:10984000FC12C0F89C10D0F80013C0F8A010D0F89B
:109850000413C0F8A41090ED270AD0ED280A90ED6B
:10986000291AD0ED2A1A90ED2B2AD0ED2C2A90ED52
:10987000ED3A00F588700392FDF79EFA0598D0F84E
:109880006012D0F86422D0F86832D0F86CE2C0F8E8
:1098900098E0C0F89430C0F89020C0F88C1000F523
:1098A000567100F1D002039BFFF776FE059800F594
:1098B000597100F1DC02039BFFF76EFE059800F57D
:1098C0005C7100F1E802039BFFF766FE059800F566
:1098D000697143F6C432C2F20042039BFFF7ECFE0B
:1098E00000208DF81B00FFE79DF81B0002282CDCF0
:1098F000FFE79DF81B00059901EB800243F6C43396
:10990000C2F2004303EB800090ED000A92ED2A1AA8
:1099100092ED2D2A31EE400A91ED331A91EDED3A98
:1099200020EE030A31EE033A80EE030A22EE011A1A
:1099300081EE031A30EE010A82ED2D0AFFE79DF851
:109940001B0001308DF81B00CEE7059800F18C0359
:1099500000F1B40100F1C002FFF71EFE059800F00F
:10996000CBF842F27C40C2F20040007848F21F512E
:10997000C5F2EB11A0FB01121209322302FB130006
:10998000002802913AD1FFE7059800F1380190EDE7
:10999000C30A0846019100F093FB9FED1B0A019852
:1099A00000F09EF9019800F0AFF9019800F07CFBFF
:1099B000B5EEC00AF1EE10FA0ADCFFE743F280319F
:1099C000C2F200410C2200230598FFF76DFD14E060
:1099D0000598383000F068FBBDEEC00A10EE100AA2
:1099E00043F28031C2F200410C22DDF814E0009015
:1099F0007046009BFFF758FDFFE7FFE70120059940
:109A000081F8C40308B080BD0000204200000000BF
:109A100080B588B001460790079800F1280200F54C
:109A20003C7343F2F82CC2F2004C069010460591AC
:109A300061461A46FFF700FC642104900846EBF7E4
:109A40006FFA069800F55F71FFF706FD069800F5BE
:109A50008870B2EE040A9FED201A9FED202AF7EEDF
:109A6000001A9FED1F3AF0EE410A8DED031AB0EE99
:109A7000421AB0EE432A8DED023AFDF789F844F21E
:109A80009630C3F60B400699C1F8CC0001F13800BE
:109A90009FED140ADFED140A9FED142ADFED142A5E
:109AA00000219DED021ADDED021A9DED023ADDED79
:109AB000023A9DED024ADDED034A9DED025A00F0A7
:109AC00083FA43F28030C2F200400C21F2F72CFFFF
:109AD000019008B080BD00BF6F12833A8096184B8A
:109AE00000000000000048430000964300007A4355
:109AF0000000FA430000000080B586B001460590E2
:109B0000059842F28042C2F200421368D2F804C0C3
:109B100001334CF1000C1360C2F804C0D0F8B82235
:109B2000C0F80421D0F8B422C0F80021D0F8B02247
:109B3000C0F8FC20D0F8BC22C0F8082190EDDF0A64
:109B400090EDE01A90EDE12A90EDE23A21EE022A42
:109B500000EE032A32EE022A21EE011A00EE001A6C
:109B600031EE010AB7EE001A70EE410AB0EE420A79
:109B7000039102908DED011A01F016F9029880ED23
:109B8000E30A90EDDF0A90EDE01A90EDE12A90ED06
:109B9000E23A21EE031A00EE421AB8EE000A21EE74
:109BA000000A01F06BF8029880EDE40A90EDDF0AFC
:109BB00090EDE01A90EDE12A90EDE23A22EE032AD0
:109BC00000EE012A32EE021A23EE032A00EE002AEA
:109BD00032EE020A9DED012A70EE420AB0EE410A11
:109BE00001F0E2F8029880EDE50A4FF000010491DF
:109BF000FFE70498022815DCFFE70498029901EBBF
:109C0000800090EDE30A9FED081A20EE010A9FED17
:109C1000071A80EE010A80EDE60AFFE7049801309A
:109C20000490E6E706B080BD00003443DA0F4940F7
:109C300080B584B001460390039802900191FFF72C
:109C40001FFC02982830FFF7FBFB0298383000F029
:109C50004BFA4FF07E500299C1F858034FF0000EB6
:109C6000C1F85CE3C1F860E3C1F864E3C1F86803DC
:109C7000C1F86CE3C1F870E3C1F874E3C1F878038C
:109C8000C1F87CE3C1F880E3C1F884E3C1F888E35C
:109C9000C1F88CE3C1F890E3C1F894E3C1F898E30C
:109CA000C1F89CE3C1F8A0E3C1F8A4E3C1F8A8E3BC
:109CB0004FF2C350C4F21C10C1F8AC030020C4F230
:109CC0002020C1F8B00381F8C0E381F8C1E381F836
:109CD000C2E381F8C3E381F8C4E3084604B080BD61
:109CE00084B0B0EE401A014603908DED020A03984D
:109CF0009DED020A80ED110A8DED011A009104B06C
:109D0000704700000000000080B58CB001460B9049
:109D10000B9800220A9209920892079290ED110A7C
:109D200090ED121A30EE410A8DED060A9DED060AFD
:109D300003910290FDF7A4FC8DED050A9DED050A47
:109D4000029890ED011AB4EEC10AF1EE10FA07DAAA
:109D5000FFE70298816C4164002106910591FFE7BD
:109D6000029890ED080A9DED061A20EE010A8DED8D
:109D70000A0A90ED0E0AB5EE400AF1EE10FA0DD186
:109D8000FFE7029890ED0F0AB5EE400AF1EE10FAE7
:109D900004D1FFE74FF07E50049044E09DED050AAA
:109DA000029890ED0E1AB4EEC10AF1EE10FA04DC3E
:109DB000FFE74FF07E50049026E0029890ED0E0AE7
:109DC0009DED051AB4EEC10AF1EE10FA1BDAFFE7B9
:109DD0009DED050A029890ED0F1AB4EEC10AF1EE5E
:109DE00010FA10DAFFE7029890ED0E0A90ED0F1AC4
:109DF0009DED052A31EE422A31EE400A82EE000A3C
:109E00008DED040AFFE7FFE79DED050A029890ED4E
:109E10000F1AB4EEC10AF1EE10FA03DBFFE70020DF
:109E20000490FFE7FFE7029890ED0C0AB5EE400AB8
:109E3000F1EE10FA12D0FFE702984C30029991ED42
:109E4000090A91ED0C1AB1EE412A82EE002AC1EE08
:109E5000000AB0EE420AFCF72BF8FFE7029890EDFB
:109E6000100AB5EE400AF1EE10FA18D1FFE79DEDA9
:109E7000040A029890ED001A90ED132A20EE010AD0
:109E80009DED061A00EE012A80ED132A90ED090AD5
:109E900090ED131A20EE010A8DED090A28E09DEDE0
:109EA000050A029890ED101AB4EEC10AF1EE10FA0C
:109EB00018DAFFE79DED040A029890ED001A90ED84
:109EC000132A20EE010A9DED061A00EE012A80ED0C
:109ED000132A90ED090A90ED131A20EE010A8DED78
:109EE000090A04E000200299C8640990FFE7FFE72F
:109EF0000298017A002912D1FFE7029890ED000A3A
:109F000090ED061A90ED0A2A9DED063A33EE411ABD
:109F100022EE011A81EE000A8DED080A11E0029886
:109F200090ED000A90ED051A90ED072A90ED0A3A9F
:109F300032EE411A23EE011A81EE000A8DED080A75
:109F4000FFE7029890ED040A90ED0B1A90ED112AAC
:109F500032EE400A20EE010A8DED070A9DED0A0A55
:109F60009DED091A30EE010A9DED081A30EE010A46
:109F70009DED071A30EE010A80ED070A90ED0D0AFB
:109F8000B5EE400AF1EE10FA10D0FFE702981C304F
:109F9000029991ED0D0AB1EE401A8DED010AB0EE75
:109FA000410ADDED010AFBF783FFFFE70298816CB0
:109FB000C160416C0161C1694161069981610CB068
:109FC00080BD0000000000002DED0C8B9AB00EAAA1
:109FD0000B46B0EE456AB0EE647AF0EE445AF0EE0D
:109FE000636AF0EE437AB0EE628AB0EE429AB0EE67
:109FF00061AAB0EE41BAB0EE60CAB0EE40DA844673
:10A00000199082ED0A0AC2ED090A82ED081AC2ED22
:10A01000071A82ED062AC2ED052A82ED043AC2ED46
:10A02000033A82ED024AC2ED014A82ED005A8DF8F0
:10A030003710199892ED0A0A80ED080A17994162C3
:10A04000169981621599C16214990163139941634C
:10A050000F9901600E994160129981631199C16352
:10A06000109901649DF837100172CDF830C00B9340
:10A070008DED0A6A8DED097ACDED085ACDED076AAE
:10A08000CDED067A8DED058A8DED049A8DED03AA4E
:10A090008DED02BA8DED01CA8DED00DA1AB0BDEC7E
:10A0A0000C8B70470000000082B0014601900198BF
:10A0B00090ED070A009102B0704700000000000018
:10A0C00084B0B0EE401A014603908DED020A039869
:10A0D0009DED020A80ED120A8DED011A009104B087
:10A0E000704700000000000082B001460190019816
:10A0F0000022C260026142618261C2610262426208
:10A100008262C262026342638263C2630264426427
:10A110008264C264009102B0704700000000000039
:10A1200082B00146ADF80600BDF906000028009196
:10A130000FDBFFE7BDF9060000F01F01012202FA64
:10A1400001F140094EF20012CEF2000242F8201056
:10A15000FFE702B0704700004EF60C50CEF2000050
:10A160000068C0F30220704784B00A460346ADF889
:10A170000E000291BDF90E000028019200930ADB47
:10A18000FFE702980001BDF90E104EF20042CEF238
:10A19000000288540BE002980001BDF80E1001F097
:10A1A0000F014EF61452CEF200028854FFE704B0BD
:10A1B000704700000000000084B00146039003983F
:10A1C00000F0070001904EF60C50CEF2000002683D
:10A1D0000292029A4FF6FF031A400292029A019BE2
:10A1E00042EA03220023C0F2FA531A430292029A6F
:10A1F0000260009104B0704780B582B042F2C03076
:10A20000C2F20040002101609FED0C0A9FED0C1A84
:10A21000F0EE410A01908DED001A00F0C5FD0198A5
:10A2200080ED010A9FED070ADDED000A00F0BCFD9C
:10A23000019880ED020A02B080BD00BF583934BEDB
:10A240000BEFF2BD5839343E80B582B042F2CC30CB
:10A25000C2F20040002101609FED0C0A9FED0C1A34
:10A26000F0EE410A01908DED001A00F09DFD01987D
:10A2700080ED010A9FED070ADDED000A00F094FD74
:10A28000019880ED020A02B080BD00BF583934BE8B
:10A290000BEFF2BD5839343E80B582B042F2D8306F
:10A2A000C2F20040002101609FED0C0A9FED0C1AE4
:10A2B000F0EE410A01908DED001A00F075FD019855
:10A2C00080ED010A9FED070ADDED000A00F06CFD4C
:10A2D000019880ED020A02B080BD00BF583934BE3B
:10A2E0000BEFF2BD5839343E80B582B042F2E43013
:10A2F000C2F20040002101609FED0C0A9FED0C1A94
:10A30000F0EE410A01908DED001A00F04DFD01982C
:10A3100080ED010A9FED070ADDED000A00F044FD23
:10A32000019880ED020A02B080BD00BF583934BEEA
:10A330000BEFF2BD5839343E80B582B042F2F030B6
:10A34000C2F20040002101609FED0C0A9FED0C1A43
:10A35000F0EE410A01908DED001A00F025FD019804
:10A3600080ED010A9FED070ADDED000A00F01CFDFB
:10A37000019880ED020A02B080BD00BF583934BE9A
:10A380000BEFF2BD5839343E80B582B04BF24D60D0
:10A39000C3F6216001909DED010A00F02DFE42F20E
:10A3A000FC30C2F2004080ED000A02B080BD000027
:10A3B00080B582B04BF24D60C3F6216001909DEDF7
:10A3C000010A00F019FE42F20040C2F2004080EDA6
:10A3D000000A02B080BD000080B582B04BF24D6033
:10A3E000C3F6216001909DED010A00F005FE42F2E6
:10A3F0000440C2F2004080ED000A02B080BD0000BF
:10A4000080B582B04BF24D60C3F6216001909DEDA6
:10A41000010A00F0F1FD42F20840C2F2004080ED76
:10A42000000A02B080BD000080B582B04BF24D60E2
:10A43000C3F6216001909DED010A00F0DDFD42F2BE
:10A440000C40C2F2004080ED000A02B080BD000066
:10A450004AF24000C4F20000006840F2D821C2F283
:10A46000004108607047000080B543F2E070C2F21E
:10A470000040FFF7DDFB80BD2DE9F04703880F8822
:10A48000BB424BD147884E88B74247D11688B3426A
:10A4900044D15688B74241D107FB03F846680023F0
:10A4A0004D68B3EB980F546827D04FEA9800C0F17D
:10A4B000000900BF3068296800F0F1FD2060706875
:10A4C000696800F0ECFD6060B068A96800F0E7FD25
:10A4D000A06006F1100AF06805F11007E96800F0C5
:10A4E000DEFD04F11001E06019F1010956460C4649
:10A4F0003D46DFD13D460C46564618F003000BD0D2
:10A50000474200BF56F8040B55F8041B00F0C7FD86
:10A5100044F8040B0137F5D1002000E0FD2040B2E3
:10A52000BDE8F08701804280436070472DE9F04F1D
:10A5300093B00688B0F802B05E4540F059810A88B1
:10A54000FD25964240F055814B889A4240F051815A
:10A55000002E476800F032816FF00300009700EB97
:10A5600086094C68002706964FF07E5803942046D3
:10A570000698801B09D0B9002046E6F7A9F800200C
:10A580000130874204F10404FAD104F1040AC4F84A
:10A590000080751E10D0A9EB87015046E6F798F8A9
:10A5A000012054460130864204F10404FAD1002D02
:10A5B00007F101072E46DBD1069E002E009F00F01A
:10A5C000FD800420CDF828B000EB8B00A6F1010A35
:10A5D000019007EB8B044FEA8B08381DCBF100018B
:10A5E00000220C91CDE907B8B24280F006810990B3
:10A5F00002FB0BF00497002507EB800157F8209031
:10A600000F914F46039901EB800110920E91029435
:10A61000CDF814A005E000BFAAF1010A2768444460
:10A6200035460021384600F05FFD38B938462946E6
:10A6300000F04CFD00283E4607D007E087F00046BA
:10A640002846314600F057FD00B92E46BAF1000FFA
:10A65000E2D10021304600F02BFD002840F0CD80F3
:10A6600029F00040314600F023FD0028DDE9051601
:10A67000109C06D1E043801903D0002001308142B4
:10A68000FCD10021484600F013FD00280A9F40F04D
:10A69000B480ABEB040108460D9101290F994FF0EE
:10A6A0007E5008600BD00124099D00BF28684946F0
:10A6B00000F034FD45F8040B0134A742F6D10C9CA0
:10A6C0000E9D00BF2868494600F028FD45F8040BA0
:10A6D0000134F7D10D98002401380B90DDE903A770
:10A6E000109A00BF944205D10D980AEB8B0A07EB34
:10A6F000800741E0D7F800900F980168484600F0C5
:10A700005FFD0146484600F0AFFD47F8040B0B988B
:10A710000028CDE911641BD04FF001084FF0000B69
:10A72000DDE9096456F80B10484657F80B5000F065
:10A7300047FD0146284600F097FD08F1010847F85B
:10A740000B0044450BF1040BECD15F44DDE907B885
:10A750000C9E0E9C54F8041B4846DAF8005000F09A
:10A760002FFD0146284600F07FFD4AF8040B013614
:10A77000F0D1129CDDE9102607EB8207013E04F1BF
:10A780000104AFD10A9801320138049F0A9007F101
:10A790000407DDF814A0DDE901040999AAF1010A12
:10A7A0000144069E044408467FF41EAF002148463B
:10A7B000002500F07DFC0028009F1AD00BFB06F559
:10A7C0000024002D4FF000060AD000BF3868002199
:10A7D00000F06EFC20B10136AE4207F10407F5D35C
:10A7E000AE4208BF6FF00404204613B0BDE8F08FFE
:10A7F000FD2568B213B0BDE8F08FFB25F9E7000036
:10A800002DE9F04F93B047880B889F4240F0B2800B
:10A81000068813889E4240F0AD804D8853889D4243
:10A8200040F0A8800796BE08436806FB05F049681B
:10A8300027F0030C01EB0010039102900020A0EB25
:10A8400097010D9307F00304099103EB8C03516802
:10A850000A932B464FEA8509019161420C960597B0
:10A860000B940891049500BF0690019901EB8008B4
:10A87000DDE902BA0C98002811934BD0CDF838B01E
:10A880000024CDF84080DDF824B0DDF83480CDF828
:10A890003CA000BFDAF8001098E8C100D8F80C20FE
:10A8A000129200F08DFC0146204600F0F8FB0446B1
:10A8B0005AF8091030460AEB090500F081FC014600
:10A8C000204600F0ECFB044655F80910384605EB2D
:10A8D000090600F075FC0146204600F0E0FB044646
:10A8E00056F80910129806EB090500F069FC0146BC
:10A8F000204600F0D4FB1BF1010B08F110080446C0
:10A9000005EB090AC6D1DDF838B05D460A9EDDE9DF
:10A910000FA802E000240D9E55460B9868B1089FD1
:10A9200056F8040B296800F04BFC0146204600F065
:10A93000B6FB013704464D44F2D148F8044B0AF106
:10A94000040A119B0BF1040B013B93D105980D995F
:10A9500001EB8001049B0D910799069A01391A4475
:10A9600007910A9901EB800110460A917FF47CAFB0
:10A97000002000E0FD2040B213B0BDE8F08F0000E1
:10A980002DE9F04703880F88BB424BD147884E889A
:10A99000B74247D11688B34244D15688B74241D115
:10A9A00007FB03F8466800234D68B3EB980F546823
:10A9B00027D04FEA9800C0F1000900BF306829682D
:10A9C00000F052FC20607068696800F04DFC606027
:10A9D000B068A96800F048FCA06006F1100AF068B1
:10A9E00005F11007E96800F03FFC04F11001E06098
:10A9F00019F1010956460C463D46DFD13D460C464D
:10AA0000564618F003000BD0474200BF56F8040B1F
:10AA100055F8041B00F028FC44F8040B0137F5D16D
:10AA2000002000E0FD2040B2BDE8F0872DE9F04FA6
:10AA300083B002884B889A424DD144880B889C424F
:10AA400049D10023D1F804804FEA940C416804F006
:10AA5000030ECDF80080A3EB940402941401960039
:10AA60000194CEF1000B4046BCF1000F1ED04746CA
:10AA7000029C00BF08683D4638603744486807EBD1
:10AA80000609A85101F11000D1F808A0013447F8D7
:10AA900006A009EB0607C968374449F806100146C5
:10AAA000E8D101996C18014603E000BF009800EB63
:10AAB0008304BEF1000F07D05D4600BF51F8040BC0
:10AAC000013520603444F9D10133013A08F104081A
:10AAD000CAD1002000E0FD2040B203B0BDE8F08FF5
:10AAE00080B582B000200190EBF756FE0090F5F79C
:10AAF00037F8F3F789FDF3F747FCF3F7C5FCF3F7F5
:10AB000003FDF3F741FDF3F747FEF3F77DFEF3F79F
:10AB1000CFFFF4F7F1F8F4F7A3F8F4F735F9F3F70A
:10AB200077FFF3F72DFFF3F7E3FEF4F709F8F4F7F7
:10AB30004FF8F3F715FEF5F703FFFFE7FEE74100D7
:10AB4000080218BF04200A0E18BF40F001004FF0A1
:10AB50007F4232EA010108BF40F00200012808BF2D
:10AB60000520704710B510EE104A4FF01A402DED39
:10AB7000028B00EB4400B0F1C85F4AD84FF0FC40B4
:10AB8000B0EB440F22D2B0EEC00AF7EE000A30EE6E
:10AB9000C00AF6EE000A20EE208A18EE100A00F035
:10ABA0005FFA00EE100A14F0004F1DBF9FED281A47
:10ABB000DFED280AB1EE400A9FED271A08BFF0EE3C
:10ABC000410AF8EE001A20EE210A05E020EE008A84
:10ABD0009FED221ADFED220ADFED221A9FED222AD5
:10ABE00070EEC00A20EE080A08EE212ADFED1F1AD7
:10ABF00048EE021A9FED1E2A08EE212ADFED1D1AEB
:10AC000048EE021ABDEC028B40EE610A30EE810A7A
:10AC100010BD4FF0CC40B0EB440F82BF9FED160A41
:10AC2000BDEC028B10BD4FF07F40B0EB440F05D25E
:10AC3000BDEC028BBDE8104000F0FBB90120E5F748
:10AC4000DAFDBDEC028BBDE8104000F0F9B9000060
:10AC50000000494022AA7D3A000000000000C93FE0
:10AC600022AAFD3924FE1C3DC78AD83C1E67383D08
:10AC70001B93993DAFAA2A3EDB0FC93F10B54FF099
:10AC80000E402DED028BB0EE408A18EE104A00EB1C
:10AC90004400B0F1506F4AD84FF0FC40B0EB440F85
:10ACA00022D2B0EEC80AF7EE000A30EEC00AF6EE85
:10ACB000000A60EE208A18EE900A00F0D1F901EE49
:10ACC000100A14F0004F1DBFDFED2D0A9FED2D0A75
:10ACD000B1EE411ADFED2C0A08BF9FED2C0AF8EE09
:10ACE000001A21EE218A05E0DFED290A68EE088AC4
:10ACF000B0EE600A9FED271ADFED271A30EE080A42
:10AD000048EE811A9FED251A08EEA11ADFED241AEC
:10AD100048EE811A9FED231A08EEA11A68EE281A50
:10AD2000BDEC028B01EE810A30EE200A10BD4FF01F
:10AD3000E440B0EB440F0CD918EE100AFFF7FFFE09
:10AD4000042808BF00F084F9B0EE480ABDEC028B7D
:10AD500010BD4FF07F40B0EB440F07D2B0EE480A71
:10AD6000BDEC028BBDE8104000F063B90120E5F7AF
:10AD700042FDBDEC028BBDE8104000F061B900005F
:10AD80000000C9BF22AAFDB90000C93F22AAFD39AF
:10AD90000000000024FE1C3DC78AD83C1E67383DD9
:10ADA0001B93993DAFAA2A3E10EE100A10B510EE83
:10ADB000901A4FF0684202EB40032DED028BB3F185
:10ADC000654F3CBF02EB4102B2F1654F7CD200BF40
:10ADD000C0F3C753C1F3C7529A1A1B2A09DD10F0FA
:10ADE000004F14BF9FED6E0A9FED6E0ABDEC028B03
:10ADF00010BD12F11A0F1BDA11F0004F09D010F03C
:10AE0000004F0CBF9FED680A9FED680ABDEC028BF6
:10AE100010BD80EE208A18EE100AFFF790FE04287D
:10AE200008BF00F015F9B0EE480ABDEC028B10BD6A
:10AE30004200B2EB410F37D910F0004F19BFDFEDE0
:10AE40005C1A9FED5C1ADFED5C1A9FED5C1AB0EEA8
:10AE5000602A0A46F1EE400A80F00041B0EE420A54
:10AE600010460A1A5200B2F1807F34D2484010F0E6
:10AE7000004FDFED532A9FED533A1DBFBEEE002A6F
:10AE800071EEE21A31EE431AB6EE002A04BF71EEFB
:10AE9000A21A31EE031AF0EE402A42EE602A40EE8A
:10AEA000020A82EEA02A18E011F0004F04BF9FEDC5
:10AEB000461AF0EE411AD4D010F0004F1CBFDFED5F
:10AEC000431A9FED431A00E026E004BFDFED411A6C
:10AED0009FED411AC5E780EE202A22EE020ADFED3F
:10AEE0003F0ADFED3F2ABDEC028B40EE202ADFED6A
:10AEF0003D0A40EE220ADFED3C2A40EE202ADFED3B
:10AF00003B0A40EE220A22EE000A00EE201A31EE41
:10AF1000020A30EE210A10BD4FF07F42B2EB400F23
:10AF200028BFB2EB410F05D2BDEC028BBDE810404B
:10AF300000F082B840EA01035B0008BF41F0FF4126
:10AF40000BD0B2EB400F08BFB2EB410F08D120F09D
:10AF5000804000EE100A21F0804100EE901A37E7A1
:10AF6000B2EB400F12BF5FEA410240F0FF4001F038
:10AF700000413FF42DAF4A0092EA40033FF528AF6D
:10AF8000002AACBF9FED1A1A9FED1A1A20EE010A93
:10AF900060EE810A10EE100A10EE901A18E7000019
:10AFA000DB0FC9BFDB0FC93FDB0F4940DB0F49C0D7
:10AFB0000000C9BF22AAFDB90000C93F22AAFD397D
:10AFC0000060ED3EC30ACE3700000000000049C01B
:10AFD00022AA7DBA0000494022AA7D3A2DAD65BD66
:10AFE0008FB8D53D0FB511BE61C84C3EA8AAAABE08
:10AFF0000000804F0000802F10B52DED028BB1EEC8
:10B00000C08A18EE100A20F00040C0F1FF40C00FC7
:10B010000AD010EE100A20F00040C0F1FF40C00F2F
:10B0200004BF0120E5F7E7FBB0EE480ABDEC028B58
:10B0300010BD30EE000A704730EE200A7047000065
:10B04000DFED020A80EEA00A704700000000000059
:10B050009FED020A20EE000A704700000000001079
:10B0600010B500EE100A2DED028BB1EEC08A18EE7D
:10B07000100A20F00040C0F1FF40C00F0AD010EECF
:10B08000100A20F00040C0F1FF40C00F04BF0120B3
:10B09000E5F7B1FB18EE100ABDEC028B10BD00EE17
:10B0A000100A00EE901A30EE200A10EE100A7047D7
:10B0B00010B500F03DF80CBF0120002010BD10B508
:10B0C00000F036F814BF0120002010BD10B500F0CC
:10B0D00047F88CBF0120002010BD10B500F040F8EB
:10B0E0002CBF0120002010BD10B500F051F894BF16
:10B0F0000120002010BD10B500F04AF834BF012037
:10B10000002010BD401058BFC0F14040491058BF4A
:10B11000C1F140418142EFF30080704700EE100A18
:10B1200000EE901A80EE201A11EE100A704700000F
:10B1300000EE100A00EE901AB4EE600AF1EE10FA7A
:10B1400078BF704700F000B810B500F042F800BFBB
:10B15000922449004FF000504FF08051FFF7D2BFCA
:10B1600000EE100A00EE901AB4EE600AF1EE10FA4A
:10B1700078BF704700F000B810B500F02AF800BFA3
:10B18000922449004FF080504FF00051FFF7BABFB2
:10B1900000EE100A00EE901AB4EE600AF1EE10FA1A
:10B1A00078BF7047AFF3008010B500F012F800BF11
:10B1B000922449004FF000504FF08051FFF7A2BF9A
:10B1C00000EE100A00EE901A20EE200A10EE100A8F
:10B1D00070470EF1020E2EF0030E5EF8044B24426F
:10B1E00004D44FEA4102B2F17F4F11D84FEA400335
:10B1F000B3F17F4F0CD80ED14FEAD07C0CEB4C0C46
:10B200000CF1020CB2F17F4F08BF4CEBD17C04E093
:10B210004FF0080C01E04FEAD17C0CEB4C0324FA10
:10B2200003F404F00704B4F1040C06D20EEB840C12
:10B23000BDE810404CF0010C6047DFE80CF0070857
:10B2400002024FF00040A0F5800010BD0846420009
:10B2500018BFD2F1807288BF00F0004010BD4FF0DF
:10B260004070E1EE100A704700EE100A00EE901AEE
:10B2700030EE600A10EE100A704700000000010274
:10B280000304010203040607080900010203040580
:10B290000607080C1014182030400006101600068F
:10B2A0001016000000000000000000000000000078
:10B2B000000000000000000001000000020000008B
:10B2C0000300000004000000000000000500000072
:10B2D0000000000000000000000000000600000068
:10B2E0000000000000000000000000000700000057
:10B2F0000804020408010101010101030701000023
:10B30000010002000400060008000A000C00100002
:10B3100020004000800000010000803F000000008D
:10B32000000000000000000000000000000000001D
:10B33000000000000000803F00000000000000004E
:10B3400000000000000000000000000000000000FD
:10B350000000803F0000000000000000000000002E
:10B360000000000000000000000000000000803F1E
:10B3700000000000000000000000000000000000CD
:10B3800000000000000000000000803F00000000FE
:10B3900000000000000000000000000000000000AD
:10B3A000000000000000803F43444320496E746564
:10B3B00072666163650043444320436F6E6669674C
:10B3C0000053544D6963726F656C656374726F6E80
:10B3D0006963730053544D3332205669727475613A
:10B3E0006C20436F6D506F727400000020B4010830
:10B3F00000000024B00100000803000818B501088F
:10B40000B0010024281A01006403000805AAFFFF08
:10B4100021AAFFFF0DAAFFFF29AAFFFF35AAFFFF00
:10B42000100CE7416B3A58A08B3A8281011E5131D2
:10B430000108D1041AF9041E3932010891041EF9D9
:10B4400030010879105108081250C347CDCCCC3DCB
:10B450000409531C110B1AC8421C112C90D0030470
:10B460001F09220108D91EAC4A25A81BF11FC01DC7
:10B470001D01085114C11F19210108A120D8190864
:10B480001A81081409024313020125C03209041B62
:10B4900001020B13052416100105240110090104F3
:10B4A0002402020524061701070582030815100966
:10B4B000040133020A2E0705010240072A81071101
:10B4C000130A0632023340011A12231302021E40ED
:10B4D00083044057591B02031513010B1408F90A82
:10B4E0001B0889041A410C1AB10407180403090443
:10B4F0001A03157D04017C160240AB0341100B05B5
:10B500005308065804077017012A106C0400D7234B
:08B51000BB0000000000000078
:04000005080002CD20
:00000001FF
