S31508000000D81B0124C503000819EE0008F1E2000810
S3150800001011EE0008810A0008095E010800000000C8
S31508000020000000000000000000000000B1FA00080F
S31508000030011800080000000069F2000859FB0008D2
S31508000040DF030008DF030008DF030008DF030008FA
S31508000050DF030008DF030008DF030008DF030008EA
S31508000060DF030008DF030008DF030008E10B0008D0
S31508000070F10B0008010C0008110C0008210C0008FF
S31508000080310C0008410C0008DF030008311800088D
S3150800009041180008DF030008DF030008DF03000833
S315080000A0DF030008DF030008DF030008DF0300089A
S315080000B0DF030008DF03000881FD0008DF030008EE
S315080000C0DF030008DF030008DF030008DF0300087A
S315080000D021F60008291D0108DF030008DF030008D0
S315080000E009180008DF03000800000000DF03000805
S315080000F0DF030008DF030008DF030008510C0008CF
S31508000100DF030008DF03000891FD0008DF0300088D
S31508000110DF03000891090108DF030008DF03000870
S31508000120610C0008710C0008DF030008DF030008F3
S31508000130DF030008DF030008DF030008DF03000809
S3150800014000000000000000000000000000000000A1
S31508000150DF030008DF030008DF030008DF030008E9
S31508000160DF030008DF030008DF030008DF030008D9
S31508000170DF030008A1EE0008DF0300080000000006
S31508000180DF030008DF030008A1090108B109010817
S31508000190DF030008DF030008DF030008DF030008A9
S315080001A0DF030008DF030008DF0300080000000083
S315080001B0DF030008DF030008DF030008DF03000889
S315080001C0DF030008DF03000800000000000000004D
S315080001D00000000000000000DF0300080000000027
S315080001E00000000000000000000000000000000001
S315080001F00000000000000000DF030008DF0300081D
S31508000200DF030008DF03000800000000DF03000822
S31508000210DF030008DF030008DF030008DF03000828
S31508000220DF03000800000000DF03000800000000EC
S31508000230DF030008DF03000800000000DF030008F2
S31508000240DF030008DF030008DF030008DF030008F8
S31508000250DF030008DF030008DF030008DF030008E8
S31508000260DF030008DF030008DF030008DF030008D8
S31508000270DF030008DF030008DF03000800000000B2
S31508000280DF030008DF030008DF030008DF030008B8
S3150800029000000000DF030008DF030008000000007C
S315080002A000000000DF030008DF030008C109010899
S315080002B0191D0108DF030008DF03000851180008AC
S315080002C0DF030008DF030008DF03000800F002F878
S315080002D000F066F80AA090E8000C82448344AAF16C
S315080002E00107DA4501D100F05BF8AFF2090EBAE86A
S315080002F00F0013F0010F18BFFB1A43F0010318474C
S31508000300ECB001000CB101000A444FF0000C10F8E3
S31508000310013B13F0070408BF10F8014B1D1108BF75
S3150800032010F8015B641E05D010F8016B641E01F815
S31508000330016BF9D113F0080F1EBF10F8014BAD1C65
S315080003400C1B09D16D1E58BF01F801CBFAD505E083
S3150800035014F8016B01F8016B6D1EF9D59142D6D3DD
S31508000360704700000023002400250026103A28BF05
S3150800037078C1FBD8520728BF30C148BF0B60704709
S315080003801FB51AF06CFF9DE8030000F0F9F900F0BC
S3150800039017F88DE80F0000F0C5F91FBD10B510BDA0
S315080003A000F0F2FA1146FFF7EBFF1AF099FB00F09E
S315080003B010FB03B4FFF7F2FF03BC00F0B3FA00002A
S315080003C000F01FBA0948804709480047FEE7FEE7DC
S315080003D0FEE7FEE7FEE7FEE7FEE7FEE7FEE7FEE7E7
S315080003E004480549054A064B7047000041FC0008C9
S315080003F0CD020008D83B0024D81B0124D89B002432
S31508000400D89B002470B5064600F09EF9056806F1EB
S315080004100B0020F00704B4429CBF002070BD2B4699
S315080004206A68BAB11068A04210D304F1080188427C
S315080004303CBF5068586007D351681019416011686D
S31508000440091B016058601460101D70BD1346526880
S31508000450002AE7D12146284600F07EF90028DED199
S3150800046070BD70B50446051F00F06EF90068002CD3
S3150800047014BF446870BD002C18BFAC423CBF204670
S315080004806468F8D301680A18AA4218BF456003D100
S315080004902A6805461144016028684119A1421CBF13
S315080004A06C6070BD6168696021680844286070BD29
S315080004B053EA020C00F069802DE9F04B4FF0000674
S315080004C0002B1FBFB3FA83F503FA05F424FA05F6E1
S315080004D05E4012BF1643B2FA82F502FA05F4C5F178
S315080004E020051EBF22FA05FC44EA0C04203556EA0C
S315080004F0044C4FEA144418BF641C4FF000084FF030
S315080005000009904271EB030C39D3002919BFB1FADF
S3150800051081F701FA07F6B0FA80F700FA07F6C7F18D
S3150800052020071EBF20FA07FC46EA0C062037B6FB52
S31508000530F4FCA7EB0507103F07F01F0BCBF12006CD
S315080005402CFA06F60CFA0BFB44BFB3460026202FFE
S31508000550A4BF5E464FF0000B5BEA060C08BF4FF0DF
S31508000560010B19EB0B0948EB0608ABFB027C06FBF3
S3150800057002CC0BFB03CCC01B71EB0C01C1E70B468D
S31508000580024641464846BDE8F08B13B54FF00000D9
S315080005904FF00001AFF30080BDE81C407047032A06
S315080005A040F2308010F0030C00F0158011F8013B82
S315080005B0BCF1020F624498BF11F801CB00F8013B69
S315080005C038BF11F8013BA2F1040298BF00F801CB2D
S315080005D038BF00F8013B11F0030300F02580083A04
S315080005E0C0F0088051F8043B083A51F804CBA0E85B
S315080005F00810F5E7121D5CBF51F8043B40F8043BB0
S31508000600AFF30080D20724BF11F8013B11F801CBE4
S3150800061048BF11F8012B24BF00F8013B00F801CBB5
S3150800062048BF00F8012B704710B5203AC0F00B8080
S31508000630B1E81850A0E81850B1E81850A0E81850CA
S31508000640203ABFF4F5AF5FEA027C24BFB1E8185040
S31508000650A0E8185044BF18C918C0BDE810405FEAA2
S31508000660827C24BF51F8043B40F8043B08BF70471E
S31508000670D20728BF31F8023B48BF11F8012B28BF23
S3150800068020F8023B48BF00F8012B70474FF00002E4
S315080006900429C0F0128010F0030C00F01B80CCF186
S315080006A0040CBCF1020F18BF00F8012BA8BF20F8F4
S315080006B0022BA1EB0C0100F00DB85FEAC17C24BF48
S315080006C000F8012B00F8012B48BF00F8012B7047F2
S315080006D04FF0000200B5134694469646203922BFCD
S315080006E0A0E80C50A0E80C50B1F12001BFF4F7AF18
S315080006F0090728BFA0E80C5048BF0CC05DF804EBFA
S31508000700890028BF40F8042B08BF704748BF20F867
S31508000710022B11F0804F18BF00F8012B7047704765
S315080007207047704770B5064C7C44064D7D4403E01F
S31508000730206820448047241DAC42F9D170BD0000D2
S31508000740E0AC0100F0AC010000487047B801002495
S31508000750704770477047704738B504460A46002008
S315080007606946AFF30080002808BF38BD02460099E5
S31508000770204600F0E7F8012038BD012000F0FCB85B
S31508000780F8B5AFF30080054600200C46102000BFE0
S315080007900646A819A0420DD9324669460020AFF38D
S315080007A00080070008BF00F0E7F80098A04218BFCD
S315080007B00546C419FFF7C8FF05600746F01D20F077
S315080007C007004619284600F00AF8B44208BFF8BDE3
S315080007D0A21B31463868BDE8F84000F0B3B80021DE
S315080007E00160C0E9011070471020704710B500F08D
S315080007F0A3F8006810BD10B5044600F09DF8046023
S3150800080010BD2DE9FE4F00274FF48074BA462046E6
S315080008108DF80070FFF7F6FD5FEA000801D100F0D9
S31508000820ABF82146404600F070F8060009D04FF0B4
S31508000830010B4546C14616F8014B8FB15C2C16D004
S315080008401CE008F108004146C8F800000020C8F876
S315080008500400D8F800402070012003B0BDE8F08FEE
S31508000860222C01D0272C0FD12746BA462CE0307807
S31508000870222807D05C2805D0272803D0BC4203D1FC
S31508000880002721E0761C04464CB12FB9202C06D04F
S31508000890A4F10900042802D905F8014BCBE74D4518
S315080008A002D1BAF1000F0FD052464946002005F88A
S315080008B0010B6846AFF300809DF8000068B14D460D
S315080008C04FF0000A0BF1010B002CB4D14FEA8B0054
S315080008D0FFF798FD040002D004E0A946F0E70020DF
S315080008E000F04AF800264046C4F8008005E010F8F3
S315080008F0011B11B9761C44F82600A842F7D32146F5
S31508000900002044F826003046A7E71CB50446CDE982
S31508000910000169461520ABBE08B100201CBD204663
S315080009201CBD000001491820ABBEFEE726000200E8
S3150800093000487047B001002400487047B001002401
S3150800094070477047034640688C46002818BF88429F
S315080009503CBF03464068F8D318681844884207D055
S315080009600CF1030020F00700001D411A521A014637
S31508000970081D0A60FFF775BD10B500F039F8BDE827
S31508000980104000F02FB870477546FFF7D1FFAE4606
S3150800099005006946534620F00700854618B020B57D
S315080009A0FFF71EFDBDE820404FF000064FF0000798
S315080009B04FF000084FF0000BAC46ACE8C009ACE8B5
S315080009C0C009ACE8C009ACE8C00921F007018D46AA
S315080009D0704710B50446AFF300802046BDE81040C6
S315080009E0FFF7E7BC002801D0FFF79CBF704700005F
S315080009F010B5012805D0002103A000F021F8012038
S31508000A0010BD09A1F8E7000053494752544D454D1A
S31508000A103A204F7574206F662068656170206D6591
S31508000A206D6F7279000000003A2048656170206D8C
S31508000A30656D6F727920636F727275707465640084
S31508000A4070B505460C460A2000E06D1C00F011F84A
S31508000A5035B128780028F8D102E0641C00F009F8BE
S31508000A6014B120780028F8D1BDE870400A20AFF309
S31508000A70008008B569468DF800000320ABBE08BDA6
S31508000A80FFE7FEE70000000080B587B013468C46F6
S31508000A9086468DF81B000591ADF812209DF81B00BF
S31508000AA0014623280393CDF808C0CDF804E0009149
S31508000AB01DD80099DFE801F012131415161B1B1B2D
S31508000AC01B1B1B1B1B1B1B1B1B1B1B1B1B1B1B1B68
S31508000AD01B1B1B1B1B1B1B1B1718191A08E007E0FF
S31508000AE006E005E004E003E002E001E000E0FFE7DD
S31508000AF0002007B080BD00000020704700000000FD
S31508000B0080B584B042F29840C2F2004041F6C03146
S31508000B10C2F2004100220390029211F03DFD41F21B
S31508000B20C031C2F20041039A0190104611F010FD3F
S31508000B3002990090084604B080BD0000000000003D
S31508000B4080B58AB00A46034609900891099942F287
S31508000B509840C2F2004007900692059311F0F8FCFF
S31508000B6007990490084611F08BFC0999089A1268AF
S31508000B7040F27033C2F2004303F1300E0390704620
S31508000B800293FFF70CFD08990968029AA2F860100B
S31508000B90516E099BDDF820E0DEF800E0019018466A
S31508000BA000917146009B984700200AB080BD00005E
S31508000BB080B586B013468C468646059004918DF816
S31508000BC00F2000208DF80E009DF90E000293CDF837
S31508000BD004C0CDF800E006B080BD000000000000AB
S31508000BE080B542F66400C2F2004002F011F880BDFA
S31508000BF080B542F2EC70C2F2004002F009F880BDFE
S31508000C0080B542F27470C2F2004002F001F880BD6D
S31508000C1080B542F63430C2F2004001F0F9FF80BDDB
S31508000C2080B542F6AC30C2F2004001F0F1FF80BD5B
S31508000C3080B542F6DC00C2F2004001F0E9FF80BD53
S31508000C4080B542F65410C2F2004001F0E1FF80BDC3
S31508000C5080B542F6CC10C2F2004001F0D9FF80BD43
S31508000C6080B542F64420C2F2004001F0D1FF80BDB3
S31508000C7080B542F6BC20C2F2004001F0C9FF80BD33
S31508000C8085B0014604900498006801221023C4F236
S31508000C90020398420291019200F0A380FFE70498AC
S31508000CA0006801212822C4F202029042019100F054
S31508000CB09880FFE70498006801214022C4F20202E6
S31508000CC09042019100F08D80FFE7049800680121A9
S31508000CD05822C4F202029042019100F08280FFE796
S31508000CE00498006801217022C4F202029042019120
S31508000CF077D0FFE70498006801218822C4F202022F
S31508000D00904201916DD0FFE7049800680121A02266
S31508000D10C4F202029042019163D0FFE7049800688A
S31508000D200121B822C4F202029042019159D0FFE78C
S31508000D3004980068012140F21042C4F2020290426F
S31508000D4001914ED0FFE704980068012140F228423D
S31508000D50C4F202029042019143D0FFE7049800686A
S31508000D60012140F24042C4F202029042019138D079
S31508000D70FFE704980068012140F25842C4F20202D3
S31508000D80904201912DD0FFE704980068012140F2B6
S31508000D907042C4F202029042019122D0FFE7049801
S31508000DA00068012140F28842C4F202029042019191
S31508000DB017D0FFE704980068012140F2A042C4F268
S31508000DC00202904201910CD0FFE7049800684FF6A2
S31508000DD04831CBF6FD710844B0FA80F0400901901D
S31508000DE0FFE70198C007002829D0FFE70498007894
S31508000DF010384AF6AB21CAF6AA21A0FB0101090957
S31508000E000391039901F007014BF29A22C0F60102F9
S31508000E10515C049AD16503990429009007D3FFE72A
S31508000E2004980168042262F30901816506E00498C2
S31508000E30016840F2FF3291438165FFE705E00498B7
S31508000E40016821F0FF018165FFE70498806D05B010
S31508000E50704700000000000087B00146069006981B
S31508000E600068049006980068012245F20843C5F612
S31508000E7002039842039102924ED0FFE70698006853
S31508000E80012145F21C42C5F602029042029143D066
S31508000E90FFE706980068012145F23042C5F60202CE
S31508000EA09042029138D0FFE706980068012145F282
S31508000EB04442C5F60202904202912DD0FFE70698F9
S31508000EC00068012145F25842C5F602029042029195
S31508000ED022D0FFE706980068012145F26C42C5F664
S31508000EE002029042029117D0FFE706980068012196
S31508000EF045F28042C5F60202904202910CD0FFE705
S31508000F00069800684AF66C31CAF2FD710844B0FAD0
S31508000F1080F040090290FFE70298C007002824D015
S31508000F20FFE70698007808384CF6CD41CCF6CC4158
S31508000F30A0FB010109090591059945F60002C5F6C8
S31508000F40020202EB8101069A1166069945F68002AD
S31508000F50C5F602024A66059901F01F01012202FA46
S31508000F6001F1069A9166019037E0069800781038E4
S31508000F704AF6AB21CAF6AA21A0FB01010909059187
S31508000F80049940F2B842C4F20202914200900CD889
S31508000F90FFE7049840F21041C4F20201884204D3E4
S31508000FA0FFE7059808300590FFE7059840F6000129
S31508000FB0C4F2020101EB800006990866069840F61D
S31508000FC08001C4F202014166059800F01F00012164
S31508000FD001FA00F006998866FFE707B07047000037
S31508000FE084B001460390039800790290029800287D
S31508000FF0019100F08C80FFE70298082800F28780AC
S31508001000FFE703980068012145F20842C5F6020287
S31508001010904200914ED0FFE703980068012145F2FF
S315080010201C42C5F602029042009143D0FFE703989E
S315080010300068012145F23042C5F60202904200914D
S3150800104038D0FFE703980068012145F24442C5F607
S315080010500202904200912DD0FFE703980068012113
S3150800106045F25842C5F602029042009122D0FFE7A7
S3150800107003980068012145F26C42C5F602029042C7
S31508001080009117D0FFE703980068012145F28042D6
S31508001090C5F60202904200910CD0FFE7039800685B
S315080010A04AF66C31CAF2FD710844B0FA80F040097C
S315080010B00090FFE70098C007002810D0FFE70298C5
S315080010C045F6FC01C5F6020101EB80000399C866E6
S315080010D0039845F64011C5F6020101670FE002982C
S315080010E040F6FC01C4F2020101EB80000399C866D0
S315080010F0039840F64011C4F202010167FFE702981F
S315080011000138012101FA00F003994867FFE704B0A6
S31508001110704700000000000086B0014605900020D8
S315080011208DF81300059880690028039123D1FFE7FD
S315080011300598806A032802901BD80299DFE801F017
S31508001140020D02180598C06AC001002804D5FFE7F9
S3150800115001208DF81300FFE70CE00598C06AB0F18E
S31508001160C07F04D1FFE701208DF81300FFE701E0F7
S3150800117000E0FFE747E005988069B0F5005F26D1F3
S31508001180FFE70598806A032801901ED80199DFE8D1
S3150800119001F00206021101208DF8130016E00598E9
S315080011A0C06AC001002804D5FFE701208DF81300A6
S315080011B0FFE70BE00598C06AB0F1C07F04D1FFE7EE
S315080011C001208DF81300FFE700E0FFE71AE0059815
S315080011D0806A0328009004D3FFE70098032804D008
S315080011E00EE001208DF813000BE00598C06AC001D7
S315080011F0002804D5FFE701208DF81300FFE700E07B
S31508001200FFE7FFE7FFE79DF8130006B07047000009
S31508001210B0B58DB09C4696460C4605460C900B918B
S315080012200A9209930C98806D08900C98806D079027
S315080012300C98006801211022C4F202029042CDF8EF
S3150800124018C0CDF814E004940395029100F00381C8
S31508001250FFE70C98006801212822C4F20202904296
S31508001260029100F0F880FFE70C98006801214022FF
S31508001270C4F202029042029100F0ED80FFE70C985A
S31508001280006801215822C4F202029042029100F03D
S31508001290E280FFE70C98006801217022C4F202027E
S315080012A09042029100F0D780FFE70C980068012170
S315080012B08822C4F202029042029100F0CC80FFE735
S315080012C00C9800680121A022C4F202029042029101
S315080012D000F0C180FFE70C9800680121B822C4F22B
S315080012E002029042029100F0B680FFE70C9800686F
S315080012F0012140F21042C4F202029042029100F02B
S31508001300AA80FFE70C980068012140F22842C4F23F
S3150800131002029042029100F09E80FFE70C98006856
S31508001320012140F24042C4F202029042029100F0CA
S315080013309280FFE70C980068012140F25842C4F2F7
S3150800134002029042029100F08680FFE70C9800683E
S31508001350012140F27042C4F20202904202917AD010
S31508001360FFE70C980068012140F28842C4F20202A5
S31508001370904202916FD0FFE70C980068012140F275
S31508001380A042C4F202029042029164D0FFE70C9890
S315080013900068012140F2B842C4F20202904202916A
S315080013A059D0FFE70C980068012145F20842C5F6B6
S315080013B00202904202914ED0FFE70C980068012184
S315080013C045F21C42C5F602029042029143D0FFE75D
S315080013D00C980068012145F23042C5F60202904297
S315080013E0029138D0FFE70C980068012145F2444283
S315080013F0C5F60202904202912DD0FFE70C980068CC
S31508001400012145F25842C5F602029042029122D0C5
S31508001410FFE70C980068012145F26C42C5F6020206
S315080014209042029117D0FFE70C980068012145F217
S315080014308042C5F60202904202910CD0FFE70C9852
S3150800144000684AF66C31CAF2FD710844B0FA80F0B9
S3150800145040090290FFE70298C00700280FD0FFE76F
S315080014600C98416E806E48600C98C06E002805D0B6
S31508001470FFE70C98016F406F4860FFE7FFE70C989D
S31508001480006801211022C4F202029042019100F084
S31508001490A380FFE70C98006801212822C4F2020203
S315080014A09042019100F09880FFE70C9800680121AE
S315080014B04022C4F202029042019100F08D80FFE7BB
S315080014C00C98006801215822C4F202029042019148
S315080014D000F08280FFE70C98006801217022C4F2B0
S315080014E002029042019177D0FFE70C98006801212B
S315080014F08822C4F20202904201916DD0FFE70C984F
S3150800150000680121A022C4F202029042019163D030
S31508001510FFE70C9800680121B822C4F20202904243
S31508001520019159D0FFE70C980068012140F210425A
S31508001530C4F20202904201914ED0FFE70C9800686F
S31508001540012140F22842C4F202029042019143D09E
S31508001550FFE70C980068012140F24042C4F20202FB
S315080015609042019138D0FFE70C980068012140F2BB
S315080015705842C4F20202904201912DD0FFE70C981E
S315080015800068012140F27042C4F2020290420191C1
S3150800159022D0FFE70C980068012140F28842C4F285
S315080015A002029042019117D0FFE70C9800680121CA
S315080015B040F2A042C4F20202904201910CD0FFE729
S315080015C00C9800684FF64831CBF6FD710844B0FA1E
S315080015D080F040090190FFE70198C00700282BD04A
S315080015E0FFE70C98C06D00F01F003F2101FA00F0DC
S315080015F0089988600C980068016821F480210160C8
S3150800160009980C99096848600C988068402809D19F
S31508001610FFE70A980C99096888600B980C9909687D
S31508001620C86008E00B980C99096888600A980C99B4
S315080016300968C860FFE784E00C980068012145F254
S315080016400842C5F60202904200914ED0FFE70C9878
S315080016500068012145F21C42C5F60202904200913B
S3150800166043D0FFE70C980068012145F23042C5F6E1
S3150800167002029042009138D0FFE70C9800680121D9
S3150800168045F24442C5F60202904200912DD0FFE78A
S315080016900C980068012145F25842C5F602029042AC
S315080016A0009122D0FFE70C980068012145F26C42B0
S315080016B0C5F602029042009117D0FFE70C98006821
S315080016C0012145F28042C5F60202904200910CD0F3
S315080016D0FFE70C9800684AF66C31CAF2FD710844B7
S315080016E0B0FA80F040090090FFE70098C00700288C
S315080016F025D0FFE70C98C06D00F01F00012101FA04
S3150800170000F00799486009980C99096848600C9890
S315080017108068402809D1FFE70A980C99096888600B
S315080017200B980C990968C86008E00B980C99096829
S3150800173088600A980C990968C860FFE700E0FFE727
S31508001740FFE70DB0B0BD000080B584B00146039038
S315080017504EF6FC50CEF20000026842F0807202603B
S3150800176041F6B070CEF2000002684CF65563CCF232
S31508001770AC531A43026041F20400CEF20000002284
S31508001780026041F20000CEF20000036843F0010354
S315080017900360039844F24023C0F20F03584340F213
S315080017A0B823C2F200431860186844F6D35CC1F245
S315080017B0620CA0FB0C0C4FEA9C1C40F2BC2EC2F239
S315080017C0004ECEF800C01B684DF6836CC4F21B3C75
S315080017D0A3FB0C3C4FEA9C4C40F2C02EC2F2004ED2
S315080017E0CEF800C040F2D42CC2F2004CCCF800204F
S315080017F002910193009004B080BD00000000000033
S31508001800704700000000000080B54FF4806004F0C7
S315080018100FFD4FF4805004F00BFD80BD0000000062
S3150800182081B0EFF3108072B60090FFE7FEE7000084
S3150800183080B542F62440C2F2004003F04DFD80BD5B
S3150800184080B542F6C440C2F2004003F045FD80BDB3
S3150800185080B542F66450C2F2004003F03DFD80BDFB
S3150800186085B0014603900398406B01900398006881
S31508001870D0F884004FF6FC729043019A40EA820041
S31508001880039A1268C2F8840003980068D0F88400A6
S3150800189020F47F00039A1368926B40EA0240C3F86B
S315080018A084000398806B019A10440190039800689D
S315080018B0D0F888006FF38F00019A40EA8200039AF5
S315080018C01268C2F8880003980068D0F8880020F4E7
S315080018D0FE00039A1368D26B40EA0240C3F88800F8
S315080018E00398C06B019A02EB4000019003980068C8
S315080018F0D0F8A0006FF38F00019A40EA8200039A9D
S315080019001268C2F8A00003980068D0F8A00020F476
S31508001910FE00039A1368126C40EA0240C3F8A0005E
S315080019200398026C406C019B02FB003001900398FF
S315080019300068D0F8B0006FF38F00019A40EA820081
S31508001940039A1268C2F8B00003980068D0F8B0008D
S3150800195020F4FE00039A1368926C40EA0240C3F82A
S31508001960B0000398826CC06C019B02FB00300190AA
S3150800197003980068D0F8AC006FF38F00019A40EA2C
S315080019808200039A1268C2F8AC000398026D406D93
S31508001990019B02FB0030019003980068D0F8F00024
S315080019A06FF38F00019A40EA8200039A1268C2F820
S315080019B0F00003980068D0F8F00020F47C10039A31
S315080019C01368926D40EA0240C3F8F0000398806DF0
S315080019D0019A02EB4000019003980068D0F8C00015
S315080019E06FF38F00019A40EA8200039A1268C2F8E0
S315080019F0C00003980068D0F8C00020F47C10039A51
S31508001A001368D26D40EA0240C3F8C0000398006824
S31508001A10D0F8C00020F07C50039A1368126E40EA92
S31508001A200260C3F8C0000398426B4AF60043C4F24A
S31508001A30000303EB8202C2660398826BC36E03EB54
S31508001A40820202670398C26B036F03EBC202426706
S31508001A500398026C436CD0F874C05A430CEB8202AC
S31508001A6082670398826CC36CD0F878C05A430CEB33
S31508001A708202C2670398026D436DD0F87CC05A4350
S31508001A800CEB8202C0F880200398826DD0F8803073
S31508001A9003EBC202C0F884200398C26D836ED0F8A7
S31508001AA084C05A430CEB8202C0F888200398026E61
S31508001AB0836ED0F888C05A430CEB8202C0F8902097
S31508001AC00398D0F890004DF2FD32C4F2000290421D
S31508001AD000910FD3FFE70398D0F89C1041F020013E
S31508001AE0C0F89C100398032180F8981001208DF8FF
S31508001AF0130017E00398C06E0290FFE70298039957
S31508001B00D1F89010884208D2FFE7029800210160B8
S31508001B10FFE7029804300290F0E7FFE700208DF80F
S31508001B201300FFE79DF8130005B07047000000009A
S31508001B3080B584B04EF60000C1F6F17000680390D7
S31508001B404EF60400C1F6F170006802904EF60800E1
S31508001B50C1F6F17000680190019803990844039052
S31508001B600398002813D0FFE7039840F27811C2F2D1
S31508001B7000418A1C0823009111461A460CF0BCFB4A
S31508001B8002980099123104220CF0B6FBFFE704B064
S31508001B9080BD00000000000080B58EB001460C90A4
S31508001BA0079104F081FD08900C98002805D1FFE7FD
S31508001BB001208DF8370000F0B8BC0C9890F8350075
S31508001BC002280ED0FFE70C9880214165FFE70C98A4
S31508001BD0002180F83410FFE701208DF8370000F067
S31508001BE0A4BC0C98006801211022C4F2020290429B
S31508001BF0069100F0A380FFE70C98006801212822CF
S31508001C00C4F202029042069100F09880FFE70C9811
S31508001C10006801214022C4F202029042069100F0B7
S31508001C208D80FFE70C98006801215822C4F2020251
S31508001C309042069100F08280FFE70C980068012127
S31508001C407022C4F202029042069177D0FFE70C9800
S31508001C50006801218822C4F20202904206916DD0E2
S31508001C60FFE70C9800680121A022C4F20202904204
S31508001C70069163D0FFE70C9800680121B822C4F2E8
S31508001C8002029042069159D0FFE70C98006801219C
S31508001C9040F21042C4F20202904206914ED0FFE78B
S31508001CA00C980068012140F22842C4F202029042D0
S31508001CB0069143D0FFE70C980068012140F24042A4
S31508001CC0C4F202029042069138D0FFE70C980068E9
S31508001CD0012140F25842C4F20202904206912DD0E8
S31508001CE0FFE70C980068012140F27042C4F2020234
S31508001CF09042069122D0FFE70C980068012140F235
S31508001D008842C4F202029042069117D0FFE70C9867
S31508001D100068012140F2A042C4F2020290420691F4
S31508001D200CD0FFE70C9800684FF64831CBF6FD71EA
S31508001D300844B0FA80F040090690FFE70698C00705
S31508001D40002810D0FFE70C980068016821F01E01F2
S31508001D5001600C980068416921F0800141610C9886
S31508001D600068099009E00C980068016821F00E01E6
S31508001D7001600C9800680990FFE70C98006801213B
S31508001D801022C4F202029042059100F00381FFE797
S31508001D900C98006801212822C4F20202904205919B
S31508001DA000F0F880FFE70C98006801214022C4F291
S31508001DB002029042059100F0ED80FFE70C9800685A
S31508001DC001215822C4F202029042059100F0E280F5
S31508001DD0FFE70C98006801217022C4F202029042C3
S31508001DE0059100F0D780FFE70C980068012188224A
S31508001DF0C4F202029042059100F0CC80FFE70C98ED
S31508001E0000680121A022C4F202029042059100F066
S31508001E10C180FFE70C9800680121B822C4F20202CB
S31508001E209042059100F0B680FFE70C980068012102
S31508001E3040F21042C4F202029042059100F0AA80D4
S31508001E40FFE70C980068012140F22842C4F202021A
S31508001E509042059100F09E80FFE70C9800680121EA
S31508001E6040F24042C4F202029042059100F092808C
S31508001E70FFE70C980068012140F25842C4F20202BA
S31508001E809042059100F08680FFE70C9800680121D2
S31508001E9040F27042C4F20202904205917AD0FFE7FE
S31508001EA00C980068012140F28842C4F2020290426E
S31508001EB005916FD0FFE70C980068012140F2A04217
S31508001EC0C4F202029042059164D0FFE70C980068BC
S31508001ED0012140F2B842C4F202029042059159D05B
S31508001EE0FFE70C980068012145F20842C5F6020290
S31508001EF0904205914ED0FFE70C980068012145F203
S31508001F001C42C5F602029042059143D0FFE70C98A1
S31508001F100068012145F23042C5F602029042059159
S31508001F2038D0FFE70C980068012145F24442C5F60F
S31508001F300202904205912DD0FFE70C980068012116
S31508001F4045F25842C5F602029042059122D0FFE7B3
S31508001F500C980068012145F26C42C5F602029042CF
S31508001F60059117D0FFE70C980068012145F28042D9
S31508001F70C5F60202904205910CD0FFE70C9800685E
S31508001F804AF66C31CAF2FD710844B0FA80F040098D
S31508001F900590FFE70598C007002807D0FFE70C98CB
S31508001FA0006E016821F480710160FFE70C980068F3
S31508001FB01021C4F20201884200F08180FFE70C98E4
S31508001FC000682821C4F20201884278D0FFE70C98FD
S31508001FD000684021C4F20201884270D0FFE70C98DD
S31508001FE000685821C4F20201884268D0FFE70C98BD
S31508001FF000687021C4F20201884260D0FFE70C989D
S3150800200000688821C4F20201884258D0FFE70C987C
S315080020100068A021C4F20201884250D0FFE70C985C
S315080020200068B821C4F20201884248D0FFE70C983C
S31508002030006840F21041C4F2020188423FD0FFE72F
S315080020400C98006840F22841C4F20201884236D052
S31508002050FFE70C98006840F24041C4F2020188424A
S315080020602DD0FFE70C98006840F25841C4F20201EF
S31508002070884224D0FFE70C98006840F27041C4F209
S31508002080020188421BD0FFE70C98006840F288419D
S31508002090C4F20201884212D0FFE70C98006840F2A9
S315080020A0A041C4F20201884209D0FFE70C980068F3
S315080020B040F2B841C4F20201884209D1FFE70C9800
S315080020C00068016821F001010A460160049208E0EF
S315080020D00C980068016821F001010A460160039224
S315080020E0FFE7FFE70998006810F0010F1BD0FFE72C
S315080020F004F0DAFADDF820E0A0EB0E00062811D38A
S31508002100FFE70C98202141650C98032180F83510CB
S31508002110FFE70C98002180F83410FFE701208DF8BE
S31508002120370002E2DEE70C98006801211022C4F2AB
S3150800213002029042029100F0A380FFE70C98006823
S3150800214001212822C4F202029042029100F09880EE
S31508002150FFE70C98006801214022C4F2020290426F
S31508002160029100F08D80FFE70C9800680121582243
S31508002170C4F202029042029100F08280FFE70C98B6
S31508002180006801217022C4F202029042029177D0BF
S31508002190FFE70C98006801218822C4F202029042E7
S315080021A002916DD0FFE70C9800680121A022C4F2C5
S315080021B002029042029163D0FFE70C980068012161
S315080021C0B822C4F202029042029159D0FFE70C9855
S315080021D00068012140F21042C4F2020290420291C4
S315080021E04ED0FFE70C980068012140F22842C4F25D
S315080021F002029042029143D0FFE70C980068012141
S3150800220040F24042C4F202029042029138D0FFE7FF
S315080022100C980068012140F25842C4F2020290422A
S3150800222002912DD0FFE70C980068012140F2704218
S31508002230C4F202029042029122D0FFE70C9800688D
S31508002240012140F28842C4F202029042029117D05C
S31508002250FFE70C980068012140F2A042C4F202028E
S31508002260904202910CD0FFE70C9800684FF648316F
S31508002270CBF6FD710844B0FA80F040090290FFE7FA
S315080022800298C00700280DD0FFE70C98806D0B90C8
S315080022900C98C06D00F01F003F2101FA00F00B9961
S315080022A088600CE00C98806D0A900C98C06D00F060
S315080022B01F00012101FA00F00A994860FFE70C980F
S315080022C0006801211022C4F202029042019100F036
S315080022D00381FFE70C98006801212822C4F2020254
S315080022E09042019100F0F880FFE70C980068012100
S315080022F04022C4F202029042019100F0ED80FFE70D
S315080023000C98006801215822C4F2020290420191F9
S3150800231000F0E280FFE70C98006801217022C4F201
S3150800232002029042019100F0D780FFE70C980068FE
S3150800233001218822C4F202029042019100F0CC8069
S31508002340FFE70C9800680121A022C4F2020290421D
S31508002350019100F0C180FFE70C9800680121B822BE
S31508002360C4F202029042019100F0B680FFE70C9891
S315080023700068012140F21042C4F202029042019123
S3150800238000F0AA80FFE70C980068012140F2284275
S31508002390C4F202029042019100F09E80FFE70C9879
S315080023A00068012140F24042C4F2020290420191C3
S315080023B000F09280FFE70C980068012140F258422D
S315080023C0C4F202029042019100F08680FFE70C9861
S315080023D00068012140F27042C4F202029042019163
S315080023E07AD0FFE70C980068012140F28842C4F2CF
S315080023F00202904201916FD0FFE70C980068012114
S3150800240040F2A042C4F202029042019164D0FFE772
S315080024100C980068012140F2B842C4F202029042C8
S31508002420019159D0FFE70C980068012145F208424E
S31508002430C5F60202904201914ED0FFE70C9800685B
S31508002440012145F21C42C5F602029042019143D091
S31508002450FFE70C980068012145F23042C5F60202F2
S315080024609042019138D0FFE70C980068012145F2A7
S315080024704442C5F60202904201912DD0FFE70C981E
S315080024800068012145F25842C5F6020290420191C0
S3150800249022D0FFE70C980068012145F26C42C5F688
S315080024A002029042019117D0FFE70C9800680121BB
S315080024B045F28042C5F60202904201910CD0FFE730
S315080024C00C9800684AF66C31CAF2FD710844B0FAF5
S315080024D080F040090190FFE70198C007002815D051
S315080024E0FFE70C98416E806E48600C98C06E002815
S315080024F00BD0FFE70C98C06E016821F4807101606B
S315080025000C98016F406F4860FFE7FFE70C980121C0
S3150800251080F83510FFE70C98002180F83410FFE7A3
S31508002520FFE700208DF83700FFE79DF837000EB06B
S3150800253080BD00000000000080B58AB00146089002
S3150800254008980028069104D1FFE701208DF8270096
S3150800255052E3089890F83500022807D0FFE7089854
S315080025608021416501208DF8270045E30898006819
S3150800257001211022C4F202029042059100F0A380C4
S31508002580FFE70898006801212822C4F20202904257
S31508002590059100F09880FFE708980068012140221D
S315080025A0C4F202029042059100F08D80FFE7089878
S315080025B0006801215822C4F202029042059100F0F7
S315080025C08280FFE70898006801217022C4F202029F
S315080025D09042059177D0FFE7089800680121882284
S315080025E0C4F20202904205916DD0FFE70898006890
S315080025F00121A022C4F202029042059163D0FFE7AE
S31508002600089800680121B822C4F202029042059196
S3150800261059D0FFE708980068012140F21042C4F239
S315080026200202904205914ED0FFE708980068012102
S3150800263040F22842C4F202029042059143D0FFE7D5
S3150800264008980068012140F24042C4F20202904212
S31508002650059138D0FFE708980068012140F25842F2
S31508002660C4F20202904205912DD0FFE7089800684F
S31508002670012140F27042C4F202029042059122D032
S31508002680FFE708980068012140F28842C4F2020276
S315080026909042059117D0FFE708980068012140F29B
S315080026A0A042C4F20202904205910CD0FFE70898B6
S315080026B000684FF64831CBF6FD710844B0FA80F051
S315080026C040090590FFE70598C007002800F0A1809B
S315080026D0FFE70898042180F835100898006810214B
S315080026E0C4F20201884200F08180FFE7089800687A
S315080026F02821C4F20201884278D0FFE708980068CA
S315080027004021C4F20201884270D0FFE708980068A9
S315080027105821C4F20201884268D0FFE70898006889
S315080027207021C4F20201884260D0FFE70898006869
S315080027308821C4F20201884258D0FFE70898006849
S31508002740A021C4F20201884250D0FFE70898006829
S31508002750B821C4F20201884248D0FFE70898006809
S3150800276040F21041C4F2020188423FD0FFE70898C0
S31508002770006840F22841C4F20201884236D0FFE7D9
S315080027800898006840F24041C4F2020188422DD000
S31508002790FFE70898006840F25841C4F202018842EF
S315080027A024D0FFE70898006840F27041C4F202019D
S315080027B088421BD0FFE70898006840F28841C4F2B7
S315080027C00201884212D0FFE70898006840F2A0414B
S315080027D0C4F20201884209D0FFE70898006840F26F
S315080027E0B841C4F20201884209D1FFE70898006897
S315080027F0016821F001010A460160049208E0089880
S315080028000068016821F001010A4601600392FFE7AA
S31508002810EDE108980068016821F00E01016008984A
S3150800282000681021C4F20201884200F08180FFE7A7
S31508002830089800682821C4F20201884278D0FFE788
S31508002840089800684021C4F20201884270D0FFE768
S31508002850089800685821C4F20201884268D0FFE748
S31508002860089800687021C4F20201884260D0FFE728
S31508002870089800688821C4F20201884258D0FFE708
S3150800288008980068A021C4F20201884250D0FFE7E8
S3150800289008980068B821C4F20201884248D0FFE7C8
S315080028A00898006840F21041C4F2020188423FD0FD
S315080028B0FFE70898006840F22841C4F202018842FE
S315080028C036D0FFE70898006840F24041C4F202019A
S315080028D088422DD0FFE70898006840F25841C4F2B4
S315080028E00201884224D0FFE70898006840F2704148
S315080028F0C4F2020188421BD0FFE70898006840F23C
S315080029008841C4F20201884212D0FFE7089800689D
S3150800291040F2A041C4F20201884209D0FFE70898B4
S31508002920006840F2B841C4F20201884209D1FFE7C3
S3150800293008980068016821F001010A4601600292C0
S3150800294008E008980068016821F001010A4601605C
S315080029500192FFE70898006801211022C4F20202DA
S315080029609042009100F00381FFE708980068012172
S315080029702822C4F202029042009100F0F880FFE794
S315080029800898006801214022C4F202029042009190
S3150800299000F0ED80FFE70898006801215822C4F28C
S315080029A002029042009100F0E280FFE70898006872
S315080029B001217022C4F202029042009100F0D780F1
S315080029C0FFE70898006801218822C4F202029042B3
S315080029D0009100F0CC80FFE7089800680121A0224A
S315080029E0C4F202029042009100F0C180FFE7089805
S315080029F000680121B822C4F202029042009100F058
S31508002A00B680FFE708980068012140F21042C4F238
S31508002A1002029042009100F0AA80FFE70898006839
S31508002A20012140F22842C4F202029042009100F0CD
S31508002A309E80FFE708980068012140F24042C4F2F0
S31508002A4002029042009100F09280FFE70898006821
S31508002A50012140F25842C4F202029042009100F06D
S31508002A608680FFE708980068012140F27042C4F2A8
S31508002A700202904200917AD0FFE708980068012187
S31508002A8040F28842C4F20202904200916FD0FFE7FA
S31508002A9008980068012140F2A042C4F2020290425E
S31508002AA0009164D0FFE708980068012140F2B84217
S31508002AB0C4F202029042009159D0FFE708980068D4
S31508002AC0012145F20842C5F60202904200914ED015
S31508002AD0FFE708980068012145F21C42C5F6020284
S31508002AE09042009143D0FFE708980068012145F21B
S31508002AF03042C5F602029042009138D0FFE70898A6
S31508002B000068012145F24442C5F60202904200914E
S31508002B102DD0FFE708980068012145F25842C5F60E
S31508002B2002029042009122D0FFE70898006801212E
S31508002B3045F26C42C5F602029042009117D0FFE7B3
S31508002B4008980068012145F28042C5F602029042C3
S31508002B5000910CD0FFE7089800684AF66C31CAF273
S31508002B60FD710844B0FA80F040090090FFE700982C
S31508002B70C007002827D0FFE70898006E016821F4EF
S31508002B80807101600898806D07900898C06D00F004
S31508002B901F00012101FA00F0079948600898416E64
S31508002BA0806E48600898C06E00280BD0FFE708982A
S31508002BB0C06E016821F4807101600898016F406F4A
S31508002BC04860FFE7FFE70898012180F83510FFE71E
S31508002BD00898002180F83410FFE70898006D00284F
S31508002BE004D0FFE70898016D8847FFE7FFE7FFE78E
S31508002BF000208DF82700FFE79DF827000AB080BD62
S31508002C0082B0014601900198406D009102B070476C
S31508002C1080B59CB001461B900020179040F2BC007E
S31508002C20C2F20040006848F2B512C1F64E32A0FB67
S31508002C300202920A16921B9A926D15921B9A926D2F
S31508002C401492159A12681A92149A126819921B9A73
S31508002C501268012340F2100CC4F2020C624513916B
S31508002C601290119300F0A380FFE71B9800680121DA
S31508002C702822C4F202029042119100F09880FFE7E0
S31508002C801B98006801214022C4F202029042119169
S31508002C9000F08D80FFE71B98006801215822C4F2D6
S31508002CA002029042119100F08280FFE71B980068AB
S31508002CB001217022C4F202029042119177D0FFE7F7
S31508002CC01B98006801218822C4F2020290421191E1
S31508002CD06DD0FFE71B9800680121A022C4F202020A
S31508002CE09042119163D0FFE71B9800680121B82232
S31508002CF0C4F202029042119159D0FFE71B9800686E
S31508002D00012140F21042C4F20202904211914ED0C3
S31508002D10FFE71B980068012140F22842C4F202022C
S31508002D209042119143D0FFE71B980068012140F2B9
S31508002D304042C4F202029042119138D0FFE71B9834
S31508002D400068012140F25842C4F2020290421191F1
S31508002D502DD0FFE71B980068012140F27042C4F2AB
S31508002D6002029042119122D0FFE71B9800680121C8
S31508002D7040F28842C4F202029042119117D0FFE74E
S31508002D801B980068012140F2A042C4F20202904258
S31508002D9011910CD0FFE71B9800684FF64831CBF627
S31508002DA0FD710844B0FA80F040091190FFE71198C8
S31508002DB0C007002800F03285FFE71A981B99C96DED
S31508002DC001F01F01082202FA01F1084200F0B28060
S31508002DD0FFE71B9800681021C4F20201884200F040
S31508002DE08180FFE71B9800682821C4F20201884207
S31508002DF078D0FFE71B9800684021C4F20201884298
S31508002E0070D0FFE71B9800685821C4F20201884277
S31508002E1068D0FFE71B9800687021C4F20201884257
S31508002E2060D0FFE71B9800688821C4F20201884237
S31508002E3058D0FFE71B980068A021C4F20201884217
S31508002E4050D0FFE71B980068B821C4F202018842F7
S31508002E5048D0FFE71B98006840F21041C4F202010F
S31508002E6088423FD0FFE71B98006840F22841C4F229
S31508002E700201884236D0FFE71B98006840F24041BD
S31508002E80C4F2020188422DD0FFE71B98006840F281
S31508002E905841C4F20201884224D0FFE71B98006813
S31508002EA040F27041C4F2020188421BD0FFE71B982A
S31508002EB0006840F28841C4F20201884212D0FFE756
S31508002EC01B98006840F2A041C4F20201884209D06A
S31508002ED0FFE71B98006840F2B841C4F20201884235
S31508002EE007D1FFE71B980068006800F004001090FF
S31508002EF006E01B980068006800F008001090FFE7DD
S31508002F001098002815D0FFE71B980068016821F083
S31508002F10040101601B98C06D00F01F00082101FA2A
S31508002F2000F0159988601B98416D41F001014165D3
S31508002F30FFE7FFE71A981B99C96D01F01F010122E7
S31508002F4002FA01F1084200F0AC80FFE71B9800681E
S31508002F501021C4F20201884200F08180FFE71B9825
S31508002F6000682821C4F20201884278D0FFE71B983E
S31508002F7000684021C4F20201884270D0FFE71B981E
S31508002F8000685821C4F20201884268D0FFE71B98FE
S31508002F9000687021C4F20201884260D0FFE71B98DE
S31508002FA000688821C4F20201884258D0FFE71B98BE
S31508002FB00068A021C4F20201884250D0FFE71B989E
S31508002FC00068B821C4F20201884248D0FFE71B987E
S31508002FD0006840F21041C4F2020188423FD0FFE780
S31508002FE01B98006840F22841C4F20201884236D094
S31508002FF0FFE71B98006840F24041C4F2020188428C
S315080030002DD0FFE71B98006840F25841C4F2020130
S31508003010884224D0FFE71B98006840F27041C4F24A
S31508003020020188421BD0FFE71B98006840F28841DE
S31508003030C4F20201884212D0FFE71B98006840F2EA
S31508003040A041C4F20201884209D0FFE71B98006834
S3150800305040F2B841C4F20201884207D1FFE71B9843
S315080030600068406900F080000F9006E01B98006831
S31508003070006800210E900F91FFE70F9800280FD0E7
S31508003080FFE71B98C06D00F01F00012101FA00F050
S31508003090159988601B98416D41F002014165FFE76B
S315080030A0FFE71A981B99C96D01F01F01042202FA5D
S315080030B001F1084200F0AC80FFE71B980068102178
S315080030C0C4F20201884200F08180FFE71B9800687D
S315080030D02821C4F20201884278D0FFE71B980068CD
S315080030E04021C4F20201884270D0FFE71B980068AD
S315080030F05821C4F20201884268D0FFE71B9800688D
S315080031007021C4F20201884260D0FFE71B9800686C
S315080031108821C4F20201884258D0FFE71B9800684C
S31508003120A021C4F20201884250D0FFE71B9800682C
S31508003130B821C4F20201884248D0FFE71B9800680C
S3150800314040F21041C4F2020188423FD0FFE71B98C3
S31508003150006840F22841C4F20201884236D0FFE7EF
S315080031601B98006840F24041C4F2020188422DD003
S31508003170FFE71B98006840F25841C4F202018842F2
S3150800318024D0FFE71B98006840F27041C4F20201A0
S3150800319088421BD0FFE71B98006840F28841C4F2BA
S315080031A00201884212D0FFE71B98006840F2A0414E
S315080031B0C4F20201884209D0FFE71B98006840F272
S315080031C0B841C4F20201884207D1FFE71B9800689C
S315080031D0006800F002000D9006E01B980068006881
S315080031E000210C900D91FFE70D9800280FD0FFE7FE
S315080031F01B98C06D00F01F00042101FA00F0159914
S3150800320088601B98416D41F004014165FFE7FFE7BF
S315080032101A981B99C96D01F01F01102202FA01F1D3
S31508003220084200F0E280FFE71B9800681021C4F20C
S315080032300201884200F08180FFE71B980068282178
S31508003240C4F20201884278D0FFE71B980068402143
S31508003250C4F20201884270D0FFE71B980068582123
S31508003260C4F20201884268D0FFE71B980068702103
S31508003270C4F20201884260D0FFE71B9800688821E3
S31508003280C4F20201884258D0FFE71B980068A021C3
S31508003290C4F20201884250D0FFE71B980068B821A3
S315080032A0C4F20201884248D0FFE71B98006840F242
S315080032B01041C4F2020188423FD0FFE71B9800681C
S315080032C040F22841C4F20201884236D0FFE71B9833
S315080032D0006840F24041C4F2020188422DD0FFE75F
S315080032E01B98006840F25841C4F20201884224D073
S315080032F0FFE71B98006840F27041C4F20201884259
S315080033001BD0FFE71B98006840F28841C4F202010F
S31508003310884212D0FFE71B98006840F2A041C4F229
S315080033200201884209D0FFE71B98006840F2B841BD
S31508003330C4F20201884207D1FFE71B9800680068BB
S3150800334000F008000B9006E01B980068006800F083
S3150800335004000B90FFE70B98002845D0FFE71B9861
S31508003360C06D00F01F00102101FA00F01599886061
S315080033701B980068006810F4802F1CD0FFE71B9884
S315080033800068006810F4002F0AD1FFE71B98006C4C
S31508003390002804D0FFE71B98016C8847FFE709E07F
S315080033A01B98806C002804D0FFE71B98816C88471F
S315080033B0FFE7FFE717E01B980068006810F4807FB6
S315080033C007D1FFE71B980068016821F00801016032
S315080033D0FFE71B98006C002804D0FFE71B98016CD8
S315080033E08847FFE7FFE7FFE7FFE71A981B99C96DCC
S315080033F001F01F01202202FA01F1084200F02E8195
S31508003400FFE71B9800681021C4F20201884200F009
S315080034108180FFE71B9800682821C4F202018842D0
S3150800342078D0FFE71B9800684021C4F20201884261
S3150800343070D0FFE71B9800685821C4F20201884241
S3150800344068D0FFE71B9800687021C4F20201884221
S3150800345060D0FFE71B9800688821C4F20201884201
S3150800346058D0FFE71B980068A021C4F202018842E1
S3150800347050D0FFE71B980068B821C4F202018842C1
S3150800348048D0FFE71B98006840F21041C4F20201D9
S3150800349088423FD0FFE71B98006840F22841C4F2F3
S315080034A00201884236D0FFE71B98006840F2404187
S315080034B0C4F2020188422DD0FFE71B98006840F24B
S315080034C05841C4F20201884224D0FFE71B980068DD
S315080034D040F27041C4F2020188421BD0FFE71B98F4
S315080034E0006840F28841C4F20201884212D0FFE720
S315080034F01B98006840F2A041C4F20201884209D034
S31508003500FFE71B98006840F2B841C4F202018842FE
S3150800351007D1FFE71B980068006800F010000A90C2
S3150800352006E01B980068006800F002000A90FFE7B2
S315080035300A98002800F09180FFE71B98C06D00F0FC
S315080035401F00202101FA00F0159988601B9890F851
S31508003550350004283BD1FFE71B980068016821F075
S31508003560160101601B980068416921F080014161DC
S315080035701B98006C002805D1FFE71B98806C002873
S3150800358007D0FFE71B980068016821F00801016071
S31508003590FFE71B98C06D00F01F003F2101FA00F0FD
S315080035A0159988601B98012180F83510FFE71B984C
S315080035B0002180F83410FFE71B98006D002804D01E
S315080035C0FFE71B98016D8847FFE700F03CBC1B9896
S315080035D00068006810F4802F1CD0FFE71B9800686D
S315080035E0006810F4002F0AD1FFE71B98406C0028EA
S315080035F004D0FFE71B98416C8847FFE709E01B9852
S31508003600C06B002804D0FFE71B98C16B8847FFE70B
S31508003610FFE721E01B980068006810F4807F11D14D
S31508003620FFE71B980068016821F0100101601B98EC
S31508003630012180F83510FFE71B98002180F8341027
S31508003640FFE7FFE71B98C06B002804D0FFE71B982D
S31508003650C16B8847FFE7FFE7FFE7FFE71B98406D69
S31508003660002800F0DA80FFE71B98406D10F0010F84
S3150800367000F0C980FFE71B98042180F835101B98D5
S3150800368000681021C4F20201884200F08180FFE739
S315080036901B9800682821C4F20201884278D0FFE707
S315080036A01B9800684021C4F20201884270D0FFE7E7
S315080036B01B9800685821C4F20201884268D0FFE7C7
S315080036C01B9800687021C4F20201884260D0FFE7A7
S315080036D01B9800688821C4F20201884258D0FFE787
S315080036E01B980068A021C4F20201884250D0FFE767
S315080036F01B980068B821C4F20201884248D0FFE747
S315080037001B98006840F21041C4F2020188423FD07B
S31508003710FFE71B98006840F22841C4F2020188427C
S3150800372036D0FFE71B98006840F24041C4F2020118
S3150800373088422DD0FFE71B98006840F25841C4F232
S315080037400201884224D0FFE71B98006840F27041C6
S31508003750C4F2020188421BD0FFE71B98006840F2BA
S315080037608841C4F20201884212D0FFE71B9800681C
S3150800377040F2A041C4F20201884209D0FFE71B9833
S31508003780006840F2B841C4F20201884209D1FFE755
S315080037901B980068016821F001010A460160099238
S315080037A008E01B980068016821F001010A460160DB
S315080037B00892FFE7FFE71798013017901699884295
S315080037C001D9FFE707E0FFE71B980068006810F0DB
S315080037D0010FF0D1FFE71B980068006810F0010F91
S315080037E005D0FFE71B98032180F8351004E01B98E5
S315080037F0012180F83510FFE7FFE71B98002180F8C4
S315080038003410FFE7FFE71B98C06C002804D0FFE7D9
S315080038101B98C16C8847FFE7FFE714E31B9800680D
S31508003820012145F20842C5F60202904207914ED0A0
S31508003830FFE71B980068012145F21C42C5F6020203
S315080038409042079143D0FFE71B980068012145F293
S315080038503042C5F602029042079138D0FFE71B981E
S315080038600068012145F24442C5F6020290420791DA
S315080038702DD0FFE71B980068012145F25842C5F68E
S3150800388002029042079122D0FFE71B9800680121A7
S3150800389045F26C42C5F602029042079117D0FFE73F
S315080038A01B980068012145F28042C5F60202904243
S315080038B007910CD0FFE71B9800684AF66C31CAF2EC
S315080038C0FD710844B0FA80F040090790FFE70798B1
S315080038D0C007002800F0B582FFE71B98006800685B
S315080038E0189019981B99C96D01F01F01042202FA54
S315080038F001F1084200F0E080FFE79DF8600040070C
S31508003900002840F1D980FFE71B98C06D00F01F0022
S31508003910042101FA00F0149948609DF86100000638
S3150800392000281BD5FFE79DF86200C00700280AD1CA
S31508003930FFE71B98806C002804D0FFE71B98816C72
S315080039408847FFE709E01B98006C002804D0FFE7CA
S315080039501B98016C8847FFE7FFE7ACE09DF860001D
S315080039608006002800F19D80FFE71B98006810215B
S31508003970C4F20201884200F08180FFE71B980068C4
S315080039802821C4F20201884278D0FFE71B98006814
S315080039904021C4F20201884270D0FFE71B980068F4
S315080039A05821C4F20201884268D0FFE71B980068D4
S315080039B07021C4F20201884260D0FFE71B980068B4
S315080039C08821C4F20201884258D0FFE71B98006894
S315080039D0A021C4F20201884250D0FFE71B98006874
S315080039E0B821C4F20201884248D0FFE71B98006854
S315080039F040F21041C4F2020188423FD0FFE71B980B
S31508003A00006840F22841C4F20201884236D0FFE736
S31508003A101B98006840F24041C4F2020188422DD04A
S31508003A20FFE71B98006840F25841C4F20201884239
S31508003A3024D0FFE71B98006840F27041C4F20201E7
S31508003A4088421BD0FFE71B98006840F28841C4F201
S31508003A500201884212D0FFE71B98006840F2A04195
S31508003A60C4F20201884209D0FFE71B98006840F2B9
S31508003A70B841C4F20201884209D1FFE71B980068E1
S31508003A80016821F008010A460160069208E01B98C1
S31508003A900068016821F004010A4601600592FFE703
S31508003AA0FFE71B98006C002804D0FFE71B98016C01
S31508003AB08847FFE7FFE7C3E119981B99C96D01F02D
S31508003AC01F01022202FA01F1084200F0EA80FFE72C
S31508003AD09DF860008007002840F1E380FFE71B9807
S31508003AE0C06D00F01F00022101FA00F01499486029
S31508003AF09DF86100000600281BD5FFE79DF86200C7
S31508003B00C00700280AD1FFE71B98406C002804D09C
S31508003B10FFE71B98416C8847FFE709E01B98C06BD5
S31508003B20002804D0FFE71B98C16B8847FFE7FFE72B
S31508003B30B6E09DF860008006002800F1A780FFE740
S31508003B401B9800681021C4F20201884200F08180A7
S31508003B50FFE71B9800682821C4F20201884278D042
S31508003B60FFE71B9800684021C4F20201884270D022
S31508003B70FFE71B9800685821C4F20201884268D002
S31508003B80FFE71B9800687021C4F20201884260D0E2
S31508003B90FFE71B9800688821C4F20201884258D0C2
S31508003BA0FFE71B980068A021C4F20201884250D0A2
S31508003BB0FFE71B980068B821C4F20201884248D082
S31508003BC0FFE71B98006840F21041C4F202018842E0
S31508003BD03FD0FFE71B98006840F22841C4F2020173
S31508003BE0884236D0FFE71B98006840F24041C4F28D
S31508003BF0020188422DD0FFE71B98006840F2584121
S31508003C00C4F20201884224D0FFE71B98006840F2FC
S31508003C107041C4F2020188421BD0FFE71B98006876
S31508003C2040F28841C4F20201884212D0FFE71B988D
S31508003C30006840F2A041C4F20201884209D0FFE7B9
S31508003C401B98006840F2B841C4F20201884209D1C3
S31508003C50FFE71B980068016821F014010A46016015
S31508003C60049208E01B980068016821F00A010A46D8
S31508003C7001600392FFE71B98012180F83510FFE7E2
S31508003C801B98002180F83410FFE7FFE71B98C06BEC
S31508003C90002804D0FFE71B98C16B8847FFE7FFE7BA
S31508003CA0CDE019981B99C96D01F01F01082202FA87
S31508003CB001F1084200F0C180FFE79DF860000007A7
S31508003CC0002840F1BA80FFE71B9800681021C4F26B
S31508003CD00201884200F08180FFE71B9800682821CE
S31508003CE0C4F20201884278D0FFE71B980068402199
S31508003CF0C4F20201884270D0FFE71B980068582179
S31508003D00C4F20201884268D0FFE71B980068702158
S31508003D10C4F20201884260D0FFE71B980068882138
S31508003D20C4F20201884258D0FFE71B980068A02118
S31508003D30C4F20201884250D0FFE71B980068B821F8
S31508003D40C4F20201884248D0FFE71B98006840F297
S31508003D501041C4F2020188423FD0FFE71B98006871
S31508003D6040F22841C4F20201884236D0FFE71B9888
S31508003D70006840F24041C4F2020188422DD0FFE7B4
S31508003D801B98006840F25841C4F20201884224D0C8
S31508003D90FFE71B98006840F27041C4F202018842AE
S31508003DA01BD0FFE71B98006840F28841C4F2020165
S31508003DB0884212D0FFE71B98006840F2A041C4F27F
S31508003DC00201884209D0FFE71B98006840F2B84113
S31508003DD0C4F20201884209D1FFE71B98006801680E
S31508003DE021F01C010A460160029208E01B9800684F
S31508003DF0016821F00E010A4601600192FFE71B984F
S31508003E00C06D00F01F00012101FA00F0149A5060FD
S31508003E101B9841651B9880F83510FFE71B98002111
S31508003E2080F83410FFE71B98C06C002804D0FFE721
S31508003E301B98C16C8847FFE700E0FFE7FFE7FFE74D
S31508003E4000E0FFE7FFE71CB080BD000000000000AF
S31508003E5080B592B0014610900B9102F025FC0E90A9
S31508003E601098002805D1FFE701208DF8470000F0DB
S31508003E70B6BC1098006801211022C4F202029042D2
S31508003E800A9100F0A380FFE7109800680121282214
S31508003E90C4F2020290420A9100F09880FFE7109857
S31508003EA0006801214022C4F2020290420A9100F001
S31508003EB08D80FFE71098006801215822C4F202029B
S31508003EC090420A9100F08280FFE71098006801216D
S31508003ED07022C4F2020290420A9177D0FFE7109846
S31508003EE0006801218822C4F2020290420A916DD02C
S31508003EF0FFE7109800680121A022C4F2020290424E
S31508003F000A9163D0FFE7109800680121B822C4F22D
S31508003F10020290420A9159D0FFE7109800680121E1
S31508003F2040F21042C4F2020290420A914ED0FFE7D4
S31508003F3010980068012140F22842C4F20202904219
S31508003F400A9143D0FFE710980068012140F24042E9
S31508003F50C4F2020290420A9138D0FFE7109800682E
S31508003F60012140F25842C4F2020290420A912DD031
S31508003F70FFE710980068012140F27042C4F202027D
S31508003F8090420A9122D0FFE710980068012140F27A
S31508003F908842C4F2020290420A9117D0FFE71098AD
S31508003FA00068012140F2A042C4F2020290420A913E
S31508003FB00CD0FFE7109800684FF64831CBF6FD7134
S31508003FC00844B0FA80F040090A90FFE70A98C0074B
S31508003FD0002800F08481FFE71098406A002801D085
S31508003FE0FFE7FFE71098022180F83510FFE71098E1
S31508003FF0002180F83410FFE7109800681021C4F2F9
S315080040000201884200F08180FFE7109800682821A5
S31508004010C4F20201884278D0FFE710980068402170
S31508004020C4F20201884270D0FFE710980068582150
S31508004030C4F20201884268D0FFE710980068702130
S31508004040C4F20201884260D0FFE710980068882110
S31508004050C4F20201884258D0FFE710980068A021F0
S31508004060C4F20201884250D0FFE710980068B821D0
S31508004070C4F20201884248D0FFE71098006840F26F
S315080040801041C4F2020188423FD0FFE71098006849
S3150800409040F22841C4F20201884236D0FFE7109860
S315080040A0006840F24041C4F2020188422DD0FFE781
S315080040B01098006840F25841C4F20201884224D0A0
S315080040C0FFE71098006840F27041C4F20201884286
S315080040D01BD0FFE71098006840F28841C4F202013D
S315080040E0884212D0FFE71098006840F2A041C4F257
S315080040F00201884209D0FFE71098006840F2B841EB
S31508004100C4F20201884209D1FFE7109800680168E5
S3150800411021F001010A460160099208E0109800683A
S31508004120016821F001010A4601600892FFE7FFE7EE
S3150800413010980068006810F0010F15D0FFE702F02C
S31508004140B3FADDF838E0A0EB0E0006280BD3FFE73C
S315080041501098202141651098032180F83510012018
S315080041608DF847003BE3E3E71098006800680F9076
S315080041700F9848F23F01CFF6106108400F9010984B
S315080041808168C2680369D0F814C01143194341EA2B
S315080041900C0182691143C2691143006A08430F99E9
S315080041A008430F901098406A042808D1FFE7109832
S315080041B0C16A006B08430F9908430F90FFE71098F0
S315080041C04068292807D3FFE71098406801212F285F
S315080041D0079136D3FFE7109840683F2807D3FFE7D3
S315080041E0109840680121432807912AD3FFE71098C1
S315080041F04068472807D3FFE71098406801214928F7
S3150800420007911ED3FFE7109840684F2807D3FFE7AA
S315080042101098406801215328079112D3FFE7109898
S31508004220406800217428069108D3FFE71098406873
S315080042300021782838BF01210691FFE706980790E4
S31508004240FFE70798C007002805D0FFE70F9840F456
S3150800425080100F90FFE70F9810990968086010986A
S31508004260006840690F900F9820F007000F9010988B
S31508004270406A0F9908430F901098406A04281CD189
S31508004280FFE71098806A0F9908430F901098C06A44
S31508004290002811D0FFE71098FCF73EFF00280AD047
S315080042A0FFE71098402141651098012180F83510E4
S315080042B08DF8471093E2FFE7FFE70F981099096812
S315080042C048611098FCF7DCFC0D901098C06D00F062
S315080042D01F003F2101FA00F00D9988602CE1109823
S315080042E00068012145F20842C5F60202904205918E
S315080042F04ED0FFE710980068012145F21C42C5F62A
S3150800430002029042059143D0FFE710980068012108
S3150800431045F23042C5F602029042059138D0FFE7D1
S3150800432010980068012145F24442C5F602029042FF
S3150800433005912DD0FFE710980068012145F25842F3
S31508004340C5F602029042059122D0FFE71098006850
S31508004350012145F26C42C5F602029042059117D03A
S31508004360FFE710980068012145F28042C5F602026F
S31508004370904205910CD0FFE7109800684AF66C3118
S31508004380CAF2FD710844B0FA80F040090590FFE7CB
S315080043900598C007002800F0C380FFE7109800685A
S315080043A0012145F20842C5F60202904204914ED018
S315080043B0FFE710980068012145F21C42C5F6020283
S315080043C09042049143D0FFE710980068012145F216
S315080043D03042C5F602029042049138D0FFE71098A1
S315080043E00068012145F24442C5F602029042049152
S315080043F02DD0FFE710980068012145F25842C5F60E
S3150800440002029042049122D0FFE710980068012129
S3150800441045F26C42C5F602029042049117D0FFE7B6
S3150800442010980068012145F28042C5F602029042C2
S3150800443004910CD0FFE7109800684AF66C31CAF26E
S31508004440FD710844B0FA80F040090490FFE704982B
S31508004450C007002801D0FFE7FFE71098022180F87F
S315080044603510FFE71098002180F83410FFE7109800
S31508004470006800680F900F986FF310100F9010984F
S315080044808068402803D1FFE71020039008E01098C1
S3150800449080680021802808BF4FF480410391FFE718
S315080044A003981099CA680B69D1F814C0D1F818E0B6
S315080044B040EAD20040EAD30040EADC0040EADE00E7
S315080044C0CA6940EAD200096A40EA11100F990843FE
S315080044D00F900F98109909680860109801684AF6B5
S315080044E0F832CAF2FD7211444CF6CD42CCF6CC42F3
S315080044F0A1FB02124FF6FC73C3F6FF7303EA92029E
S31508004500C26510980291FCF7BBFB0C901098C06D21
S3150800451000F01F00012101FA00F00C9948600AE03A
S315080045201098402141651098032180F83510012024
S315080045308DF8470053E1FFE7109800680121102223
S31508004540C4F202029042019100F00381FFE710983D
S31508004550006801212822C4F202029042019100F06B
S31508004560F880FFE71098006801214022C4F2020291
S315080045709042019100F0ED80FFE710980068012154
S315080045805822C4F202029042019100F0E280FFE74D
S315080045901098006801217022C4F20202904201912B
S315080045A000F0D780FFE71098006801218822C4F23E
S315080045B002029042019100F0CC80FFE71098006853
S315080045C00121A022C4F202029042019100F0C180AA
S315080045D0FFE7109800680121B822C4F2020290424F
S315080045E0019100F0B680FFE710980068012140F2BB
S315080045F01042C4F202029042019100F0AA80FFE73D
S3150800460010980068012140F22842C4F20202904242
S31508004610019100F09E80FFE710980068012140F2A2
S315080046204042C4F202029042019100F09280FFE7F4
S3150800463010980068012140F25842C4F202029042E2
S31508004640019100F08680FFE710980068012140F28A
S315080046507042C4F20202904201917AD0FFE71098A4
S315080046600068012140F28842C4F202029042019198
S315080046706FD0FFE710980068012140F2A042C4F20B
S3150800468002029042019164D0FFE710980068012168
S3150800469040F2B842C4F202029042019159D0FFE7B3
S315080046A010980068012145F20842C5F602029042B8
S315080046B001914ED0FFE710980068012145F21C428F
S315080046C0C5F602029042019143D0FFE710980068B0
S315080046D0012145F23042C5F602029042019138D0D6
S315080046E0FFE710980068012145F24442C5F6020228
S315080046F0904201912DD0FFE710980068012145F2FC
S315080047005842C5F602029042019122D0FFE710985E
S315080047100068012145F26C42C5F6020290420191F9
S3150800472017D0FFE710980068012145F28042C5F6C8
S315080047300202904201910CD0FFE7109800684AF6F1
S315080047406C31CAF2FD710844B0FA80F04009019054
S31508004750FFE70198C007002837D0FFE71098FCF755
S315080047607BFB10988068802804D1FFE71098002109
S315080047704160FFE710980179006E01601098416E5C
S31508004780806E486010984068002815D0FFE710989A
S315080047904068082810D8FFE71098FCF721FC109805
S315080047A0C06E4FF0000EC0F800E01098D0F870E028
S315080047B0406FCEF8040007E010980021C1661098F3
S315080047C0016710984167FFE7FFE7109800214165E8
S315080047D01098012280F835208DF84710FFE79DF8DC
S315080047E0470012B080BD0000B0B590B09C46964612
S315080047F00C4605460E900D910C920B9300208DF8F1
S315080048002B000E980028CDF824C0CDF820E0079498
S31508004810069504D1FFE701208DF83F0079E3FFE70D
S315080048200E9890F83400012804D1FFE702208DF88D
S315080048303F006EE30E98012180F83410FFE7FFE78A
S315080048400E9890F83500012840F05083FFE70E983F
S31508004850022180F835100E98002141650E980068EF
S315080048601021C4F20201884200F08180FFE70E9809
S3150800487000682821C4F20201884278D0FFE70E9822
S3150800488000684021C4F20201884270D0FFE70E9802
S3150800489000685821C4F20201884268D0FFE70E98E2
S315080048A000687021C4F20201884260D0FFE70E98C2
S315080048B000688821C4F20201884258D0FFE70E98A2
S315080048C00068A021C4F20201884250D0FFE70E9882
S315080048D00068B821C4F20201884248D0FFE70E9862
S315080048E0006840F21041C4F2020188423FD0FFE757
S315080048F00E98006840F22841C4F20201884236D078
S31508004900FFE70E98006840F24041C4F2020188426F
S315080049102DD0FFE70E98006840F25841C4F2020114
S31508004920884224D0FFE70E98006840F27041C4F22E
S31508004930020188421BD0FFE70E98006840F28841C2
S31508004940C4F20201884212D0FFE70E98006840F2CE
S31508004950A041C4F20201884209D0FFE70E98006818
S3150800496040F2B841C4F20201884209D1FFE70E9825
S315080049700068016821F001010A460160059208E015
S315080049800E980068016821F001010A460160049248
S31508004990FFE70E980D990C9A0B9BFCF739FC0E98BD
S315080049A0006801211022C4F202029042039100F02D
S315080049B0A380FFE70E98006801212822C4F20202AC
S315080049C09042039100F09880FFE70E980068012155
S315080049D04022C4F202029042039100F08D80FFE764
S315080049E00E98006801215822C4F2020290420391EF
S315080049F000F08280FFE70E98006801217022C4F259
S31508004A0002029042039177D0FFE70E9800680121D1
S31508004A108822C4F20202904203916DD0FFE70E98F5
S31508004A2000680121A022C4F202029042039163D0D9
S31508004A30FFE70E9800680121B822C4F202029042EC
S31508004A40039159D0FFE70E980068012140F2104201
S31508004A50C4F20202904203914ED0FFE70E98006816
S31508004A60012140F22842C4F202029042039143D047
S31508004A70FFE70E980068012140F24042C4F20202A4
S31508004A809042039138D0FFE70E980068012140F262
S31508004A905842C4F20202904203912DD0FFE70E98C5
S31508004AA00068012140F27042C4F20202904203916A
S31508004AB022D0FFE70E980068012140F28842C4F22E
S31508004AC002029042039117D0FFE70E980068012171
S31508004AD040F2A042C4F20202904203910CD0FFE7D2
S31508004AE00E9800684FF64831CBF6FD710844B0FAC7
S31508004AF080F040090390FFE70398C007002816D006
S31508004B00FFE70E98006800680B2161F344000E99D0
S31508004B10096808600E98006C002807D0FFE70E9811
S31508004B200068016841F008010160FFE715E00E988A
S31508004B3000680068052161F343000E99096808605A
S31508004B400E98006C002807D0FFE70E9800680168E9
S31508004B5041F004010160FFE7FFE70E9800680121B4
S31508004B601022C4F202029042029100F00381FFE78C
S31508004B700E98006801212822C4F20202904202918E
S31508004B8000F0F880FFE70E98006801214022C4F281
S31508004B9002029042029100F0ED80FFE70E9800684D
S31508004BA001215822C4F202029042029100F0E280EA
S31508004BB0FFE70E98006801217022C4F202029042B3
S31508004BC0029100F0D780FFE70E980068012188223D
S31508004BD0C4F202029042029100F0CC80FFE70E98E0
S31508004BE000680121A022C4F202029042029100F05C
S31508004BF0C180FFE70E9800680121B822C4F20202BC
S31508004C009042029100F0B680FFE70E9800680121F5
S31508004C1040F21042C4F202029042029100F0AA80C9
S31508004C20FFE70E980068012140F22842C4F202020A
S31508004C309042029100F09E80FFE70E9800680121DD
S31508004C4040F24042C4F202029042029100F0928081
S31508004C50FFE70E980068012140F25842C4F20202AA
S31508004C609042029100F08680FFE70E9800680121C5
S31508004C7040F27042C4F20202904202917AD0FFE7F3
S31508004C800E980068012140F28842C4F2020290425E
S31508004C9002916FD0FFE70E980068012140F2A0420A
S31508004CA0C4F202029042029164D0FFE70E980068AF
S31508004CB0012140F2B842C4F202029042029159D050
S31508004CC0FFE70E980068012145F20842C5F6020280
S31508004CD0904202914ED0FFE70E980068012145F2F6
S31508004CE01C42C5F602029042029143D0FFE70E9895
S31508004CF00068012145F23042C5F60202904202914F
S31508004D0038D0FFE70E980068012145F24442C5F6FF
S31508004D100202904202912DD0FFE70E980068012109
S31508004D2045F25842C5F602029042029122D0FFE7A8
S31508004D300E980068012145F26C42C5F602029042BF
S31508004D40029117D0FFE70E980068012145F28042CC
S31508004D50C5F60202904202910CD0FFE70E98006851
S31508004D604AF66C31CAF2FD710844B0FA80F040097F
S31508004D700290FFE70298C00700281BD0FFE70E98AD
S31508004D80006E006810F4803F07D0FFE70E98006EAB
S31508004D90016841F480710160FFE70E98C06E002833
S31508004DA007D0FFE70E98C06E016841F48071016074
S31508004DB0FFE7FFE70E9800681021C4F20201884257
S31508004DC000F08180FFE70E9800682821C4F20201EE
S31508004DD0884278D0FFE70E9800684021C4F20201A5
S31508004DE0884270D0FFE70E9800685821C4F2020185
S31508004DF0884268D0FFE70E9800687021C4F2020165
S31508004E00884260D0FFE70E9800688821C4F2020144
S31508004E10884258D0FFE70E980068A021C4F2020124
S31508004E20884250D0FFE70E980068B821C4F2020104
S31508004E30884248D0FFE70E98006840F21041C4F255
S31508004E40020188423FD0FFE70E98006840F22841E9
S31508004E50C4F20201884236D0FFE70E98006840F295
S31508004E604041C4F2020188422DD0FFE70E9800683F
S31508004E7040F25841C4F20201884224D0FFE70E9856
S31508004E80006840F27041C4F2020188421BD0FFE775
S31508004E900E98006840F28841C4F20201884212D096
S31508004EA0FFE70E98006840F2A041C4F2020188426A
S31508004EB009D0FFE70E98006840F2B841C4F2020133
S31508004EC0884209D1FFE70E980068016841F00101A0
S31508004ED00A460160019208E00E980068016841F0F0
S31508004EE001010A4601600092FFE70DE00E984FF4B3
S31508004EF000614165FFE70E98002180F83410FFE74E
S31508004F0001208DF82B00FFE79DF82B008DF83F0058
S31508004F10FFE79DF83F0010B0B0BD0000000000009C
S31508004F2080B584B001460390009101F0BDFB029064
S31508004F300398019001980130002809D0FFE740F254
S31508004F40A610C2F200400078019908440190FFE7D4
S31508004F50FFE701F0A9FBDDF808E0A0EB0E00DDF89D
S31508004F6004E0704501D2FFE7F3E704B080BD000016
S31508004F7084B00A460346039002910192009304B056
S31508004F80704700000000000082B0014601900091C1
S31508004F9002B070470000000084B00A46034603903A
S31508004FA002910192009304B07047000000000000CF
S31508004FB0B0B58EB09C4696460C4605460C900B91AD
S31508004FC00A920993002005900C9890F898008DF89D
S31508004FD013009DF813000228CDF80CC0CDF808E0A0
S31508004FE00194009540F06181FFE70B98402852D163
S31508004FF0FFE70C980068D0F8A00010F4FE0F0BD15C
S31508005000FFE70C98D0F89C1041F02001C0F89C10DE
S3150800501001208DF8370053E10C980068D0F8A400F9
S3150800502010F07F0F0BD1FFE70C98D0F89C1041F4D5
S315080050308071C0F89C1001208DF8370040E10C986B
S315080050400068D0F8A40000F080700121B1EB106F61
S315080050500DD1FFE70C980068D0F8A0000121B1EB4C
S31508005060D07F03D1FFE701200590FFE7FFE70C9803
S315080050700068D0F8A40000F47C50059901EB1020D4
S3150800508005900C98416C406F059A514300EB8100DE
S315080050900890FFE771E00B98412852D1FFE70C987A
S315080050A00068D0F8B00010F4FE0F0BD1FFE70C989B
S315080050B0D0F89C1041F02001C0F89C1001208DF812
S315080050C03700FDE00C980068D0F8B40010F07F0FA8
S315080050D00BD1FFE70C98D0F89C1041F48071C0F80A
S315080050E09C1001208DF83700EAE00C980068D0F88B
S315080050F0B40000F080700121B1EB106F0DD1FFE70D
S315080051000C980068D0F8B0000121B1EBD07F03D12C
S31508005110FFE701200590FFE7FFE70C980068D0F845
S31508005120B40000F47C50059901EB102005900C980A
S31508005130C16C806F059A514300EB81000890FFE728
S315080051401AE00B980C99096D88420BD3FFE70C9867
S31508005150D0F89C1041F02001C0F89C1001208DF871
S315080051603700ADE00C98416DC06F0B9A514300EBC8
S3150800517081000890FFE7FFE7FFE70898006800F05E
S3150800518080400A9948600A984068002807D1FFE7D6
S3150800519008980068C0F38A400A99086006E00898EB
S315080051A0006820F060400A990860FFE708980068E0
S315080051B000F000500A9988600898006800F00040DE
S315080051C00A990861089804300890089800880A998E
S315080051D0C86108980068C0F303400A99C86008982F
S315080051E0006800F480100A9948610898006800F47D
S315080051F000100A99886108980068C0F306600A9941
S31508005200086208980068C00F0A994862089804302E
S3150800521008900898079000200690FFE706980A99D4
S31508005220C9684BF28A22C0F60102515C88420AD24A
S31508005230FFE707980699405C099A5054FFE70698D5
S3150800524001300690EAE70B98402806D1FFE7059853
S315080052500C990968C1F8A80023E00B98412806D1E3
S31508005260FFE705980C990968C1F8B80018E00B988B
S315080052701F2809D8FFE70B98012101FA00F00C99BD
S315080052800968C1F898000AE00B9800F01F00012190
S3150800529001FA00F00C990968C1F89C00FFE7FFE7DE
S315080052A0FFE700208DF837000AE00C98D0F89C102C
S315080052B041F00801C0F89C1001208DF83700FFE77F
S315080052C09DF837000EB0B0BD82B00146019000913E
S315080052D002B070470000000080B596B001461590F0
S315080052E04AF61000C4F200000068800714904AF6D7
S315080052F01400C4F200000068149A02EA8070149040
S3150800530015980068006D00F47040139015980068B1
S31508005310406D139A1040139015980068006D00F0C0
S315080053200F00129015980068406D129A104012905E
S3150800533015980068006D00F0F00011901598006847
S31508005340406D119A1040119015980068006D00F094
S315080053507150109015980068406D109A1040109082
S3150800536015980068006D00F060700F901598006839
S31508005370406D0F9A10400F9015980068406D059083
S3150800538015980068006D03909DF81500C007002861
S31508005390019118D0FFE79DF80D00C007002811D02D
S315080053A0FFE7FFE7159800684FF4807101654AF634
S315080053B01000C4F2000000210160FFE71598FFF70E
S315080053C083FFFFE7FFE79DF8150000F004000021C2
S315080053D0B1EB900F28D0FFE79DF80D0000F0040010
S315080053E00021B1EB900F1ED0FFE715980068D0F8A2
S315080053F0DC000D9015980068D0F8E4000D99084077
S315080054000D90FFE7159800684FF4806101654AF62C
S315080054101000C4F2000000210160FFE715980D99FD
S3150800542000F0CEFEFFE7FFE71498002817D0FFE745
S31508005430FFE714984FF6FF71C3F6CF710840159928
S31508005440096808651498800F4AF61001C4F200012D
S315080054500860FFE715981499FFF78AFDFFE7139888
S31508005460002817D0FFE7FFE713984FF6FF71C3F63A
S31508005470CF7108401599096808651398800F4AF690
S315080054801001C4F200010860FFE71598139900F0AF
S31508005490B3FEFFE71298002817D0FFE7FFE7129838
S315080054A04FF6FF71C3F6CF7108401599096808656C
S315080054B01298800F4AF61001C4F200010860FFE74F
S315080054C01598129900F060FDFFE71198002817D08B
S315080054D0FFE7FFE711984FF6FF71C3F6CF71084053
S315080054E01599096808651198800F4AF61001C4F2E3
S315080054F000010860FFE71598119900F0B1FDFFE774
S315080055009DF8150000F008000021B1EBD00F1BD064
S31508005510FFE79DF80D0000F008000021B1EBD00F61
S3150800552011D0FFE7FFE7159800684FF400610165A1
S315080055304AF61000C4F2000000210160FFE7159842
S3150800554000F066FEFFE7FFE79DF8150000F0020091
S315080055500021B1EB500F28D0FFE79DF80D0000F0B1
S3150800556002000021B1EB500F1ED0FFE71598006826
S31508005570D0F8D8000E9015980068D0F8E0000E997B
S3150800558008400E90FFE7159800684FF40071016512
S315080055904AF61000C4F2000000210160FFE71598E2
S315080055A00E9900F019FEFFE7FFE79DF8160000F0D8
S315080055B008000021B1EBD00F1BD0FFE79DF80E00C5
S315080055C000F008000021B1EBD00F11D0FFE7FFE78C
S315080055D0159800684FF4002101654AF61000C4F2D8
S315080055E0000000210160FFE7159800F0C5FCFFE701
S315080055F0FFE79DF81600C007002818D0FFE79DF8BA
S315080056000E00C007002811D0FFE7FFE715980068CD
S315080056104FF4803101654AF61000C4F200000021FB
S315080056200160FFE7159800F0C3FDFFE7FFE79DF867
S31508005630160000F004000021B1EB900F1BD0FFE725
S315080056409DF80E0000F004000021B1EB900F11D078
S31508005650FFE7FFE7159800684FF4802101654AF6D1
S315080056601000C4F2000000210160FFE7159800F061
S3150800567097FDFFE7FFE79DF8160000F002000021FE
S31508005680B1EB500F1FD0FFE79DF80E0000F00200A7
S315080056900021B1EB500F15D0FFE7FFE7159800681A
S315080056A04FF4003101654AF61000C4F200000021EB
S315080056B00160FFE71598D0F89C1041F08001C0F80A
S315080056C09C10FFE7FFE70F98002817D0FFE7FFE7D2
S315080056D00F984FF6FF71C3F6CF7108401599096800
S315080056E008650F98800F4AF61001C4F20001086099
S315080056F0FFE715980F99FFF74FFCFFE7109800286A
S315080057001AD0FFE7FFE710984FF6FF71C3F6CF717F
S3150800571008401599096808651098800F4AF610011F
S31508005720C4F200010860FFE710981599D1F89C208B
S315080057301043C1F89C00FFE7159800684AF200017B
S31508005740C4F20001884240F0BE80FFE71598406821
S31508005750806810F0030F00F0B580FFE715984068E1
S31508005760006A00F00F000C9015984068406A0C9982
S3150800577008400C9015984068006A00F030000B90BD
S3150800578015984068406A0B9908400B901598406830
S31508005790006A00F4C0700A9015984068406A0A9931
S315080057A008400A9015984068006A00F4FC40099081
S315080057B015984068406A0999084009901598406804
S315080057C0006A00F4F020089015984068406A089925
S315080057D00840089015984068406A049015984068F3
S315080057E0006A02900C98002809D0FFE70C981599D2
S315080057F04968086215980C9900F0AAFCFFE70B980F
S31508005800002809D0FFE70B9815994968086215988A
S315080058100B9900F0B9FCFFE79DF8100000F0400076
S315080058200021B1EB901F1FD0FFE79DF8080000F09C
S3150800583040000021B1EB901F15D0FFE7159840688E
S31508005840C06B000C079015984068C06B00F03F00CD
S315080058500690159840684021016215980799069A9E
S3150800586000F082FCFFE7FFE70A98002809D0FFE767
S315080058700A9815994968086215980A9900F05CFC17
S31508005880FFE7099800280CD0FFE709981599496899
S31508005890086209981599D1F89C201043C1F89C0014
S315080058A0FFE7089800280CD0FFE70898159949687B
S315080058B0086208981599D1F89C201043C1F89C00F5
S315080058C0FFE7FFE7FFE71598D0F89C00002804D00B
S315080058D0FFE71598FFF758FBFFE716B080BD0000F5
S315080058E080B586B00146049004980028019104D139
S315080058F0FFE701208DF81700F7E1049800684AF2DF
S315080059000001C4F20001884206D1FFE70498016845
S3150800591001F580714160FFE704988068B0F5407F23
S3150800592001D1FFE7FFE70498006C002801D0FFE7E4
S31508005930FFE70498806C002801D0FFE7FFE704988A
S31508005940006D002801D0FFE7FFE70498006E0028E5
S3150800595001D0FFE7FFE70498C16D006E08440028F0
S3150800596001D0FFE7FFE7049890F89800002808D1CF
S31508005970FFE70498002180F89910049800F0BCF914
S31508005980FFE704980068816921F01001816100F041
S315080059908BFE0390FFE704980068806910F0080FF3
S315080059A019D0FFE700F080FEDDF80CE0A0EB0E0052
S315080059B00B280FD3FFE70498D0F89C1041F001019B
S315080059C0C0F89C100498032180F8981001208DF8DF
S315080059D017008AE1DFE704980068816941F0010150
S315080059E0816100F061FE0390FFE704980068806912
S315080059F010F0010F19D1FFE700F056FEDDF80CE0B4
S31508005A00A0EB0E000B280FD3FFE70498D0F89C10E4
S31508005A1041F00101C0F89C100498032180F8981001
S31508005A2001208DF8170060E1DFE7049800688169B6
S31508005A3041F0020181610498007C012807D1FFE743
S31508005A4004980068816921F04001816106E00498A4
S31508005A500068816941F040018161FFE70498407C54
S31508005A60012807D1FFE704980068816941F480415D
S31508005A70816106E004980068816921F480418161AA
S31508005A80FFE70498807C012807D1FFE7049800689F
S31508005A90816921F48051816106E004980068816972
S31508005AA041F480518161FFE704980068806920F419
S31508005AB0407004990A6889680843906104980068E8
S31508005AC0816921F0A401816104980068016921F0C7
S31508005AD0100101610498C068012807D1FFE70498FE
S31508005AE00068816941F0040181612CE00498C0686E
S31508005AF0002826D0FFE70498C068022819D0FFE7D7
S31508005B0004980068816941F0800181610498006801
S31508005B10016941F0100101610498C068032807D1A2
S31508005B20FFE704980068816941F020018161FFE779
S31508005B3006E004980068816941F020018161FFE769
S31508005B4000E0FFE7FFE70498016842698369D0F837
S31508005B501CC04FF07E4E0EEB43636FF0FF0E0EEB4C
S31508005B600C2C43EA0C03006A013818430023CFF6CD
S31508005B70FF7303EB02421043C86104988068B0F5CE
S31508005B80407F1BD1FFE704980168426A836AD0F810
S31508005B902CC0013B6FF0FF0E0EEB0C2C43EA0C03F6
S31508005BA0006B6FF00F0C0CEB001018430023CFF6B8
S31508005BB0FF7303EB02421043C860FFE70498006EC8
S31508005BC0002809D0FFE704980168406ED1F8C02084
S31508005BD01043C1F8C000FFE70498C16D006E084481
S31508005BE0002813D0FFE704980068D0F8C80020F012
S31508005BF0070004990A68896E4BF2A423C0F60103CC
S31508005C0053F821100843C2F8C800FFE70498006C4F
S31508005C10002813D0FFE704980068D0F8BC0020F0ED
S31508005C20070004990A68496C4BF2A423C0F60103DD
S31508005C3053F821100843C2F8BC00FFE70498806CAB
S31508005C40002814D0FFE704980068D0F8BC0020F0BC
S31508005C50700004990A68C96C4BF2A423C0F60103C4
S31508005C6053F8211040EA0110C2F8BC00FFE7049877
S31508005C70006D002814D0FFE704980068D0F8BC002F
S31508005C8020F4E06004990A68496D4BF2A423C0F633
S31508005C90010353F8211040EA0120C2F8BC00FFE7CF
S31508005CA0049800684AF20001C4F20001884207D14C
S31508005CB0FFE704984068816821F003018160FFE7E7
S31508005CC004980021C0F894100498C0F89C10049811
S31508005CD0012180F898100498FBF7C2FD8DF80B0097
S31508005CE09DF80B008DF81700FFE79DF8170006B022
S31508005CF080BD00000000000080B5C8B0014647908E
S31508005D0000204690459044904390429014A8B822AB
S31508005D100D911146FAF7DCFC479800684AF2000133
S31508005D20C4F2000188425AD1FFE7002015904FF4CB
S31508005D30004014904FF080502F9014A802F0E8FB12
S31508005D40002803D0FFE7FBF76BFDFFE740F2DC20F6
S31508005D50C2F200400168013101600068012811D1D2
S31508005D60FFE7FFE744F2EC40C5F60200016841F49C
S31508005D7080710160006800F48070139013980C908D
S31508005D80FFE7FFE7FFE744F2E040C5F602000168D7
S31508005D9041F008010160006800F0080012901298AE
S31508005DA00B90FFE703204290022043900020449086
S31508005DB045900921469140F60041C5F6020142AADE
S31508005DC00A900846114600F04FFA1320012109905F
S31508005DD00A9A00F091FD099800F082FDC8E04798FC
S31508005DE000684AF20041C4F2000188425AD1FFE72E
S31508005DF0002015904FF4004014904FF080502F90DB
S31508005E0014A802F085FB002803D0FFE7FBF708FD7E
S31508005E10FFE740F2DC20C2F2004001680131016070
S31508005E200068012811D1FFE7FFE744F2EC40C5F608
S31508005E300200016841F480710160006800F4807016
S31508005E40119011980890FFE7FFE7FFE744F2E0405A
S31508005E50C5F60200016841F002010160006800F021
S31508005E600200109010980790FFE7602042900220E9
S31508005E7043900020449045900921469140F2004104
S31508005E80C5F6020142AA06900846114600F0ECF94A
S31508005E90142001210590069A00F02EFD059800F0C1
S31508005EA01FFD64E0479800684DF20041C4F2000106
S31508005EB088425BD1FFE7002015904FF4004014900C
S31508005EC04FF080502F9014A802F022FB002803D030
S31508005ED0FFE7FBF7A5FCFFE740F2DC20C2F2004033
S31508005EE00168013101600068012811D1FFE7FFE769
S31508005EF044F2EC40C5F60200016841F48071016085
S31508005F00006800F480700F900F980490FFE7FFE791
S31508005F10FFE744F2E040C5F60200016841F00801D7
S31508005F200160006800F008000E900E980390FFE7E5
S31508005F304FF44050429002204390002044904590F0
S31508005F400521469140F60041C5F6020142AA029093
S31508005F500846114600F088F99F2001900299029A96
S31508005F6000F0CAFC019800F0BBFCFFE7FFE7FFE77B
S31508005F7048B080BD0000000082B001460190009143
S31508005F8002B070470000000080B58EB00A4603468E
S31508005F900D900C910D9800684AF20001C4F20001B8
S31508005FA088420B920A9316D1FFE70D9840F210210A
S31508005FB0C2F200410A1D01F12C034FF0400C099171
S31508005FC061460892FEF7F4FF09994A6B089B079009
S31508005FD0184690473FE00D9800684AF20041C4F21F
S31508005FE00001884216D1FFE70D9840F24821C2F217
S31508005FF000410A1D01F12C034FF0400C0691614641
S315080060000592FEF7D5FF06994A6B059B049018463C
S3150800601090471FE00D9800684DF20041C4F2000158
S31508006020884216D1FFE70D9840F28021C2F200415E
S315080060300A1D01F12C034FF0400C039161460292B0
S31508006040FEF7B6FF03994A6B029B019018469047E4
S31508006050FFE7FFE7FFE70EB080BD00000000000085
S3150800606080B58EB00A4603460D900C910D980068CF
S315080060704AF20001C4F2000188420B920A9316D133
S31508006080FFE70D9840F21021C2F200410A1D01F106
S315080060902C034FF0410C099161460892FEF788FFE0
S315080060A009994A6B089B0790184690473FE00D9858
S315080060B000684AF20041C4F20001884216D1FFE79F
S315080060C00D9840F24821C2F200410A1D01F12C0345
S315080060D04FF0410C069161460592FEF769FF069955
S315080060E04A6B059B0490184690471FE00D98006878
S315080060F04DF20041C4F20001884216D1FFE70D981F
S3150800610040F28021C2F200410A1D01F12C034FF032
S31508006110410C039161460292FEF74AFF03994A6BC6
S31508006120029B019018469047FFE7FFE7FFE70EB08E
S3150800613080BD00000000000084B00A4603460390B4
S3150800614002910192009304B070470000000000001D
S3150800615084B00A460346039002910192009304B064
S31508006160704700000000000080B586B013468C46D4
S3150800617086460590049103920293CDF804C0CDF8A3
S3150800618000E006B080BD000084B00A4603460390CE
S3150800619002910192009304B07047000000000000CD
S315080061A082B001460190009102B0704700000000DD
S315080061B082B001460190009102B0704700000000CD
S315080061C084B00A460346039002910192009304B0F4
S315080061D0704700000000000084B00A46034603909A
S315080061E0029143F6AC30C2F2004001680131016009
S315080061F00192009304B0704784B00A4603460390A0
S3150800620002910192009304B070470000000000005C
S3150800621082B001460190009102B07047000000006C
S3150800622082B00146ADF80600009102B07047000042
S3150800623080B582B00146ADF806008820C5F6000094
S315080062400068BDF80620104200910BD0FFE7BDF8A4
S3150800625006008821C5F600010860BDF80600FFF7AC
S31508006260DFFFFFE702B080BD92B00A4603461190F1
S31508006270109100200F908020C5F600000C900A921D
S315080062800993FFE7109800680F99C840002800F0A6
S31508006290CA81FFE7109800680F99012202FA01F1F6
S315080062A008400E900E98002800F0B981FFE7109874
S315080062B0406800F00300012807D0FFE710984068FF
S315080062C000F0030002282FD1FFE7119880680D908F
S315080062D00F984000032101FA00F00D9921EA000009
S315080062E00D901098C0680F99490088400D99084389
S315080062F00D900D9811998860119840680D900F9827
S31508006300012101FA00F00D9921EA00000D9010987C
S315080063104068C0F300100F9988400D9908430D9006
S315080063200D9811994860FFE71098406800F003003F
S31508006330032818D0FFE71198C0680D900F98400001
S31508006340032101FA00F00D9921EA00000D9010983A
S3150800635080680F99490088400D9908430D900D985B
S315080063601199C860FFE71098406800F003000228FA
S3150800637028D1FFE711980F994FF6FC72C7F6FF72FE
S3150800638002EA51010844006A0D900F9800F00700D0
S3150800639080000F2101FA00F00D9921EA00000D9006
S315080063A0109800690F9901F00701890088400D9936
S315080063B008430D900D9811990F9B02EA5302114458
S315080063C00862FFE7119800680D900F9840000321B6
S315080063D001FA00F00D9921EA00000D901098406826
S315080063E000F003000F99490088400D9908430D9065
S315080063F00D9811990860109880798007002800F098
S315080064000D81FFE7FFE744F2F440C5F60200016894
S3150800641041F002010160006800F002000B900B9841
S315080064200890FFE70F9820F0030040F20841C5F6F0
S31508006430000140580D900F9800F0030080000F21CE
S3150800644001FA00F00D9921EA00000D90119800213B
S31508006450C5F60201884203D1FFE7002007906CE0E9
S31508006460119840F20041C5F60201884203D1FFE7C0
S31508006470012006905EE0119840F60001C5F602017B
S31508006480884203D1FFE70220059050E0119840F6B4
S315080064900041C5F60201884203D1FFE703200490B4
S315080064A042E0119841F20001C5F60201884203D183
S315080064B0FFE70420039034E0119841F20041C5F645
S315080064C00201884203D1FFE70520029026E01198D1
S315080064D041F60001C5F60201884203D1FFE706200E
S315080064E0019018E0119841F60041C5F6020188426C
S315080064F003D1FFE7072000900AE0119842F2004115
S31508006500C5F602010A22884208BF09220092FFE75F
S3150800651000980190FFE701980290FFE70298039020
S31508006520FFE703980490FFE704980590FFE70598AE
S315080065300690FFE706980790FFE707980F9901F07E
S315080065400301890088400D9908430D900D980F990D
S3150800655021F0030140F20842C5F6000288504FF0C8
S31508006560B04000680D900E980D9921EA00000D9034
S3150800657010988079C006002805D5FFE70E980D9972
S3150800658008430D90FFE70D984FF0B04108600420CE
S31508006590C5F6000000680D900E980D9921EA0000D6
S315080065A00D90109880798006002805D5FFE70E988B
S315080065B00D9908430D90FFE70D980421C5F60001D3
S315080065C008600C9840680D900E980D9921EA000015
S315080065D00D90109880798007002805D5FFE70E985A
S315080065E00D9908430D90FFE70D980C9948600C9893
S315080065F000680D900E980D9921EA00000D901098EC
S315080066008079C007002805D0FFE70E980D99084342
S315080066100D90FFE70D980C990860FFE7FFE70F98C4
S3150800662001300F902EE612B07047000000000000FF
S3150800663085B00A4603460490ADF80E1004984069E2
S3150800664002900298BDF80E1000EA010C21EA00003B
S3150800665040EA0C40049988610192009305B070479E
S3150800666080B585B013468C4686460490ADF80E1064
S315080066708DF80D209DF80D0000280293CDF804C072
S31508006680CDF800E005D0FFE7BDF80E000499886153
S3150800669005E0BDF80E00000404998861FFE705B01F
S315080066A080BD00000000000043F6D030C2F2004072
S315080066B0006870470000000080B584B0014602906B
S315080066C002980028009104D1FFE701208DF80F00F9
S315080066D04BE0029800684CF6CC41016002980068CD
S315080066E045F2555101600298016840684860029871
S315080066F0016880688860FFF7D7FF0190FFE7029876
S315080067000068C06810F0070F18D0FFE7FFF7CCFF46
S31508006710DDF804E0A0EB0E0041F6020E70450CD33E
S31508006720FFE702980068C06810F0070F04D0FFE77B
S3150800673003208DF80F0018E0FFE7E0E702980068ED
S3150800674000690299C968884205D0FFE7029801687E
S31508006750C068086105E0029800684AF6AA21016047
S31508006760FFE700208DF80F00FFE79DF80F0004B043
S3150800677080BD00000000000040F2A610C2F20040F2
S31508006780007843F6D031C2F200410A681044086026
S31508006790704700000000000080B582B0032000F0BA
S315080067A0CFF803F099F944F2184EC5F6020EDEF852
S315080067B00010C1F303214BF27A22C0F60102515CA4
S315080067C001F01F01C84000900098DEF8001001F0A3
S315080067D00F01515C01F01F01C84040F2C001C2F22E
S315080067E000410860009840F2BC01C2F2004108600E
S315080067F0072000F015F8002804D0FFE701208DF8DF
S31508006800070006E000F054F84FF0000E8DF807E098
S31508006810FFE79DF8070002B080BD000000000000F9
S3150800682080B584B00146029040F2A610C2F200403C
S3150800683000780028019104D1FFE701208DF80F00A8
S3150800684031E040F2BC00C2F20040006840F2A611F6
S31508006850C2F2004109784FF47A72B2FBF1F1B0FB4B
S31508006860F1F005F05DFA002804D0FFE701208DF865
S315080068700F0018E002980F280DD8FFE702994FF08D
S31508006880FF30002200F038F8029840F2A811C2F250
S315080068900041086003E001208DF80F0003E00020A6
S315080068A08DF80F00FFE79DF80F0004B080BD0000CB
S315080068B080B582B0FFE744F2F440C5F602000168ED
S315080068C041F002010160006800F0020001900198A1
S315080068D00090FFE7042000F033F802B080BD000006
S315080068E080B582B00146ADF80600BDF906000091F4
S315080068F013F016FC02B080BD80B58AB013468C46EC
S315080069008646ADF82600089107920593CDF810C083
S31508006910CDF80CE013F020FC069006980899079A23
S31508006920BDF92630029308F07BFA029901900846D1
S31508006930019913F019FC0AB080BD000000000000A0
S3150800694080B582B0014601900198009113F034FC9D
S3150800695002B080BD0000000083B001460290029894
S315080069600068019002980122C0F8D82402980022F3
S3150800697080F8CC240198836943F000638361019809
S31508006980436D40F2030CC1F2000C43EA0C03436565
S315080069901046009103B0704784B00A460346039038
S315080069A08DF80B100192009304B0704700000000A8
S315080069B084B00A4603460390ADF80A10BDF80A00EB
S315080069C003990968486200200192009304B0704751
S315080069D080B587B013468C46864606908DF8171004
S315080069E0ADF8142006980068406A03909DF81700D1
S315080069F000280293CDF804C0CDF800E009D1FFE7DE
S31508006A00BDF81400039941EA0040069909688862AE
S31508006A1033E006980068806A039901EB10400390FA
S31508006A2000208DF81300FFE79DF813009DF8171056
S31508006A300139884213D2FFE7069800689DF81310BB
S31508006A4000EB8100D0F80401039901EB1040039094
S31508006A50FFE79DF8130001308DF81300E4E7BDF851
S31508006A601400039941EA0040069909689DF8172021
S31508006A7001EB8201C1F80001FFE7002007B080BDE5
S31508006A8080B584B0014603900398D0F8E0040291DB
S31508006A900CF076FE019004B080BD000000000000F6
S31508006AA080B586B00A46034605908DF813100598FA
S31508006AB0D0F8E0149DF813C00CEBCC0E00EB8E005A
S31508006AC0006A039008466146DDF80CC002926246E9
S31508006AD001930CF079FC009006B080BD0000000020
S31508006AE080B586B00A46034605908DF813100598BA
S31508006AF0D0F8E0149DF813C00CEBCC0E00EB8E001A
S31508006B00D0F86002039008466146DDF80CC0029290
S31508006B10624601930CF040FD009006B080BD00006F
S31508006B2080B584B0014603900398D0F8E00402913A
S31508006B300CF02EFE019004B080BD0000000000009D
S31508006B4080B586B00A46034605908DF813109DF861
S31508006B50130000060028029201930CD5FFE705985A
S31508006B609DF8131001F00F0101EBC10100EB810044
S31508006B70143003900CE005989DF8131001F00F01EE
S31508006B8001EBC10100EB810000F515700390FFE7EA
S31508006B900598006803990EF013FD8DF812009DF80C
S31508006BA0120006B080BD000080B588B00A460346CC
S31508006BB006908DF817109DF8170000060028039216
S31508006BC002930FD5FFE706989DF8171001F00F01FD
S31508006BD001EBC10100EB81001430049004980121F7
S31508006BE041700FE006989DF8171001F00F0101EBB0
S31508006BF0C10100EB810000F515700490049800218E
S31508006C004170FFE79DF8170000F00F00049908701F
S31508006C10FFE7069890F89404012804D1FFE70220BC
S31508006C208DF81F0015E00698012180F89414FFE7F7
S31508006C30FFE70698006804990DF05AFF0190FFE7F0
S31508006C400698002180F89414FFE700208DF81F00AD
S31508006C50FFE79DF81F0008B080BD00000000000097
S31508006C6080B588B00A46034606908DF817109DF839
S31508006C70170000F00F0006990979884203920293DB
S31508006C8004D9FFE701208DF81F004EE09DF8170094
S31508006C90000600280FD5FFE706989DF8171001F0A3
S31508006CA00F0101EBC10100EB810014300490049838
S31508006CB0012141700FE006989DF8171001F00F01A9
S31508006CC001EBC10100EB810000F5157004900498F2
S31508006CD000214170FFE70498002181709DF8170094
S31508006CE000F00F0004990870FFE7069890F89404DE
S31508006CF0012804D1FFE702208DF81F0015E0069849
S31508006D00012180F89414FFE7FFE7069800680499C4
S31508006D100EF092F90190FFE70698002180F8941486
S31508006D20FFE700208DF81F00FFE79DF81F0008B059
S31508006D3080BD00000000000084B00A4603460390A8
S31508006D408DF80B1003989DF80B1001F00F0101EB5D
S31508006D50C10100EB8100D0F868020192009304B0EB
S31508006D607047000000000000B0B58AB09C46964601
S31508006D700C46054608908DF81F10ADF81C208DF8B6
S31508006D801B3000208DF81A009DF81F000006002809
S31508006D90CDF810C0CDF80CE0029401950FD5FFE7A9
S31508006DA008989DF81F1001F00F0101EBC10100EBD7
S31508006DB08100143005900598012141700FE008986C
S31508006DC09DF81F1001F00F0101EBC10100EB8100D6
S31508006DD000F515700590059800214170FFE79DF8AC
S31508006DE01F0000F00F0005990870BDF81C006FF32E
S31508006DF0DF20059988609DF81B000599087105989C
S31508006E004078002804D0FFE7059801784183FFE71A
S31508006E109DF81B00022804D1FFE70598002141715F
S31508006E20FFE7FFE7089890F89404012804D1FFE7E4
S31508006E3002208DF8270016E00898012180F894149E
S31508006E40FFE7FFE70898006805990DF005FD009033
S31508006E50FFE70898002180F89414FFE79DF81A00C8
S31508006E608DF82700FFE79DF827000AB0B0BD00009F
S31508006E70B0B58CB09C4696460C4605460B908DF8E8
S31508006E802B10099208930B989DF82B1001F00F010F
S31508006E9001EBC10100EB810000F515700790099818
S31508006EA00799C86008980799086107980021416101
S31508006EB0079841709DF82B0000F00F00079908709D
S31508006EC00B9880790128CDF818C0CDF814E0049401
S31508006ED0039504D1FFE709980799C861FFE70B985E
S31508006EE00168079A8079029008461146029A0EF0C0
S31508006EF053F90021019008460CB0B0BD000000000F
S31508006F0080B58AB00A46034608908DF81F109DF88A
S31508006F101F0000F00F00089909798842059204932A
S31508006F2004D9FFE701208DF827005EE09DF81F00D1
S31508006F30000600280FD5FFE708989DF81F1001F0F6
S31508006F400F0101EBC10100EB810014300690069891
S31508006F50012141700DE008989DF81F1001EBC10151
S31508006F6000EB810000F51570069006980021417027
S31508006F70FFE70698012181709DF81F0000F00F00B9
S31508006F8006990870FFE7089890F89404012804D138
S31508006F90FFE702208DF8270027E00898012180F8EE
S31508006FA09414FFE7FFE70898006806990EF098F82A
S31508006FB09DF81F100907002903900CD1FFE70898D0
S31508006FC0016800F29C4280790290084602990DF009
S31508006FD0D7FF0190FFE7FFE70898002180F894148F
S31508006FE0FFE700208DF82700FFE79DF827000AB085
S31508006FF080BD000000000000B0B58CB09C469646E7
S315080070000C4605460B908DF82B10099208930B98A1
S315080070109DF82B1001F00F0101EBC10100EB810077
S315080070201430079009980799C86008980799086165
S315080070300798002141610798012141709DF82B00AE
S3150800704000F00F00079908700B9880790128CDF891
S3150800705018C0CDF814E00494039504D1FFE7099805
S315080070600799C861FFE70B980168079A807902902B
S3150800707008461146029A0EF08FF80021019008463C
S315080070800CB0B0BD0000000080B59CB001461B9056
S315080070901B9800681A901A9819901B980068119105
S315080070A00EF0DAFB002840F05284FFE71B980068D0
S315080070B00EF04EFC002802D1FFE700F048BC1998F4
S315080070C0D0F80808C0F30D201B99C1F8D4041B9802
S315080070D000680EF03DFC10F0020F07D0FFE71B9882
S315080070E00068416901F002014161FFE71B980068E9
S315080070F00EF02EFC10F0100F65D0FFE71B98006805
S31508007100816921F0100181611A98006A12901B9812
S31508007110129901F00F0101EBC10100EB810000F5A6
S3150800712015701890129800F4F0100221B1EB504F28
S3150800713025D1FFE7BDF8480047F6F07108421DD093
S31508007140FFE71A981899C968129AC2F30A120EF03C
S315080071500FFC129947F6F0721140DDF860E0DEF890
S315080071600C3003EB1111CEF80C1012991140189A35
S31508007170536903EB111151611090FFE71CE0129857
S3150800718000F4F0100621B1EB504F13D1FFE71A981F
S315080071901B9901F29C4108220EF0EAFB129947F668
S315080071A0F0721140189AD2F814E00EEB11115161E1
S315080071B00F9000E0FFE7FFE71B980068816941F040
S315080071C010018161FFE71B9800680EF0C1FB10F4FF
S315080071D0002F00F0A380FFE7002014901B9800689A
S315080071E00EF05AFB1690FFE71698002800F09580D7
S315080071F0FFE79DF85800C007002800F08780FFE7E2
S315080072001B9800689DF850100EF086FB159015988F
S31508007210C00700280DD0FFE71998149900EB411014
S315080072200121C0F8081B1B98149907F08DFE0E90D3
S31508007230FFE71598000700280DD5FFE71998149958
S3150800724000EB41100821C0F8081B1B98149907F099
S315080072502FFE0D90FFE71598C006002808D5FFE712
S315080072601998149900EB41101021C0F8081BFFE784
S315080072701598800700282DD5FFE71A98406910F061
S31508007280800F08D0FFE71998D0F8041841F48061F8
S31508007290C0F80418FFE71B98149901EBC10100EB2D
S315080072A0810000F5157018901898C078012809D142
S315080072B0FFE718980021C1701B989DF8501000F040
S315080072C05FFBFFE71998149900EB41100221C0F8FB
S315080072D0081BFFE715988006002808D5FFE71998C8
S315080072E0149900EB41102021C0F8081BFFE71598F8
S315080072F08004002809D5FFE71998149900EB411076
S315080073004FF40051C0F8081BFFE7FFE71498013057
S31508007310149016984008169066E7FFE71B980068D1
S315080073200EF016FB10F4802F00F0CA80FFE71B98BA
S3150800733000680EF09DFA169000201490FFE7169844
S31508007340002800F0BC80FFE79DF85800C007002819
S3150800735000F0AE80FFE71B9800689DF850100EF00D
S31508007360AFFA15901598C007002845D0FFE714987E
S3150800737000F00F00012101FA00F013901398199AF2
S31508007380D2F8343823EA0000C2F834081998149A57
S3150800739000EB4210C0F808191B988079012825D1FE
S315080073A0FFE71B98149901EBC10100EB8100C16945
S315080073B0026A114401621498002816D1FFE71B9847
S315080073C0149901EBC10100EB8100406A00280CD139
S315080073D0FFE71B98016800F29C4201200C900846C2
S315080073E00C990DF0CDFD0B90FFE7FFE71B989DF874
S315080073F05010FFF755FBFFE715980007002808D53A
S31508007400FFE71998149900EB41100821C0F80819EC
S31508007410FFE71598C006002808D5FFE719981499BC
S3150800742000EB41101021C0F80819FFE7159840062F
S31508007430002808D5FFE71998149900EB4110402158
S31508007440C0F80819FFE715988007002824D5FFE734
S315080074501A9814990EF090F91B99DDF850E00EEB86
S31508007460CE0E01EB8E01143118911899C9780129AD
S315080074700A9009D1FFE718980021C1701B989DF85A
S31508007480501000F069FAFFE71998149900EB4110BB
S315080074900221C0F80819FFE715980006002806D546
S315080074A0FFE71B98149907F03FFE0990FFE7FFE7EF
S315080074B01498013014901698400816903FE7FFE795
S315080074C01B9800680EF044FA10F0004F20D0FFE732
S315080074D01998D0F8041821F00101C0F804181B986F
S315080074E090F8CC04012808D1FFE71B98002180F802
S315080074F0CC141B98FFF750FA03E01B9800F0F8FB32
S31508007500FFE71B980068416901F000414161FFE708
S315080075101B9800680EF01CFA10F4006F12D0FFE7F3
S315080075201998D0F8080810F0010F04D0FFE71B9847
S3150800753000F08EFCFFE71B980068416901F40061C2
S315080075404161FFE71B9800680EF002FA10F0006F21
S3150800755021D0FFE71B980068416901F0006141618D
S315080075601B9890F8CC04002810D1FFE71B9801213E
S3150800757080F8CC141B980068406DC0F383001B9AF2
S31508007580C2F8D0041B98FFF707FA03E01B9800F02F
S315080075905FFCFFE7FFE71B9800680EF0D9F910F4C7
S315080075A0805F00F08C80FFE71998D0F8041821F066
S315080075B00101C0F804181B98006810210EF0DCF8C9
S315080075C0002117910890FFE717981B9909798842B7
S315080075D031D2FFE71998179900EB41104FF67F3122
S315080075E0C0F808191998179A00EB4210D0F8002924
S315080075F022F40012C0F800291998179A00EB4210D5
S31508007600C0F8081B1998179900EB4110D0F8001B11
S3150800761021F40011C0F8001B1998179900EB4110C6
S31508007620D0F8001B41F00061C0F8001BFFE717986F
S3150800763001301790C8E71998D0F81C1841F00111C5
S31508007640C0F81C181B98C07B00280FD0FFE71998B4
S31508007650D0F8841841F00B01C0F884181998D0F8AE
S31508007660441841F00B01C0F844180FE01998D0F8F7
S31508007670141842F22B021143C0F814181998D0F8BE
S31508007680101841F00B01C0F81018FFE71998D0F848
S31508007690001821F4FE61C0F800181B98016800F272
S315080076A09C4280790790084607990DF069FC1B995A
S315080076B009684A6902F480524A610690FFE71B98F6
S315080076C000680EF045F910F4005F2CD0FFE71B9810
S315080076D000680DF035F9DDF86CE0DEF800E005909D
S315080076E070460EF08DF8DDF86CE08EF807001B98F2
S315080076F00068049002F094F9DDF86CE09EF8072023
S31508007700DDF810E00390704603990EF049FA1B99CC
S315080077100290084600F0BCFA1B980068416901F41B
S3150800772000514161FFE71B9800680EF011F910F04F
S31508007730080F0CD0FFE71B9800F0EAFA1B980068C0
S31508007740D0F814E00EF0080EC0F814E0FFE71B9816
S3150800775000680EF0FDF810F0800F26D0FFE71A98A3
S31508007760816921F08001816101201490FFE7149856
S315080077701B990979884217D2FFE71B98149901EBE0
S31508007780C10100EB810090F85702012807D1FFE7F5
S315080077901B989DF85010FFF7D3F90190FFE7FFE714
S315080077A0149801301490E2E7FFE71B9800680EF082
S315080077B0CFF810F4801F3CD0FFE701201490FFE7B4
S315080077C014981B99097988422CD2FFE719981499BD
S315080077D000EB4110D0F8000912901B98149901EBA0
S315080077E0C10100EB8100007E012816D1FFE712983F
S315080077F0C00F002811D0FFE71B98149901EBC101AF
S3150800780000EB81000121C1751B98149941F0800194
S31508007810C9B2FFF795F90090FFE7FFE71498013022
S315080078201490CDE71B980068416901F48011416105
S31508007830FFE71B9800680EF08BF810F4001F55D070
S31508007840FFE701201490FFE714981B9909798842ED
S3150800785045D2FFE71998149900EB4110D0F8000BB0
S3150800786012901B98149901EBC10100EB810090F866
S31508007870580201282ED1FFE71298C00F002829D0F8
S31508007880FFE7129800F480301B99D1F8D41401F060
S315080078900101B1EB104F1DD1FFE71B98149901EBBD
S315080078A0C10100EB8100012180F857121A988169FD
S315080078B041F0800181611A98406910F0800F08D163
S315080078C0FFE71998D0F8041841F40071C0F80418B5
S315080078D005E0FFE7FFE7149801301490B4E71B981A
S315080078E00068416901F400114161FFE71B980068CF
S315080078F00EF02EF810F0804F0CD0FFE71B98FFF71C
S31508007900BFF81B980068D0F814E00EF0804EC0F857
S3150800791014E0FFE71B9800680EF01AF810F0040F41
S3150800792014D0FFE71B980068406812901298400729
S31508007930002804D5FFE71B98FFF7F2F8FFE712982F
S315080079401B9909684A6810434860FFE7FFE71CB0BF
S3150800795080BD00000000000080B586B00A460346D8
S3150800796005908DF813100598D0F8E0049DF81310CB
S31508007970039202930BF0CCFF019006B080BD000085
S3150800798080B586B00A46034605908DF8131005980B
S31508007990D0F8E0049DF81310039202930BF0FCFF55
S315080079A0019006B080BD000010B592B00146109057
S315080079B010980028069104D1FFE701208DF84700AA
S315080079C01BE1109890F89504002808D1FFE7109855
S315080079D0002180F89414109800F016F9FFE7109823
S315080079E0032180F89514109800680DF0BDFA1099D7
S315080079F0D1F800E00A7C8DF838204A688B68C96897
S31508007A000D910C930B920B990C9A0D9BDDF838C0CF
S31508007A106C46C4F800C0059070460CF0A9FF002813
S31508007A2008D0FFE71098022180F8951401208DF8F8
S31508007A304700E2E01098006800210DF0FDFF0028DD
S31508007A4008D0FFE71098022180F8951401208DF8D8
S31508007A504700D2E000208DF83F00FFE79DF83F0081
S31508007A6010990979884241DAFFE710989DF83F1086
S31508007A7001EBC10100EB8100012141759DF83F0032
S31508007A80109900EBC00201EB820108759DF83F00D2
S31508007A90109900EBC00201EB8201C88510989DF889
S31508007AA03F1001EBC10100EB81000021017610981F
S31508007AB09DF83F2002EBC20200EB8200C1611098DC
S31508007AC09DF83F2002EBC20200EB8200016210988B
S31508007AD09DF83F2002EBC20200EB82004162FFE7FD
S31508007AE09DF83F0001308DF83F00B7E700208DF87C
S31508007AF03F00FFE79DF83F001099097988423EDA72
S31508007B00FFE710989DF83F1001EBC10100EB8100DB
S31508007B10002180F855129DF83F00109A00EBC0032B
S31508007B2002EB830282F8540210989DF83F2002EB7C
S31508007B30C20200EB820080F8581210989DF83F2088
S31508007B4002EBC20200EB8200C0F85C1210989DF8A6
S31508007B503F2002EBC20200EB8200C0F860121098C8
S31508007B609DF83F2002EBC20200EB8200C0F86412C7
S31508007B70FFE79DF83F0001308DF83F00BAE71098FF
S31508007B800168027C8DF8282042688368C0680990DD
S31508007B90089307920798089A099BDDF828C0EE46CD
S31508007BA0CEF800C00490084604990DF07DF8002828
S31508007BB008D0FFE71098022180F8951401208DF867
S31508007BC047001AE01098002141741098012180F8A6
S31508007BD095141098007B012805D1FFE71098FEF749
S31508007BE0BBFE0390FFE7109800680DF045F84FF0CC
S31508007BF0000E8DF847E00290FFE79DF8470012B0A7
S31508007C0010BD00000000000080B5B6B001463590F2
S31508007C1006A8B82204911146F8F75AFD3598006867
S31508007C200021C4F2040188422ED1FFE70020079004
S31508007C304FF4802006904FF44010279006A800F0D5
S31508007C4067FC002803D0FFE7F9F7EAFDFFE700F035
S31508007C507BF9FFE744F2D840C5F60200016841F017
S31508007C6000710160006800F00070059005980390A7
S31508007C70FFE74D20002102900191019AFEF73CFE94
S31508007C800298FEF72DFEFFE736B080BD0000000023
S31508007C9080B586B00146059001208DF81300059839
S31508007CA0C0790028039104D1FFE700208DF813005E
S31508007CB00CE00598C079022804D1FFE701208DF869
S31508007CC0130002E0F9F7ACFDFFE7FFE70598D0F8E7
S31508007CD0E0049DF813100BF097FF0599D1F8E0140E
S31508007CE0029008460BF0F8FE019006B080BD000031
S31508007CF080B584B0014603900398D0F8E004029159
S31508007D000BF04AFF019004B080BD0000000000009F
S31508007D1080B584B0014603900398D0F8E004029138
S31508007D200BF04EFF019004B080BD0000000000007B
S31508007D3080B586B00A46034604908DF80F10029265
S31508007D400193FFE7049890F89404012804D1FFE70B
S31508007D5002208DF817001AE00498012180F894147F
S31508007D60FFE7FFE79DF80F00049948740498006838
S31508007D709DF80F100DF0D8FE0090FFE7049800213B
S31508007D8080F89414FFE700208DF81700FFE79DF8A8
S31508007D90170006B080BD000080B584B00146039088
S31508007DA00398D0F8E02400F29C4002901046029A0C
S31508007DB0019111460BF05CFF009004B080BD0000F5
S31508007DC080B586B001460490049800680390029135
S31508007DD0FFE7049890F89404012804D1FFE70220ED
S31508007DE08DF817002DE00498012180F89414FFE718
S31508007DF0FFE70398C06810F0400F0BD0FFE7049820
S31508007E00407B012806D1FFE70398816B41F4803156
S31508007E108163FFE7049800680DF066FCDDF810E062
S31508007E20DEF800E0019070460CF00EFF0090FFE7C8
S31508007E300498002180F89414FFE700208DF81700B5
S31508007E40FFE79DF8170006B080BD0000000000009F
S31508007E5080B584B0014603900398D0F8E0040291F7
S31508007E600BF096FF03990968D1F800EE4EF0010E63
S31508007E70C1F800EE0399C97A0029019009D0FFE7F5
S31508007E804EF61050CEF20000016841F0060101607E
S31508007E90FFE704B080BD000080B584B001460290BB
S31508007EA044F60C00C5F60200006800F00400002243
S31508007EB0B2EB900F009113D1FFE744F60C00C5F61C
S31508007EC00200006800F007000299884204D0FFE724
S31508007ED001208DF80F0030E000208DF80F002CE00F
S31508007EE044F60C00C5F60200016821F00701029A63
S31508007EF011430160FEF7D8FB0190FFE744F6040042
S31508007F00C5F60200006800F400500021B1EB503FAE
S31508007F100FD1FFE7FEF7C8FBDDF804E0A0EB0E0083
S31508007F20B0F57A7F04D9FFE701208DF80F0004E049
S31508007F30E4E700208DF80F00FFE79DF80F0004B076
S31508007F4080BD00000000000044F60C00C5F60200E3
S31508007F50016841F080710160704700000000000070
S31508007F6080B501F05DFD44F2204EC5F6020EDEF83E
S31508007F7000E0CEF3021E4BF27A21C0F6010111F899
S31508007F800E1001F01F01C84080BD0000000000006F
S31508007F9089B00146089044F22840C5F602000268F6
S31508007FA002F0030207920068C0F30530069044F217
S31508007FB02C40C5F602000068C0F30010059005982D
S31508007FC044F23C42C5F602021268C2F3CC025043A0
S31508007FD000EE100AB8EE400A8DED030A069800284E
S31508007FE0019100F02181FFE707980028009009D049
S31508007FF0FFE7009801286BD0FFE70098022800F0F9
S315080080008C80AFE044F20040C5F60200006800F03C
S3150800801020000021B1EB501F34D0FFE744F20040A6
S31508008020C5F602000068C0F3C10049F20001C0F2BB
S31508008030D03121FA00F004909DED040AB8EE400A0A
S315080080409DED061AB8EE411A80EE010A44F2384050
S31508008050C5F6020000686FF35F2001EE100AB8EE5D
S31508008060411A9DED032A9FED763A82EE032A31EEF8
S31508008070021AB7EE002A31EE021A20EE010A8DED39
S31508008080020A24E0069800EE100AB8EE400A9FEDB0
S315080080906E1A81EE000A44F23840C5F602000068FE
S315080080A06FF35F2001EE100AB8EE411A9DED032A20
S315080080B09FED633A82EE032A31EE021AB7EE002AE2
S315080080C031EE021A20EE010A8DED020AFFE76EE094
S315080080D0069800EE100AB8EE400A9FED5A1A81EE8D
S315080080E0000A44F23840C5F6020000686FF35F20C4
S315080080F001EE100AB8EE411A9DED032A9FED503A9B
S3150800810082EE032A31EE021AB7EE002A31EE021A7F
S3150800811020EE010A8DED020A49E0069800EE100AE3
S31508008120B8EE400A9FED451A81EE000A44F238403F
S31508008130C5F6020000686FF35F2001EE100AB8EE7C
S31508008140411A9DED032A9FED3E3A82EE032A31EE4F
S31508008150021AB7EE002A31EE021A20EE010A8DED58
S31508008160020A24E0069800EE100AB8EE400A9FEDCF
S31508008170351A81EE000A44F23840C5F60200006856
S315080081806FF35F2001EE100AB8EE411A9DED032A3F
S315080081909FED2B3A82EE032A31EE021AB7EE002A39
S315080081A031EE021A20EE010A8DED020AFFE79DED77
S315080081B0020A44F23840C5F602000168C1F34621B6
S315080081C001EE101AB8EE411AB7EE002A31EE021A7D
S315080081D080EE010A0899BCEEC00A81ED000A9DED01
S315080081E0020A0168C1F3064101EE101AB8EE411AF7
S315080081F031EE021A80EE010A0899BCEEC00A81ED3A
S31508008200010A9DED020A0068C0F3066001EE100A35
S31508008210B8EE411A31EE021A80EE010A0898BCEE51
S31508008220C00A80ED020A07E0089800210160089854
S31508008230416008988160FFE709B07047001BB74B9B
S31508008240000000460024744A0024744C0000000014
S3150800825089B00146089044F22840C5F60200026833
S3150800826002F0030207920068C0F30550069044F234
S315080082702C40C5F602000068C0F30020059005985A
S3150800828044F24442C5F602021268C2F3CC025043D5
S3150800829000EE100AB8EE400A8DED030A069800288B
S315080082A0019100F02181FFE707980028009009D086
S315080082B0FFE7009801286BD0FFE70098022800F036
S315080082C08C80AFE044F20040C5F60200006800F07A
S315080082D020000021B1EB501F34D0FFE744F20040E4
S315080082E0C5F602000068C0F3C10049F20001C0F2F9
S315080082F0D03121FA00F004909DED040AB8EE400A48
S315080083009DED061AB8EE411A80EE010A44F2404085
S31508008310C5F6020000686FF35F2001EE100AB8EE9A
S31508008320411A9DED032A9FED763A82EE032A31EE35
S31508008330021AB7EE002A31EE021A20EE010A8DED76
S31508008340020A24E0069800EE100AB8EE400A9FEDED
S315080083506E1A81EE000A44F24040C5F60200006833
S315080083606FF35F2001EE100AB8EE411A9DED032A5D
S315080083709FED633A82EE032A31EE021AB7EE002A1F
S3150800838031EE021A20EE010A8DED020AFFE76EE0D1
S31508008390069800EE100AB8EE400A9FED5A1A81EECA
S315080083A0000A44F24040C5F6020000686FF35F20F9
S315080083B001EE100AB8EE411A9DED032A9FED503AD8
S315080083C082EE032A31EE021AB7EE002A31EE021ABD
S315080083D020EE010A8DED020A49E0069800EE100A21
S315080083E0B8EE400A9FED451A81EE000A44F2404075
S315080083F0C5F6020000686FF35F2001EE100AB8EEBA
S31508008400411A9DED032A9FED3E3A82EE032A31EE8C
S31508008410021AB7EE002A31EE021A20EE010A8DED95
S31508008420020A24E0069800EE100AB8EE400A9FED0C
S31508008430351A81EE000A44F24040C5F6020000688B
S315080084406FF35F2001EE100AB8EE411A9DED032A7C
S315080084509FED2B3A82EE032A31EE021AB7EE002A76
S3150800846031EE021A20EE010A8DED020AFFE79DEDB4
S31508008470020A44F24040C5F602000168C1F34621EB
S3150800848001EE101AB8EE411AB7EE002A31EE021ABA
S3150800849080EE010A0899BCEEC00A81ED000A9DED3E
S315080084A0020A0168C1F3064101EE101AB8EE411A34
S315080084B031EE021A80EE010A0899BCEEC00A81ED77
S315080084C0010A9DED020A0068C0F3066001EE100A73
S315080084D0B8EE411A31EE021A80EE010A0898BCEE8F
S315080084E0C00A80ED020A07E0089800210160089892
S315080084F0416008988160FFE709B07047001BB74BD9
S31508008500000000460024744A0024744C0000000051
S3150800851080B59CB001461A9000208DF85F008DF852
S315080085205E001A98C0780007002816914AD5FFE71A
S315080085301A98406E002815900FD0FFE71598B0F5E9
S31508008540801F13D0FFE71598B0F5001F16D0FFE778
S315080085501598B0F5401F19D019E044F22C40C5F61D
S315080085600200016841F40031016014E01A980830ED
S31508008570022106F07DFE8DF85F000CE01A9828307F
S31508008580022106F061FF8DF85F0004E003E0012098
S315080085908DF85F00FFE79DF85F0000280CD1FFE724
S315080085A044F25040C5F60200016821F440111A9AB7
S315080085B0526E1143016004E09DF85F008DF85E007D
S315080085C0FFE7FFE71A984078C007002841D0FFE781
S315080085D01A98806D0428149020D81499DFE801F0C1
S315080085E0030C141C1D0044F22C40C5F60200016859
S315080085F041F40031016015E01A980830002106F0B0
S3150800860037FE8DF85F000DE01A982830002106F035
S315080086101BFF8DF85F0005E004E003E001208DF8FC
S315080086205F00FFE79DF85F0000280CD1FFE744F2E2
S315080086305040C5F60200016821F007011A9A926DAA
S315080086401143016004E09DF85F008DF85E00FFE7C6
S31508008650FFE71A9840784007002858D5FFE71A9888
S31508008660D0F8A4000028139019D0FFE71398B0F5A6
S31508008670001F1DD0FFE71398B0F5800F20D0FFE745
S315080086801398B0F5C00F23D0FFE71398B0F5000F85
S315080086901FD0FFE71398B0F5200F1BD01BE044F25C
S315080086A02C40C5F60200016841F40031016016E06D
S315080086B01A980830002106F0DBFD8DF85F000EE001
S315080086C01A982830002106F0BFFE8DF85F0006E0F4
S315080086D005E004E003E001208DF85F00FFE79DF860
S315080086E05F0000280DD1FFE744F25840C5F60200A6
S315080086F0016821F460011A9AD2F8A4201143016096
S3150800870004E09DF85F008DF85E00FFE7FFE71A9822
S3150800871040780007002858D5FFE71A98D0F8A8002F
S315080087200028129019D0FFE71298B0F1807F1DD06B
S31508008730FFE71298B0F1007F20D0FFE71298B0F15A
S31508008740407F23D0FFE71298B0F1806F1FD0FFE774
S315080087501298B0F1A06F1BD01BE044F22C40C5F66E
S315080087600200016841F40031016016E01A980830E9
S31508008770002106F07DFD8DF85F000EE01A9828307E
S31508008780002106F061FE8DF85F0006E005E004E0D2
S3150800879003E001208DF85F00FFE79DF85F000028E1
S315080087A00DD1FFE744F25840C5F60200016821F0F2
S315080087B0E0611A9AD2F8A8201143016004E09DF8F6
S315080087C05F008DF85E00FFE7FFE71A98C07880071C
S315080087D0002840D5FFE71A98C06C002811901ED0D3
S315080087E0FFE71198102808D0FFE7119820280DD028
S315080087F0FFE71198302811D012E044F22C40C5F654
S315080088000200016841F4003101600DE01A98083051
S31508008810022106F02DFD8DF85F0005E004E003E077
S3150800882001208DF85F00FFE79DF85F0000280CD156
S31508008830FFE744F24C40C5F60200016821F030011A
S315080088401A9AD26C1143016004E09DF85F008DF816
S315080088505E00FFE7FFE71A984078C006002850D563
S31508008860FFE71A98C06D0028109014D0FFE71098FB
S31508008870B0F5805F18D0FFE71098B0F5005F1BD001
S31508008880FFE71098B0F5405F1ED0FFE71098B0F5E7
S31508008890804F1AD01AE044F22C40C5F6020001684F
S315080088A041F40031016015E01A980830002106F0FD
S315080088B0DFFC8DF85F000DE01A982830002106F0DD
S315080088C0C3FD8DF85F0005E004E003E001208DF8A4
S315080088D05F00FFE79DF85F0000280CD1FFE744F230
S315080088E05040C5F60200016821F4E0411A9AD26D9B
S315080088F01143016004E09DF85F008DF85E00FFE714
S31508008900FFE71A984078800600284ED5FFE71A98A0
S31508008910006E00280F9019D0FFE70F98B0F5803F3A
S3150800892015D0FFE70F98B0F5003F18D0FFE70F986E
S31508008930B0F5403F1BD0FFE70F98B0F5802F17D052
S31508008940FFE70F98B0F5A02F13D013E016E01A989A
S315080089500830012106F08CFC8DF85F000EE01A98AD
S315080089602830012106F070FD8DF85F0006E005E06D
S3150800897004E003E001208DF85F00FFE79DF85F0043
S3150800898000280CD1FFE744F25040C5F60200016802
S3150800899021F4E0211A9A126E1143016004E09DF851
S315080089A05F008DF85E00FFE7FFE71A9840784006FB
S315080089B0002850D5FFE71A98D0F8AC0000280E908A
S315080089C019D0FFE70E98B0F1805F15D0FFE70E9833
S315080089D0B0F1005F18D0FFE70E98B0F1405F1BD0EA
S315080089E0FFE70E98B0F1804F17D0FFE70E98B0F169
S315080089F0A04F13D013E016E01A980830012106F0AC
S31508008A0037FC8DF85F000EE01A982830012106F031
S31508008A101BFD8DF85F0006E005E004E003E0012099
S31508008A208DF85F00FFE79DF85F0000280DD1FFE78E
S31508008A3044F25840C5F60200016821F0E0411A9A4E
S31508008A40D2F8AC201143016004E09DF85F008DF870
S31508008A505E00FFE7FFE71A984078000600283DD534
S31508008A60FFE71A98C06E00280D901BD0FFE70D98F7
S31508008A70B0F1805F05D0FFE70D98B0F1005F09D02F
S31508008A8011E044F22C40C5F60200016841F40031B9
S31508008A9001600CE01A980830012106F0E9FB8DF810
S31508008AA05F0004E003E001208DF85F00FFE79DF812
S31508008AB05F0000280CD1FFE744F25040C5F60200DB
S31508008AC0016821F040511A9AD26E1143016004E000
S31508008AD09DF85F008DF85E00FFE7FFE71A98C078FB
S31508008AE0C007002838D0FFE71A98806C03280C9036
S31508008AF017D80C99DFE801F014020B1344F22C4046
S31508008B00C5F60200016841F4003101600DE01A98CB
S31508008B100830022106F0ACFB8DF85F0005E004E0A2
S31508008B2003E001208DF85F00FFE79DF85F0000284D
S31508008B300CD1FFE744F24C40C5F60200016821F06B
S31508008B4003011A9A926C1143016004E09DF85F00D4
S31508008B508DF85E00FFE7FFE71A9880784006002840
S31508008B6040F1BD80FFE744F60000C5F60200016843
S31508008B7041F480710160FDF797FD1890FFE744F610
S31508008B800000C5F60200006810F4807F0ED1FFE7EA
S31508008B90FDF78AFDDDF860E0A0EB0E00652804D33A
S31508008BA0FFE703208DF85F0000E0E8E79DF85F0027
S31508008BB0002840F08E80FFE744F27040C5F60200B8
S31508008BC0006800F440701A99D1F8B01001F44071A9
S31508008BD0884213D0FFE744F27040C5F602000168E8
S31508008BE021F440711991016841F4803101600168EE
S31508008BF021F48031016019990160FFE71A98D0F8CD
S31508008C00B000B0F5807F21D1FFE7FDF74DFD189044
S31508008C10FFE744F27040C5F60200006800F0020063
S31508008C200021B1EB500F10D1FFE7FDF73DFDDDF850
S31508008C3060E0A0EB0E0041F2893E704504D3FFE7E1
S31508008C4003208DF85F0000E0E3E7FFE79DF85F008B
S31508008C50002838D1FFE7FFE71A98D0F8B00000F4EB
S31508008C604070B0F5407F15D1FFE744F21040C5F6D5
S31508008C700200016821F47C511A9AD2F8B0204FF606
S31508008C80F043C0F6FF731A4041EA12110A46016022
S31508008C900B920AE044F21040C5F60200016821F47E
S31508008CA07C510A4601600A92FFE71A98D0F8B0008C
S31508008CB06FF31F3044F27041C5F602010A6810438B
S31508008CC00860FFE704E09DF85F008DF85E00FFE7A7
S31508008CD004E09DF85F008DF85E00FFE7FFE71A984D
S31508008CE00068C007002800F04D80FFE71A98806FDB
S31508008CF0282809902BD80999DFE801F01529292990
S31508008D002929292916292929292929291E292929E3
S31508008D1029292929262929292929292927292929BA
S31508008D2029292929280016E01A980830012106F071
S31508008D309FFA8DF85F000EE01A982830012106F098
S31508008D4083FB8DF85F0006E005E004E003E0012000
S31508008D508DF85F00FFE79DF85F0000280CD1FFE75C
S31508008D6044F25440C5F60200016821F038011A9A07
S31508008D70926F1143016004E09DF85F008DF85E0074
S31508008D80FFE7FFE71A980078800700283AD5FFE73B
S31508008D901A98406F0528089019D80899DFE801F055
S31508008DA003040C14151616E01A980830012106F06B
S31508008DB05FFA8DF85F000EE01A982830012106F058
S31508008DC043FB8DF85F0006E005E004E003E00120C0
S31508008DD08DF85F00FFE79DF85F0000280CD1FFE7DC
S31508008DE044F25440C5F60200016821F007011A9AB8
S31508008DF0526F1143016004E09DF85F008DF85E0034
S31508008E00FFE7FFE71A980078400700283CD5FFE7F8
S31508008E101A98D0F890000528079019D80799DFE81E
S31508008E2001F003040C14151616E01A9808300121EF
S31508008E3006F01EFA8DF85F000EE01A982830012118
S31508008E4006F002FB8DF85F0006E005E004E003E0AB
S31508008E5001208DF85F00FFE79DF85F0000280DD11F
S31508008E60FFE744F25840C5F60200016821F0070101
S31508008E701A9AD2F890201143016004E09DF85F0029
S31508008E808DF85E00FFE7FFE71A980078800600284D
S31508008E9050D5FFE71A98D0F88C000028069019D00C
S31508008EA0FFE70698B0F1805F15D0FFE70698B0F1A6
S31508008EB0005F18D0FFE70698B0F1405F1BD0FFE7C8
S31508008EC00698B0F1804F17D0FFE70698B0F1A04F8B
S31508008ED013D013E016E01A980830002106F0C8F9F6
S31508008EE08DF85F000EE01A982830022106F0ACFAD9
S31508008EF08DF85F0006E005E004E003E001208DF848
S31508008F005F00FFE79DF85F0000280DD1FFE744F2F8
S31508008F105440C5F60200016821F0E0411A9AD2F8D9
S31508008F208C201143016004E09DF85F008DF85E0017
S31508008F30FFE7FFE71A9800784006002850D5FFE7B4
S31508008F401A98D0F898000028059019D0FFE70598D8
S31508008F50B0F5806F15D0FFE70598B0F5006F18D00B
S31508008F60FFE70598B0F5406F1BD0FFE70598B0F509
S31508008F70805F17D0FFE70598B0F5A05F13D013E020
S31508008F8016E01A980830002106F072F98DF85F008D
S31508008F900EE01A982830022106F056FA8DF85F007E
S31508008FA006E005E004E003E001208DF85F00FFE736
S31508008FB09DF85F0000280DD1FFE744F25840C5F63A
S31508008FC00200016821F4E0511A9AD2F89820114358
S31508008FD0016004E09DF85F008DF85E00FFE7FFE79B
S31508008FE01A9800780006002850D5FFE71A98D0F896
S31508008FF09C000028049019D0FFE70498B0F5005F9C
S3150800900015D0FFE70498B0F5804F18D0FFE704980D
S31508009010B0F5C04F1BD0FFE70498B0F5004F17D046
S31508009020FFE70498B0F5204F13D013E016E01A981E
S315080090300830002106F01CF98DF85F000EE01A983A
S315080090402830022106F000FA8DF85F0006E005E0F8
S3150800905004E003E001208DF85F00FFE79DF85F005C
S3150800906000280DD1FFE744F25840C5F60200016812
S3150800907021F460411A9AD2F89C201143016004E059
S315080090809DF85F008DF85E00FFE7FFE71A98007805
S315080090900007002821D5FFE71A98D0F88000B0F518
S315080090A0805F0DD1FFE71A982830022106F0CCF927
S315080090B0002804D0FFE701208DF85E00FFE7FFE7F0
S315080090C044F25440C5F60200016821F440511A9A48
S315080090D0D2F8802011430160FFE71A980078C0068D
S315080090E0002821D5FFE71A98D0F89400B0F5807FBC
S315080090F00DD1FFE71A982830022106F0A5F90028B5
S3150800910004D0FFE701208DF85E00FFE7FFE744F291
S315080091105840C5F60200016821F440711A9AD2F83F
S31508009120942011430160FFE71A9880780007002809
S315080091303ED5FFE71A98D0F8A000002803900AD079
S31508009140FFE70398B0F5803F0DD0FFE70398B0F529
S31508009150003F10D010E01A980830002106F088F871
S315080091608DF85F000CE01A982830022106F06CF999
S315080091708DF85F0004E003E001208DF85F00FFE74B
S315080091809DF85F0000280DD1FFE744F25840C5F668
S315080091900200016821F440311A9AD2F8A02011433E
S315080091A0016004E09DF85F008DF85E00FFE7FFE7C9
S315080091B01A9880784007002840D5FFE71A98D0F813
S315080091C08400B0F5801F02900AD0FFE70298B0F538
S315080091D0001F0ED0FFE70298B0F5401F11D011E02E
S315080091E044F22C40C5F60200016841F400310160E2
S315080091F00CE01A982830012106F026F98DF85F0050
S3150800920004E003E001208DF85F00FFE79DF85F00AA
S3150800921000280DD1FFE744F25440C5F60200016864
S3150800922021F440111A9AD2F884201143016004E00F
S315080092309DF85F008DF85E00FFE7FFE71A988078D3
S31508009240C007002837D0FFE71A98006D002801905C
S3150800925005D0FFE70198B0F5803F09D010E044F249
S315080092602C40C5F60200016841F4003101600BE0AC
S315080092701A980830022105F0FBFF8DF85F0003E01D
S3150800928001208DF85F00FFE79DF85F0000280CD1EC
S31508009290FFE744F24C40C5F60200016821F480312C
S315080092A01A9A126D1143016004E09DF85F008DF86B
S315080092B05E00FFE7FFE71A98C078800600280DD5FC
S315080092C0FFE71A982830022106F0BEF8002804D0D5
S315080092D0FFE701208DF85E00FFE7FFE71A98807820
S315080092E0800700283CD5FFE71A98C06F0028009031
S315080092F01AD0FFE70098B0F5807F0AD0FFE70098FC
S31508009300B0F5007F0ED0FFE70098B0F5407F0AD091
S315080093100BE044F22C40C5F60200016841F4003126
S31508009320016006E005E004E003E001208DF85F0037
S31508009330FFE79DF85F0000280CD1FFE744F2544090
S31508009340C5F60200016821F440711A9AD26F1143DA
S31508009350016004E09DF85F008DF85E00FFE7FFE717
S315080093601A988078C00600280CD5FFE744F25040CA
S31508009370C5F60200016821F000411A9A126F1143DE
S315080093800160FFE71A988078800600280CD5FFE769
S3150800939044F25040C5F60200016821F080711A9A1D
S315080093A0926E11430160FFE71A98C07840060028BC
S315080093B011D5FFE7FFE744F21040C5F60200016841
S315080093C021F4004101601A99D1F8B41002681143DA
S315080093D00160FFE7FFE71A98C078000600280CD559
S315080093E0FFE744F24C40C5F60200016821F04051FF
S315080093F01A9A526D11430160FFE71A9880780006A1
S3150800940000280DD5FFE744F25440C5F6020001686E
S3150800941021F440011A9AD2F8882011430160FFE727
S315080094201A980079C007002813D0FFE71A98083061
S31508009430002105F01DFF8DF85F009DF85F000028EC
S3150800944001D1FFE704E09DF85F008DF85E00FFE7B5
S31508009450FFE71A9800798007002813D5FFE71A98BE
S315080094600830012105F004FF8DF85F009DF85F00C4
S31508009470002801D1FFE704E09DF85F008DF85E0043
S31508009480FFE7FFE71A9800794007002813D5FFE79A
S315080094901A980830022105F0EBFE8DF85F009DF85A
S315080094A05F00002801D1FFE704E09DF85F008DF812
S315080094B05E00FFE7FFE71A9800790007002813D532
S315080094C0FFE71A982830002105F0BEFF8DF85F00E7
S315080094D09DF85F00002801D1FFE704E09DF85F00D2
S315080094E08DF85E00FFE7FFE71A980079C0060028A6
S315080094F013D5FFE71A982830012105F0A5FF8DF846
S315080095005F009DF85F00002801D1FFE704E09DF8A1
S315080095105F008DF85E00FFE7FFE71A98007980067E
S31508009520002813D5FFE71A982830022105F08CFF8A
S315080095308DF85F009DF85F00002801D1FFE704E081
S315080095409DF85F008DF85E00FFE7FFE79DF85E0077
S31508009550002804D1FFE700208DF86F0003E0012002
S315080095608DF86F00FFE79DF86F001CB080BD000006
S3150800957080B588B00A4603460690059106980028E5
S315080095800192009304D1FFE701208DF81F0040E205
S31508009590059842F20001C5F20021096801F00F01A1
S315080095A0884216D9FFE742F20000C5F2002001689A
S315080095B021F00F01059A11430160006800F00F00C1
S315080095C00599884204D0FFE701208DF81F0020E2A4
S315080095D0FFE7069800684007002819D5FFE70698B0
S315080095E0006944F21841C5F60201096801F07001E4
S315080095F088420CD9FFE744F21840C5F60200016814
S3150800960021F07001069A126911430160FFE7FFE72E
S31508009610069800680007002819D5FFE706984069EC
S3150800962044F21C41C5F60201096801F0700188423E
S315080096300CD9FFE744F21C40C5F60200016821F088
S315080096407001069A526911430160FFE7FFE7069821
S315080096500068C006002819D5FFE70698806944F215
S315080096601C41C5F60201096801F4E06188420CD97B
S31508009670FFE744F21C40C5F60200016821F4E061E8
S31508009680069A926911430160FFE7FFE706980068AA
S315080096908006002819D5FFE70698C06944F22041DC
S315080096A0C5F60201096801F0700188420CD9FFE786
S315080096B044F22040C5F60200016821F07001069ABE
S315080096C0D26911430160FFE7FFE706980068800743
S315080096D0002819D5FFE70698C06844F21841C5F670
S315080096E00201096801F00F0188420CD9FFE744F22C
S315080096F01840C5F60200016821F00F01069AD268E3
S3150800970011430160FFE7FFE706980068C0070028D5
S3150800971000F08E80FFE744F21840C5F602000168A3
S3150800972021F47061069A92681143016006984068B0
S31508009730022811D1FFE744F20040C5F6020000688E
S3150800974000F400300021B1EB504F04D1FFE70120AF
S315080097508DF81F005DE13EE006984068032811D1A8
S31508009760FFE744F20040C5F60200006800F000700A
S315080097700021B1EB506F04D1FFE701208DF81F00DF
S3150800978047E127E006984068012811D1FFE744F22F
S315080097900040C5F60200006800F480700021B1EBB5
S315080097A0102F04D1FFE701208DF81F0031E110E0EA
S315080097B044F20040C5F60200006800F004000021EB
S315080097C0B1EB900F04D1FFE701208DF81F0020E1CF
S315080097D0FFE7FFE7FFE744F21040C5F6020001681D
S315080097E021F00701069A526811430160FCF75CFFF5
S315080097F00390FFE744F21040C5F60200006800F047
S31508009800380006994968B0EBC10F10D0FFE7FCF79E
S315080098104BFFDDF80CE0A0EB0E0041F2893E7045E7
S3150800982004D3FFE703208DF81F00F2E0E2E7FFE725
S31508009830069800688007002819D5FFE70698C068CB
S3150800984044F21841C5F60201096801F00F01884281
S315080098500CD2FFE744F21840C5F60200016821F071
S315080098600F01069AD26811430160FFE7FFE70598E2
S3150800987042F20001C5F20021096801F00F01884291
S3150800988016D2FFE742F20000C5F20020016821F077
S315080098900F01059A11430160006800F00F00059951
S315080098A0884204D0FFE701208DF81F00B1E0FFE7EA
S315080098B0069800684007002819D5FFE7069800694A
S315080098C044F21841C5F60201096801F070018842A0
S315080098D00CD2FFE744F21840C5F60200016821F0F1
S315080098E07001069A126911430160FFE7FFE70698BF
S315080098F000680007002819D5FFE70698406944F272
S315080099001C41C5F60201096801F0700188420CD2B3
S31508009910FFE744F21C40C5F60200016821F0700119
S31508009920069A526911430160FFE7FFE70698006847
S31508009930C006002819D5FFE70698806944F21C413D
S31508009940C5F60201096801F4E06188420CD2FFE716
S3150800995044F21C40C5F60200016821F4E061069A4B
S31508009960926911430160FFE7FFE7069800688006E1
S31508009970002819D5FFE70698C06944F22041C5F6C4
S315080099800201096801F0700188420CD2FFE744F22F
S315080099902040C5F60200016821F07001069AD269D6
S315080099A011430160FFE7FFE700F096F844F2184E0E
S315080099B0C5F6020EDEF80010C1F303214BF27A2237
S315080099C0C0F60102515C01F01F01C84002900298DE
S315080099D0DEF8001001F00F01515C01F01F01C840CC
S315080099E040F2C001C2F200410860029840F2BC0190
S315080099F0C2F20041086040F2A810C2F200400068B6
S31508009A00FCF70EFF8DF813009DF813008DF81F0064
S31508009A10FFE79DF81F0008B080BD000000000000A9
S31508009A2080B582B000F058F844F2184EC5F6020E1A
S31508009A30DEF80010C1F303214BF27A22C0F60102C8
S31508009A40515C01F01F01C84001900198DEF8001032
S31508009A5001F00F01515C01F01F01C84040F2C0013E
S31508009A60C2F200410860019840F2BC02C2F200420C
S31508009A701060086802B080BD80B5FFF7D1FF44F2D8
S31508009A801C4EC5F6020EDEF800E0CEF3021E4BF2BF
S31508009A907A21C0F6010111F80E1001F01F01C84025
S31508009AA080BD00000000000080B5FFF7B9FF44F252
S31508009AB01C4EC5F6020EDEF800E0CEF3022E4BF27F
S31508009AC07A21C0F6010111F80E1001F01F01C840F5
S31508009AD080BD0000000000008AB044F21040C5F6C0
S31508009AE00200006800F0380001461828019100F2CB
S31508009AF071810199DFE811F019006E016E016E019E
S31508009B006E016E016E016E013B006E016E016E0103
S31508009B106E016E016E016E0141006E016E016E01ED
S31508009B206E016E016E016E01470044F20040C5F6F3
S31508009B300200006800F020000021B1EB501F0FD092
S31508009B40FFE744F20040C5F602000068C0F3C10012
S31508009B5049F20001C0F2D03121FA00F0029005E086
S31508009B6049F20000C0F2D0300290FFE738E140F633
S31508009B700010C0F23D00029032E143F20060C0F2EC
S31508009B806E1002902CE144F22840C5F602000168E6
S31508009B9001F0030108910068C0F30510079044F22C
S31508009BA02C40C5F60200006800F0010006900698F1
S31508009BB044F23441C5F602010968C1F3CC014843B1
S31508009BC000EE100AB8EE400A8DED040A0798002840
S31508009BD000F0FC80FFE708980028009009D0FFE70E
S31508009BE0009801286BD0FFE70098022800F08C80C7
S31508009BF0AFE044F20040C5F60200006800F020001D
S31508009C000021B1EB501F34D0FFE744F20040C5F6FF
S31508009C1002000068C0F3C10049F20001C0F2D03169
S31508009C2021FA00F005909DED050AB8EE400A9DED73
S31508009C30071AB8EE411A80EE010A44F23040C5F61A
S31508009C40020000686FF35F2001EE100AB8EE411AB1
S31508009C509DED042A9FED653A82EE032A31EE021A3B
S31508009C60B7EE002A31EE021A20EE010A8DED030A3C
S31508009C7024E0079800EE100AB8EE400A9FED5D1A38
S31508009C8081EE000A44F23040C5F6020000686FF320
S31508009C905F2001EE100AB8EE411A9DED042A9FEDE9
S31508009CA0533A82EE032A31EE021AB7EE002A31EE53
S31508009CB0021A20EE010A8DED030AFFE76EE0079807
S31508009CC000EE100AB8EE400A9FED491A81EE000A26
S31508009CD044F23040C5F6020000686FF35F2001EEDB
S31508009CE0100AB8EE411A9DED042A9FED403A82EE1D
S31508009CF0032A31EE021AB7EE002A31EE021A20EED6
S31508009D00010A8DED030A49E0079800EE100AB8EE3D
S31508009D10400A9FED351A81EE000A44F23040C5F636
S31508009D20020000686FF35F2001EE100AB8EE411AD0
S31508009D309DED042A9FED2D3A82EE032A31EE021A92
S31508009D40B7EE002A31EE021A20EE010A8DED030A5B
S31508009D5024E0079800EE100AB8EE400A9FED241A90
S31508009D6081EE000A44F23040C5F6020000686FF33F
S31508009D705F2001EE100AB8EE411A9DED042A9FED08
S31508009D801B3A82EE032A31EE021AB7EE002A31EEAA
S31508009D90021A20EE010A8DED030AFFE744F230406D
S31508009DA0C5F60200006800F47E40012101EB502050
S31508009DB009909DED030A9DED091AB8EE411A80EE49
S31508009DC0010ABCEEC00A8DED020A02E000200290EC
S31508009DD0FFE705E040F60010C0F23D000290FFE7FD
S31508009DE002980AB0704700BF001BB74B0000004638
S31508009DF00024744A0024744C80B58CB001460A903D
S31508009E000A980028009105D1FFE701208DF82F0058
S31508009E1000F031BD0A980068C007002800F0C0802D
S31508009E20FFE744F21040C5F60200006800F038006B
S31508009E30069044F22840C5F6020000680590069888
S31508009E4010280AD0FFE7069818281DD1FFE70598BD
S31508009E5000F00300022817D1FFE744F20040C5F6D8
S31508009E600200006800F400300021B1EB504F0AD020
S31508009E70FFE70A984068002805D1FFE701208DF81A
S31508009E802F0000F0F8BC8AE0FFE70A984068B0F5B2
S31508009E90803F09D1FFE744F20040C5F60200016899
S31508009EA041F48031016033E00A98406800280DD1FA
S31508009EB0FFE744F20040C5F60200016821F480314C
S31508009EC00160016821F48021016020E00A98406859
S31508009ED0B0F5A02F0DD1FFE744F20040C5F6020009
S31508009EE0016841F480210160016841F48031016014
S31508009EF00CE044F20040C5F60200016821F4803106
S31508009F000160016821F480210160FFE7FFE7FFE7B0
S31508009F10FFE70A984068002820D0FFE7FCF7C4FB53
S31508009F200990FFE744F20040C5F60200006800F415
S31508009F3000300021B1EB504F0FD1FFE7FCF7B4FB1F
S31508009F40DDF824E0A0EB0E00652805D3FFE7032023
S31508009F508DF82F0000F08FBCE4E71FE0FCF7A4FBA8
S31508009F600990FFE744F20040C5F60200006800F4D5
S31508009F7000300021B1EB504F0FD0FFE7FCF794FB00
S31508009F80DDF824E0A0EB0E00652805D3FFE70320E3
S31508009F908DF82F0000F06FBCE4E7FFE7FFE7FFE767
S31508009FA00A9800688007002840F1CF80FFE744F24E
S31508009FB01040C5F60200006800F03800049044F22C
S31508009FC02840C5F6020000680390049800280AD0C5
S31508009FD0FFE70498182854D1FFE79DF80C0080077E
S31508009FE000284ED1FFE744F20040C5F6020000689B
S31508009FF000F004000021B1EB900F0AD0FFE70A98A1
S3150800A000C068002805D1FFE701208DF82F0000F071
S3150800A01032BC44F20040C5F60200016821F019017D
S3150800A0200A9AD26811430160FCF73EFB0990FFE7E4
S3150800A03044F20040C5F60200006800F00400002162
S3150800A040B1EB900F0FD1FFE7FCF72EFBDDF824E00C
S3150800A050A0EB0E00032805D3FFE703208DF82F0099
S3150800A06000F009BCE4E744F20440C5F602000168C2
S3150800A07021F0FE410A9A126941EA02610160FFE78E
S3150800A08062E00A98C068002836D0FFE744F200402C
S3150800A090C5F60200016821F019010A9AD26811432F
S3150800A0A00160FCF701FB0990FFE744F20040C5F6A2
S3150800A0B00200006800F004000021B1EB900F0ED1F9
S3150800A0C0FFE7FCF7F1FADDF824E0A0EB0E00032821
S3150800A0D004D3FFE703208DF82F00CCE3E5E744F22D
S3150800A0E00440C5F60200016821F0FE410A9A126989
S3150800A0F041EA0261016026E044F20040C5F602002A
S3150800A100016821F001010160FCF7CEFA0990FFE72A
S3150800A11044F20040C5F60200006800F00400002181
S3150800A120B1EB900F0ED0FFE7FCF7BEFADDF824E09E
S3150800A130A0EB0E00032804D3FFE703208DF82F00B9
S3150800A14099E3E5E7FFE7FFE7FFE70A980068C00637
S3150800A150002840F1A580FFE744F21040C5F602004A
S3150800A160006800F03800029044F22840C5F6020064
S3150800A17000680190029808280AD0FFE70298182874
S3150800A1802BD1FFE7019800F00300012825D1FFE74E
S3150800A19044F20040C5F60200006800F48070002111
S3150800A1A0B1EB102F09D0FFE70A98C069802804D0C0
S3150800A1B0FFE701208DF82F005DE3FFE744F20C402E
S3150800A1C0C5F60200016821F07C510A9A126A41EA32
S3150800A1D002610160FFE7FFE761E00A98C0690028AD
S3150800A1E035D0FFE744F20040C5F60200016841F0A9
S3150800A1F080010160FCF758FA0990FFE744F2004035
S3150800A200C5F60200006800F480700021B1EB102F3B
S3150800A2100ED1FFE7FCF748FADDF824E0A0EB0E00C4
S3150800A220032804D3FFE703208DF82F0023E3E5E78F
S3150800A230FFE744F20C40C5F60200016821F07C51A4
S3150800A2400A9A126A41EA02610160FFE726E044F2CF
S3150800A2500040C5F60200016821F080010160FCF7A4
S3150800A26023FA0990FFE744F20040C5F602000068A9
S3150800A27000F480700021B1EB102F0ED0FFE7FCF739
S3150800A28013FADDF824E0A0EB0E00032804D3FFE759
S3150800A29003208DF82F00EEE2E5E7FFE7FFE7FFE78B
S3150800A2A00A9800680007002854D5FFE70A9840690D
S3150800A2B0002827D0FFE744F27440C5F6020001687B
S3150800A2C041F001010160FCF7EFF90990FFE744F25C
S3150800A2D07440C5F60200006800F002000021B1EBE8
S3150800A2E0500F0ED1FFE7FCF7DFF9DDF824E0A0EB0D
S3150800A2F00E00032804D3FFE703208DF82F00BAE2E7
S3150800A300E5E726E044F27440C5F60200016821F04C
S3150800A31001010160FCF7C8F90990FFE744F27440AF
S3150800A320C5F60200006800F002000021B1EB500FEC
S3150800A3300ED0FFE7FCF7B8F9DDF824E0A0EB0E0035
S3150800A340032804D3FFE703208DF82F0093E2E5E7FF
S3150800A350FFE7FFE70A9800688006002854D5FFE75C
S3150800A3600A988069002827D0FFE744F20040C5F61E
S3150800A3700200016841F480510160FCF795F90990E3
S3150800A380FFE744F20040C5F60200006800F40050FA
S3150800A3900021B1EB503F0ED1FFE7FCF785F9DDF858
S3150800A3A024E0A0EB0E00032804D3FFE703208DF872
S3150800A3B02F0060E2E5E726E044F20040C5F6020019
S3150800A3C0016821F480510160FCF76EF90990FFE7F6
S3150800A3D044F20040C5F60200006800F4005000216F
S3150800A3E0B1EB503F0ED0FFE7FCF75EF9DDF824E04D
S3150800A3F0A0EB0E00032804D3FFE703208DF82F00F7
S3150800A40039E2E5E7FFE7FFE70A9800684007002812
S3150800A41040F1AF80FFE744F60000C5F60200016888
S3150800A42041F480710160FCF73FF90990FFE744F6B3
S3150800A4300000C5F60200006810F4807F0ED1FFE721
S3150800A440FCF732F9DDF824E0A0EB0E00652804D30A
S3150800A450FFE703208DF82F000DE2E8E7FFE70A98EB
S3150800A4608068012809D1FFE744F27040C5F602006A
S3150800A470016841F00101016032E00A98806800280D
S3150800A4800DD1FFE744F27040C5F60200016821F0DD
S3150800A49001010160016821F0040101601FE00A98CA
S3150800A4A0806805280DD1FFE744F27040C5F6020022
S3150800A4B0016841F004010160016841F00101016091
S3150800A4C00CE044F27040C5F60200016821F0010173
S3150800A4D00160016821F004010160FFE7FFE7FFE77B
S3150800A4E0FFE70A988068002821D0FFE7FCF7DCF828
S3150800A4F00990FFE744F27040C5F60200006800F0D4
S3150800A50002000021B1EB500F10D1FFE7FCF7CCF8A1
S3150800A510DDF824E0A0EB0E0041F2893E704504D335
S3150800A520FFE703208DF82F00A5E1E3E720E0FCF71D
S3150800A530BBF80990FFE744F27040C5F602000068D0
S3150800A54000F002000021B1EB500F10D0FFE7FCF736
S3150800A550ABF8DDF824E0A0EB0E0041F2893E704529
S3150800A56004D3FFE703208DF82F0084E1E3E7FFE734
S3150800A570FFE70A98406A002800F07981FFE744F26D
S3150800A5801040C5F60200006800F03800182800F0F0
S3150800A590E480FFE70A98406A022840F0B680FFE7A1
S3150800A5A044F20040C5F60200016821F0807101609E
S3150800A5B0FCF77AF80990FFE744F20040C5F6020076
S3150800A5C0006800F000700021B1EB506F0ED0FFE775
S3150800A5D0FCF76AF8DDF824E0A0EB0E00032804D3A4
S3150800A5E0FFE703208DF82F0045E1E5E7FFE744F292
S3150800A5F02840C5F60200016840F2F33291430A9AF0
S3150800A600936AD26A43EA0212114301600A98016BFF
S3150800A610426B836BC06B01396FF35F214FF6006C99
S3150800A620CFF6FF7C0CEB422292B211430022CFF602
S3150800A630FF7202EB034202F4FE0211434FF07F421F
S3150800A64002EB006000F0FE40084344F23041C5F6D4
S3150800A65002010860FFE744F22C40C5F602000168D3
S3150800A66021F00101016044F23441C5F602010A688D
S3150800A6704FF6F8739A430A9B9B6C42EAC3020A6038
S3150800A680016821F00C010A9A126C114301600168F5
S3150800A69021F002010A9A526C11430160016841F4E3
S3150800A6A080310160016841F400310160016841F4BC
S3150800A6B080210160016841F00101016044F2004017
S3150800A6C0C5F60200016841F080710160FBF7ECFFF6
S3150800A6D00990FFE744F20040C5F60200006800F062
S3150800A6E000700021B1EB506F0ED1FFE7FBF7DCFFDE
S3150800A6F0DDF824E0A0EB0E00032804D3FFE70320CF
S3150800A7008DF82F00B7E0E5E726E044F20040C5F6ED
S3150800A7100200016821F080710160FBF7C5FF09900E
S3150800A720FFE744F20040C5F60200006800F000703A
S3150800A7300021B1EB506F0ED0FFE7FBF7B5FFDDF850
S3150800A74024E0A0EB0E00032804D3FFE703208DF8CE
S3150800A7502F0090E0E5E7FFE788E044F22840C5F6D9
S3150800A76002000068089044F23040C5F6020000680E
S3150800A77007900A98406A012838D0FFE7089800F041
S3150800A78003000A99896A884230D1FFE7089800F4DD
S3150800A7907C700A99C96AB1EB101F27D1FFE70798A1
S3150800A7A06FF35F200A99096B013988421ED1FFE7CA
S3150800A7B0079800F47E400A99496B0139B1EB502F8E
S3150800A7C014D1FFE7079800F4FE000A99896B01394E
S3150800A7D0B1EB104F0AD1FFE7079800F0FE400A993F
S3150800A7E0C96B0139B1EB106F04D0FFE701208DF872
S3150800A7F02F0040E044F23440C5F602000068C0F37A
S3150800A800CC0008900A98806C089988422CD0FFE7FB
S3150800A81044F22C40C5F60200016821F001010160EE
S3150800A820FBF742FF0990FFE7FBF73EFFDDF824E060
S3150800A830A0EB0E00002801D1FFE7F5E744F234400B
S3150800A840C5F6020001684FF6F87291430A9A926CAF
S3150800A85041EAC201016044F22C40C5F602000168D3
S3150800A86041F001010160FFE7FFE7FFE7FFE700208E
S3150800A8708DF82F00FFE79DF82F000CB080BD000073
S3150800A88082B001460190009102B0704700000000B6
S3150800A89080B588B001460790079800680069069059
S3150800A8A007980068406905900698059A1040049034
S3150800A8B0079800688068039000200290079890F82F
S3150800A8C081008DF8070005980005002800910FD52E
S3150800A8D0FFE70698000700280AD5FFE707980068EB
S3150800A8E0816941F400618161079800F0DDFB98E118
S3150800A8F09DF810004006002814D4FFE79DF81000C4
S3150800A900800600280ED4FFE704984007002809D5DA
S3150800A910FFE70798416F88470798016F8847012026
S3150800A9200290FFE79DF810004006002811D4FFE7C3
S3150800A9300498C00700280CD0FFE79DF810004007D0
S3150800A940002806D4FFE70798016F88470120029080
S3150800A950FFE79DF810008006002811D4FFE7049849
S3150800A960800700280CD5FFE79DF81000400700284F
S3150800A97006D4FFE70798416F884701200290FFE752
S3150800A9800298002801D0FFE74BE104980007002849
S3150800A99040F18D80FFE707980068816941F008015A
S3150800A9A0816107980068816941F010018161079803
S3150800A9B00068816941F4006181610798006801694E
S3150800A9C021F00801016107980068806810F4404F7B
S3150800A9D03CD1FFE7FFE70798B0F86A00002834D0B3
S3150800A9E0FFE70798C06810280BD3FFE707980068A9
S3150800A9F0006B0799496E08600798416E04314166F5
S3150800AA001CE00798C06808280BD3FFE7079800687A
S3150800AA10008E0799496E08800798416E0231416693
S3150800AA200BE00798006890F830000799496E08709F
S3150800AA300798416E01314166FFE7FFE70798B0F8CE
S3150800AA406A100139A0F86A10C5E7FFE7079804F00D
S3150800AA50EFFD07984FF0010E80F881E00798D0F8CF
S3150800AA608400002804D0FFE70798FFF709FFD8E01D
S3150800AA709DF80700052804D1FFE7079801F0BCF800
S3150800AA8014E09DF80700042804D1FFE7079800F0B2
S3150800AA9003FB0AE09DF80700032804D1FFE707989F
S3150800AAA001F0A2F800E0FFE7FFE7FFE7B9E0BDF82D
S3150800AAB0100010F4587F00F0B480FFE79DF81000EE
S3150800AAC0400600280ED5FFE70798D0F8841041F015
S3150800AAD00401C0F8841007980068816941F04001B4
S3150800AAE08161FFE79DF81100800700280ED5FFE772
S3150800AAF00798D0F8841041F00101C0F8841007982F
S3150800AB000068816941F400718161FFE79DF81100D1
S3150800AB10C00700280ED0FFE70798D0F8841041F048
S3150800AB200801C0F8841007980068816941F48071AB
S3150800AB308161FFE79DF81000800600280ED5FFE723
S3150800AB400798D0F8841041F08001C0F8841007985F
S3150800AB500068816941F020018161FFE70798D0F814
S3150800AB60840000285CD0FFE707980068016821F098
S3150800AB700101016007980068016940F26B32914350
S3150800AB800161039800F44040B0F5404F3FD1FFE71C
S3150800AB9007980068816821F4404181600798C06F72
S3150800ABA0002817D0FFE70798C06F4FF25171C0F61B
S3150800ABB0000101650798C06FF7F7BEFC002808D0AA
S3150800ABC0FFE70798D0F8841041F04001C0F88410D8
S3150800ABD0FFE7FFE70798806F002817D0FFE7079879
S3150800ABE0806F4FF25171C0F6000101650798806FBA
S3150800ABF0F7F7A2FC002808D0FFE70798D0F88410DA
S3150800AC0041F04001C0F88410FFE7FFE707E0079826
S3150800AC10012180F881100798FFF732FEFFE7FFE76A
S3150800AC20FFE708B080BD000080B586B001460490F5
S3150800AC3004980028019104D1FFE701208DF8170038
S3150800AC403CE10498406A002801D1FFE7FFE7049831
S3150800AC50002181620498006843F20001C4F20101F0
S3150800AC6088421BD0FFE70498006843F60001C4F247
S3150800AC700001884212D0FFE70498006843F60041B5
S3150800AC80C4F20001884209D0FFE70498C06810287A
S3150800AC9004D3FFE701208DF817000FE1049804F0AC
S3150800ACA0C7FD02900498006843F2000EC4F2010E34
S3150800ACB0704516D0FFE70498006843F60001C4F211
S3150800ACC0000188420DD0FFE70498006843F600416A
S3150800ACD0C4F20001884204D0FFE7029808281FD86A
S3150800ACE0FFE70498006843F20001C4F201018842B4
S3150800ACF012D0FFE70498006843F60001C4F2000189
S3150800AD00884209D0FFE70498006843F60041C4F278
S3150800AD100001884208D1FFE70298112804D3FFE70B
S3150800AD2001208DF81700C9E0049890F881000028E2
S3150800AD3008D1FFE70498002180F88010049800F0F5
S3150800AD40C3F8FFE70498022180F881100498006888
S3150800AD50016821F00101016004980068806800F428
S3150800AD60F810039004988069B0F1806F1DD1FFE751
S3150800AD7004984068B0F5800F05D1FFE70498806B0A
S3150800AD8000280BD0FFE70498406800280DD1FFE79C
S3150800AD900498806BB0F1805F07D1FFE704980068DC
S3150800ADA0016841F480510160FFE704984068400259
S3150800ADB0002810D5FFE70498C06807280BD3FFE7DB
S3150800ADC004980068006820F4807004990A68096D80
S3150800ADD00843106006E004980068016821F4807151
S3150800ADE00160FFE704980168C268C369D0F828C003
S3150800ADF043EA0C03DDF80CC043EA0C03C06B1843A6
S3150800AE00104388600498416B426A1143826B114370
S3150800AE108269114302684368D0F808C0D0F810E088
S3150800AE2041EA0E01D0F814E041EA0E01D0F820E01C
S3150800AE3041EA0E011943C36C194341EA0C01836CBC
S3150800AE401943806D0843D06004984068002813D1E0
S3150800AE50FFE7049800688068012161F3CC20049913
S3150800AE6009688860049800688068022161F34A20AE
S3150800AE70049909688860FFE704980068016D21F065
S3150800AE800101016504984068400200280BD5FFE7D8
S3150800AE9004980068C06820F0004004990A68496D63
S3150800AEA00843D060FFE704980021C0F8841004988E
S3150800AEB0012280F881208DF81710FFE79DF817000A
S3150800AEC006B080BD0000000080B5C2B001464190C2
S3150800AED0002040903F903E903D903C900EA8B822AE
S3150800AEE00A911146F5F7F4FB4198006843F600010C
S3150800AEF0C4F20001884240F0CA80FFE700200F90A4
S3150800AF004FF480510E9125900EA8FDF701FB0028FD
S3150800AF1003D0FFE7F6F784FCFFE7FFE744F2E840D3
S3150800AF20C5F60200016841F480410160006800F43A
S3150800AF3080400D900D980990FFE7FFE744F2E04046
S3150800AF40C5F60200016841F004010160006800F0DE
S3150800AF5004000C900C980890FFE7FFE744F2E040E5
S3150800AF60C5F60200016841F002010160006800F0C0
S3150800AF7002000B900B980790FFE706203C900220F2
S3150800AF803D9000213E9103223F920523409340F6CF
S3150800AF90000CC5F6020C0DF1F00E06906046059100
S3150800AFA07146CDF810E003930292FBF75DF94FF472
S3150800AFB000503C9006983D9005993E91029A3F9222
S3150800AFC0039B409340F20040C5F602000499FBF744
S3150800AFD04BF942F27470C2F200404021C4F20201F9
S3150800AFE001602721416005998160C1604FF4806244
S3150800AFF0026141618161C1614FF44032026241627E
S3150800B000F8F726FF002803D0FFE7F6F709FCFFE765
S3150800B010FFE7419842F27471C2F20041C167419854
S3150800B0208863FFE742F2EC70C2F200402821C4F2BE
S3150800B0300201016028214160402181600021C16030
S3150800B0404FF48062026141618161C1614FF400324F
S3150800B05002624162F8F7FCFE002803D0FFE7F6F724
S3150800B060DFFBFFE7FFE7419842F2EC71C2F20041CD
S3150800B070816741988863FFE72420002101900091A9
S3150800B080009AFBF739FC0198FBF72AFCFFE742B068
S3150800B09080BD00000000000082B0014601900091CA
S3150800B0A002B070470000000082B00146019000918E
S3150800B0B002B070470000000070B594B0DDF860C0BB
S3150800B0C09E4614460D460646129011911092ADF80A
S3150800B0D03E301298C06B012101EB5010ADF82A00E2
S3150800B0E0CDF824E0089407950696CDF814C0FBF72A
S3150800B0F0DBFA0E90BDF83E00ADF82E00BDF83E0016
S3150800B100ADF82C00129890F88100012804D0FFE7CA
S3150800B11002208DF84F0075E31198002809D0FFE743
S3150800B1201098002805D0FFE7BDF83E00002804D196
S3150800B130FFE701208DF84F0064E3FFE7129890F8C7
S3150800B1408000012804D1FFE702208DF84F0059E35B
S3150800B1501298012180F88010FFE7FFE71298052171
S3150800B16080F8811012980021C0F884101098129A5D
S3150800B1705066BDF83E00129AA2F86A00BDF83E0075
S3150800B180129AA2F868001198129AD065BDF83E0086
S3150800B190129AA2F86200BDF83E00129AA2F8600060
S3150800B1A0129801671298416712980068C06820F4DF
S3150800B1B0C02012990968C8601298006843F2000115
S3150800B1C0C4F20101884212D0FFE71298006843F6DC
S3150800B1D00001C4F20001884209D0FFE7129800680E
S3150800B1E043F60041C4F20001884203D1FFE710206C
S3150800B1F00D9002E008200D90FFE71298006840685D
S3150800B2004FF6FF718843BDF83E1008431299096846
S3150800B210486012980068016841F0010101601298BF
S3150800B2204068B0F5800F07D1FFE7129800680168FB
S3150800B23041F400710160FFE71298C0681028C0F059
S3150800B240BE80FFE70D9880080D90FFE7BDF82E0039
S3150800B25001210028049107D1FFE7BDF82C0000283A
S3150800B26018BF01200490FFE70498C007002800F0E3
S3150800B270A580FFE712980068406910F0020F23D0F6
S3150800B280FFE7BDF82E0000281ED0FFE7BDF82C000A
S3150800B290BDF82E100D9A1144884215D2FFE7129870
S3150800B2A00168C06D006808621298C16D0431C165F5
S3150800B2B01298B0F862100139A0F862101298B0F826
S3150800B2C06200ADF82E00FFE71298006840690C90FE
S3150800B2D0BDF82C00002870D0FFE712980068406976
S3150800B2E010F0010F16D0FFE712980068006B12994C
S3150800B2F0496E08601298416E043141661298B0F89A
S3150800B3006A100139A0F86A101298B0F86A00ADF808
S3150800B3102C0051E0BDF82C00BDF82A1088421CDA32
S3150800B320FFE79DF831000006002816D5FFE71298BA
S3150800B3300068006B1299496E08601298416E0431D4
S3150800B34041661298B0F86A100139A0F86A10129886
S3150800B350B0F86A00ADF82C002DE0FBF7A5F9DDF88A
S3150800B36038E0A0EB0E00DDF860E0704505D3FFE796
S3150800B37018980130002804D1FFE71898002819D139
S3150800B380FFE7129804F054F91298D0F884E04EF4C6
S3150800B390807EC0F884E012984FF0010E80F881E0B4
S3150800B3A0FFE71298002180F88010FFE703208DF848
S3150800B3B04F0027E2FFE7FFE7FFE747E7F2E11298CA
S3150800B3C0C0680828C0F0EB80FFE70D9840080D908C
S3150800B3D0FFE7BDF82E0001210028039107D1FFE7FA
S3150800B3E0BDF82C00002818BF01200390FFE703983A
S3150800B3F0C007002800F0D280FFE71298006840696D
S3150800B40010F0020F23D0FFE7BDF82E0000281ED04B
S3150800B410FFE7BDF82C00BDF82E100D9A114488429E
S3150800B42015D2FFE712980168C06D00880884129843
S3150800B430C16D0231C1651298B0F862100139A0F8E1
S3150800B44062101298B0F86200ADF82E00FFE7129865
S3150800B450006840690C90BDF82C00002800F09D801B
S3150800B460FFE712980068406910F0010F16D0FFE751
S3150800B47012980068008E1299496E08801298416EDB
S3150800B480023141661298B0F86A100139A0F86A10BC
S3150800B4901298B0F86A00ADF82C007DE0BDF82C00D3
S3150800B4A0BDF82A10884226DAFFE79DF83100000623
S3150800B4B0002820D5FFE712980068008E1299496E79
S3150800B4C008801298416E0231416612980068008E13
S3150800B4D01299496E08801298416E02314166129897
S3150800B4E0B0F86A100239A0F86A101298B0F86A0023
S3150800B4F0ADF82C004FE0BDF82C0001281CD1FFE761
S3150800B5009DF831008006002816D5FFE712980068D6
S3150800B510008E1299496E08801298416E0231416672
S3150800B5201298B0F86A100139A0F86A101298B0F8A3
S3150800B5306A00ADF82C002DE0FBF7B6F8DDF838E028
S3150800B540A0EB0E00DDF860E0704505D3FFE718981C
S3150800B5500130002804D1FFE71898002819D1FFE721
S3150800B560129804F065F81298D0F884E04EF4807EBC
S3150800B570C0F884E012984FF0010E80F881E0FFE7EA
S3150800B5801298002180F88010FFE703208DF84F00FD
S3150800B59038E1FFE7FFE7FFE7FFE71AE701E1FFE723
S3150800B5A0BDF82E0001210028029107D1FFE7BDF85A
S3150800B5B02C00002818BF01200290FFE70298C00758
S3150800B5C0002800F0ED80FFE712980068406910F047
S3150800B5D0020F24D0FFE7BDF82E0000281FD0FFE792
S3150800B5E0BDF82C00BDF82E100D9A1144884216D2CB
S3150800B5F0FFE712980168C06D007881F8200012985C
S3150800B600C16D0131C1651298B0F862100139A0F810
S3150800B61062101298B0F86200ADF82E00FFE7129893
S3150800B620006840690C90BDF82C00002800F0B7802F
S3150800B630FFE712980068406910F0010F17D0FFE77E
S3150800B6401298006890F830001299496E087012989E
S3150800B650416E013141661298B0F86A100139A0F8B6
S3150800B6606A101298B0F86A00ADF82C0096E0BDF89A
S3150800B6702C00BDF82A1088423EDAFFE79DF8310013
S3150800B6800006002838D5FFE71298006890F83000C1
S3150800B6901299496E08701298416E013141661298E6
S3150800B6A0006890F830001299496E08701298416E39
S3150800B6B0013141661298006890F830001299496E77
S3150800B6C008701298416E013141661298006890F828
S3150800B6D030001299496E08701298416E0131416620
S3150800B6E01298B0F86A100439A0F86A101298B0F8DF
S3150800B6F06A00ADF82C0050E0BDF82C0003281DD8D0
S3150800B700FFE79DF8310010F0600F17D0FFE7129899
S3150800B710006890F830001299496E08701298416EC8
S3150800B720013141661298B0F86A100139A0F86A101A
S3150800B7301298B0F86A00ADF82C002DE0FAF7B4FFBD
S3150800B740DDF838E0A0EB0E00DDF860E0704505D3C3
S3150800B750FFE718980130002804D1FFE71898002859
S3150800B76019D1FFE7129803F063FF1298D0F884E026
S3150800B7704EF4807EC0F884E012984FF0010E80F8EF
S3150800B78081E0FFE71298002180F88010FFE7032088
S3150800B7908DF84F0036E0FFE7FFE7FFE7FFE7FFE634
S3150800B7A0FFE7FFE71298189B0E996A461160082171
S3150800B7B0002204F039F9002808D0FFE71298D0F8DB
S3150800B7C0841041F02001C0F88410FFE7129803F0B6
S3150800B7D02FFF12984FF0010E80F881E0FFE71298CC
S3150800B7E0002180F88010FFE71298D0F8840000281E
S3150800B7F004D0FFE701208DF84F0003E000208DF804
S3150800B8004F00FFE79DF84F0014B070BD0000000020
S3150800B810B0B58EB09C4696460C4605460C900B91E4
S3150800B8200A92ADF826300C9890F881000128CDF8D8
S3150800B83020C0CDF81CE00694059504D0FFE7022049
S3150800B8408DF83700CAE10B98002809D0FFE70A9857
S3150800B850002805D0FFE7BDF82600002804D1FFE739
S3150800B86001208DF83700B9E1FFE70C9890F88000C1
S3150800B870012804D1FFE702208DF83700AEE10C98C5
S3150800B880012180F88010FFE7FFE70C98052180F872
S3150800B89081100C980021C0F884100B980C9AD0657A
S3150800B8A0BDF826000C9AA2F86000BDF826000C9A8E
S3150800B8B0A2F862000A980C9A5066BDF826000C9AFF
S3150800B8C0A2F86800BDF826000C9AA2F86A000C983F
S3150800B8D001670C9841670C980068C06820F4C0207E
S3150800B8E00C990968C8600C980068816821F4404181
S3150800B8F081600C98C06810280ED3FFE70C98C06FBB
S3150800B9008069B0F5804F28D1FFE70C98806F806971
S3150800B910B0F5804F21D1FFE70C98C068082826D3D8
S3150800B920FFE70C98C06F8069B0F5005F07D0FFE7A6
S3150800B9300C98C06F8069B0F5804F0ED1FFE70C9860
S3150800B940806F8069B0F5005F11D0FFE70C98806FB3
S3150800B9508069B0F5804F0AD0FFE7FFE70C98002111
S3150800B96080F88010FFE701208DF8370036E10C9843
S3150800B970C068072841D8FFE70C98806F8069B0F542
S3150800B980005F09D1FFE70C98B0F862000130400863
S3150800B9900C99A1F86200FFE70C98806F8069B0F5F2
S3150800B9A0804F09D1FFE70C98B0F862000330800891
S3150800B9B00C99A1F86200FFE70C98C06F8069B0F592
S3150800B9C0005F09D1FFE70C98B0F86A00013040081B
S3150800B9D00C99A1F86A00FFE70C98C06F8069B0F56A
S3150800B9E0804F09D1FFE70C98B0F86A000330800849
S3150800B9F00C99A1F86A00FFE727E00C98C0680F28A1
S3150800BA0021D8FFE70C98806F8069B0F5804F09D17F
S3150800BA10FFE70C98B0F86200013040080C99A1F8CD
S3150800BA206200FFE70C98C06F8069B0F5804F09D1B6
S3150800BA30FFE70C98B0F86A00013040080C99A1F8A5
S3150800BA406A00FFE700E0FFE7FFE70C98C06F4FF2D8
S3150800BA50C971C0F6000101640C98C06F4FF2E97114
S3150800BA60C0F60001C1630C98C06F4FF28171C0F631
S3150800BA700001C1640C98C06F002101650C9801682B
S3150800BA80426EC36F3031B0F86A0004901846049BC2
S3150800BA90F8F7AAFE002815D0FFE70C98D0F884100E
S3150800BAA041F01001C0F884100C98012180F881102B
S3150800BAB0FFE70C98002180F88010FFE701208DF839
S3150800BAC037008BE00C980068816841F480418160FA
S3150800BAD00C98806F002101640C98806FC1630C98E4
S3150800BAE0806F01650C98806F4FF28171C0F6000176
S3150800BAF0C1640C980168C26D836F2031B0F862008A
S3150800BB000390184602911146029A039BF8F76CFEB9
S3150800BB1000281CD0FFE70C98C06FF6F73DF8DDF853
S3150800BB2030E0DEF8841041F01001CEF884100C994C
S3150800BB304FF0010E81F881E00190FFE70C98002193
S3150800BB4080F88010FFE701208DF8370046E00C9852
S3150800BB50806FC069B0F5807F0AD1FFE70C9800684E
S3150800BB6040684FF6FF7188430C99096848600CE0F5
S3150800BB700C98006840684FF6FF718843BDF8261098
S3150800BB8008430C9909684860FFE70C9800688168C3
S3150800BB9041F4004181600C980068016941F45871CC
S3150800BBA001610C980068016841F0010101600C9878
S3150800BBB04068B0F5800F07D1FFE70C980068016868
S3150800BBC041F400710160FFE7FFE70C98002180F857
S3150800BBD08010FFE700208DF83700FFE79DF8370053
S3150800BBE00EB0B0BD0000000082B001460190009181
S3150800BBF002B070470000000080B588B00146079083
S3150800BC000798006843F20002C4F2010290420691C6
S3150800BC101AD1FFE740F2B850C2F2004041680289E3
S3150800BC20059008461146FAF703FD0598D0F8101155
S3150800BC30B0F80A210A30DDF814E00EF18A030491FF
S3150800BC401946049B984747E00798006843F60001A1
S3150800BC50C4F2000188421AD1FFE740F2CC60C2F272
S3150800BC60004041680289039008461146FAF7E0FC4D
S3150800BC700398D0F81011B0F80A210A30DDF80CE064
S3150800BC800EF18A0302911946029B984723E007980A
S3150800BC90006843F60041C4F2000188421AD1FFE762
S3150800BCA040F2E070C2F200404168028901900846FD
S3150800BCB01146FAF7BDFC0198D0F81011B0F80A2120
S3150800BCC00A30DDF804E00EF18A0300911946009B5C
S3150800BCD09847FFE7FFE7FFE708B080BD00000000D0
S3150800BCE082B001460190009102B070470000000042
S3150800BCF084B00A4603460390029140F20440C5F612
S3150800BD0000000168DDF80CC021EA0C01DDF808C066
S3150800BD1041EA0C0101600192009304B070470000EB
S3150800BD2080B582B0014601900198009103F0E4FEC7
S3150800BD3002B080BD0000000082B00146019000916B
S3150800BD4002B070470000000082B0014601900091E1
S3150800BD5002B070470000000082B0014601900091D1
S3150800BD6002B070470000000087B00A4603460590F7
S3150800BD70049101920093FFE7059890F83C0001288A
S3150800BD8004D1FFE702208DF81B00ABE005980121DE
S3150800BD9080F83C10FFE7FFE70598022180F83D1080
S3150800BDA005980068406803900598006880680290C6
S3150800BDB0059800680021C4F20101884209D0FFE70E
S3150800BDC00598006840F20041C4F2010188420AD190
S3150800BDD0FFE7039820F470000390049840680399DD
S3150800BDE008430390FFE7039820F070000390049837
S3150800BDF00068039908430390039805990968486001
S3150800BE00059800680021C4F2010188424ED0FFE778
S3150800BE1005980068B0F1804F48D0FFE7059800689C
S3150800BE2040F20041C4F2000188423FD0FFE705987E
S3150800BE30006840F60001C4F20001884236D0FFE7E8
S3150800BE400598006840F60041C4F2000188422DD0EA
S3150800BE50FFE70598006840F20041C4F201018842F4
S3150800BE6024D0FFE70598006841F60001C4F20001F6
S3150800BE7088421BD0FFE70598006844F20001C4F227
S3150800BE800101884212D0FFE7059800684EF20001CA
S3150800BE90C4F20001884209D0FFE7059800684EF20F
S3150800BEA00041C4F2000188420ED1FFE7029820F053
S3150800BEB080000290049880680299084302900298CC
S3150800BEC0059909688860FFE70598012180F83D1003
S3150800BED0FFE70598002180F83C10FFE700208DF861
S3150800BEE01B00FFE79DF81B0007B070470000000025
S3150800BEF080B584B00146029002980028019104D1C9
S3150800BF00FFE701208DF80F0049E0029890F83D0000
S3150800BF10002808D1FFE70298002180F83C10029813
S3150800BF2000F042F8FFE70298022180F83D100298D7
S3150800BF3050F8041B00900846009903F031FF029858
S3150800BF40012180F84810FFE70298012180F83E1089
S3150800BF50029880F83F10029880F84010029880F8FE
S3150800BF604110029880F84210029880F84310FFE7C3
S3150800BF70FFE70298012180F84410029880F84510DE
S3150800BF80029880F84610029880F84710FFE7029852
S3150800BF90012180F83D1000208DF80F00FFE79DF87D
S3150800BFA00F0004B080BD000080B58AB00146099034
S3150800BFB00998006840F20042C4F2000290420591D6
S3150800BFC011D1FFE7FFE744F2E840C5F60200016831
S3150800BFD041F002010160006800F00200089008982C
S3150800BFE00490FFE747E00998006840F60001C4F2AC
S3150800BFF0000188421AD1FFE7FFE744F2E840C5F698
S3150800C0000200016841F004010160006800F00400C4
S3150800C010079007980390FFE71E200221002202904E
S3150800C020FAF76AFC0298FAF75BFC23E009980068BD
S3150800C03040F60041C4F2000188421AD1FFE7FFE743
S3150800C04044F2E840C5F60200016841F008010160C3
S3150800C050006800F00800069006980190FFE7322075
S3150800C060012100220090FAF747FC0098FAF738FCFD
S3150800C070FFE7FFE7FFE70AB080BD00000000000009
S3150800C08084B001460290029890F83D00012800917C
S3150800C09004D0FFE701208DF80F0083E00298022103
S3150800C0A080F83D1002980068C16841F00101C1603E
S3150800C0B0029800680021C4F2010188424ED0FFE7C9
S3150800C0C002980068B0F1804F48D0FFE702980068F0
S3150800C0D040F20041C4F2000188423FD0FFE70298CF
S3150800C0E0006840F60001C4F20001884236D0FFE736
S3150800C0F00298006840F60041C4F2000188422DD03B
S3150800C100FFE70298006840F20041C4F20101884244
S3150800C11024D0FFE70298006841F60001C4F2000146
S3150800C12088421BD0FFE70298006844F20001C4F277
S3150800C1300101884212D0FFE7029800684EF200011A
S3150800C140C4F20001884209D0FFE7029800684EF25F
S3150800C1500041C4F20001884219D1FFE7029800683D
S3150800C16080680721C0F2010108400190019806285D
S3150800C1700CD0FFE70198B0F5803F07D0FFE702989B
S3150800C1800068016841F001010160FFE706E00298D6
S3150800C1900068016841F001010160FFE700208DF8A1
S3150800C1A00F00FFE79DF80F0004B07047000000007D
S3150800C1B080B58EB00A4603460C900B9100208DF888
S3150800C1C02B0008920793FFE70C9890F83C0001288B
S3150800C1D004D1FFE702208DF83700E1E00C98012131
S3150800C1E080F83C10FFE7FFE70C98022180F83D1025
S3150800C1F00C9800688068099009984FF68871CFF600
S3150800C200CE7108400990099820F47F400990099852
S3150800C2100C99096888600B9800680028069000F059
S3150800C220A580FFE70698102800F0A080FFE706988B
S3150800C230202800F09B80FFE70698302800F09680BB
S3150800C240FFE70698402800F08180FFE70698502807
S3150800C2505CD0FFE70698602868D0FFE70698702844
S3150800C2602AD0FFE70698B0F5805F24D0FFE7069846
S3150800C270B0F5005F38D0FFE70698B0F5801F75D097
S3150800C280FFE70698B0F1101F70D0FFE72020C0F234
S3150800C29010000699814269D0FFE73020C0F21000ED
S3150800C2A00699814262D0FFE74020C0F21000069945
S3150800C2B081425BD061E064E00C9800680B994A689B
S3150800C2C08B68C96805911946059B03F079FE0C9899
S3150800C2D0006880680990099840F0770009900998E5
S3150800C2E00C99096888604CE00C9800680B994A68B4
S3150800C2F08B68C96804911946049B03F061FE0C9883
S3150800C3000068816841F4804181603AE00C980068D1
S3150800C3100B994A68C96803911146039A04F0A8FA6A
S3150800C3200C980068502103F073FE2AE00C98006808
S3150800C3300B994A68C96802911146029A04F0CCFA28
S3150800C3400C980068602103F063FE1AE00C980068F8
S3150800C3500B994A68C96801911146019A04F088FA4E
S3150800C3600C980068402103F053FE0AE00C98006818
S3150800C3700B99096803F04CFE03E001208DF82B00A9
S3150800C380FFE70C98012180F83D10FFE70C98002183
S3150800C39080F83C10FFE79DF82B008DF83700FFE783
S3150800C3A09DF837000EB080BD82B00146019000911D
S3150800C3B002B070470000000080B584B001460390C3
S3150800C3C003980068C06802900398006800690190A5
S3150800C3D0019880070028009124D5FFE70298800776
S3150800C3E000281ED5FFE7039800686FF00201016177
S3150800C3F003980121017703980068806910F0030FFC
S3150800C40004D0FFE70398FFF7CFFF06E0039800F094
S3150800C4102BF9039800F080FAFFE7039800210177CB
S3150800C420FFE7FFE701984007002824D5FFE70298B1
S3150800C430400700281ED5FFE7039800686FF004013F
S3150800C440016103980221017703980068806910F456
S3150800C450407F04D0FFE70398FFF7A6FF06E003989E
S3150800C46000F002F9039800F057FAFFE70398002155
S3150800C4700177FFE7FFE701980007002824D5FFE7C3
S3150800C4800298000700281ED5FFE7039800686FF09A
S3150800C4900801016103980421017703980068C069BF
S3150800C4A010F0030F04D0FFE70398FFF77DFF06E0BF
S3150800C4B0039800F0D9F8039800F02EFAFFE70398DE
S3150800C4C000210177FFE7FFE70198C006002824D579
S3150800C4D0FFE70298C00600281ED5FFE70398006804
S3150800C4E06FF010010161039808210177039800682D
S3150800C4F0C06910F4407F04D0FFE70398FFF754FFA4
S3150800C50006E0039800F0B0F8039800F005FAFFE794
S3150800C510039800210177FFE7FFE70198C007002885
S3150800C5200FD0FFE70298C007002809D0FFE7039855
S3150800C53000686FF001010161039800F051FBFFE705
S3150800C540FFE7019800F08000802805D0FFE70198F2
S3150800C550800400280FD5FFE702980006002809D5B1
S3150800C560FFE7039800686FF4025101610398FFF72B
S3150800C570EBFBFFE7FFE70198C00500280FD5FFE7AB
S3150800C58002980006002809D5FFE7039800686FF4AB
S3150800C590807101610398FFF7CFFBFFE7FFE701987A
S3150800C5A0400600280FD5FFE702984006002809D55F
S3150800C5B0FFE7039800686FF040010161039800F0F7
S3150800C5C09BFBFFE7FFE70198800600280FD5FFE7EA
S3150800C5D002988006002809D5FFE7039800686FF0DF
S3150800C5E0200101610398FFF7B7FBFFE7FFE704B0F7
S3150800C5F080BD00000000000080B58AB001460990A1
S3150800C6000020089007900690059004900998006805
S3150800C61040F20042C4F20002904202911FD1FFE7A5
S3150800C620FFE744F2E040C5F60200016841F0020166
S3150800C6300160006800F00200039003980190FFE78C
S3150800C640022004900590002106910791089040F277
S3150800C6500040C5F6020004A9F9F706FEFFE70AB08E
S3150800C66080BD00000000000082B0014601900091E4
S3150800C67002B070470000000080B58AB013468C46A9
S3150800C680864608900791069200208DF817000493B5
S3150800C690CDF80CC0CDF808E0FFE7089890F83C0004
S3150800C6A0012804D1FFE702208DF82700C9E0089881
S3150800C6B0012180F83C10FFE7FFE70698142801904F
S3150800C6C000F2B0800199DFE801F00BADADAD26AD03
S3150800C6D0ADAD41ADADAD5CADADAD77ADADAD920037
S3150800C6E008980068079903F04BFD08980068816967
S3150800C6F041F00801816108980068816921F0040108
S3150800C70081610798006908990968D1F818E040EA34
S3150800C7100E0088618AE008980068079903F0DCFD36
S3150800C72008980068816941F4006181610898006889
S3150800C730816921F48061816107980069089909680F
S3150800C740D1F818E04EEA002088616FE00898006882
S3150800C750079903F081FE08980068C16941F008014D
S3150800C760C16108980068C16921F00401C161079890
S3150800C770006908990968D1F81CE040EA0E00C8610A
S3150800C78054E008980068079903F022FF08980068A3
S3150800C790C16941F40061C16108980068C16921F462
S3150800C7A08061C1610798006908990968D1F81CE099
S3150800C7B04EEA0020C86139E008980068079903F036
S3150800C7C07BFF08980068416D41F0080141650898AB
S3150800C7D00068416D21F004014165079800690899D0
S3150800C7E00968D1F854E040EA0E0048651EE008984A
S3150800C7F00068079903F0CCFF08980068416D41F47A
S3150800C8000061416508980068416D21F480614165C1
S3150800C8100798006908990968D1F854E04EEA00209B
S3150800C820486503E001208DF81700FFE7FFE7089841
S3150800C830002180F83C10FFE79DF817008DF82700C7
S3150800C840FFE79DF827000AB080BD00000000000041
S3150800C85080B584B00146029002980028019104D15F
S3150800C860FFE701208DF80F0049E0029890F83D0097
S3150800C870002808D1FFE70298002180F83C100298AA
S3150800C88000F042F8FFE70298022180F83D1002986E
S3150800C89050F8041B00900846009903F081FA0298A4
S3150800C8A0012180F84810FFE70298012180F83E1020
S3150800C8B0029880F83F10029880F84010029880F895
S3150800C8C04110029880F84210029880F84310FFE75A
S3150800C8D0FFE70298012180F84410029880F8451075
S3150800C8E0029880F84610029880F84710FFE70298E9
S3150800C8F0012180F83D1000208DF80F00FFE79DF814
S3150800C9000F0004B080BD000082B00146019000917E
S3150800C91002B070470000000082B001460190009105
S3150800C92002B070470000000080B592B00A46034680
S3150800C93010900F910F9800280D920C9305D1FFE7E0
S3150800C940109890F83E000B9034E00F98042805D113
S3150800C950FFE7109890F83F000A9028E00F980828FB
S3150800C96005D1FFE7109890F8400009901CE00F9851
S3150800C9700C2805D1FFE7109890F84100089010E0C0
S3150800C9800F98102805D1FFE7109890F842000790F5
S3150800C99004E0109890F843000790FFE7079808907E
S3150800C9A0FFE708980990FFE709980A90FFE70A98B1
S3150800C9B00B90FFE70B98012804D0FFE701208DF8BC
S3150800C9C0470006E10F98002805D1FFE710980221D5
S3150800C9D080F83E1039E00F98042806D1FFE7109832
S3150800C9E0022180F83F1006912CE00F98082806D1FE
S3150800C9F0FFE71098022180F8401005911FE00F9874
S3150800CA000C2806D1FFE71098022180F841100491FE
S3150800CA1012E00F98102806D1FFE71098022180F837
S3150800CA204210039105E01098022180F84310039103
S3150800CA30FFE703980490FFE704980590FFE7059839
S3150800CA400690FFE706980290FFE7109800680F998E
S3150800CA500122019203F08CFA1098006801990022CD
S3150800CA60C4F20102904200912DD0FFE710980068A9
S3150800CA70012140F20042C4F201029042009122D004
S3150800CA80FFE710980068012144F20002C4F201028F
S3150800CA909042009117D0FFE710980068012144F2F0
S3150800CAA00042C4F20102904200910CD0FFE71098B0
S3150800CAB000684BF60001CBF6FE710844B0FA80F028
S3150800CAC040090090FFE70098C007002807D0FFE755
S3150800CAD010980068416C41F400414164FFE71098E2
S3150800CAE000680021C4F2010188424ED0FFE7109881
S3150800CAF00068B0F1804F48D0FFE71098006840F210
S3150800CB000041C4F2000188423FD0FFE71098006850
S3150800CB1040F60001C4F20001884236D0FFE71098BB
S3150800CB20006840F60041C4F2000188422DD0FFE7B4
S3150800CB301098006840F20041C4F20101884224D0EE
S3150800CB40FFE71098006841F60001C4F20001884228
S3150800CB501BD0FFE71098006844F20001C4F20101F7
S3150800CB60884212D0FFE7109800684EF20001C4F21E
S3150800CB700001884209D0FFE7109800684EF200418C
S3150800CB80C4F20001884219D1FFE71098006880684E
S3150800CB900721C0F2010108400E900E9806280CD015
S3150800CBA0FFE70E98B0F5803F07D0FFE710980068BA
S3150800CBB0016841F001010160FFE706E0109800688E
S3150800CBC0016841F001010160FFE700208DF8470088
S3150800CBD0FFE79DF8470012B080BD00000000000086
S3150800CBE080B582B001460190019800680022C4F21F
S3150800CBF001029042009107D1FFE740F6FC00C2F21D
S3150800CC0000404068804773E001980068B0F1804FA3
S3150800CC1007D1FFE740F60410C2F20040406880479B
S3150800CC2065E00198006840F20041C4F200018842BC
S3150800CC3007D1FFE740F60C10C2F200404068804773
S3150800CC4054E00198006840F60001C4F200018842E9
S3150800CC5007D1FFE740F61410C2F20040406880474B
S3150800CC6043E00198006840F60041C4F2000188429A
S3150800CC7007D1FFE740F61C10C2F200404068804723
S3150800CC8032E00198006841F20001C4F200018842CE
S3150800CC9007D1FFE740F62410C2F2004040688047FB
S3150800CCA021E00198006841F20041C4F2000188427F
S3150800CCB007D1FFE740F62C10C2F2004040688047D3
S3150800CCC010E00198006840F20041C4F20101884270
S3150800CCD007D1FFE740F63410C2F2004040688047AB
S3150800CCE0FFE7FFE7FFE7FFE7FFE7FFE7FFE7FFE706
S3150800CCF002B080BD0000000082B00146019000919C
S3150800CD0002B070470000000084B00146029000910E
S3150800CD10FFE7029890F88400012804D1FFE7022073
S3150800CD208DF80F002CE00298012180F88410FFE7A7
S3150800CD30FFE702982421C0F8881002980068006866
S3150800CD40019002980068016821F0010101600198CC
S3150800CD5020F000500190029800214166019802993E
S3150800CD600968086002982021C0F88810FFE7029831
S3150800CD70002180F88410FFE700208DF80F00FFE7F8
S3150800CD809DF80F0004B0704780B588B013468C46EE
S3150800CD90864606900591ADF812200698D0F88C00C4
S3150800CDA020280293CDF804C0CDF800E047D1FFE76C
S3150800CDB00598002805D0FFE7BDF81200002804D121
S3150800CDC0FFE701208DF81F003DE006980121C166A6
S3150800CDD006980021016706980599BDF8122004F007
S3150800CDE05FFE8DF811009DF81100002822D1FFE79B
S3150800CDF00698C06E012818D1FFE70698006810212A
S3150800CE000162FFE7FFE70698006850E8000F40F068
S3150800CE1010000390FFE703980699096841E80002A5
S3150800CE20002AF0D1FFE7FFE703E001208DF81100A3
S3150800CE30FFE7FFE79DF811008DF81F0003E00220C9
S3150800CE408DF81F00FFE79DF81F0008B080BD0000A1
S3150800CE5080B592B00A4603461190ADF84210119873
S3150800CE60006841F20001C4F2010188420F920E9354
S3150800CE7012D1FFE7BDF8420040F64C21C2F200414C
S3150800CE80A1F808011198B1F804215200843192B230
S3150800CE90FFF77AFF0D90BBE11198006845F2000193
S3150800CEA0C4F20001884240F0FD80FFE7BDF8420069
S3150800CEB040F65C31C2F20041A1F80801B1F8080158
S3150800CEC0B1F8041188420EDCFFE740F65C30C2F286
S3150800CED00040D0F80C11BDF8422084300C91114660
S3150800CEE00C9A9047FFE7119840F65C31C2F2004170
S3150800CEF0B1F804215200843192B2FFF745FF42F699
S3150800CF006401C2F2004109681022C4F20202914289
S3150800CF100B9000F0B280FFE742F66400C2F20040D0
S3150800CF2000682821C4F20201884200F0A680FFE7C3
S3150800CF3042F66400C2F2004000684021C4F20201D1
S3150800CF40884200F09A80FFE742F66400C2F2004089
S3150800CF5000685821C4F20201884200F08E80FFE77B
S3150800CF6042F66400C2F2004000687021C4F2020171
S3150800CF70884200F08280FFE742F66400C2F2004071
S3150800CF8000688821C4F20201884276D0FFE742F69B
S3150800CF906400C2F200400068A021C4F2020188427F
S3150800CFA06BD0FFE742F66400C2F200400068B82181
S3150800CFB0C4F20201884260D0FFE742F66400C2F27A
S3150800CFC00040006840F21041C4F20201884254D081
S3150800CFD0FFE742F66400C2F20040006840F22841CA
S3150800CFE0C4F20201884248D0FFE742F66400C2F262
S3150800CFF00040006840F24041C4F2020188423CD039
S3150800D000FFE742F66400C2F20040006840F2584169
S3150800D010C4F20201884230D0FFE742F66400C2F249
S3150800D0200040006840F27041C4F20201884224D0F0
S3150800D030FFE742F66400C2F20040006840F2884109
S3150800D040C4F20201884218D0FFE742F66400C2F231
S3150800D0500040006840F2A041C4F2020188420CD0A8
S3150800D060FFE742F66400C2F20040006840F2B841A9
S3150800D070C4F2020188420AD1FFE742F66400C2F20E
S3150800D08000400068016821F00801016009E042F6E5
S3150800D0906400C2F200400068016821F004010160E2
S3150800D0A0FFE7B4E01198006847F60001C4F20001F2
S3150800D0B0884212D1FFE7BDF8420040F66C41C2F241
S3150800D0C00041A1F808011198B1F8042152008431F1
S3150800D0D092B2FFF759FE0A9098E01198006847F651
S3150800D0E00041C4F20001884229D1FFE7BDF8420099
S3150800D0F040F67C51C2F20041A1F808011198B1F836
S3150800D100042101F1840309911946FFF73DFE0999A7
S3150800D110B1F80821B1F804319A4208900EDCFFE70D
S3150800D12040F67C50C2F20040D0F80C11BDF84220FF
S3150800D130843007911146079A9047FFE765E01198F2
S3150800D140006841F60001C4F20101884229D1FFE7CF
S3150800D150BDF8420040F68C61C2F20041A1F8080110
S3150800D1601198B1F8042101F1840306911946FFF7D5
S3150800D1700BFE0699B1F80821B1F804319A420590D8
S3150800D1800EDCFFE740F68C60C2F20040D0F80C11C6
S3150800D190BDF84220843004911146049A9047FFE76F
S3150800D1A032E01198006841F60041C4F20101884254
S3150800D1B029D1FFE7BDF8420040F63C11C2F2004112
S3150800D1C0A1F808011198B1F8042101F1840303912B
S3150800D1D01946FFF7D9FD0399B1F80821B1F80431CA
S3150800D1E09A4202900EDCFFE740F63C10C2F200407D
S3150800D1F0D0F80C11BDF84220843001911146019AED
S3150800D2009047FFE7FFE7FFE7FFE7FFE7FFE7FFE7EF
S3150800D21012B080BD0000000082B001460190009166
S3150800D22002B070470000000080B586B00A46034683
S3150800D2300490039101920093FFE7049890F8840004
S3150800D240012804D1FFE702208DF8170032E0049880
S3150800D250012180F88410FFE7FFE704982421C0F82D
S3150800D26088100498006800680290049800680168AD
S3150800D27021F00101016004980068806820F0606070
S3150800D28003990843049909688860049803F0A0FB89
S3150800D290029804990968086004982021C0F8881043
S3150800D2A0FFE70498002180F88410FFE700208DF836
S3150800D2B01700FFE79DF8170006B080BD00000000C4
S3150800D2C080B586B00A4603460490039101920093FE
S3150800D2D0FFE7049890F88400012804D1FFE70220AC
S3150800D2E08DF8170032E00498012180F88410FFE7D2
S3150800D2F0FFE704982421C0F888100498006800689D
S3150800D300029004980068016821F001010160049800
S3150800D3100068806820F0604003990843049909680A
S3150800D3208860049803F054FB029804990968086019
S3150800D33004982021C0F88810FFE70498002180F897
S3150800D3408410FFE700208DF81700FFE79DF8170007
S3150800D35006B080BD0000000082B001460190009131
S3150800D36002B070470000000082B0014601900091AB
S3150800D37002B070470000000082B001460190019893
S3150800D380006845F20002C4F200029042009101D101
S3150800D390FFE7FFE702B0704780B594B001461390E7
S3150800D3A013980068C0691290139800680068119075
S3150800D3B01398006880681090129840F60F02104083
S3150800D3C00F900F98002803911DD1FFE79DF848009C
S3150800D3D08006002816D5FFE79DF844008006002839
S3150800D3E006D4FFE79DF84300C00600280AD5FFE7E4
S3150800D3F01398406F002804D0FFE71398416F8847B9
S3150800D400FFE755E3FFE70F98002800F01481FFE7D0
S3150800D41010980121C1F20001084209D1FFE71198CD
S3150800D42040F22011C0F20041084200F00481FFE7F3
S3150800D4309DF84800C007002812D0FFE79DF8450070
S3150800D440C00700280CD0FFE7139800680121016285
S3150800D4501398D0F8901041F00101C0F89010FFE73A
S3150800D4609DF848008007002812D5FFE79DF8400080
S3150800D470C00700280CD0FFE7139800680221016254
S3150800D4801398D0F8901041F00401C0F89010FFE707
S3150800D4909DF848004007002812D5FFE79DF8400090
S3150800D4A0C00700280CD0FFE7139800680421016222
S3150800D4B01398D0F8901041F00201C0F89010FFE7D9
S3150800D4C09DF848000007002819D5FFE79DF8440095
S3150800D4D08006002807D4FFE710980121C1F2000151
S3150800D4E008420CD0FFE713980068082101621398D8
S3150800D4F0D0F8901041F00801C0F89010FFE79DF8A9
S3150800D50049000007002813D5FFE79DF847004007A4
S3150800D51000280DD5FFE7139800684FF400610162F3
S3150800D5201398D0F8901041F02001C0F89010FFE74A
S3150800D5301398D0F8900000287CD0FFE79DF84800A3
S3150800D5408006002816D5FFE79DF8440080060028C7
S3150800D55006D4FFE79DF84300C00600280AD5FFE772
S3150800D5601398406F002804D0FFE71398416F884747
S3150800D570FFE7FFE71398D0F890000E90139800681D
S3150800D580806800F04000402806D0FFE79DF8380084
S3150800D59010F0280F44D0FFE7139803F0A1FC139866
S3150800D5A00068806810F0400F35D0FFE7FFE7FFE717
S3150800D5B01398006850E8020F20F040000D90FFE72E
S3150800D5C00D981399096841E80202002AF0D1FFE78D
S3150800D5D0FFE71398D0F88000002817D0FFE71398C4
S3150800D5E0D0F8800040F6F141C0F6010101651398B4
S3150800D5F0D0F88000F4F7A0FF002806D0FFE71398BC
S3150800D600D0F88000016D8847FFE703E01398FFF71D
S3150800D610B3FEFFE703E01398FFF7AEFEFFE708E067
S3150800D6201398FFF7A9FE13984FF0000EC0F890E084
S3150800D630FFE7FFE73CE21398C06E012840F0D78168
S3150800D640FFE79DF84800C006002840F1D081FFE7B3
S3150800D6509DF84400C006002840F1C981FFE71398E9
S3150800D66000681021016213980068806810F0400F66
S3150800D67000F05B81FFE71398D0F88000006810215E
S3150800D680C4F20201884200F0A280FFE71398D0F89E
S3150800D690800000682821C4F20201884200F09780C1
S3150800D6A0FFE71398D0F8800000684021C4F2020111
S3150800D6B0884200F08C80FFE71398D0F88000006855
S3150800D6C05821C4F20201884200F08180FFE71398CE
S3150800D6D0D0F8800000687021C4F20201884276D032
S3150800D6E0FFE71398D0F8800000688821C4F2020189
S3150800D6F088426CD0FFE71398D0F880000068A02114
S3150800D700C4F20201884262D0FFE71398D0F880007D
S3150800D7100068B821C4F20201884258D0FFE713987E
S3150800D720D0F88000006840F21041C4F20201884235
S3150800D7304DD0FFE71398D0F88000006840F22841E2
S3150800D740C4F20201884242D0FFE71398D0F880005D
S3150800D750006840F24041C4F20201884237D0FFE730
S3150800D7601398D0F88000006840F25841C4F20201CC
S3150800D77088422CD0FFE71398D0F88000006840F262
S3150800D7807041C4F20201884221D0FFE71398D0F80D
S3150800D7908000006840F28841C4F20201884216D02F
S3150800D7A0FFE71398D0F88000006840F2A041C4F261
S3150800D7B0020188420BD0FFE71398D0F88000006872
S3150800D7C040F2B841C4F20201884207D1FFE7139834
S3150800D7D0D0F8800000684068029006E01398D0F8F8
S3150800D7E08000006840680290FFE70298ADF83200B2
S3150800D7F0BDF8320000287CD0FFE7BDF83200139947
S3150800D800B1F85C10884274DAFFE7BDF83200139964
S3150800D810A1F85E001398D0F88000C069B0F5807F43
S3150800D8205AD0FFE7FFE7FFE71398006850E8000FB4
S3150800D83020F480700B90FFE70B981399096841E86C
S3150800D8400002002AF0D1FFE7FFE7FFE7FFE713989A
S3150800D850006850E8020F20F001000A90FFE70A98D6
S3150800D8601399096841E80202002AF0D1FFE7FFE7A9
S3150800D870FFE7FFE71398006850E8020F20F0400022
S3150800D8800990FFE709981399096841E80202002AF6
S3150800D890F0D1FFE7FFE713982021C0F88C10139802
S3150800D8A00021C166FFE7FFE71398006850E8000FFC
S3150800D8B020F010000890FFE708981399096841E8D6
S3150800D8C00002002AF0D1FFE7FFE71398D0F880009E
S3150800D8D0F4F762F90190FFE713980221016713989C
S3150800D8E0B0F85C10B0F85E20891A89B2FFF7B0FA72
S3150800D8F01AE0BDF832001399B1F85C10884212D1CB
S3150800D900FFE71398D0F88000C069B0F5807F09D189
S3150800D910FFE71398022101671398B0F85C10FFF728
S3150800D92097FAFFE7FFE7FFE7C2E01398B0F85C1045
S3150800D930B0F85E00081AADF81E001398B0F85E003D
S3150800D940002853D0FFE7BDF81E0000284ED0FFE799
S3150800D950FFE7FFE71398006850E8000F20F490707F
S3150800D9600690FFE706981399096841E80002002A1D
S3150800D970F0D1FFE7FFE7FFE7FFE71398006850E8F5
S3150800D980020F4FF6FE71CEF6FF7108400590FFE7CD
S3150800D99005981399096841E80202002AEDD1FFE7C4
S3150800D9A0FFE713982021C0F88C1013980021C16650
S3150800D9B013984167FFE7FFE71398006850E8000FE0
S3150800D9C020F010000490FFE704981399096841E8CD
S3150800D9D00002002AF0D1FFE7FFE71398022101674A
S3150800D9E01398BDF81E10FFF733FAFFE760E09DF8BD
S3150800D9F04A00C00600280FD5FFE79DF842004006FA
S3150800DA00002809D5FFE7139800684FF480110162D2
S3150800DA101398FFF7A9FC4BE09DF84800000600287C
S3150800DA2016D5FFE79DF844000006002806D4FFE750
S3150800DA309DF84200000600280AD5FFE71398806F74
S3150800DA40002804D0FFE71398816F8847FFE72FE087
S3150800DA509DF84800400600280AD5FFE79DF84400CF
S3150800DA604006002804D5FFE7139803F08DFA1FE057
S3150800DA709DF84A00000600280AD5FFE79DF84700EA
S3150800DA804006002804D5FFE71398FFF765FC0FE06A
S3150800DA909DF84B00C00700280AD0FFE79DF847000D
S3150800DAA00006002804D5FFE71398FFF7B5FBFFE744
S3150800DAB014B080BD0000000080B584B00146029015
S3150800DAC002980028019104D1FFE701208DF80F0084
S3150800DAD049E002988069002801D0FFE700E0FFE7E7
S3150800DAE00298D0F88800002808D1FFE7029800219C
S3150800DAF080F88410029800F03BF8FFE7029824218A
S3150800DB00C0F8881002980068016821F001010160D8
S3150800DB100298806A002804D0FFE7029802F0A0FF66
S3150800DB20FFE7029803F084FA012804D1FFE70120F1
S3150800DB308DF80F0017E002980068416821F49041BB
S3150800DB40416002980068816821F02A018160029884
S3150800DB500068016841F001010160029803F020F8AD
S3150800DB608DF80F00FFE79DF80F0004B080BD000098
S3150800DB7080B5E8B00146679000206690659064908D
S3150800DB806390629034A8B82226911146F2F7A0FD58
S3150800DB906798006845F20001C4F20001884240F027
S3150800DBA09D80FFE70020359002213491519034A8DA
S3150800DBB0FAF7AEFC002803D0FFE7F3F731FEFFE7DC
S3150800DBC0FFE744F2E840C5F60200016841F4801117
S3150800DBD00160006800F48010339033982590FFE7C1
S3150800DBE0FFE744F2E040C5F60200016841F004018F
S3150800DBF00160006800F00400329032982490FFE734
S3150800DC00FFE744F2E040C5F60200016841F008016A
S3150800DC100160006800F00800319031982390FFE712
S3150800DC204FF48050629002206390002164916591C0
S3150800DC300822669240F60003C5F602030DF5C47C79
S3150800DC402290184621916146CDF880C01F92F8F7B8
S3150800DC500BFB042062902298639021996491659148
S3150800DC601F9A669240F60040C5F602002099F8F71A
S3150800DC70FBFA42F66400C2F200401021C4F2020127
S3150800DC8001604121416021998160C1604FF4806241
S3150800DC90026141618161C1614FF4403202624162B1
S3150800DCA0F6F7D6F8002803D0FFE7F3F7B9FDFFE744
S3150800DCB0FFE7679842F66401C2F20041C0F8801097
S3150800DCC067988863FFE7352000211E901D911D9AED
S3150800DCD0F8F712FE1E98F8F703FEEDE2679800685B
S3150800DCE047F60001C4F20001884277D1FFE7002019
S3150800DCF0359002213491519034A8FAF709FC00288E
S3150800DD0003D0FFE7F3F78CFDFFE7FFE744F2E840AF
S3150800DD10C5F60200016841F080410160006800F024
S3150800DD208040309030981C90FFE7FFE744F2E040CF
S3150800DD30C5F60200016841F010010160006800F0B4
S3150800DD4010002F902F981B90FFE74FF4C070629039
S3150800DD50022063900020649065900721669141F245
S3150800DD600001C5F6020162AA1A9008461146F8F79C
S3150800DD707BFA42F6DC00C2F200408821C4F20201B6
S3150800DD8001604F2141601A998160C1604FF4806239
S3150800DD900261416181614FF48072C2610162416230
S3150800DDA0F6F756F8002803D0FFE7F3F739FDFFE743
S3150800DDB0FFE7679842F6DC01C2F20041C0F880101E
S3150800DDC067988863FFE75220012119901891189ADD
S3150800DDD0F8F792FD1998F8F783FD6CE267980068E2
S3150800DDE047F60041C4F20001884240F09F80FFE7F1
S3150800DDF00020359002213491519034A8FAF788FB17
S3150800DE00002803D0FFE7F3F70BFDFFE7FFE744F22F
S3150800DE10E840C5F60200016841F00041016000686B
S3150800DE2000F000402E902E981790FFE7FFE744F287
S3150800DE30E040C5F60200016841F010010160006883
S3150800DE4000F010002D902D981690FFE703206290A1
S3150800DE50022063900020649065900821669141F243
S3150800DE600001C5F6020162AA159008461146F8F7A0
S3150800DE70FBF942F65410C2F20040A021C4F2020196
S3150800DE8001605121416015998160C1604FF480623B
S3150800DE900261416181614FF48072C261016241622F
S3150800DEA0F5F7D6FF002803D0FFE7F3F7B9FCFFE73D
S3150800DEB0FFE7679842F65411C2F20041C0F8801095
S3150800DEC067988863FFE742F6CC10C2F20040B82193
S3150800DED0C4F20201016052214160402181600021A3
S3150800DEE0C1604FF48062026141618161C161016272
S3150800DEF04162F5F7ADFF002803D0FFE7F3F790FC82
S3150800DF00FFE7FFE7679842F6CC11C2F20041C16706
S3150800DF1067988863FFE75320002114901391139A9A
S3150800DF20F8F7EAFC1498F8F7DBFCC3E16798006891
S3150800DF3041F60001C4F20101884240F0A280FFE7E1
S3150800DF400020359001213491529034A8FAF7E0FA6E
S3150800DF50002803D0FFE7F3F763FCFFE7FFE744F287
S3150800DF60F040C5F60200016841F040010160006812
S3150800DF7000F040002C902C981290FFE7FFE744F23F
S3150800DF80E040C5F60200016841F00801016000683A
S3150800DF9000F008002B902B981190FFE74FF44040B3
S3150800DFA06290022063900020649065900B21669130
S3150800DFB040F60041C5F6020162AA109008461146CD
S3150800DFC0F8F752F942F64420C2F2004040F21041F6
S3150800DFD0C4F2020101607421416010998160C16038
S3150800DFE04FF480620261416181614FF48072C261BF
S3150800DFF001624162F5F72CFF002803D0FFE7F3F72B
S3150800E0000FFCFFE7FFE7679842F64421C2F200419A
S3150800E010C0F8801067988863FFE742F6BC20C2F212
S3150800E020004040F22841C4F20201016075214160B6
S3150800E030402181600021C1604FF480620261416124
S3150800E0408161C16101624162F5F702FF002803D0D0
S3150800E050FFE7F3F7E5FBFFE7FFE7679842F6BC2122
S3150800E060C2F20041C16767988863FFE79B200021D9
S3150800E0700F900E910E9AF8F73FFC0F98F8F730FCC0
S3150800E08017E16798006841F20001C4F2010188426D
S3150800E09076D1FFE70020359001213491529034A8BB
S3150800E0A0FAF736FA002803D0FFE7F3F7B9FBFFE7DC
S3150800E0B0FFE744F2F040C5F60200016841F010019E
S3150800E0C00160006800F010002A902A980D90FFE77A
S3150800E0D0FFE744F2E040C5F60200016841F001019D
S3150800E0E00160006800F00100299029980C90FFE76C
S3150800E0F04FF4C0606290022063900020649065909F
S3150800E100072166910021C5F6020162AA0B9008460E
S3150800E1101146F8F7A9F842F6AC30C2F20040702171
S3150800E120C4F202010160292141600B998160C16036
S3150800E1304FF480620261416181614FF48072C2616D
S3150800E14001624162F5F784FE002803D0FFE7F3F782
S3150800E15067FBFFE7FFE7679842F6AC31C2F200417A
S3150800E160C0F8801067988863FFE7252001210A9088
S3150800E1700991099AF8F7C0FB0A98F8F7B1FB97E0F6
S3150800E1806798006841F60041C4F20101884240F0F0
S3150800E1908E80FFE70020359001213491529034A8F3
S3150800E1A0FAF7B6F9002803D0FFE7F3F739FBFFE7DC
S3150800E1B0FFE744F2F040C5F60200016841F080012D
S3150800E1C00160006800F08000289028980890FFE712
S3150800E1D0FFE744F2E040C5F60200016841F010018D
S3150800E1E00160006800F01000279027980790FFE765
S3150800E1F004206290022163910022649265926690DF
S3150800E20041F20003C5F602030DF5C47C06901846D4
S3150800E21005916146CDF810C003930292F8F724F8E9
S3150800E22008206290059863900299649165910B2283
S3150800E230669203980499F8F717F842F63430C2F252
S3150800E24000405821C4F2020101607621416002991A
S3150800E2508160C1604FF480620261416181614FF45F
S3150800E2608072C2610162069A426203238362C162B6
S3150800E2700163F5F7EDFD002803D0FFE7F3F7D0FAC1
S3150800E280FFE7FFE7679842F63431C2F20041C0F86B
S3150800E290801067988863FFE79C2000210190009111
S3150800E2A0009AF8F729FB0198F8F71AFBFFE7FFE74A
S3150800E2B0FFE7FFE7FFE7FFE768B080BD0000000063
S3150800E2C082B001460190009102B07047000000003C
S3150800E2D082B001460190009102B07047000000002C
S3150800E2E082B001460190009102B07047000000001C
S3150800E2F0FFE7FEE70000000080B586B013468C46AF
S3150800E3008646059004918DF80F2000208DF80E00A2
S3150800E3100293CDF804C0CDF800E0FFE79DF80E00A3
S3150800E3209DF80F1088422ADAFFE70598000F09289A
S3150800E3300AD8FFE70598302141EA107004999DF83C
S3150800E3400E2001F8120009E00598372101EB10703C
S3150800E35004999DF80E2001F81200FFE705980001C0
S3150800E360059004989DF80E1000EB410000214170BD
S3150800E370FFE79DF80E0001308DF80E00CEE706B0D7
S3150800E38080BD00000000000080B590B0FFE744F2B1
S3150800E390D840C5F60200016841F001010160006835
S3150800E3A000F001000F900F980D90FFE7FFE744F289
S3150800E3B0D840C5F60200016841F002010160006814
S3150800E3C000F002000E900E980C90FFE70B2000213B
S3150800E3D00B900A910A9AF8F78FFA0B98F8F780FAD1
S3150800E3E00C2009900A990A9AF8F786FA0998F8F714
S3150800E3F077FA0D2008900A990A9AF8F77DFA08988C
S3150800E400F8F76EFA0E2007900A990A9AF8F774FA3E
S3150800E4100798F8F765FA0F20012106900A9AF8F787
S3150800E4206BFA0698F8F75CFA102005900A990A9A8A
S3150800E430F8F762FA0598F8F753FA112004900A9942
S3150800E4400A9AF8F759FA0498F8F74AFA2F20039027
S3150800E4500A990A9AF8F750FA0398F8F741FA382011
S3150800E46002900A990A9AF8F747FA0298F8F738FADA
S3150800E470392001900A990A9AF8F73EFA0198F8F7AE
S3150800E4802FFA10B080BD000080B542F62440C2F2D3
S3150800E49000404AF20001C4F20001016000218160D7
S3150800E4A0C1600174417401228274032343614FF0F1
S3150800E4B00A0CC0F818C04FF01D0EC0F81CE0C0F8D2
S3150800E4C020C04362C0F828C0C0F82CE0C0F830C0AD
S3150800E4D041638263C1630C2202640423436481643A
S3150800E4E0C364016543658165C165026641668366E5
S3150800E4F0F7F7F6F9002803D0FFE7F3F791F9FFE7F6
S3150800E50080BD00000000000080B542F6C440C2F29B
S3150800E51000404AF20041C4F2000101600021816016
S3150800E520C1600174417401228274032343614FF070
S3150800E5300A0CC0F818C04FF01D0EC0F81CE0C0F851
S3150800E54020C04362C0F828C0C0F82CE0C0F830C02C
S3150800E55040F2563343638263C16301640422426412
S3150800E5600C238364C264016542658165C1650366DF
S3150800E57041668266F7F7B4F9002803D0FFE7F3F798
S3150800E5804FF9FFE780BD000080B542F66450C2F23D
S3150800E59000404DF20041C4F2000101600021816093
S3150800E5A0C1600174417401228274032343614FF0F0
S3150800E5B00A0CC0F818C04FF01D0EC0F81CE0C0F8D1
S3150800E5C020C04362C0F828C0C0F82CE0C0F830C0AC
S3150800E5D040F2AB6343638263C1630C220264042383
S3150800E5E043648164C364016543658165C1650266E8
S3150800E5F041668366F7F774F9002803D0FFE7F3F757
S3150800E6000FF9FFE780BD000080B596B00020159091
S3150800E6101490139012901190FFE744F2E040C5F66B
S3150800E6200200016841F010010160006800F0100066
S3150800E630109010980A90FFE7FFE744F2E040C5F60D
S3150800E6400200016841F004010160006800F004005E
S3150800E6500F900F980990FFE7FFE744F2E040C5F6F0
S3150800E6600200016841F080010160006800F0800046
S3150800E6700E900E980890FFE7FFE744F2E040C5F6D3
S3150800E6800200016841F002010160006800F0020022
S3150800E6900D900D980790FFE7FFE744F2E040C5F6B6
S3150800E6A00200016841F008010160006800F00800F6
S3150800E6B00C900C980690FFE7FFE744F2E040C5F699
S3150800E6C00200016841F001010160006800F00100E4
S3150800E6D00B900B980590FFE740F60000C5F6020080
S3150800E6E048F20901012204900392F7F7B9FF4FF4A3
S3150800E6F0004011900398129000211391149111AAC9
S3150800E7000498029111460192F7F7AEFD092011907F
S3150800E7100398129013900221149104980199F7F71F
S3150800E720A3FD4FF4A05011904FF4041012900398D3
S3150800E730139041F20000C5F602000199F7F794FD1F
S3150800E7404FF000600299FDF7D3FA2820009002994D
S3150800E750029AF8F7D1F80098F8F7C2F816B080BD13
S3150800E76080B542F60460C2F2004044F60001C5F6E0
S3150800E770000101600421416040F6FF71C1607D21FE
S3150800E7808160F7F799FF002803D0FFE7F3F748F809
S3150800E790FFE780BD0000000080B543F2F820C2F212
S3150800E7A0004043F60001C4F2000101604FF4800105
S3150800E7B04160002181600722C2604FF00072026149
S3150800E7C04FF0807242614FF0806282614FF0405292
S3150800E7D0C261016241628162C1624FF08042426356
S3150800E7E08163C163016441648164C16401654165F3
S3150800E7F08165FCF719FA002803D0FFE7F3F710F84C
S3150800E800FFE780BD0000000080B58EB000200D90A7
S3150800E8100C900B900A900990089007900690059026
S3150800E8200490039002900190009043F28031C2F266
S3150800E830004140F20042C4F200020A6017224A6010
S3150800E840886042F20F72CA600861802088610846B3
S3150800E850FDF74EFB002803D0FFE7F2F7E1FFFFE7DD
S3150800E8604FF480500A9043F28030C2F200400AA961
S3150800E870FDF79EFC002803D0FFE7F2F7D1FFFFE77C
S3150800E88043F28030C2F20040FDF7E2FF002803D0D1
S3150800E890FFE7F2F7C5FFFFE700200790099043F26C
S3150800E8A08030C2F2004007A9FDF75EFA002803D0BF
S3150800E8B0FFE7F2F7B5FFFFE7602000900020019020
S3150800E8C00290049043F28030C2F2004069460C225E
S3150800E8D0FDF7D2FE002803D0FFE7F2F7A1FFFFE716
S3150800E8E043F28030C2F20040FDF786FE0EB080BDCE
S3150800E8F080B588B000200790069005900490039094
S3150800E9000290019043F2CC31C2F2004140F6000277
S3150800E910C4F200020A60EF224A60886040F2E732D9
S3150800E920CA60086188610846FDF7E2FA002803D044
S3150800E930FFE7F2F775FFFFE74FF48050049043F2C4
S3150800E940CC30C2F2004004A9FDF732FC002803D0FF
S3150800E950FFE7F2F765FFFFE700200190039043F217
S3150800E960CC30C2F2004001A9FDF7FEF9002803D019
S3150800E970FFE7F2F755FFFFE708B080BD000000008B
S3150800E98080B588B000200790069005900490039003
S3150800E9900290019043F21841C2F2004140F600424B
S3150800E9A0C4F200020A60EF224A60886040F2E73249
S3150800E9B0CA60086188610846FDF79AFA002803D0FC
S3150800E9C0FFE7F2F72DFFFFE74FF48050049043F27C
S3150800E9D01840C2F2004004A9FDF7EAFB002803D05C
S3150800E9E0FFE7F2F71DFFFFE700200190039043F2CF
S3150800E9F01840C2F2004001A9FDF7B6F9002803D075
S3150800EA00FFE7F2F70DFFFFE708B080BD0000000042
S3150800EA1080B543F28C50C2F2004045F20001C4F2C0
S3150800EA200001016048F2A061C0F2010141604FF4A3
S3150800EA30805181604FF40051C1604FF480610161DB
S3150800EA400C21416100218161C161016241628162DB
S3150800EA50FFF732F8002803D0FFE7F2F7E1FEFFE7F9
S3150800EA6043F28C50C2F200400021FEF729FC002830
S3150800EA7003D0FFE7F2F7D4FEFFE743F28C50C2F269
S3150800EA8000400021FEF7D0FB002803D0FFE7F2F78D
S3150800EA90C7FEFFE743F28C50C2F20040FEF734F996
S3150800EAA0002803D0FFE7F2F7BBFEFFE780BD0000B2
S3150800EAB080B543F22060C2F2004047F60001C4F276
S3150800EAC0000101604FF4E131416000218160C160BD
S3150800EAD001610C2242618161C16101624162816208
S3150800EAE0FEF7EAFF002803D0FFE7F2F799FEFFE7F3
S3150800EAF043F22060C2F200400021FEF7E1FB002845
S3150800EB0003D0FFE7F2F78CFEFFE743F22060C2F27C
S3150800EB1000400021FEF788FB002803D0FFE7F2F744
S3150800EB207FFEFFE743F22060C2F20040FEF7ECF8F2
S3150800EB30002803D0FFE7F2F773FEFFE780BD000069
S3150800EB4080B543F2B460C2F2004047F60041C4F211
S3150800EB50000101604FF4E131416000218160C1602C
S3150800EB6001610C2242618161C16101624162816277
S3150800EB70FEF7A2FF002803D0FFE7F2F751FEFFE7F2
S3150800EB8043F2B460C2F200400021FEF799FB002868
S3150800EB9003D0FFE7F2F744FEFFE743F2B460C2F2A0
S3150800EBA000400021FEF740FB002803D0FFE7F2F7FC
S3150800EBB037FEFFE743F2B460C2F20040FEF7A4F85E
S3150800EBC0002803D0FFE7F2F72BFEFFE780BD000021
S3150800EBD080B543F24870C2F2004041F60001C4F223
S3150800EBE0010101604FF4E131416000218160C1609B
S3150800EBF001610C2242618161C161016241628162E7
S3150800EC00FEF75AFF002803D0FFE7F2F709FEFFE7F1
S3150800EC1043F24870C2F200400021FEF751FB00287B
S3150800EC2003D0FFE7F2F7FCFDFFE743F24870C2F2B4
S3150800EC3000400021FEF7F8FA002803D0FFE7F2F7B4
S3150800EC40EFFDFFE743F24870C2F20040FEF75CF8BA
S3150800EC50002803D0FFE7F2F7E3FDFFE780BD0000D9
S3150800EC6080B543F2F840C2F2004041F60041C4F2D2
S3150800EC70010101604FF4E131416000218160C1600A
S3150800EC8001610C2242618161C16101624162102108
S3150800EC9081624FF48051C163FEF70EFF002803D04E
S3150800ECA0FFE7F2F7BDFDFFE743F2F840C2F2004086
S3150800ECB00021FEF705FB002803D0FFE7F2F7B0FDB9
S3150800ECC0FFE743F2F840C2F200400021FEF7ACFA33
S3150800ECD0002803D0FFE7F2F7A3FDFFE743F2F84069
S3150800ECE0C2F20040FEF710F8002803D0FFE7F2F75B
S3150800ECF097FDFFE780BD000080B543F26440C2F28D
S3150800ED00004041F20001C4F2010101604FF4E13113
S3150800ED10416000218160C16001610C22426181610C
S3150800ED20C161016241628162FEF7C6FE002803D016
S3150800ED30FFE7F2F775FDFFE743F26440C2F20040D1
S3150800ED400021FEF7BDFA002803D0FFE7F2F768FDB9
S3150800ED50FFE743F26440C2F200400021FEF764FA7E
S3150800ED60002803D0FFE7F2F75BFDFFE743F26440B4
S3150800ED70C2F20040FDF7C8FF002803D0FFE7F2F70C
S3150800ED804FFDFFE780BD000080B542F29840C2F211
S3150800ED90004040F20C01C2F20041012204F08CFA54
S3150800EDA0002803D0FFE7F2F73BFDFFE742F2984061
S3150800EDB0C2F2004040F2C401C2F2004105F064F814
S3150800EDC0002803D0FFE7F2F72BFDFFE742F2984051
S3150800EDD0C2F2004040F26011C2F2004103F098FB13
S3150800EDE0002803D0FFE7F2F71BFDFFE742F2984041
S3150800EDF0C2F2004005F014FA002803D0FFE7F2F744
S3150800EE000FFDFFE7F9F7A0F880BD0000000000003D
S3150800EE10FFE7FEE700000000FFE7FEE7000000004E
S3150800EE2080B58BB013468C4686460A90099108929F
S3150800EE300A9800F0070007900798C0F10700052810
S3150800EE400493CDF80CC0CDF808E003D3FFE70420FF
S3150800EE50019004E00798C0F107000190FFE70198C8
S3150800EE60069007980430062803D8FFE7002000908C
S3150800EE7003E0079803380090FFE700980590099883
S3150800EE800699012202FA01F10139084005998840DC
S3150800EE90089B02FA01F10139194008430BB080BDFD
S3150800EEA080B542F61460C2F20040F8F7EDF880BD6E
S3150800EEB080B58AB00A460346099008910998006801
S3150800EEC00790079806900798006C05900698089989
S3150800EED000EB4110D0F8080B0490059843F20B019B
S3150800EEE0C4F654718842039202930ED3FFE704983E
S3150800EEF00004002809D5FFE70698089900EB411099
S3150800EF004FF40041C0F8081BFFE70998F8F744FFDB
S3150800EF10059843F20B0EC4F6547E704511D3FFE7ED
S3150800EF200998807901280CD1FFE70998016800F251
S3150800EF309C42012001900846019906F021F80090AC
S3150800EF40FFE700200AB080BD80B58EB00A460346AA
S3150800EF500D900C910D9800680A900A9809900A98E5
S3150800EF60006C089009980C9900EB4110D0F8080B32
S3150800EF7007900D98807901280692059340F08380C2
S3150800EF80FFE707980007002817D5FFE7089843F218
S3150800EF900B01C4F6547188420ED3FFE707980004A4
S3150800EFA0002809D5FFE709980C9900EB41104FF4A2
S3150800EFB00041C0F8081BFFE764E0079880060028B0
S3150800EFC008D5FFE709980C9900EB41102021C0F8F5
S3150800EFD0081B56E09DF81C0010F0280F4FD1FFE7DC
S3150800EFE0089843F20B01C4F6547188420ED3FFE722
S3150800EFF007980004002809D5FFE709980C9900EB43
S3150800F00041104FF40041C0F8081B37E00D980C99E1
S3150800F01001EBC10100EB810000F515700B900B9810
S3150800F020006A09990C9A01EB4211D1F8101B6FF38B
S3150800F030DF41401A0B9948610C98002818D1FFE760
S3150800F0400B98006900280CD1FFE70D98016800F2BB
S3150800F0509C42012004900846049905F091FF03900C
S3150800F06005E00B98C16842691144C160FFE7FFE7F4
S3150800F0700D989DF83010F7F733FDFFE700E0FFE73E
S3150800F080FFE7FFE74BE0089843F20A11C4F654710C
S3150800F090884222D1FFE707980004002809D5FFE730
S3150800F0A009980C9900EB41104FF40041C0F8081B71
S3150800F0B012E007988006002808D5FFE709980C99FA
S3150800F0C000EB41102021C0F8081BFFE70D989DF8BA
S3150800F0D03010F7F705FDFFE720E00C98002817D158
S3150800F0E0FFE70D980C9901EBC10100EB8100D0F800
S3150800F0F0640200280CD1FFE70D98016800F29C42D3
S3150800F100002002900846029905F03AFF0190FFE7B1
S3150800F1100D989DF83010F7F7E3FCFFE7FFE70020AE
S3150800F1200EB080BD0000000080B58EB00A460346CA
S3150800F1300C900B910C9800680A900A9809900C9804
S3150800F1400B9901EBC10100EB810014300890089877
S3150800F1500169406988420492039304D9FFE70120B4
S3150800F1608DF837007CE0089801694069081A07900D
S3150800F170079808998968884204D9FFE7089880683B
S3150800F1800790FFE70798033080080690FFE709987D
S3150800F1900B9900EB4110D0F8180980B206990022A5
S3150800F1A0884202920FD3FFE7089801694069002256
S3150800F1B08842029207D2FFE708980069002818BF1C
S3150800F1C001200290FFE70298C00700282ED0FFE72B
S3150800F1D0089801694069081A079007980899896884
S3150800F1E0884204D9FFE7089880680790FFE70798E0
S3150800F1F00330800806900A980899C9680C9A92798B
S3150800F200BDF81C309DF82CC0EE46CEF800206246AC
S3150800F21006F0AEFD0799089AD3681944D160079994
S3150800F220089A5369194451610190B0E70898016931
S3150800F2304069814210D8FFE70B9800F00F000121C2
S3150800F24001FA00F0059005980999D1F8342822EAC0
S3150800F2500000C1F83408FFE700208DF83700FFE703
S3150800F2609DF837000EB080BD704700000000000012
S3150800F27080B588B00A4603460690059100208DF8A9
S3150800F2800F0044F22840C5F60200006800F00300AB
S3150800F29003280292019304D1FFE701208DF81F008D
S3150800F2A0CEE044F20040C5F60200016821F0806114
S3150800F2B00160F7F7F9F90490FFE744F20040C5F654
S3150800F2C00200006800F000600021B1EBD06F0ED09C
S3150800F2D0FFE7F7F7E9F9DDF810E0A0EB0E000328E1
S3150800F2E004D3FFE703208DF81F00A9E0E5E7FFE751
S3150800F2F044F22840C5F60200016821F47C31069ADA
S3150800F300126841EA02310160069841688268C3685A
S3150800F310006901396FF35F214FF6006CCFF6FF7C69
S3150800F3200CEB422292B211430022CFF6FF7202EB97
S3150800F330034202F4FE0211434FF07F4202EB0060E3
S3150800F34000F0FE40084344F23841C5F60201086061
S3150800F350FFE744F22C40C5F60200016821F0C0011F
S3150800F360069A526911430160016821F02001069A44
S3150800F370926911430160016821F01001016044F2AD
S3150800F3803C41C5F602010A684FF6F8739A43069B94
S3150800F390DB6942EAC3020A60016841F010010160B4
S3150800F3A00598002809D1FFE744F22C40C5F602006B
S3150800F3B0016841F40021016016E00598012809D189
S3150800F3C0FFE744F22C40C5F60200016841F48011BB
S3150800F3D0016008E044F22C40C5F60200016841F4D9
S3150800F3E000110160FFE7FFE744F20040C5F602009E
S3150800F3F0016841F080610160F7F756F90490FFE76C
S3150800F40044F20040C5F60200006800F000600021E2
S3150800F410B1EBD06F0ED1FFE7F7F746F9DDF810E04C
S3150800F420A0EB0E00032804D3FFE703208DF81F0086
S3150800F43006E0E5E7FFE79DF80F008DF81F00FFE7F8
S3150800F4409DF81F0008B080BD80B588B00A460346FF
S3150800F4500690059100208DF80F0044F22840C5F665
S3150800F4600200006800F0030003280292019304D109
S3150800F470FFE701208DF81F00CEE044F20040C5F6F4
S3150800F4800200016821F080510160F7F70DF9049038
S3150800F490FFE744F20040C5F60200006800F000509D
S3150800F4A00021B1EB507F0ED0FFE7F7F7FDF8DDF846
S3150800F4B010E0A0EB0E00032804D3FFE703208DF825
S3150800F4C01F00A9E0E5E7FFE744F22840C5F6020079
S3150800F4D0016821F07C71069A126841EA02510160BE
S3150800F4E0069841688268C368006901396FF35F212D
S3150800F4F04FF6006CCFF6FF7C0CEB422292B211431A
S3150800F5000022CFF6FF7202EB034202F4FE02114319
S3150800F5104FF07F4202EB006000F0FE40084344F2E1
S3150800F5204041C5F602010860FFE744F22C40C5F6E3
S3150800F5300200016821F44061069A5269114301608C
S3150800F540016821F40071069A926911430160016805
S3150800F55021F48071016044F24441C5F602010A684B
S3150800F5604FF6F8739A43069BDB6942EAC3020A60C0
S3150800F570016841F4807101600598002809D1FFE708
S3150800F58044F22C40C5F60200016841F4800101608E
S3150800F59016E00598012809D1FFE744F22C40C5F684
S3150800F5A00200016841F40001016008E044F22C40C1
S3150800F5B0C5F60200016841F080710160FFE7FFE7C8
S3150800F5C044F20040C5F60200016841F0805101602E
S3150800F5D0F7F76AF80490FFE744F20040C5F6020020
S3150800F5E0006800F000500021B1EB507F0ED1FFE714
S3150800F5F0F7F75AF8DDF810E0A0EB0E00032804D35D
S3150800F600FFE703208DF81F0006E0E5E7FFE79DF812
S3150800F6100F008DF81F00FFE79DF81F0008B080BD9A
S3150800F62080B543F2F820C2F20040FBF731F980BDFD
S3150800F63083B00146029002980068406901900298DA
S3150800F6400068826942F0080282610298006882694D
S3150800F65042F01002826102980068026822F00102F4
S3150800F660026002980068026940F26F339A430261A9
S3150800F67002980068826822F440428260029890F8F4
S3150800F68081000428009115D0FFE79DF80400800644
S3150800F69000280ED5FFE70298D0F8841041F08001C3
S3150800F6A0C0F8841002980068816941F020018161E0
S3150800F6B0FFE7FFE7029890F88100032815D0FFE7D7
S3150800F6C09DF80400400600280ED5FFE70298D0F8FA
S3150800F6D0841041F00401C0F884100298006881691A
S3150800F6E041F040018161FFE7FFE79DF805008007CB
S3150800F6F000280ED5FFE70298D0F8841041F00101E2
S3150800F700C0F8841002980068816941F4007181612B
S3150800F710FFE79DF80500C00700280ED0FFE702980E
S3150800F720D0F8841041F00801C0F8841002980068E7
S3150800F730816941F480718161FFE702980021A0F890
S3150800F74062100298A0F86A1003B070470000000023
S3150800F75080B584B0014603900398806B02900298A6
S3150800F7600022A0F86A200298A0F8622002980122D6
S3150800F77080F8812002980191FBF782F804B080BDD9
S3150800F78080B584B0014603900398806B0290039875
S3150800F7900191F3F735FA022813D0FFE70298FFF72D
S3150800F7A047FF0298D0F884E04EF0100EC0F884E0C7
S3150800F7B002984FF0010E80F881E00298FBF760F896
S3150800F7C0FFE704B080BD000080B584B00146039011
S3150800F7D00398806B029002980191FCF781FA04B0B5
S3150800F7E080BD00000000000080B584B0014603908B
S3150800F7F00398806B0290029890F88100072801917F
S3150800F80013D0FFE70298806FC069B0F5807F04D1F6
S3150800F810FFE70298FCF7F0F906E00298006801692C
S3150800F82041F008010161FFE7FFE704B080BD000071
S3150800F83084B0014603900398C06B012202EB501076
S3150800F84002900398C0680130019001980730C008FB
S3150800F85001900198029A5043009104B07047000045
S3150800F86084B00A460346039002910398006843F25F
S3150800F8700001C4F201018842019200930AD1FFE710
S3150800F880039840F2B851C2F2004108600298C1F8E4
S3150800F890100127E00398006843F60001C4F200014E
S3150800F8A088420AD1FFE7039840F2CC61C2F20041D0
S3150800F8B008600298C1F8100113E00398006843F63F
S3150800F8C00041C4F2000188420AD1FFE7039840F2DA
S3150800F8D0E071C2F2004108600298C1F81001FFE722
S3150800F8E0FFE7FFE704B0704770B58EB0DDF848C093
S3150800F8F09E4614460D4606460C900B91ADF82A20F6
S3150800F900ADF82830ADF826C00C98006843F200011F
S3150800F910C4F201018842CDF820E0079406950596C1
S3150800F92022D1FFE70B9840F2B851C2F20041486075
S3150800F930BDF82A000881BDF82800A1F80A01BDF81B
S3150800F9402600A1F80C010C986A464FF47A731360E6
S3150800F95001F10A028A31012304911146049AFBF740
S3150800F960ABFB8DF837005AE00C98006843F60001A7
S3150800F970C4F20001884222D1FFE70B9840F2CC611D
S3150800F980C2F200414860BDF82A000881BDF8280087
S3150800F990A1F80A01BDF82600A1F80C010C986A46E0
S3150800F9A04FF47A73136001F10A028A310123039135
S3150800F9B01146039AFBF780FB8DF837002FE00C9869
S3150800F9C0006843F60041C4F20001884223D1FFE7EC
S3150800F9D00B9840F2E071C2F200414860BDF82A0077
S3150800F9E00881BDF82800A1F80A01BDF82600A1F88B
S3150800F9F00C010C98BDF82820BDF826301A4493B29D
S3150800FA0001F10A028A3102911146029AFBF700FFB8
S3150800FA108DF8370003E000208DF83700FFE79DF8E2
S3150800FA2037000EB070BD000070B58AB0DDF838C07A
S3150800FA309E4614460D460646089007918DF81B20EB
S3150800FA400593CDF810E0039402950196CDF800C011
S3150800FA50FFE708980068406907990840401AB0FA15
S3150800FA6080F040099DF81B10884219D1FFE7F6F788
S3150800FA701BFEDDF838E0A0EB0E00DDF814E070455B
S3150800FA8005D3FFE705980130002804D1FFE705985C
S3150800FA90002804D1FFE703208DF8270004E0D8E703
S3150800FAA000208DF82700FFE79DF827000AB070BDF3
S3150800FAB0704700000000000085B0014604900498D5
S3150800FAC0019001980078ADF80C000198013001907A
S3150800FAD001980078ADF80A00BDF80A00BDF80C20B8
S3150800FAE042EA0020ADF80E00BDF80E00009105B000
S3150800FAF0704700000000000080B584B001460290FF
S3150800FB0002980138B0F1807F019103D3FFE7012005
S3150800FB1003901BE0029801384EF21401CEF2000160
S3150800FB2008604FF0FF300F210AF01EFB4EF2180056
S3150800FB30CEF20000002101604EF21000CEF2000065
S3150800FB404FF0070EC0F800E00391FFE7039804B0F2
S3150800FB5080BD00000000000080B5F6F70DFE80BDF0
S3150800FB6080B5A0B00DA84C21F0F7B2FD00200C908E
S3150800FB700B900A900990089007900690059002202D
S3150800FB80F8F78AF90390FFE70020049044F6180076
S3150800FB90C5F60200016821F440410160006800F4DE
S3150800FBA04040049004980290FFE7FFE744F61800E7
S3150800FBB0C5F60200006800F40050B0F5005F01D0F9
S3150800FBC0FFE7F3E729200D904FF480300E900120CF
S3150800FBD012901390022116911791189128221992C2
S3150800FBE01A9004201B901C910C201D9000201E903A
S3150800FBF01F900DA8FAF700F9002803D0FFE7F1F7E0
S3150800FC000FFEFFE73F20059003200690002107918D
S3150800FC1008210891402109910A914FF480620B92BC
S3150800FC200C9105A9019008460199F9F7A1FC00284D
S3150800FC3003D0FFE7F1F7F4FDFFE720B080BD000031
S3150800FC404EF68850CEF20000016841F4700101605A
S3150800FC5042F20000C5F20020006800F00F000628F6
S3150800FC600AD8FFE742F20000C5F200200168072221
S3150800FC7062F303010160FFE744F20040C5F60200A3
S3150800FC80016841F00101016044F21041C5F6020124
S3150800FC9000220A6001684EF67F52CEF6F62211401F
S3150800FCA0016042F20000C5F20020006800F00F0073
S3150800FCB008280AD3FFE742F20000C5F200200168CF
S3150800FCC0072262F303010160FFE744F21840C5F614
S3150800FCD002000021016044F21C40C5F602000160E2
S3150800FCE044F22040C5F60200016044F22840C5F6F9
S3150800FCF0020040F20022C0F20222026044F22C40C6
S3150800FD00C5F602000022C0F2FF12026044F230403B
S3150800FD10C5F6020040F28022C0F20112026044F2E7
S3150800FD203440C5F60200016044F23840C5F60200C8
S3150800FD30026044F23C40C5F60200016044F24040CD
S3150800FD40C5F60200026044F24440C5F602000160AE
S3150800FD5044F20040C5F60200026822F480220260DE
S3150800FD6044F26040C5F60200016044F20000C5F2A4
S3150800FD70002043F2D2010160704700000000000035
S3150800FD8080B543F2CC30C2F20040FCF715FB80BDCB
S3150800FD9080B543F21840C2F20040FCF70DFB80BD67
S3150800FDA085B00A46034604900391049800680290B9
S3150800FDB004980021C4F2010188420192009325D0DB
S3150800FDC0FFE70498B0F1804F20D0FFE7049840F28F
S3150800FDD00041C4F20001884218D0FFE7049840F6B3
S3150800FDE00001C4F20001884210D0FFE7049840F6EB
S3150800FDF00041C4F20001884208D0FFE7049840F2A7
S3150800FE000041C4F2010188420AD1FFE7029820F0B6
S3150800FE107000029003984068029908430290FFE731
S3150800FE2004980021C4F2010188424DD0FFE70498E6
S3150800FE30B0F1804F48D0FFE7049840F20041C4F281
S3150800FE400001884240D0FFE7049840F60001C4F25A
S3150800FE500001884238D0FFE7049840F60041C4F212
S3150800FE600001884230D0FFE7049840F20041C4F20E
S3150800FE700101884228D0FFE7049844F20001C4F241
S3150800FE800101884220D0FFE7049844F20041C4F2F9
S3150800FE900101884218D0FFE7049844F60001C4F22D
S3150800FEA00101884210D0FFE704984EF20001C4F21F
S3150800FEB00001884208D0FFE704984EF20041C4F2D8
S3150800FEC0000188420AD1FFE7029820F440700290A8
S3150800FED00398C068029908430290FFE7029820F049
S3150800FEE08000039949690843029003988068049939
S3150800FEF0C862039800680499886204980021C4F2CD
S3150800FF000101884220D0FFE7049840F20041C4F27C
S3150800FF100101884218D0FFE7049844F20001C4F2B0
S3150800FF200101884210D0FFE7049844F20041C4F268
S3150800FF300101884208D0FFE7049844F60001C4F29C
S3150800FF400101884205D1FFE703980069049908630F
S3150800FF50FFE70498016841F0040101600498012153
S3150800FF60416102980499086005B0704700000000D6
S3150800FF7080B587B013468C4686460690059104924E
S3150800FF80059800F01F00012101FA00F0039003987C
S3150800FF9006990A6A22EA000008620498059901F09F
S3150800FFA01F01884006990A6A104308620293CDF831
S3150800FFB004C0CDF800E007B080BD000000000000D6
S3150800FFC0B0B589B09C4696460C46054608900791FA
S3150800FFD006920593089880680490049820F47F4058
S3150800FFE0049007980699059A41EA0221084304995C
S3150800FFF008430490049808998860CDF80CC0CDF899
S3150801000008E00194009509B0B0BD000000000000A9
S3150801001085B00A46034604900391049880680290C5
S3150801002002984FF68F71CFF6CF7108400290039868
S315080100300299084340F007000290029804998860E3
S315080100400192009305B0704784B00A4603460390AF
S315080100500291039800680021C4F2010188420192C5
S31508010060009309D1FFE7039840F6FC01C2F200416B
S3150801007008600298486081E003980068B0F1804FF3
S3150801008009D1FFE7039840F60411C2F2004108605E
S315080100900298486071E00398006840F20041C4F292
S315080100A00001884209D1FFE7039840F60C11C2F214
S315080100B000410860029848605EE00398006840F6CF
S315080100C00001C4F20001884209D1FFE7039840F60E
S315080100D01411C2F200410860029848604BE0039887
S315080100E0006840F60041C4F20001884209D1FFE7E1
S315080100F0039840F61C11C2F2004108600298486054
S3150801010038E00398006841F20001C4F20001884210
S3150801011009D1FFE7039840F62411C2F200410860AD
S315080101200298486025E00398006841F20041C4F24C
S315080101300001884209D1FFE7039840F62C11C2F263
S31508010140004108600298486012E00398006840F28E
S315080101500041C4F20101884209D1FFE7039840F63C
S315080101603411C2F20041086002984860FFE7FFE7D0
S31508010170FFE7FFE7FFE7FFE7FFE7FFE704B07047A1
S3150801018087B00A460346069005910698006A0390C9
S315080101900698016A21F001010162069840680290F9
S315080101A006988069049004984FF68F71CFF6FE7110
S315080101B008400490049820F003000490059800680C
S315080101C0049908430490039820F0020003900598C7
S315080101D0806803990843039006980021C4F2010137
S315080101E088420192009320D0FFE7069840F2004129
S315080101F0C4F20101884218D0FFE7069844F20001CB
S31508010200C4F20101884210D0FFE7069844F2004182
S31508010210C4F20101884208D0FFE7069844F60001B6
S31508010220C4F2010188420ED1FFE7039820F00800C5
S3150801023003900598C068039908430390039820F032
S3150801024004000390FFE706980021C4F201018842E1
S3150801025020D0FFE7069840F20041C4F20101884226
S3150801026018D0FFE7069844F20001C4F2010188425A
S3150801027010D0FFE7069844F20041C4F20101884212
S3150801028008D0FFE7069844F60001C4F20101884246
S3150801029013D1FFE7029820F480700290029820F4A7
S315080102A000700290059840690299084302900598E2
S315080102B08069029908430290FFE702980699486007
S315080102C004980699886105984068069948630398D1
S315080102D00699086207B0704787B00A460346069032
S315080102E005910698006A03900698016A21F01001A3
S315080102F001620698406802900698806904900498FD
S3150801030048F6FF71CFF6FF6108400490049820F47F
S315080103104070049005980068049941EA0020049009
S31508010320039820F02000039005988068039941EA14
S315080103300010039006980021C4F201018842019237
S3150801034000932CD0FFE7069840F20041C4F2010160
S31508010350884224D0FFE7069844F20001C4F201015D
S31508010360884204D1FFE70020002818D1FFE7069844
S3150801037044F20041C4F20101884204D1FFE700209A
S3150801038000280CD1FFE7069844F60001C4F20101E2
S31508010390884213D1FFE7012000280FD1FFE7039810
S315080103A020F0800003900598C068039941EA00107F
S315080103B00390039820F040000390FFE70698002178
S315080103C0C4F20101884220D0FFE7069840F20041B5
S315080103D0C4F20101884218D0FFE7069844F20001E9
S315080103E0C4F20101884210D0FFE7069844F20041A1
S315080103F0C4F20101884208D0FFE7069844F60001D5
S31508010400C4F20101884215D1FFE7029820F4806001
S315080104100290029820F400600290059840690299BA
S3150801042041EA8000029005988069029941EA8000B4
S315080104300290FFE702980699486004980699886130
S31508010440059840680699886303980699086207B073
S31508010450704700000000000087B00A460346069070
S3150801046005910698006A03900698016A21F480713D
S3150801047001620698406802900698C069049004983B
S315080104804FF68F71CFF6FE7108400490049820F05C
S31508010490030004900598006804990843049003989A
S315080104A020F40070039005988068039941EA0020BA
S315080104B0039006980021C4F2010188420192009333
S315080104C02CD0FFE7069840F20041C4F201018842A8
S315080104D024D0FFE7069844F20001C4F201018842DC
S315080104E004D1FFE70020002818D1FFE7069844F257
S315080104F00041C4F20101884204D1FFE70020002827
S315080105000CD1FFE7069844F60001C4F201018842BE
S3150801051013D1FFE7012000280FD1FFE7039820F444
S31508010520006003900598C068039941EA002003908A
S31508010530039820F480600390FFE706980021C4F22F
S315080105400101884220D0FFE7069840F20041C4F233
S315080105500101884218D0FFE7069844F20001C4F267
S315080105600101884210D0FFE7069844F20041C4F21F
S315080105700101884208D0FFE7069844F60001C4F253
S315080105800101884215D1FFE7029820F480500290B4
S31508010590029820F40050029005984069029941EAB0
S315080105A00010029005988069029941EA00100290AC
S315080105B0FFE702980699486004980699C861059864
S315080105C040680699C86303980699086207B0704798
S315080105D087B00A460346069005910698006A039075
S315080105E00698016A21F480510162069840680290D2
S315080105F00698C0690490049848F6FF71CFF6FF6122
S3150801060008400490049820F4407004900598006806
S31508010610049941EA00200490039820F400500390BD
S3150801062005988068039941EA0030039006980021ED
S31508010630C4F2010188420192009320D0FFE706988F
S3150801064040F20041C4F20101884218D0FFE706983A
S3150801065044F20001C4F20101884210D0FFE706986E
S3150801066044F20041C4F20101884208D0FFE7069826
S3150801067044F60001C4F2010188420BD1FFE7029852
S3150801068020F48040029005984069029941EA801059
S315080106900290FFE702980699486004980699C8618E
S315080106A0059840680699086403980699086207B090
S315080106B0704700000000000087B00A46034606900E
S315080106C005910698006A03900698016A21F480311B
S315080106D001620698406802900698406D0490049855
S315080106E04FF68F71CFF6FE710840049005980068A1
S315080106F0049908430490039820F400300390059860
S315080107008068039941EA0040039006980021C4F2E3
S31508010710010188420192009320D0FFE7069840F232
S315080107200041C4F20101884218D0FFE7069844F255
S315080107300001C4F20101884210D0FFE7069844F28D
S315080107400041C4F20101884208D0FFE7069844F641
S315080107500001C4F2010188420BD1FFE7029820F497
S315080107608030029005984069029941EA002002907A
S31508010770FFE702980699486004980699486505981E
S3150801078040680699886503980699086207B0704714
S3150801079087B00A460346069005910698006A0390B3
S315080107A00698016A21F48011016206984068029050
S315080107B00698406D0490049848F6FF71CFF6FF61DC
S315080107C00840049005980068049941EA00200490BD
S315080107D0039820F40010039005988068039941EA6C
S315080107E00050039006980021C4F201018842019243
S315080107F0009320D0FFE7069840F20041C4F20101B8
S31508010800884218D0FFE7069844F20001C4F20101B4
S31508010810884210D0FFE7069844F20041C4F201016C
S31508010820884208D0FFE7069844F60001C4F20101A0
S3150801083088420BD1FFE7029820F4802002900598A0
S315080108404069029941EA80200290FFE702980699D9
S315080108504860049806994865059840680699C865E8
S3150801086003980699086207B0704700000000000067
S3150801087080B588B013468C46864607900691059240
S315080108800798006A03900798016A21F0010101623D
S31508010890079880690490049820F0F0000490059860
S315080108A0049941EA00100490039820F00A00039085
S315080108B00698039908430390049807998861039851
S315080108C0079908620293CDF804C0CDF800E008B094
S315080108D080BD00000000000080B588B013468C4634
S315080108E086460790069105920798006A039007982D
S315080108F0016A21F010010162079880690490049841
S3150801090020F4704004900598049941EA0030049057
S31508010910039820F0A00003900698039941EA001075
S3150801092003900498079988610398079908620293C6
S31508010930CDF804C0CDF800E008B080BD0000000085
S3150801094080B582B04FF4F070F0F7FEFE43F2F8205E
S31508010950C2F2004046F69101C0F60101FEF780FF9A
S3150801096043F2E070C2F2004009F052F843F218402F
S31508010970C2F2004046F60931C0F601010190FFF7BF
S3150801098063FB0198FBF77CFB009002B080BD000079
S3150801099080B543F28C50C2F20040FCF7FDFC80BDE5
S315080109A080B543F22060C2F20040FCF7F5FC80BD39
S315080109B080B543F2B460C2F20040FCF7EDFC80BD9D
S315080109C080B543F24870C2F20040FCF7E5FC80BDF1
S315080109D083B0014602900298406E0028009108D122
S315080109E0FFE702980121A0F86A100298A0F868109A
S315080109F034E010208DF807008DF80600029800688B
S31508010A008068C0F342608DF8050002980068806826
S31508010A10400F8DF804009DF806009DF804104BF26E
S31508010A20F822C0F60102535C10FB03F04BF2F023E7
S31508010A30C0F60103595CB0FBF1F00299A1F86A000E
S31508010A409DF807009DF80510525C10FB02F0595CF1
S31508010A50B0FBF1F00299A1F86800FFE703B070470F
S31508010A6082B0014601900198806A0007002800912A
S31508010A700BD5FFE701980068406820F4004001990A
S31508010A800A68896B08435060FFE70198806AC007C6
S31508010A9000280BD0FFE701980068406820F4003071
S31508010AA001990A68C96A08435060FFE70198806A94
S31508010AB0800700280BD5FFE701980068406820F4F5
S31508010AC0803001990A68096B08435060FFE701986D
S31508010AD0806A400700280BD5FFE70198006840683F
S31508010AE020F4802001990A68496B08435060FFE7A2
S31508010AF00198806AC00600280BD5FFE701980068AF
S31508010B00806820F4805001990A68C96B084390608F
S31508010B10FFE70198806A800600280BD5FFE7019850
S31508010B200068806820F4005001990A68096C084336
S31508010B309060FFE70198806A400600281CD5FFE708
S31508010B4001980068406820F4801001990A68496C88
S31508010B50084350600198406CB0F5801F0BD1FFE740
S31508010B6001980068406820F4C00001990A68896CF8
S31508010B7008435060FFE7FFE70198806A00060028EE
S31508010B800BD5FFE701980068406820F40020019919
S31508010B900A68C96C08435060FFE702B07047000055
S31508010BA080B588B00146069006980022C0F89020C4
S31508010BB00191F5F779FD059006980068006810F02F
S31508010BC0080F30D0FFE70698059B69466FF07E420D
S31508010BD00A604FF40011002201F006F8002821D01E
S31508010BE0FFE7FFE7FFE70698006850E8000F20F0E7
S31508010BF080000490FFE704980699096841E8000215
S31508010C00002AF0D1FFE7FFE706982021C0F88810EF
S31508010C10FFE70698002180F88410FFE703208DF886
S31508010C201F0060E0FFE706980068006810F0040FEF
S31508010C3043D0FFE70698059B69466FF07E420A6036
S31508010C404FF48001002200F0CFFF002834D0FFE7DF
S31508010C50FFE7FFE70698006850E8000F20F4907058
S31508010C600390FFE703980699096841E80002002AFC
S31508010C70F0D1FFE7FFE7FFE7FFE70698006850E8CE
S31508010C80020F20F001000290FFE702980699096811
S31508010C9041E80202002AF0D1FFE7FFE70698202182
S31508010CA0C0F88C10FFE70698002180F88410FFE74A
S31508010CB003208DF81F0016E0FFE706982021C0F8EB
S31508010CC088100698C0F88C1006980021C166069807
S31508010CD00167FFE70698002180F88410FFE70020E6
S31508010CE08DF81F00FFE79DF81F0008B080BD0000C2
S31508010CF080B584B0014603900398806B02900298F0
S31508010D000022A0F85E2002980191FCF735FB04B099
S31508010D1080BD00000000000080B586B00146059040
S31508010D200598806B04900498D0F88800039004987D
S31508010D30D0F88C00029004980068806810F0800F43
S31508010D4001910CD0FFE70398212808D1FFE7049801
S31508010D500021A0F85610049800F03AF9FFE7049824
S31508010D600068806810F0400F0CD0FFE7029822282F
S31508010D7008D1FFE704980021A0F85E10049800F056
S31508010D80AFF8FFE70498D0F8901041F01001C0F8C9
S31508010D9090100498FCF7F0FA06B080BD0000000038
S31508010DA080B588B0014607900798806B069007982A
S31508010DB0C069B0F5807F01915BD0FFE706980021F5
S31508010DC0A0F85E10FFE7FFE70698006850E8000FF5
S31508010DD020F480700590FFE705980699096841E8AF
S31508010DE00002002AF0D1FFE7FFE7FFE7FFE70698D1
S31508010DF0006850E8020F20F001000490FFE704980C
S31508010E000699096841E80202002AF0D1FFE7FFE7DF
S31508010E10FFE7FFE70698006850E8020F20F0400058
S31508010E200390FFE703980699096841E80202002A38
S31508010E30F0D1FFE7FFE706982021C0F88C10069845
S31508010E40C06E012814D1FFE7FFE7FFE7069800689F
S31508010E5050E8000F20F010000290FFE7029806996B
S31508010E60096841E80002002AF0D1FFE7FFE7FFE73A
S31508010E70FFE70698002101670698C06E012806D18A
S31508010E80FFE70698B0F85C10FBF7E2FF03E0069867
S31508010E90FDF716FAFFE708B080BD00000000000064
S31508010EA080B584B0014603900398806B029002983E
S31508010EB0012202670298C06E0128019107D1FFE756
S31508010EC00298B0F85C104908FBF7C2FF03E00298E4
S31508010ED0FDF7FEF9FFE704B080BD00000000000041
S31508010EE085B0014604900091FFE7FFE70498006882
S31508010EF050E8000F20F490700390FFE703980499D7
S31508010F00096841E80002002AF0D1FFE7FFE7FFE799
S31508010F10FFE70498006850E8020F4FF6FE71CEF617
S31508010F20FF7108400290FFE702980499096841E8B1
S31508010F300202002AEDD1FFE7FFE70498C06E0128F7
S31508010F4014D1FFE7FFE7FFE70498006850E8000FB0
S31508010F5020F010000190FFE701980499096841E81B
S31508010F600002002AF0D1FFE7FFE7FFE704982021F6
S31508010F70C0F88C1004980021C1660498416705B031
S31508010F80704700000000000080B584B00146039058
S31508010F900191FFE7FFE70398006850E8000F20F08A
S31508010FA040000290FFE702980399096841E80002A8
S31508010FB0002AF0D1FFE7FFE703982021C0F888103F
S31508010FC00398002181670398FDF78AF904B080BD6B
S31508010FD084B0014603900091FFE7FFE70398006894
S31508010FE050E8000F20F0C0000290FFE7029803992D
S31508010FF0096841E80002002AF0D1FFE7FFE7FFE7A9
S31508011000FFE70398006850E8020F20F400000190FA
S31508011010FFE701980399096841E80202002AF0D11D
S31508011020FFE7FFE703982021C0F8881004B070474E
S3150801103080B5A0B001461F9000208DF86F001F985B
S31508011040006840F60042C5F600029042129101D1AD
S31508011050FFE700E0FFE71F98816802694369C069F5
S315080110601143194308431E901F980068006846F605
S31508011070F311CCF6FF7108401E9908431F990968B8
S3150801108008601F980068406820F440501F990A6854
S31508011090C968084350601F9880691E901F980068A8
S315080110A040F60041C5F60001884206D0FFE71F98C1
S315080110B0006A1E9908431E90FFE71F98006880681A
S315080110C04FF2FF41C1F2FF1108401E9908431F99CB
S315080110D0096888601F980068C06A20F00F001F9988
S315080110E00A68496A0843D062FFE71F98006841F217
S315080110F00001C4F20101884240F04180FFE744F251
S315080111005440C5F60200006800F038000146282858
S3150801111011912FD81199DFE801F0152D2D2D2D2DBF
S315080111202D2D192D2D2D2D2D2D2D1D2D2D2D2D2D04
S315080111302D2D212D2D2D2D2D2D2D252D2D2D2D2DE4
S315080111402D2D290001208DF8750017E004208DF852
S31508011150750013E008208DF875000FE010208DF852
S3150801116075000BE020208DF8750007E040208DF80A
S31508011170750003E080208DF87500FFE76CE21F9883
S31508011180006844F20041C4F2000188422ED1FFE70B
S3150801119044F25440C5F60200006800F00700014613
S315080111A0052810911DD81099DFE801F003070B0FE8
S315080111B0131700208DF8750017E004208DF87500C7
S315080111C013E008208DF875000FE010208DF87500E2
S315080111D00BE020208DF8750007E040208DF875009A
S315080111E003E080208DF87500FFE734E21F98006858
S315080111F044F60001C4F2000188422ED1FFE744F209
S315080112005440C5F60200006800F0070001460528AB
S315080112100F911DD80F99DFE801F003070B0F13177C
S3150801122000208DF8750017E004208DF8750013E08D
S3150801123008208DF875000FE010208DF875000BE079
S3150801124020208DF8750007E040208DF8750003E031
S3150801125080208DF87500FFE7FCE11F98006844F6C9
S315080112600041C4F2000188422ED1FFE744F25440FE
S31508011270C5F60200006800F00700014605280E9130
S315080112801DD80E99DFE801F003070B0F131700208D
S315080112908DF8750017E004208DF8750013E0082015
S315080112A08DF875000FE010208DF875000BE02020F1
S315080112B08DF8750007E040208DF8750003E0802061
S315080112C08DF87500FFE7C4E11F98006845F2000133
S315080112D0C4F2000188422ED1FFE744F25440C5F614
S315080112E00200006800F00700014605280D911DD887
S315080112F00D99DFE801F003070B0F131700208DF88E
S31508011300750017E004208DF8750013E008208DF8A4
S3150801131075000FE010208DF875000BE020208DF880
S31508011320750007E040208DF8750003E080208DF8F0
S315080113307500FFE78CE11F98006841F20041C4F28D
S315080113400101884240F04180FFE744F25440C5F666
S315080113500200006800F03800014628280C912FD8B1
S315080113600C99DFE801F0152D2D2D2D2D2D2D192D7B
S315080113702D2D2D2D2D2D1D2D2D2D2D2D2D2D212DAA
S315080113802D2D2D2D2D2D252D2D2D2D2D2D2D2900B7
S3150801139001208DF8750017E004208DF8750013E01B
S315080113A008208DF875000FE010208DF875000BE008
S315080113B020208DF8750007E040208DF8750003E0C0
S315080113C080208DF87500FFE741E11F98006847F610
S315080113D00001C4F2000188422ED1FFE744F25440CD
S315080113E0C5F60200006800F00700014605280B91C2
S315080113F01DD80B99DFE801F003070B0F131700201F
S315080114008DF8750017E004208DF8750013E00820A3
S315080114108DF875000FE010208DF875000BE020207F
S315080114208DF8750007E040208DF8750003E08020EF
S315080114308DF87500FFE709E11F98006847F6004136
S31508011440C4F2000188422ED1FFE744F25440C5F6A2
S315080114500200006800F00700014605280A911DD818
S315080114600A99DFE801F003070B0F131700208DF81F
S31508011470750017E004208DF8750013E008208DF833
S3150801148075000FE010208DF875000BE020208DF80F
S31508011490750007E040208DF8750003E080208DF87F
S315080114A07500FFE7D1E01F98006841F60001C4F214
S315080114B00101884240F04180FFE744F25440C5F6F5
S315080114C00200006800F038000146282809912FD843
S315080114D00999DFE801F0152D2D2D2D2D2D2D192D0D
S315080114E02D2D2D2D2D2D1D2D2D2D2D2D2D2D212D39
S315080114F02D2D2D2D2D2D252D2D2D2D2D2D2D290046
S3150801150001208DF8750017E004208DF8750013E0A9
S3150801151008208DF875000FE010208DF875000BE096
S3150801152020208DF8750007E040208DF8750003E04E
S3150801153080208DF87500FFE786E01F98006841F660
S315080115400041C4F20101884240F04180FFE744F2BC
S315080115505440C5F60200006800F038000146282804
S3150801156008912FD80899DFE801F0152D2D2D2D2D7D
S315080115702D2D192D2D2D2D2D2D2D1D2D2D2D2D2DB0
S315080115802D2D212D2D2D2D2D2D2D252D2D2D2D2D90
S315080115902D2D290001208DF8750017E004208DF8FE
S315080115A0750013E008208DF875000FE010208DF8FE
S315080115B075000BE020208DF8750007E040208DF8B6
S315080115C0750003E080208DF87500FFE73BE01F9862
S315080115D0006840F60041C5F6000188422ED1FFE7B2
S315080115E044F25840C5F60200006800F007000146BB
S315080115F0052807911DD80799DFE801F003070B0FA6
S31508011600131702208DF8750017E004208DF8750070
S3150801161013E008208DF875000FE010208DF875008D
S315080116200BE020208DF8750007E040208DF8750045
S3150801163003E080208DF87500FFE703E080208DF830
S315080116407500FFE7FFE7FFE7FFE7FFE7FFE7FFE7CC
S31508011650FFE7FFE7FFE7FFE7FFE71F98006840F6A8
S315080116600041C5F60001884240F0B980FFE79DF8C0
S31508011670750001460228069114D0FFE7069804284A
S3150801168014D0FFE70698082816D0FFE70698102811
S3150801169018D0FFE70698202836D0FFE70698402895
S315080116A038D03BE0F6F75CFC13903DE017A8F6F757
S315080116B06FFC1898139037E014A8F6F7C9FD15982A
S315080116C0139031E044F20040C5F60200006800F0CC
S315080116D020000021B1EB501F0FD0FFE744F2004074
S315080116E0C5F602000068C0F3C10049F20001C0F264
S315080116F0D03121FA00F0139005E049F20000C0F25A
S31508011700D0301390FFE70FE040F60010C0F23D001D
S31508011710139009E04FF40040139005E00020139060
S3150801172001208DF86F00FFE71398002856D0FFE7D0
S3150801173013981F99496A4BF20032C0F6010232F832
S315080117401110B0FBF1F01A901A981F99496801EB2C
S315080117504101884207D3FFE71A981F994968B0EBF8
S31508011760013F04D9FFE701208DF86F0035E0139892
S315080117701F994A68496A4BF20033C0F6010333F8E8
S315080117801110002305911946DDF814C0049262462A
S315080117900393EEF78DFE090241EA10610002049AED
S315080117A010EB520041F10001039BEEF781FE1C90FC
S315080117B01C98B0F5407F0BD3FFE71C980021B1EBCD
S315080117C0105F05D1FFE71C981F990968C86003E0F7
S315080117D001208DF86F00FFE7FFE7FFE74DE11F984E
S315080117E0C069B0F5004F40F0AC80FFE79DF8750081
S315080117F001464028029100F264800299DFE801F06F
S3150801180021256161296161612F616161616161619F
S3150801181035616161616161616161616161616161D5
S3150801182057616161616161616161616161616161A3
S315080118306161616161616161616161616161616189
S315080118405D00F8F719F9139041E0F8F72DF91390AF
S315080118503DE017A8F6F79CFB1898139037E014A8F3
S31508011860F6F7F6FC1598139031E044F20040C5F6F8
S315080118700200006800F020000021B1EB501F0FD0D4
S31508011880FFE744F20040C5F602000068C0F3C10054
S3150801189049F20001C0F2D03121FA00F0139005E0B7
S315080118A049F20000C0F2D0301390FFE70FE040F68E
S315080118B00010C0F23D00139009E04FF40040139068
S315080118C005E00020139001208DF86F00FFE71398BB
S315080118D0002835D0FFE713981F994A68496A4BF2E1
S315080118E00033C0F6010333F81110B0FBF1F04000E4
S315080118F000EB5200B0FBF2F01C901C9810281AD38A
S31508011900FFE7BDF87200002815D1FFE71C984FF6CE
S31508011910F0710840ADF876001C9800F00E00BDF88D
S31508011920761041EA5000ADF87600BDF876001F99A9
S315080119300968C86003E001208DF86F00FFE7FFE73B
S315080119409AE09DF8750001464028019100F26480ED
S315080119500199DFE801F021256161296161612F6142
S315080119606161616161613561616161616161616184
S315080119706161616161615761616161616161616152
S315080119806161616161616161616161616161616138
S315080119906161616161615D00F8F76EF8139041E07C
S315080119A0F8F782F813903DE017A8F6F7F1FA1898B8
S315080119B0139037E014A8F6F74BFC1598139031E00D
S315080119C044F20040C5F60200006800F0200000213C
S315080119D0B1EB501F0FD0FFE744F20040C5F60200F5
S315080119E00068C0F3C10049F20001C0F2D03121FA02
S315080119F000F0139005E049F20000C0F2D0301390D0
S31508011A00FFE70FE040F60010C0F23D00139009E031
S31508011A104FF40040139005E00020139001208DF843
S31508011A206F00FFE71398002825D0FFE713981F9941
S31508011A304A68496A4BF20033C0F6010333F81110BC
S31508011A40B0FBF1F000EB5200B0FBF2F01C901C98D1
S31508011A5010280BD3FFE7BDF87200002806D1FFE76F
S31508011A60BDF870001F990968C86003E001208DF868
S31508011A706F00FFE7FFE7FFE7FFE71F980121A0F8DF
S31508011A806A101F98A0F868101F98002141671F98CF
S31508011A9081679DF86F0020B080BD0000000000003E
S31508011AA080B58AB013468C46864608900791ADF8EC
S31508011AB01A20079808998865BDF81A000899A1F8A7
S31508011AC05C0008980021C0F8901008982221C0F8F7
S31508011AD08C100898D0F8800000280293CDF804C02D
S31508011AE0CDF800E037D0FFE70898D0F8800040F637
S31508011AF0A151C0F60101C1630898D0F8800040F6EB
S31508011B00A161C0F6010101640898D0F8800040F689
S31508011B101951C0F60101C1640898D0F88000002166
S31508011B20016508980168826DD0F880002431BDF8F6
S31508011B301A30F2F759FE00280CD0FFE70898102151
S31508011B40C0F8901008982021C0F88C1001208DF853
S31508011B50270043E0FFE708980069002814D0FFE74B
S31508011B60FFE7FFE70898006850E8000F40F4807027
S31508011B700590FFE705980899096841E80002002AD7
S31508011B80F0D1FFE7FFE7FFE7FFE7FFE708980068FF
S31508011B9050E8020F40F001000490FFE70498089905
S31508011BA0096841E80202002AF0D1FFE7FFE7FFE7EB
S31508011BB0FFE70898006850E8020F40F040000390DC
S31508011BC0FFE703980899096841E80202002AF0D15B
S31508011BD0FFE7FFE700208DF82700FFE79DF82700BC
S31508011BE00AB080BD0000000070B58CB0DDF840C0B9
S31508011BF09E4614460D4606460A9009918DF82320FD
S31508011C000793CDF818E0059404950396CDF808C016
S31508011C10FFE70A980068C06909990840401AB0FAAE
S31508011C2080F040099DF8231088426AD1FFE7109891
S31508011C300130002864D0FFE7F4F736FDDDF81CE033
S31508011C40A0EB0E00DDF840E0704504D8FFE71098D8
S31508011C50002804D1FFE703208DF82F0055E00A98E4
S31508011C600068006810F0040F49D0FFE7099880283A
S31508011C7045D0FFE70998402841D0FFE70A98006850
S31508011C80C06900F008000121B1EBD00F16D1FFE7BA
S31508011C900A980068082101620A980191FFF720F95C
S31508011CA00A980199C0F89010FFE70A98002180F870
S31508011CB08410FFE701208DF82F0026E00A980068B6
S31508011CC0C06900F400600121B1EBD02F16D1FFE7FE
S31508011CD00A9800684FF4006101620A98FFF700F953
S31508011CE00A982021C0F89010FFE70A98002180F889
S31508011CF08410FFE703208DF82F0006E0FFE7FFE7D2
S31508011D0087E700208DF82F00FFE79DF82F000CB01C
S31508011D1070BD00000000000080B543F2F840C2F231
S31508011D200040FBF739FB80BD80B543F26440C2F23F
S31508011D300040FBF731FB80BD80B58CB00A460346EF
S31508011D400A908DF827100A98D0F8C80207900A98C1
S31508011D50D0F8D41200EB8100D0F8C0020028069210
S31508011D60059304D1FFE703208DF82F006BE00A984D
S31508011D70D0F8D41200EB8100D0F8C00208900A9876
S31508011D809DF8271001F00F0101EB810100EB81009D
S31508011D90806900282DD0FFE70A989DF8271001F0E1
S31508011DA00F0101EB810200EB82008069079A01EBC2
S31508011DB0C10102EB8101C969B0FBF1F202FB110015
S31508011DC0002816D1FFE70A989DF8271001F00F01A0
S31508011DD001EB810100EB8100002181610A989DF8E0
S31508011DE0272004911146049A049B01F0E9FF039008
S31508011DF025E008980021C0F814120A98D0F8D412E0
S31508011E0000EB8100D0F8C4020069002816D0FFE76C
S31508011E100A98D0F8D41200EB8100D0F8C402006900
S31508011E200899D1F8082201F504719DF82730029026
S31508011E3010461A46029B98470190FFE7FFE70020E4
S31508011E408DF82F00FFE79DF82F000CB080BD00002C
S31508011E5080B588B00A46034606908DF8171006988D
S31508011E60D0F8D41200EB8100D0F8C002049006988D
S31508011E70D0F8D41200EB8100D0F8C00200280392F2
S31508011E80029304D1FFE703208DF81F001EE0069890
S31508011E909DF8171001F0A4FC0499C1F80C020698E4
S31508011EA0D0F8D41200EB8100D0F8C402C0680499B6
S31508011EB0D1F804E201F5037101907046DDF804E0FA
S31508011EC0F04700218DF81F100090FFE79DF81F00CD
S31508011ED008B080BD0000000080B58CB00A460346F4
S31508011EE00B908DF82B100B9840F20901C2F20041B4
S31508011EF091F800C0099161460892079301F040FAEA
S31508011F000B99099A137803F00F0303EB830301EB8B
S31508011F10830100238B840B9940F20A0CC2F2004C10
S31508011F209CF800E0069008467146CDF814C0049363
S31508011F3001F026FA0B99059A137803F00F0303EBC0
S31508011F40830301EB8301049BA1F864310B9940F2E9
S31508011F50080CC2F2004C9CF800E003900846714652
S31508011F60CDF808C001F00CFA0B99029A137803F020
S31508011F700F0303EB830301EB8301049B8B840B990A
S31508011F8092F800C00CF00F0C0CEB8C0C01EB8C01D9
S31508011F90CB840B99D1F8D4C201EB8C01D1F8C012CC
S31508011FA00029019020D0FFE70B98D0F8D41200EB56
S31508011FB08100D0F8C402406880470B99D1F8D4E271
S31508011FC001EB8E01D1F8C0120090084602F030FCF0
S31508011FD00B98D0F8D41200EB81000021C0F8C0128A
S31508011FE00B98C0F8BC12FFE700200CB080BD0000BA
S31508011FF080B586B0014604900498D0F8D42200EB47
S315080120008200D0F8C002039003980028029104D1F7
S31508012010FFE703208DF817002BE00498D0F8D412B7
S3150801202000EB8100D0F8C40200281ED0FFE7039810
S3150801203090F80002FF2818D0FFE70498D0F8D412C8
S3150801204000EB8100D0F8C4028068039991F8002258
S3150801205091F80132019010461A46019B9847039957
S31508012060FF2281F800220090FFE700208DF8170073
S31508012070FFE79DF8170006B080BD000000000000CC
S3150801208082B00146019001980A22028040F240106E
S31508012090C2F20040009102B0704700000000000043
S315080120A080B586B00146059040F2FC00C2F20040B8
S315080120B0822201900091114600F0DEFE0490012172
S315080120C0019800F0D9FE03908121019800F0D4FE11
S315080120D002900498002804D0FFE704981021817122
S315080120E0FFE70398002804D0FFE703984021818081
S315080120F0FFE70298002804D0FFE702984021818073
S31508012100FFE705984321018040F2FC00C2F2004036
S3150801211006B080BD0000000080B586B00146059076
S3150801212040F2FC00C2F20040822201900091114661
S3150801213000F0A2FE04900121019800F09DFE039093
S315080121408121019800F098FE02900498002804D095
S31508012150FFE7049810218171FFE70398002805D04D
S31508012160FFE703984FF400718180FFE70298002882
S3150801217005D0FFE702984FF400718180FFE70598C3
S315080121804321018040F2FC00C2F2004006B080BD46
S3150801219080B586B00146059040F2FC00C2F20040C7
S315080121A0822201900091114600F066FE04900121F9
S315080121B0019800F061FE03908121019800F05CFE10
S315080121C002900498002804D0FFE704981021817131
S315080121D0FFE70398002804D0FFE703984021818090
S315080121E0FFE70298002804D0FFE702984021818082
S315080121F0FFE705984321018040F2FC00C2F2004046
S3150801220006B080BD0000000080B59AB00A460346B4
S3150801221018908DF85F104FF407701592149302F019
S315080122200FFB1690169800280CD1FFE71898D0F8DE
S31508012230D41200EB81000021C0F8C01202208DF8EB
S31508012240670019E116984FF40771EEF741FA1698E7
S315080122501899D1F8D4E201EB8E01C1F8C002189899
S31508012260D0F8D41200EB8101D1F8C012C0F8BC1223
S315080122701898007C00284FD1FFE7189840F2090109
S31508012280C2F200410A7802234FF4007C13911146E9
S315080122901A4612936346CDF844C001F0C1FB18995A
S315080122A0139A137803F00F0303EB830301EB8301FE
S315080122B001238B84189940F20A0CC2F2004C9CF84F
S315080122C000E0109008467146129ADDF844E00F9333
S315080122D07346CDF838C001F0A3FB18990E9A137806
S315080122E003F00F0303EB830301EB83010F9BA1F8B3
S315080122F06431189940F2080CC2F2004C9CF800C0EF
S315080123000CF00F0C0CEB8C0C01EB8C014FF0100C44
S31508012310A1F826C00D904EE0189840F20901C2F2C4
S3150801232000410A7802234FF0400C0C9111461A46D7
S315080123300B936346CDF828C001F072FB18990C9AE5
S31508012340137803F00F0303EB830301EB83010123E6
S315080123508B84189940F20A0CC2F2004C9CF800E0F2
S315080123600990084671460B9ADDF828E008937346EA
S31508012370CDF81CC001F054FB1899079A137803F09D
S315080123800F0303EB830301EB8301089BA1F8643177
S31508012390189940F2080CC2F2004C9CF800C00CF0E7
S315080123A00F0C0CEB8C0C01EB8C014FF0100CA1F807
S315080123B026C00690FFE7189840F20801C2F20041CC
S315080123C00A7803234FF0080C059111461A4663460D
S315080123D001F026FB1899059A137803F00F0303EB0E
S315080123E0830301EB830101238B8416990023C1F82A
S315080123F004321899D1F8D4C201EB8C01D1F8C41270
S3150801240009680490039388471699039AC1F8142218
S315080124101699C1F818221699D1F8041200290290C2
S3150801242004D1FFE702208DF8670025E01898007CA3
S3150801243000280FD1FFE7189840F20A01C2F20041BD
S31508012440169AD2F8042209784FF4007301F018FBA2
S3150801245001900DE0189840F20A01C2F20041169A5D
S31508012460D2F804220978402301F00AFB0090FFE71D
S3150801247000208DF86700FFE79DF867001AB080BD58
S3150801248080B586B0014604900498D0F8D42200EBB2
S315080124908200D0F8C00203900498D0F8D42200EB49
S315080124A08200D0F8C0020028029104D1FFE7032078
S315080124B08DF8170025E00498007C00280FD1FFE766
S315080124C0049840F20A01C2F20041039AD2F80422A2
S315080124D009784FF4007301F0D3FA01900DE00498DE
S315080124E040F20A01C2F20041039AD2F8042209789D
S315080124F0402301F0C5FA0090FFE700208DF8170088
S31508012500FFE79DF8170006B080BD00000000000037
S3150801251085B00A4603460390029102980028019263
S31508012520009304D1FFE703208DF813000BE002980E
S315080125300399D1F8D42201EB8201C1F8C402002023
S315080125408DF81300FFE79DF8130005B070470000EA
S3150801255086B00A460346049003910498D0F8D4122B
S3150801256000EB8100D0F8C00202900298002801927F
S31508012570009304D1FFE703208DF8170007E00398BD
S315080125800299C1F8040200208DF81700FFE79DF8AB
S31508012590170006B07047000080B588B013468C4610
S315080125A086460690059104920698D0F8D41200EB57
S315080125B08100D0F8C0020390039800280293CDF851
S315080125C004C0CDF800E004D1FFE703208DF81F0011
S315080125D00BE005980399C1F8080204980399C1F814
S315080125E0100200208DF81F00FFE79DF81F0008B0B4
S315080125F080BD00000000000080B594B00A4603467D
S31508012600129011911298D0F8D41200EB8100D0F8EB
S31508012610C002109000208DF83D00ADF83A008DF803
S315080126203900109800280D920C9304D1FFE7032076
S315080126308DF84F00D6E01198007800F06000014649
S3150801264000280B916BD0FFE70B98202840F0BD803E
S31508012650FFE71198C08800284ED0FFE71198007847
S31508012660000600282AD5FFE71298D0F8D41200EB05
S315080126708100D0F8C40280681199109ACB884978EC
S315080126800A90084611461A460A9B98471199C9881D
S315080126900829099003D3FFE70720089003E011985A
S315080126A0C0880890FFE70898ADF83E00129810997F
S315080126B0BDF83E2000F09CF907901CE0119840787F
S315080126C0109981F800021198C0883F2804D8FFE7BD
S315080126D01198C088069002E040200690FFE7069808
S315080126E0109981F801021298109991F8012200F0C7
S315080126F03BF90590FFE711E01298D0F8D41200EBE8
S315080127008100D0F8C402806811994A7800230490A0
S3150801271010461A46049B98470390FFE75DE0119817
S31508012720407801460B28029146D80299DFE801F064
S31508012730064344444444444444441D34129890F89E
S315080127409C02032808D1FFE712980DF13A010222EB
S3150801275000F04EF9019007E01298119900F0ECF893
S3150801276003208DF83900FFE72EE0129890F89C02B5
S31508012770032808D1FFE712980DF13D01012200F067
S3150801278037F9009007E01298119900F0D5F803205F
S315080127908DF83900FFE717E0129890F89C02032894
S315080127A008D0FFE71298119900F0C6F803208DF8B2
S315080127B03900FFE708E007E01298119900F0BCF824
S315080127C003208DF83900FFE707E01298119900F008
S315080127D0B3F803208DF83900FFE79DF839008DF825
S315080127E04F00FFE79DF84F0014B080BD00000000C0
S315080127F080B586B00A46034605908DF81310002069
S315080128008DF812000598D0F8B81249689DF813C0DA
S3150801281003916146DDF80CC002920193E047002856
S3150801282004D0FFE703208DF81200FFE79DF8120098
S3150801283006B080BD0000000080B586B00A46034692
S3150801284005900491059890F89C0201380228039294
S3150801285002930FD8FFE704984088012809D1FFE7BA
S3150801286005980021C0F8A412059800F0E9F801902E
S31508012870FFE704E00598049900F05EF8FFE706B063
S3150801288080BD00000000000084B00A46034603909C
S315080128908DF80B1000200192009304B070470000D8
S315080128A084B00A46034603908DF80B100020019266
S315080128B0009304B070470000B0B58AB013468C4641
S315080128C086460990089107920998089A079900245B
S315080128D006912146069D05932B46CDF810C0CDF8E5
S315080128E00CE0029401F0CCF80299019008460AB06E
S315080128F0B0BD000000000000B0B58AB013468C4692
S3150801290086460990089107920998089A079900241A
S3150801291006912146069D05932B46CDF810C0CDF8A4
S315080129200CE0029401F04CFA0299019008460AB0AB
S31508012930B0BD00000000000080B586B00A46034617
S3150801294005900491059880210392029301F0E0F91C
S315080129500599002201900846114601F0D9F900901F
S3150801296006B080BD00000000B0B58AB013468C469B
S31508012970864609900891079209980321C0F894128E
S3150801298007980999C1F8580107980999C1F85C018E
S315080129900998089A0799002406912146069D0593E8
S315080129A02B46CDF810C0CDF80CE0029401F068F87A
S315080129B00299019008460AB0B0BD00000000000067
S315080129C080B584B00146039003980522C0F8942285
S315080129D003980022029111460192019B01F050F8D9
S315080129E001990090084604B080BD0000000000006F
S315080129F0B0B58AB013468C46864609900891079267
S31508012A0009980221C0F894120798099988610798CC
S31508012A100999C8610998089A0799002406912146D7
S31508012A20069D05932B46CDF810C0CDF80CE002940F
S31508012A3001F0C6F90299019008460AB0B0BD000036
S31508012A4080B584B00146039003980422C0F8942205
S31508012A5003980022029111460192019B01F0B0F9F7
S31508012A6001990090084604B080BD000000000000EE
S31508012A7080B588B00A460346079006910698C0882D
S31508012A8001280592049305D0FFE707980699FFF7F1
S31508012A9053FF23E0079890F89C02411E02290390F0
S31508012AA004D3FFE7039803280BD011E00798002108
S31508012AB08160079800F108010122FFF799FF02904A
S31508012AC00BE00798011D0122FFF792FF019004E030
S31508012AD007980699FFF730FFFFE7FFE708B080BDC3
S31508012AE080B598B00A460346179016910020ADF8AE
S31508012AF0560014908DF84F00169840884FF0FF3114
S31508012B0001EB102001460E2812921193109100F242
S31508012B106F811099DFE811F02E003B005F006C0110
S31508012B206C0131014D016C016C016C016C016C0188
S31508012B306C016C010F001798D0F8B402C06900281F
S31508012B400DD0FFE71798D0F8B412C969007C0DF1CA
S31508012B5056020F9111460F9A9047149009E017985B
S31508012B601699FFF7E9FE9DF84F0001308DF84F00E1
S31508012B70FFE747E11798D0F8B4120968007C0DF110
S31508012B8056020E9111460E9A904714903AE11798FB
S31508012B90007C00280FD1FFE71798D0F8B802806AA1
S31508012BA00DF156010D9008460D9988471490149811
S31508012BB0022141700EE01798D0F8B802C06A0DF1EB
S31508012BC056010C9008460C998847149014980221CE
S31508012BD04170FFE716E116988078014605280B91A2
S31508012BE000F2C0800B99DFE801F0032241607F9E65
S31508012BF01798D0F8B402406800280DD0FFE7179857
S31508012C00D0F8B4124968007C0DF156020A911146B2
S31508012C100A9A9047149009E017981699FFF78CFEBF
S31508012C209DF84F0001308DF84F00FFE7A4E0179893
S31508012C30D0F8B402806800280DD0FFE71798D0F8BD
S31508012C40B4128968007C0DF1560209911146099A58
S31508012C509047149009E017981699FFF76DFE9DF8AD
S31508012C604F0001308DF84F00FFE785E01798D0F83F
S31508012C70B402C06800280DD0FFE71798D0F8B4123F
S31508012C80C968007C0DF1560208911146089A9047C9
S31508012C90149009E017981699FFF74EFE9DF84F0014
S31508012CA001308DF84F00FFE766E01798D0F8B402B7
S31508012CB0006900280DD0FFE71798D0F8B412096902
S31508012CC0007C0DF1560207911146079A9047149018
S31508012CD009E017981699FFF72FFE9DF84F00013066
S31508012CE08DF84F00FFE747E01798D0F8B40240691E
S31508012CF000280DD0FFE71798D0F8B4124969007C6F
S31508012D000DF1560206911146069A9047149009E06C
S31508012D1017981699FFF710FE9DF84F0001308DF8A8
S31508012D204F00FFE728E01798D0F8B4028069002819
S31508012D300DD0FFE71798D0F8B4128969007C0DF118
S31508012D40560205911146059A9047149009E017987D
S31508012D501699FFF7F1FD9DF84F0001308DF84F00E8
S31508012D60FFE709E017981699FFF7E6FD9DF84F006A
S31508012D7001308DF84F00FFE744E01798007C0028E2
S31508012D800CD1FFE71798D0F8B802406B0DF1560140
S31508012D900490084604998847149009E017981699EB
S31508012DA0FFF7CAFD9DF84F0001308DF84F00FFE788
S31508012DB028E01798007C00280FD1FFE71798D0F86C
S31508012DC0B802006B0DF1560103900846039988472E
S31508012DD0149014980721417009E017981699FFF77E
S31508012DE0ABFD9DF84F0001308DF84F00FFE709E074
S31508012DF017981699FFF7A0FD9DF84F0001308DF839
S31508012E004F00FFE79DF84F00002801D0FFE72EE0AD
S31508012E101698C088002825D0FFE7BDF85600002877
S31508012E201AD0FFE7BDF856001699C988884204DA10
S31508012E30FFE7BDF85600029003E01698C088029095
S31508012E40FFE70298ADF8560017981499BDF8562071
S31508012E50FFF7CEFD019004E017981699FFF76CFD70
S31508012E60FFE704E01798FFF7EBFD0090FFE718B0BE
S31508012E7080BD00000000000080B588B00A46034600
S31508012E8007908DF81B100798059007980490002065
S31508012E90039004984188007881420192009327DDC6
S31508012EA0FFE704980078ADF80A00FFE7BDF80A00C5
S31508012EB00499498888421ADAFFE705980DF10A014B
S31508012EC000F036F805900598407805280ED1FFE7F9
S31508012ED005980390039880789DF81B10884201D1C4
S31508012EE0FFE704E000200390FFE7FFE7DEE7FFE7DF
S31508012EF0039808B080BD000084B001460390002005
S31508012F008DF80B00039801900091FFE7019800786E
S31508012F10002809D0FFE79DF80B0001308DF80B005A
S31508012F20019801300190F1E79DF80B0004B0704754
S31508012F3085B00A46034604900391049802900298C4
S31508012F4000780399B1F800C0604408800498029992
S31508012F5009780844029002980192009305B07047D7
S31508012F6080B586B00A46034605900491059890F8FF
S31508012F709C02013802280392029321D8FFE704989C
S31508012F80C088022805D0FFE705980499FFF7D4FC05
S31508012F901BE005980121C1600598D0F8A402002814
S31508012FA006D0FFE70598C16841F00201C160FFE755
S31508012FB0059800F10C010222FFF71AFD019004E0C1
S31508012FC005980499FFF7B8FCFFE706B080BD000035
S31508012FD080B58AB013468C468646099008910792B1
S31508012FE000208DF81B00099800280493CDF80CC021
S31508012FF0CDF808E001D1FFE750E00998059005985A
S31508013000FFF77AFF4FF0020E0EEB4000B0F5007F96
S3150801301004D9FFE74FF40070019008E00598FFF71F
S315080130206BFF4FF0020E0EEB40000190FFE701988F
S31508013030079908800798007808999DF81B208854F5
S315080130409DF81B0001308DF81B0008989DF81B1090
S31508013050032242549DF81B0001308DF81B00FFE73F
S3150801306005980078002819D0FFE70598007808998F
S315080130709DF81B2088540598013005909DF81B0082
S3150801308001308DF81B0008989DF81B100022425448
S315080130909DF81B0001308DF81B00E1E70AB080BDE1
S315080130A083B001468DF80B0000208DF80A009DF8C3
S315080130B00B00024603280191009214D80099DFE813
S315080130C001F002060A0E00208DF80A000FE003201F
S315080130D08DF80A000BE001208DF80A0007E00320AD
S315080130E08DF80A0003E003208DF80A00FFE79DF832
S315080130F00A0003B07047000080B584B00A4603464B
S315080131008DF80F0002919DF80F0000280192009397
S315080131100CD1FFE7029A4BF2B630C0F6010040F631
S31508013120A071C2F20041FFF753FF0BE0029A4BF27E
S31508013130B630C0F6010040F6A071C2F20041FFF7B1
S3150801314047FFFFE740F6A070C2F2004004B080BD19
S3150801315084B00A4603468DF80F000291029812219F
S31508013160018040F24C10C2F200400192009304B073
S31508013170704700000000000080B584B00A46034687
S315080131808DF80F0002919DF80F0000280192009317
S315080131900CD1FFE7029A4BF2A830C0F6010040F6BF
S315080131A0A071C2F20041FFF713FF0BE0029A4BF23E
S315080131B0A830C0F6010040F6A071C2F20041FFF73F
S315080131C007FFFFE740F6A070C2F2004004B080BDD9
S315080131D084B00A4603468DF80F000291029804212D
S315080131E0018040F27410C2F200400192009304B0CB
S315080131F0704700000000000080B586B00A46034605
S315080132008DF81700049104984BF2C131C0F60101FB
S3150801321040F6A07CC2F2004C039008466146DDF8F0
S315080132200CE0029272460193CDF800C0FFF7D0FE7A
S31508013230009806B080BD000080B584B00A460346F2
S315080132408DF80F0002919DF80F0000280192009356
S315080132500CD1FFE7029A4BF2D430C0F6010040F6D2
S31508013260A071C2F20041FFF7B3FE0BE0029A4BF2DE
S31508013270D430C0F6010040F6A071C2F20041FFF752
S31508013280A7FEFFE740F6A070C2F2004004B080BD79
S3150801329080B584B00A4603468DF80F00029102985C
S315080132A01A21018001920093EEF742FC40F2781050
S315080132B0C2F2004004B080BD80B588B013468C4682
S315080132C08646069005918DF81320069800280393E3
S315080132D0CDF808C0CDF804E004D1FFE703208DF846
S315080132E01F0024E006980021C0F8B8120698C0F815
S315080132F0C4120698C0F8D0120598002805D0FFE731
S3150801330005980699C1F8B402FFE70698012180F8E5
S315080133109C129DF8130006990870069800F074FA35
S315080133208DF812009DF812008DF81F00FFE79DF831
S315080133301F0008B080BD000080B584B00A46034668
S3150801334003908DF80B1000208DF80A008DF80900FE
S315080133500398D0F8C8029DF80B1001920093F3F771
S315080133607FFC8DF80A009DF80A00FFF799FE8DF893
S3150801337009009DF8090004B080BD000000000000A6
S3150801338080B584B00A46034603908DF80B100020D9
S315080133908DF80A008DF809000398D0F8C8029DF83F
S315080133A00B1001920093F3F7FFFB8DF80A009DF8C5
S315080133B00A00FFF775FE8DF809009DF8090004B0AB
S315080133C080BD00000000000080B594B013468C460D
S315080133D0864612908DF8471010929DF847000028EE
S315080133E00D93CDF830C0CDF82CE040F08480FFE78E
S315080133F0129814300F901298D0F89402022869D1C5
S31508013400FFE70F988168C068814216D9FFE70F98D0
S315080134108168C268891A8160129810990F9A926810
S31508013420FFF76AFA129900220A900846114609928C
S31508013430099B00F025FB08904BE00F988168C0684E
S31508013440884221D1FFE70F984168C06881421BD3A2
S31508013450FFE70F9840681299D1F89812884213D25B
S31508013460FFE7129800210791079AFFF745FA129983
S31508013470079AC1F898221299069008461146079BA1
S3150801348000F0FEFA059023E0129890F89C020328B2
S3150801349013D1FFE71298D0F8B802C06800280BD0FC
S315080134A0FFE712980021C0F8D4121298D0F8B81282
S315080134B0C96888470490FFE7FFE71298802100F062
S315080134C027FC129903900846FFF77AFA0290FFE75C
S315080134D0FFE7FFE7129890F8A00200280AD0FFE755
S315080134E0129800F015FDDDF848E000218EF8A012CB
S315080134F00190FFE746E012989DF8471041F08001D8
S31508013500FFF7C2F98DF83A009DF83A00FF2838D03E
S31508013510FFE79DF83A00002833D1FFE7129890F8A3
S315080135209C0203282CD1FFE712989DF83A1000EB6C
S315080135308100D0F8B8024069002820D0FFE79DF83D
S315080135403A001299C1F8D40212989DF83A1000EB84
S315080135508101D1F8B81249699DF8472000911146B1
S31508013560009A90478DF83B009DF83B00002805D04E
S31508013570FFE79DF83B008DF84F0007E0FFE7FFE7FF
S31508013580FFE7FFE700208DF84F00FFE79DF84F00A2
S3150801359014B080BD0000000080B592B013468C4679
S315080135A0864610908DF83F100E9200208DF8330054
S315080135B09DF83F0000280B93CDF828C0CDF824E0EC
S315080135C040F08C80FFE7109800F5AA700D901098CE
S315080135D0D0F89402032840F08080FFE70D988168AF
S315080135E0C068814221D9FFE70D988168C268891AA6
S315080135F0816010980E990D9A9368D2689342089043
S31508013600079104D2FFE70D988068069003E00D98AC
S31508013610C0680690FFE70698089905900846079935
S31508013620059AFFF749F9049056E0109890F8AA020E
S3150801363000F01F0001460028039108D0FFE7039810
S31508013640012808D0FFE7039802280CD013E00020D0
S315080136508DF8320013E0109890F8AE12FFF720F9B2
S315080136608DF832000BE0109890F8AE12FFF70CF9BE
S315080136708DF8320003E000208DF83200FFE79DF84F
S315080136803200002823D1FFE7109890F89C020328FE
S315080136901CD1FFE710989DF8321000EB8100D0F895
S315080136A0B8020069002810D0FFE79DF8320010998A
S315080136B0C1F8D40210989DF8321000EB8101D1F8B7
S315080136C0B812096988470290FFE7FFE7FFE71098F4
S315080136D0FFF7B6F90190FFE7FFE746E010989DF876
S315080136E03F1001F07F01FFF7CFF88DF832009DF802
S315080136F03200FF2838D0FFE79DF83200002833D181
S31508013700FFE7109890F89C02032822D1FFE710984A
S315080137109DF8321000EB8100D0F8B80280690028C4
S3150801372016D0FFE79DF832001099C1F8D402109817
S315080137309DF8321000EB8101D1F8B81289699DF81C
S315080137403F2000911146009A90478DF83300FFE714
S31508013750FFE79DF83300002805D0FFE79DF8330001
S315080137608DF8470005E0FFE7FFE700208DF84700E1
S31508013770FFE79DF8470012B080BD00000000000079
S3150801378082B0014601900020009102B07047000006
S3150801379080B584B00146039000208DF80B0003988C
S315080137A0012280F89C220398D0F8B80200280191DA
S315080137B011D0FFE70398D0F8B81249680279009149
S315080137C01146009A9047002804D0FFE703208DF898
S315080137D00B00FFE7FFE79DF80B0004B080BD000072
S315080137E080B584B00A46034603908DF80B100398FA
S315080137F0D0F8C8029DF80B1001920093F3F79CFAD2
S3150801380004B080BD0000000080B588B0014607906D
S31508013810079800780128069140D1FFE7079842F6F4
S315080138201461C2F20041C1F8E0040798C0F8C81251
S315080138300020C4F204000860092008710220C8713A
S3150801384000228A7148728A72CA720A738A73CA73A3
S315080138500A740846F4F7A8F8002803D0FFE7EDF73D
S31508013860DFFFFFE742F61460C2F2004080210590AF
S315080138700491F3F79DF80021DDF814E003907046F2
S31508013880049AF3F7A5F801214FF4BA72DDF814E0AA
S3150801389002907046F3F79CF80190FFE7002008B004
S315080138A080BD00000000000086B00A460346049069
S315080138B08DF80F100498D0F8C80202909DF80F00F1
S315080138C000060028019200930DD5FFE702989DF89E
S315080138D00F1001F07F0101EBC10100EB8100807D32
S315080138E08DF817000DE002989DF80F1001F07F0181
S315080138F001EBC10100EB810090F856028DF8170023
S31508013900FFE79DF8170006B07047000000000000A9
S3150801391080B588B00A46034606908DF817100698B2
S31508013920D0F8D41200EB8100D0F8B802002804922E
S31508013930039304D1FFE703208DF81F0025E00698BD
S3150801394090F89C0203281CD1FFE70698D0F8D412F8
S3150801395000EB8100D0F8B802006A002810D0FFE712
S315080139600698D0F8D41200EB8101D1F8B812096A89
S315080139709DF8172002911146029A90470190FFE798
S31508013980FFE700208DF81F00FFE79DF81F0008B02C
S3150801399080BD00000000000080B588B00A460346D5
S315080139A006908DF817100698D0F8D41200EB81000E
S315080139B0D0F8B80200280492039304D1FFE7032044
S315080139C08DF81F0025E0069890F89C0203281CD163
S315080139D0FFE70698D0F8D41200EB8100D0F8B802B8
S315080139E0406A002810D0FFE70698D0F8D41200EBF9
S315080139F08101D1F8B812496A9DF81720029111463A
S31508013A00029A90470190FFE7FFE700208DF81F0013
S31508013A10FFE79DF81F0008B080BD00000000000008
S31508013A20B0B588B09C4696460C46054607908DF873
S31508013A301B108DF81A20ADF8183000208DF81700E4
S31508013A408DF816000798D0F8C8029DF81A30BDF807
S31508013A5018209DF81B10CDF810C0CDF80CE0029483
S31508013A600195F3F781F98DF817009DF81700FFF70F
S31508013A7017FB8DF816009DF8160008B0B0BD0000BA
S31508013A80B0B58AB09C4696460C46054609908DF80F
S31508013A9023100792069300208DF817008DF816005B
S31508013AA00998D0F8C802079A069B9DF82310CDF805
S31508013AB010C0CDF80CE002940195F3F7D9F98DF809
S31508013AC017009DF81700FFF7EBFA8DF816009DF819
S31508013AD016000AB0B0BD000080B58AB0014609904B
S31508013AE000208DF82300099A012382F89C32099A4D
S31508013AF0C2F89402099A5060099AC2F8A402099A6E
S31508013B0082F8A0020998D0F8B8020028079119D0BE
S31508013B10FFE70998D0F8B8024068002811D0FFE7F6
S31508013B200998D0F8B8124968027906911146069A99
S31508013B309047002804D0FFE703208DF82300FFE70C
S31508013B40FFE7FFE70998002140220591059B0492AA
S31508013B501A46049BFFF764FF09990122A1F864211B
S31508013B600999049BC1F8603109994FF0800E0390B9
S31508013B7008467146DDF814E002927246FFF750FFD7
S31508013B800999029A8A840999049B0B629DF8231064
S31508013B90019008460AB080BD82B00146019001989D
S31508013BA090F89C020428009107D1FFE7019890F844
S31508013BB09D02019981F89C02FFE7002002B0704737
S31508013BC080B584B001460390039890F89C020328B7
S31508013BD0029116D1FFE70398D0F8B80200280FD052
S31508013BE0FFE70398D0F8B802C069002807D0FFE7B5
S31508013BF00398D0F8B812C96988470190FFE7FFE72B
S31508013C00FFE7002004B080BD84B00A46034603904E
S31508013C108DF80B109DF80B0003990874002001928A
S31508013C20009304B07047000080B584B00A46034685
S31508013C3003908DF80B1000208DF80A008DF8090005
S31508013C400398D0F8C8029DF80B1001920093F4F777
S31508013C506FF88DF80A009DF80A00FFF721FA8DF82A
S31508013C6009009DF8090004B080BD000000000000AD
S31508013C7080B586B00A46034605900491059800F278
S31508013C80AA2004990292019300F0C6F80598012129
S31508013C90C0F894120598B0F8B012C0F898120598B1
S31508013CA090F8AA0200F01F0001460028009108D0EA
S31508013CB0FFE7009801280CD0FFE70098022810D0EA
S31508013CC017E0059800F2AA2100F0B6FA8DF80F0060
S31508013CD019E0059800F2AA2100F022FD8DF80F00DF
S31508013CE011E0059800F2AA2100F016FB8DF80F00E5
S31508013CF009E0059890F8AA1201F0800100F008F889
S31508013D008DF80F00FFE79DF80F0006B080BD000093
S31508013D1080B584B00A46034603908DF80B1000203F
S31508013D208DF80A008DF809000398D0F8C8029DF8A5
S31508013D300B1001920093F3F7E3F88DF80A009DF84A
S31508013D400A00FFF7ADF98DF809009DF8090004B0DE
S31508013D5080BD00000000000080B584B001460390D4
S31508013D6000208DF80B008DF80A000398D0F8C802D8
S31508013D700191F4F725F88DF80B009DF80B00FFF774
S31508013D808FF98DF80A009DF80A0004B080BD00007D
S31508013D9082B001460190019890F89C02042800918E
S31508013DA007D0FFE7019890F89C02019981F89D02D6
S31508013DB0FFE70198042180F89C12002002B07047A1
S31508013DC0B0B58AB09C4696460C46054609908DF8CC
S31508013DD023100792069300208DF817008DF8160018
S31508013DE00998D0F8C802079A069B9DF82310CDF8C2
S31508013DF010C0CDF80CE002940195F3F7FDF88DF8A3
S31508013E0017009DF81700FFF74BF98DF816009DF876
S31508013E1016000AB0B0BD000080B586B00A46034652
S31508013E200590049104980390039800780599087001
S31508013E300398013003900398007805994870039810
S31508013E4001300390039802920193FBF735FE059919
S31508013E504880039801300390039801300390039832
S31508013E60FBF72AFE05998880039801300390039889
S31508013E70013003900398FBF71FFE0599C88006B029
S31508013E8080BD00000000000080B588B00A460346E0
S31508013E90069005910020ADF81200059800280392B6
S31508013EA0029304D1FFE703208DF81F002AE0059845
S31508013EB00699C1F8B8020698D0F8D41200EB810029
S31508013EC0D0F8B802C06A002812D0FFE70698D0F8E1
S31508013ED0D41200EB8100D0F8B802C06A0DF11201C4
S31508013EE001900846019988470699C1F8D002FFE76B
S31508013EF00698D0F8D8120131C0F8D81200208DF8EA
S31508013F001F00FFE79DF81F0008B080BD00000000F4
S31508013F1082B0014601900020009102B0704700006E
S31508013F2080B588B00A4603460790069106988088A8
S31508013F300028049203933CD1FFE70698C08800281D
S31508013F4037D1FFE7069840887F2832D8FFE70698D9
S31508013F50807800F07F008DF81700079890F89C028A
S31508013F60032805D1FFE707980699FEF7E5FC1FE048
S31508013F709DF81700079981F89E0207989DF8171072
S31508013F80FFF752FE079902900846FEF759FD9DF87C
S31508013F9017100029019005D0FFE70798022180F83C
S31508013FA09C1204E00798012180F89C12FFE7FFE7BD
S31508013FB004E007980699FEF7BFFCFFE708B080BD45
S31508013FC080B586B00A46034605908DF81310002081
S31508013FD08DF812000598D0F8B802002803920293CA
S31508013FE00DD0FFE70598D0F8B81209689DF8132097
S31508013FF001911146019A90478DF81200FFE79DF845
S31508014000120006B080BD000080B592B00A4603468C
S3150801401010900F9100208DF83B000F98807840F69C
S315080140209C71C2F200410870087802280D920C931F
S3150801403008D3FFE710980F99FEF77EFC03208DF849
S315080140404700B9E0109890F89C02014602280B91A6
S3150801405004D0FFE70B98032837D097E040F69C7009
S31508014060C2F200400078002829D0FFE740F69C708C
S31508014070C2F200400178109A5160109900780A90AE
S3150801408008460A99FFF79CFF8DF83B009DF83B000F
S31508014090002809D0FFE710980F99FEF74DFC1098F4
S315080140A0022180F89C1209E01098FEF7C9FCDDF898
S315080140B040E003218EF89C120990FFE704E010986E
S315080140C0FEF7BEFC0890FFE771E040F69C70C2F26D
S315080140D000400078002819D1FFE71098022180F8DE
S315080140E09C1240F69C70C2F200400178109A516009
S315080140F010990078079008460799FEF779FB1099F9
S3150801410006900846FEF79CFC05903EE040F69C703A
S31508014110C2F2004000781099496888422FD0FFE71B
S3150801412010980179FEF764FB40F69C71C2F20041D2
S3150801413091F800E0109AC2F804E0109A0978049000
S315080141401046FFF73DFF8DF83B009DF83B00002820
S315080141500FD0FFE710980F99FEF7EEFB109801793B
S31508014160FEF746FB10994FF0020E81F89CE2039088
S3150801417004E01098FEF764FC0290FFE704E010984B
S31508014180FEF75EFC0190FFE7FFE710E010980F9934
S31508014190FEF7D2FB109840F69C71C2F200410978ED
S315080141A0FEF726FB03218DF83B100090FFE79DF8EB
S315080141B03B008DF84700FFE79DF8470012B080BD28
S315080141C080B586B00A46034605900491049840884E
S315080141D001280392029309D1FFE705980121C0F846
S315080141E0A4120598FEF72CFC019015E00498408866
S315080141F002280BD1FFE704988088000A059981F8FF
S31508014200A0020598FEF71CFC009004E005980499A5
S31508014210FEF792FBFFE7FFE706B080BD000000004E
S3150801422080B582B00146019001980091FFF794FD8F
S3150801423002B080BD0000000080B588B00A4603467A
S315080142400790069100208DF817000698007800F06F
S3150801425060000146002804920393029118D0FFE7F3
S315080142600298202804D0FFE70298402849D1FFE7A1
S315080142700798D0F8D41200EB8101D1F8B8128968F1
S31508014280069A01911146019A90478DF817003DE06B
S31508014290069840780146092800912CD80099DFE84C
S315080142A001F01B252A202A0A052A160F07980699BE
S315080142B0FEF716FC24E007980699FFF731FE1FE082
S315080142C007980699FFF7A0FE8DF8170018E00798DA
S315080142D00699FEF7CDFB13E007980699FEF740FE0F
S315080142E00EE007980699FFF76BFF09E0079806990C
S315080142F0FEF7A2FA04E007980699FEF71DFBFFE709
S3150801430004E007980699FEF717FBFFE79DF81700E3
S3150801431008B080BD0000000080B59AB00A46034681
S315080143201990189100208DF85900189880888DF8F1
S315080143305B001898007800F0600001460028159285
S31508014340149313913CD0FFE71398202805D0FFE773
S315080143501398402840F0DA81FFE719989DF85B1019
S31508014360FEF792FA8DF85A009DF85A00FF2826D0D2
S31508014370FFE79DF85A00002821D1FFE79DF85A006A
S315080143801999C1F8D40219989DF85A1000EB8100C1
S31508014390D0F8B8028068002810D0FFE719989DF870
S315080143A05A1000EB8101D1F8B8128968189A12914E
S315080143B01146129A90478DF85900FFE7FFE7AAE1DF
S315080143C01898407801460028119100F0D980FFE736
S315080143D01198012857D0FFE71198032840F09081DA
S315080143E0FFE7199890F89C0201460228109104D01B
S315080143F0FFE7109803281FD03FE09DF85B000028CF
S3150801440014D0FFE79DF85B0080280FD0FFE71998C5
S315080144109DF85B10FFF77CFC19994FF0800E0F9001
S3150801442008467146FFF774FC0E9004E0199818992E
S31508014430FEF782FAFFE725E018984088002817D189
S31508014440FFE79DF85B00002811D0FFE79DF85B00A8
S3150801445080280CD0FFE71898C088002807D1FFE705
S3150801446019989DF85B10FFF753FC0D90FFE7FFE7DE
S315080144701998FEF7E5FA0C9004E019981899FEF7D1
S315080144805BFAFFE741E1199890F89C020146022878
S315080144900B9104D0FFE70B9803281FD06AE09DF81B
S315080144A05B00002814D0FFE79DF85B0080280FD039
S315080144B0FFE719989DF85B10FFF72AFC19994FF049
S315080144C0800E0A9008467146FFF722FC099004E01F
S315080144D019981899FEF730FAFFE750E018984088BE
S315080144E0002846D1FFE79DF85B004006002807D063
S315080144F0FFE719989DF85B10FEF71EFF0890FFE786
S315080145001998FEF79DFADDF864E09DF85B100790AF
S315080145107046FEF7B9F98DF85A009DF85A00FF283A
S3150801452026D0FFE79DF85A00002821D1FFE79DF81C
S315080145305A001999C1F8D40219989DF85A1000EB36
S315080145408100D0F8B8028068002810D0FFE71998D2
S315080145509DF85A1000EB8101D1F8B8128968189AAA
S3150801456006911146069A90478DF85900FFE7FFE72D
S31508014570FFE704E019981899FEF7DEF9FFE7C4E0AA
S31508014580199890F89C0201460228059104D0FFE784
S31508014590059803283AD0ADE09DF85B0000280AD0BB
S315080145A0FFE79DF85B00802805D0FFE71998189961
S315080145B0FEF7C2F9A3E09DF85B00000600280CD5BA
S315080145C0FFE719989DF85B1001F07F0101EB810166
S315080145D000EB8100143004900CE019989DF85B10EB
S315080145E001F07F0101EB810100EB810000F5AA7062
S315080145F00490FFE70498179017980021016019980D
S3150801460017990222FEF7F4F9039078E09DF85B000A
S315080146100006002813D5FFE719989DF85B1001F0ED
S315080146200F0101EB810100EB8100808C002805D187
S31508014630FFE719981899FEF77FF960E013E01998D2
S315080146409DF85B1001F00F0101EB810100EB810080
S31508014650B0F86401002805D1FFE719981899FEF703
S315080146606BF94CE0FFE79DF85B00000600280CD5C6
S31508014670FFE719989DF85B1001F07F0101EB8101B5
S3150801468000EB8100143002900CE019989DF85B103C
S3150801469001F07F0101EB810100EB810000F5AA70B1
S315080146A00290FFE7029817909DF85B00002805D055
S315080146B0FFE79DF85B00802804D1FFE717980021E2
S315080146C0016010E019989DF85B10FFF7EDF80028D6
S315080146D004D0FFE717980121016003E0179800212C
S315080146E00160FFE7FFE7199817990222FEF780F99B
S315080146F0019004E019981899FEF71EF9FFE704E0FE
S3150801470019981899FEF718F9FFE704E01998189906
S31508014710FEF712F9FFE79DF859001AB080BD0000AF
S3150801472080B588B00A4603460790069100208DF8A1
S3150801473017000698007800F06000014600280492E8
S315080147400393029108D0FFE70298202804D0FFE7D7
S315080147500298402862D1FFE7079890F89C02013831
S31508014760022855D8FFE70698007901284AD8FFE7B5
S31508014770079806990979FEF793F88DF816009DF8BA
S315080147801600FF282AD0FFE79DF81600002825D134
S31508014790FFE707989DF8161000EB8100D0F8B802DC
S315080147A08068002815D0FFE79DF816000799C1F81B
S315080147B0D40207989DF8161000EB8101D1F8B812BA
S315080147C08968069A01911146019A90478DF8170052
S315080147D003E003208DF81700FFE703E003208DF8B7
S315080147E01700FFE70698C08800280AD1FFE79DF859
S315080147F01700002805D1FFE70798FEF721F9009071
S31508014800FFE704E007980699FEF796F8FFE704E044
S3150801481007980699FEF790F8FFE704E007980699C6
S31508014820FEF78AF8FFE79DF8170008B080BD00007B
S3150801483082B001460190009102B070470000000065
S3150801484082B00146019041F2A010C2F200400091E7
S3150801485002B070470000000086B00A46034605907C
S31508014860049105980390049800780290049840787A
S3150801487001280192009331D1FFE70498007800F0EE
S315080148800F00012101FA00F080B20399D1F81C2822
S315080148901043C1F81C080398029900EB4110D0F89F
S315080148A0000910F4004F18D1FFE7049881686FF3E7
S315080148B0DF21007941EA8040029940EA8150039A52
S315080148C002EB4111D1F80029104348F20002C1F266
S315080148D000021043C1F80009FFE72EE004980078AA
S315080148E000F00F00012101FA00F00399D1F81C2804
S315080148F042EA0040C1F81C080398029900EB4110EE
S31508014900D0F8000B10F4004F16D1FFE70498816820
S315080149106FF3DF21007941EA80400399029A01EB9E
S315080149204211D1F8002B104348F20002C1F20002ED
S315080149301043C1F8000BFFE7FFE7002006B07047F8
S3150801494083B001460290029801900198D0F8002997
S3150801495040F2FF739A43C0F800290198D0F8042859
S3150801496042F48072C0F804280020009103B0704711
S3150801497070B58EB0DDF848C09E4614460D4606460B
S31508014980CDF824C00893079206919DF824108DF856
S3150801499034100699079A089B0C930B920A91059075
S315080149A09DF82D00012803950294CDF804E00096A0
S315080149B023D1FFE70598816B21F48031816305983E
S315080149C0C1684FF6BF72CFF6BD721140C160059836
S315080149D0C16821F44011C1609DF83400012806D14F
S315080149E0FFE70598C16841F48011C160FFE70598A2
S315080149F000F03EF88DF813001BE00598C16841F0F8
S31508014A004001C160059800F033F88DF813009DF850
S31508014A103100002806D1FFE70598816B41F4803102
S31508014A20816305E00598816B21F480318163FFE795
S31508014A30FFE79DF82A00012816D1FFE70598C16D01
S31508014A4089B2C1650598C16D0022C0F2EE321143E3
S31508014A50C1650598816841F00601816005988168FC
S31508014A6041F020018160FFE79DF813000EB070BD8B
S31508014A7084B001460290002001900091FFE7019859
S31508014A80013001900198B0F1706F04D9FFE7032056
S31508014A908DF80F0026E0FFE70298006910F0004F35
S31508014AA0EDD0FFE7002001900298016941F001016C
S31508014AB00161FFE70198013001900198B0F1706F2B
S31508014AC004D9FFE703208DF80F000BE0FFE70298F2
S31508014AD0006900F001000128ECD0FFE700208DF8FD
S31508014AE00F00FFE79DF80F0004B0704700000000B3
S31508014AF086B00A46034605900491059803900498E2
S31508014B0000780290049840780128019200934ED1CA
S31508014B10FFE70398029900EB4110D0F8000910F05D
S31508014B20004F15D0FFE70398029900EB4110D0F822
S31508014B30001941F00061C0F800190398029900EBC9
S31508014B404110D0F8001941F08041C0F80019FFE77B
S31508014B500498007800F00F00012101FA00F0002204
S31508014B60CFF6FF7262EA0000039BD3F83CC800EA5D
S31508014B700C00C3F83C080498007800F00F0001FA0D
S31508014B8000F062EA00000399D1F81C281040C1F828
S31508014B901C080398029900EB4110D0F8001947F652
S31508014BA00002CEF633421140C0F8001947E00398D7
S31508014BB0029900EB4110D0F8000B10F0004F15D008
S31508014BC0FFE70398029900EB4110D0F8001B41F06A
S31508014BD00061C0F8001B0398029900EB4110D0F858
S31508014BE0001B41F08041C0F8001BFFE704980078DC
S31508014BF000F00F00012101FA00F0039AD2F83C38BF
S31508014C0023EA0040C2F83C080498007800F00F0037
S31508014C1001FA00F00399D1F81C2822EA0040C1F8EC
S31508014C201C080398029900EB4110D0F8001B47F6BF
S31508014C300002CEF6F3721140C0F8001BFFE7002010
S31508014C4006B070470000000083B001460290029842
S31508014C5001900198D0F8002E22F00302C0F8002E28
S31508014C600198D0F8042822F00202C0F8042800208E
S31508014C70009103B07047000083B001460290029884
S31508014C8001900198D0F8002E22F00302C0F8002EF8
S31508014C900198D0F8042842F00202C0F8042800203E
S31508014CA0009103B07047000070B594B0DDF860C09C
S31508014CB09E4614460D460646CDF83CC00E930D9207
S31508014CC00C919DF83C108DF84C100C990D9A0E9B81
S31508014CD01293119210910B9000208DF82B000B99CD
S31508014CE00991089007950694CDF814E00496FFE714
S31508014CF008980E280CD8FFE70B98089900EB810055
S31508014D000021C0F80411FFE7089801300890EFE781
S31508014D109DF84A00002817D1FFE70998D0F804182A
S31508014D2041F00201C0F804180B98816B21F40011B7
S31508014D3081630B98016841F0400101600B98016895
S31508014D4041F08001016005E00B98816B41F4001187
S31508014D508163FFE709980021C0F8001E9DF8450008
S31508014D60012812D1FFE79DF84300002806D1FFE785
S31508014D700B98002100F0FCFE039005E00B98012139
S31508014D8000F0F6FE0290FFE705E00B98032100F01C
S31508014D90EFFE0190FFE70B98102100F0EDFC0028CB
S31508014DA004D0FFE701208DF82B00FFE70B9800F0F0
S31508014DB0A7FC002804D0FFE701208DF82B00FFE7A8
S31508014DC009980021C0F810180998C0F8141809980C
S31508014DD0C0F81C180891FFE708989DF8401088420A
S31508014DE03DD2FFE70998089900EB4110D0F8000970
S31508014DF010F0004F17D0FFE70898002809D1FFE700
S31508014E000998089900EB41104FF00061C0F80019A4
S31508014E1008E00998089900EB41104FF09041C0F855
S31508014E200019FFE707E00998089900EB41100021EE
S31508014E30C0F80019FFE70998089900EB411000210D
S31508014E40C0F810190998089900EB41104FF67F31FF
S31508014E50C0F80819FFE7089801300890BCE7002058
S31508014E600890FFE708989DF8401088423DD2FFE771
S31508014E700998089900EB4110D0F8000B10F0004F83
S31508014E8017D0FFE70898002809D1FFE7099808997C
S31508014E9000EB41104FF00061C0F8001B08E00998CB
S31508014EA0089900EB41104FF09041C0F8001BFFE74D
S31508014EB007E00998089900EB41100021C0F8001B8A
S31508014EC0FFE70998089900EB41100021C0F8101B6B
S31508014ED00998089900EB41104FF67F31C0F8081B75
S31508014EE0FFE7089801300890BCE70998D0F8101830
S31508014EF021F48071C0F810180B98002181610B9874
S31508014F006FF0804141619DF84200002806D1FFE714
S31508014F100B98816941F010018161FFE70B9881695E
S31508014F2043F60002C8F23C02114381619DF846002E
S31508014F30002806D0FFE70B98816941F008018161D5
S31508014F40FFE79DF84A00012808D1FFE70B98816918
S31508014F500422C4F2000211438161FFE79DF82B0088
S31508014F6014B070BD0000000082B00146019001989E
S31508014F70826822F0010282600020009102B0704727
S31508014F8080B589B013468C46864607908DF81B1066
S31508014F900592079804900798006C0390039843F2CA
S31508014FA00B01C4F6547188420293CDF804C0CDF8BA
S31508014FB000E00CD3FFE70498D0F8000B10F0004F7F
S31508014FC004D0FFE700208DF823002EE0FFE70498C0
S31508014FD00021C0F8101B0498D0F8101B41F40021D9
S31508014FE0C0F8101B0498D0F8101B41F01801C0F83E
S31508014FF0101B0498D0F8101B41F0C041C0F8101BD3
S315080150009DF81B0001280CD1FFE705980499C1F802
S31508015010140B0498D0F8001B41F08021C0F8001B3E
S31508015020FFE700208DF82300FFE79DF8230009B06C
S3150801503080BD00000000000086B00A4603460590C0
S315080150400491059803900498007802900498407892
S3150801505001280192009320D1FFE70398029900EBFA
S315080150604110D0F8001921F40011C0F8001904986C
S315080150700079032805D0FFE70498007902280BD1A7
S31508015080FFE70398029900EB4110D0F8001941F0A7
S315080150908051C0F80019FFE71FE00398029900EB59
S315080150A04110D0F8001B21F40011C0F8001B049828
S315080150B00079032805D0FFE70498007902280BD167
S315080150C0FFE70398029900EB4110D0F8001B41F065
S315080150D08051C0F8001BFFE7FFE7002006B07047C4
S315080150E086B00A46034605900491059803900498EC
S315080150F0007802900498407801280192009324D1FF
S31508015100FFE70398029900EB4110D0F8000910F067
S31508015110004F0FD1FFE7029800280BD0FFE703984D
S31508015120029900EB4110D0F8001921F08041C0F82E
S315080151300019FFE70398029900EB4110D0F800190E
S3150801514041F40011C0F8001923E00398029900EB15
S315080151504110D0F8000B10F0004F0FD1FFE702986D
S3150801516000280BD0FFE70398029900EB4110D0F80D
S31508015170001B21F08041C0F8001BFFE70398029944
S3150801518000EB4110D0F8001B41F40011C0F8001BD8
S31508015190FFE7002006B0704780B58CB013468C46F1
S315080151A086460B900A918DF827200B9808900A9845
S315080151B0007807900A98407801280593CDF810C021
S315080151C0CDF80CE040F02D81FFE70A980069002828
S315080151D01FD1FFE70898079900EB4110D0F810197D
S315080151E06FF3DC41C0F810190898079900EB4110D4
S315080151F0D0F8101941F40021C0F810190898079938
S3150801520000EB4110D0F810196FF31201C0F810190C
S3150801521073E00898079900EB4110D0F810196FF35D
S315080152201201C0F810190898079900EB4110D0F837
S3150801523010196FF3DC41C0F810190798002815D129
S31508015240FFE70A9881680069884204D9FFE70A9846
S3150801525081680161FFE70898079900EB4110D0F8CA
S31508015260101941F40021C0F8101938E00A9881682C
S31508015270006908440138B0FBF1F0ADF81A00BDF831
S315080152801A000021C1F6F87101EAC0400899079A87
S3150801529001EB4211D1F810291043C1F810090A98F7
S315080152A0007901281AD1FFE70898079900EB411000
S315080152B0D0F8101921F0C041C0F81019BDF81A002C
S315080152C04FF0C04101EA40700899079A01EB421173
S315080152D0D1F810291043C1F81009FFE7FFE70A982A
S315080152E000696FF3DF400899079A01EB4211D1F87B
S315080152F010291043C1F81009FFE79DF82700012876
S315080153003CD1FFE70A98C069002809D0FFE70A9847
S31508015310C0690899079A01EB4211C1F81409FFE718
S315080153200A98007901281ED1FFE70898D0F80808DD
S3150801533010F4807F0BD1FFE70898079900EB41101D
S31508015340D0F8001941F00051C0F800190AE0089890
S31508015350079900EB4110D0F8001941F08051C0F8C7
S315080153600019FFE7FFE70898079900EB4110D0F805
S31508015370001941F00441C0F8001951E0089807994D
S3150801538000EB4110D0F8001941F00441C0F80019AA
S315080153900A980079012814D0FFE70A9800690028BD
S315080153A00ED0FFE70A98007800F00F00012101FAF4
S315080153B000F00899D1F834281043C1F83408FFE7FA
S315080153C02DE00898D0F8080810F4807F0BD1FFE784
S315080153D00898079900EB4110D0F8001941F00051DF
S315080153E0C0F800190AE00898079900EB4110D0F8AF
S315080153F0001941F08051C0F80019FFE70B980A9986
S31508015400CA680B8A09789DF827C0EE46CEF800C00F
S3150801541002911146029A00F0ABFC0190FFE7FFE703
S31508015420C8E00898079900EB4110D0F8101B6FF3F4
S315080154301201C0F8101B0898079900EB4110D0F823
S31508015440101B6FF3DC41C0F8101B0798002824D104
S31508015450FFE70A980069002804D0FFE70A988168DF
S315080154600161FFE70A98816801620A98006A6FF389
S31508015470DF400899079A01EB4211D1F8102B104326
S31508015480C1F8100B0898079900EB4110D0F8101BCA
S3150801549041F40021C0F8101B4AE00A980069002867
S315080154A018D1FFE70A9880686FF3DF400899079AD1
S315080154B001EB4211D1F8102B1043C1F8100B0898D3
S315080154C0079900EB4110D0F8101B41F40021C0F8F0
S315080154D0101B2CE00A988168006908440138B0FB62
S315080154E0F1F0ADF81A000A988168BDF81A205143FF
S315080154F00162BDF81A000021C1F6F87101EAC0403F
S315080155000899079A01EB4211D1F8102B1043C1F8FB
S31508015510100B0A98006A6FF3DF400899079A01EBA6
S315080155204211D1F8102B1043C1F8100BFFE7FFE722
S315080155309DF8270001280FD1FFE70A98C0680028BF
S3150801554009D0FFE70A98C0680899079A01EB421142
S31508015550C1F8140BFFE7FFE70A98007901281ED165
S31508015560FFE70898D0F8080810F4807F0BD1FFE709
S315080155700898079900EB4110D0F8001B41F000513B
S31508015580C0F8001B0AE00898079900EB4110D0F80B
S31508015590001B41F08051C0F8001BFFE7FFE70898A0
S315080155A0079900EB4110D0F8001B41F00441C0F8FF
S315080155B0001BFFE700200CB080BD000000000000C2
S315080155C087B00A46034606900591002004908DF897
S315080155D00F000698029005984078012801920093D9
S315080155E03FD1FFE702980599097800EB4110D0F8F9
S315080155F0000910F0004F33D0FFE7029805990978A2
S3150801560000EB4110D0F8001941F00061C0F800190B
S3150801561002980599097800EB4110D0F8001941F074
S315080156208041C0F80019FFE70498013004900498F6
S3150801563042F21171884204D3FFE701208DF80F0069
S315080156400DE0FFE702980599097800EB4110D0F8BB
S31508015650000900F00040B0F1004FE5D0FFE7FFE791
S315080156603EE002980599097800EB4110D0F8000B45
S3150801567010F0004F33D0FFE702980599097800EB3F
S315080156804110D0F8001B41F00061C0F8001B0298D8
S315080156900599097800EB4110D0F8001B41F08041CB
S315080156A0C0F8001BFFE7049801300490049842F201
S315080156B01171884204D3FFE701208DF80F000DE030
S315080156C0FFE702980599097800EB4110D0F8000B1D
S315080156D000F00040B0F1004FE5D0FFE7FFE7FFE734
S315080156E09DF80F0007B0704782B0014601900198F6
S315080156F0826842F0010282600020009102B0704780
S3150801570084B001460290002001900091FFE70198BC
S31508015710013001900198B0F1706F04D9FFE70320B9
S315080157208DF80F0024E0FFE70298006910F0004F9A
S31508015730EDD0FFE700200190029810210161FFE7F3
S315080157400198013001900198B0F1706F04D9FFE713
S3150801575003208DF80F000BE0FFE70298006900F0BF
S3150801576010001028ECD0FFE700208DF80F00FFE7A6
S315080157709DF80F0004B0704786B00A4603460490A8
S3150801578003910020029001920093FFE702980130ED
S3150801579002900298B0F1706F04D9FFE703208DF8E3
S315080157A0170027E0FFE70498006910F0004FEDD0D5
S315080157B0FFE7002002900398202141EA801004990E
S315080157C00861FFE70298013002900298B0F1706F04
S315080157D004D9FFE703208DF817000BE0FFE70498CB
S315080157E0006900F020002028ECD0FFE700208DF8A2
S315080157F01700FFE79DF8170006B070470000000084
S3150801580085B001460490049803900398D0F80808D7
S3150801581000F00600019001980028009104D1FFE7E5
S3150801582000208DF80B0010E00198022804D0FFE74C
S315080158300198062804D1FFE702208DF80B0003E042
S315080158400F208DF80B00FFE7FFE79DF80B0005B069
S31508015850704700000000000082B0014601900198DF
S31508015860406900F00100009102B070470000000095
S3150801587084B001460390039802900298D0F818085C
S3150801588001900298D0F81C08019A10400190BDF8C1
S315080158900400009104B0704784B001460390039850
S315080158A002900298D0F8180801900298D0F81C08BE
S315080158B0019A10400190BDF80600009104B07047A6
S315080158C088B00A46034607908DF81B10079805907D
S315080158D00598D0F8100803900598D0F83408029076
S315080158E002989DF81B1001F00F01C84000F0010055
S315080158F0039941EAC010039005989DF81B1000EB27
S315080159004110D0F8080903990840049004980192B7
S31508015910009308B07047000086B00A460346059012
S315080159208DF813100598039003989DF8131000EB52
S315080159304110D0F8080B02900398D0F81408029980
S315080159400840029002980192009306B07047000041
S3150801595083B00146029002984069019002988069D5
S31508015960019A104001900198009103B07047000018
S3150801597080B58CB013468C4686460B900A91ADF8D5
S3150801598026200B9808900A980790BDF826008008EB
S315080159900490BDF8260000F00300ADF80E000020C3
S315080159A005900293CDF804C0CDF800E0FFE705980D
S315080159B00499884217D2FFE708984FF48051405856
S315080159C007990860079801300790079801300790F2
S315080159D0079801300790079801300790FFE7059867
S315080159E001300590E3E7BDF80E00002821D0FFE756
S315080159F00020059008984FF4805140580690FFE71B
S31508015A0006989DF81410C900C840079908700598AA
S31508015A1001300590079801300790BDF80E0001384E
S31508015A20ADF80E00FFE7BDF80E000028E8D1FFE744
S31508015A30FFE707980CB080BD80B588B00A460346D3
S31508015A4006908DF81710002004900698C16821F079
S31508015A50C041C1609DF8170001280392029324D121
S31508015A60FFE70698C16841F00051C160FFE70A20C7
S31508015A70EFF756FA04980A300490FFE70698FFF7FD
S31508015A80EBFE4FF0000E0128CDF804E007D0FFE742
S31508015A9004980021C82838BF01210191FFE7019820
S31508015AA0C0070028E3D1FFE72DE09DF8170000287D
S31508015AB024D1FFE70698C16841F08041C160FFE73C
S31508015AC00A20EFF72DFA04980A300490FFE70698A2
S31508015AD0FFF7C2FE4FF0000E0028CDF800E007D010
S31508015AE0FFE704980021C82838BF01210091FFE784
S31508015AF00098C0070028E3D1FFE703E001208DF8ED
S31508015B001F000CE0FFE70498C82804D1FFE701202D
S31508015B108DF81F0003E000208DF81F00FFE79DF8B0
S31508015B201F0008B080BD000085B00A4603460490F0
S31508015B308DF80F10049802900298D0F8001821F4F5
S31508015B40FE61C0F800189DF80F004FF4FE6101EAE6
S31508015B5000100299D1F800C840EA0C00C1F8000803
S31508015B6000200192009305B0704700000000000074
S31508015B7085B00A46034604908DF80F1004980290E2
S31508015B809DF80F000299D1F800C840EA0C00C1F847
S31508015B90000800200192009305B07047000000003C
S31508015BA080B587B013468C468646069005918DF8D2
S31508015BB013209DF8130002280293CDF804C0CDF8EE
S31508015BC000E040F0B880FFE705984AF6C041C0F208
S31508015BD0D80188420BD3FFE705984EF2BF11C0F2F0
S31508015BE0E401884203D8FFE70F200390A2E0059855
S31508015BF04EF2C011C0F2E40188420BD3FFE70598C3
S31508015C0042F2FF31C0F2F401884203D8FFE70E20C1
S31508015C1003908EE0059842F20041C0F2F4018842F1
S31508015C200BD3FFE7059847F27F31C0F20611884288
S31508015C3003D8FFE70D2003907AE0059847F28031F3
S31508015C40C0F2061188420BD3FFE7059844F69F1167
S31508015C50C0F21A11884203D8FFE70C20039066E0C8
S31508015C60059844F6A011C0F21A1188420BD3FFE732
S31508015C70059842F6FF41C0F23111884203D8FFE781
S31508015C800B20039052E0059842F60051C0F23111FB
S31508015C9088420BD3FFE705984AF23F41C0F24C11FF
S31508015CA0884203D8FFE70A2003903EE005984AF2A6
S31508015CB04041C0F24C1188420BD3FFE7059843F2E5
S31508015CC0FF51C0F26E11884203D8FFE709200390FD
S31508015CD02AE0059843F20061C0F26E1188420BD39F
S31508015CE0FFE705984AF61F31C0F2A611884203D884
S31508015CF0FFE70820039016E005984AF62031C0F21E
S31508015D00A61188420BD3FFE7059844F2FF71C0F24A
S31508015D10E811884203D8FFE70720039002E006202E
S31508015D200390FFE7FFE7FFE7FFE7FFE7FFE7FFE787
S31508015D30FFE7FFE70BE09DF81300002803D1FFE713
S31508015D400920039002E009200390FFE7FFE7069880
S31508015D50C16821F47051C16003984FF4705101EA8A
S31508015D6080200699CA681043C860002007B080BD24
S31508015D7070B58CB0DDF840C09E4614460D46064601
S31508015D800B900A918DF82720ADF824308DF823C0A1
S31508015D900B9807900A9806909DF823000028CDF8DD
S31508015DA00CE002940195009629D1FFE7BDF824007D
S31508015DB003308008059000200490FFE704980599B0
S31508015DC088421BD2FFE70698006807999DF82720A5
S31508015DD001EB02314FF48052885006980130069043
S31508015DE0069801300690069801300690069801300B
S31508015DF00690FFE7049801300490DFE7FFE70020EB
S31508015E000CB070BD00000000FFE7FEE700000000CF
S31508015E1080B504F0F1F904F0B7FA80BD000000007E
S31508015E2080B504F039FA04F0D7FA04F011FB80BD05
S31508015E3080B504F009FA04F0BBFA80BD0000000041
S31508015E4080B504F051FA04F0DBFA80BD00000000C9
S31508015E5080B504F071FA04F0E7FA04F005FB80BD99
S31508015E6080B584B00146039041F20400CEF20000E9
S31508015E70006802900298039A1268801A00EE100AC6
S31508015E80B8EE400A40F2B820C2F2004090ED001A7E
S31508015E90B8EE411A80EE010A8DED010A0298039ABD
S31508015EA01060009101F03CFC9DED010A04B080BD33
S31508015EB086B0B0EE601AB0EE402A014605908DED27
S31508015EC0040ACDED030A059890ED000ADDED040AF2
S31508015ED0B4EEE00AF1EE10FA8DED021A8DED012A03
S31508015EE0009106DAFFE79DED040A059880ED000AA0
S31508015EF011E0059890ED000A9DED031AB4EEC10A6A
S31508015F00F1EE10FA06DDFFE79DED030A059880ED2F
S31508015F10000AFFE7FFE706B070470000000000002F
S31508015F2080B582B000F028F840F6F40EC2F2004EB1
S31508015F309EED000AB8EE400ABEF8040001EE100A0A
S31508015F40B8EEC11A9FED092A01EE020ABEF806004B
S31508015F5001EE100AB8EEC11A9FED052A01EE020AF2
S31508015F608DED010A9DED010A02B080BD6F12833ADB
S31508015F70BD3786350000000070B588B001F0D0FB4A
S31508015F8041F2040ECEF2000EDEF800E0CDF81CE078
S31508015F9040F2D42EC2F2004EDEF800E00798002146
S31508015FA04FF0FF320B46EEFB020340F2C822C2F263
S31508015FB00042536010601068536840F2B82EC2F26E
S31508015FC0004EDEF800C00691194605926246069B08
S31508015FD0CDF810E0EAF76CFA42F21042C2F200423A
S31508015FE051601060059801684368D2F800C0D2F87C
S31508015FF004E0049C2568ACFB05C60EFB056EB1EBF7
S315080160000C0163EB0E0342F2184CC2F2004CCCF8B9
S315080160100010CCF80430116840F6F402C2F20042CE
S315080160201160DCF80000DCF8041040F2BC23C2F26F
S315080160300043D3F800E003927246DDF818E00293B4
S315080160407346CDF804C0EAF733FA039988800198B4
S3150801605002684368B1F804C0DDF808E0DEF80040DC
S315080160600CFB04FCB2EB0C0263F1000342F2204C78
S31508016070C2F2004CCCF80020CCF80430DCF8000061
S31508016080DCF8041040F2C022C2F200421268069BF4
S31508016090EAF70EFA0399C88008B070BD000000003F
S315080160A0B0B592B09C4696460C46054611908DF8B9
S315080160B043108DF842208DF8413043F6B230C2F2D2
S315080160C000400421018043F6B031C2F200410822A2
S315080160D00A809DF84310119A11739DF84210119A7E
S315080160E051739DF84110119A9173119900220A74FE
S315080160F09DF841100F900846CDF838C0CDF834E028
S315080161000C940B95EAF77EF9119948611198406943
S315080161109DF84110EAF7BAFA0F9801889DF84120CF
S3150801612001FB02F0EAF76EF9119988611198806905
S315080161300F990A889DF8413002FB03F1EAF7C8FA7C
S315080161400F9801889DF8412001FB02F0EAF75AF9F8
S315080161501199C8611198C0690F990A889DF841304B
S3150801616002FB03F1EAF7B4FA0F9801889DF8432078
S3150801617001FB02F0EAF746F9119908621198006ADB
S315080161800F990A889DF8433002FB03F1EAF7A0FA52
S315080161909DF84100EAF736F9119948621198406A63
S315080161A09DF84110EAF772FA0F9801889DF8432085
S315080161B001FB02F0EAF726F91199086011980068BF
S315080161C00F990A889DF8433002FB03F1EAF780FA32
S315080161D00F9801889DF8412001FB02F0EAF712F9B0
S315080161E011994860119840680F990A889DF84130BD
S315080161F002FB03F1EAF76CFA0F9801889DF8422031
S3150801620001FB02F0EAF7FEF8119988601198806897
S315080162100F990A889DF8423002FB03F1EAF758FA0A
S315080162200F9801889DF8432001FB02F0EAF7EAF886
S315080162301199C1F8E8001198D0F8E8000F990A8871
S315080162409DF8433002FB03F1EAF742FA119800F18F
S315080162503001027BD0F8E83001200A900846114641
S315080162600A9A04F05FF90F9801889DF8432001FB0B
S3150801627002F0EAF7C7F81199C1F8EC001198D0F8BD
S31508016280EC000F990A889DF8433002FB03F1EAF7FF
S315080162901FFA119800F13801027BD0F8EC30084654
S315080162A011460A9A04F03EF99DF84200002828D0C2
S315080162B0FFE743F6B230C2F2004001889DF842205A
S315080162C0514309900846EAF79DF81199C1F8F0007B
S315080162D01198D0F8F00009990A889DF842E002FB66
S315080162E00EF1EAF7F5F9119800F14001427BD0F871
S315080162F0F0300120089008461146089A04F012F970
S31508016300FFE743F6B230C2F2004001889DF841200A
S31508016310514307900846EAF775F81199C1F8F40050
S315080163201198D0F8F40007990A889DF841E002FB14
S315080163300EF1EAF7CDF9119800F14801827BD0F800
S31508016340F4300120069008461146069A04F0EAF848
S31508016350079801889DF84320514301FB02F0EAF7AB
S3150801636051F81199C1F8F8001198D0F8F800079971
S315080163700A889DF843305A4302FB03F1EAF7A8F964
S31508016380119800F15001027BD0F8F8300846114601
S3150801639004F0C8F8079801889DF84320514301FB8A
S315080163A002F0EAF72FF81199C1F8FC001198D0F814
S315080163B0FC0007990A889DF843305A4302FB03F10A
S315080163C0EAF786F9119800F15801027BD0F8FC30FA
S315080163D00846114604F0A6F8079801889DF8432057
S315080163E0514301FB02F0EAF70DF81199C1F80001D2
S315080163F0079801889DF84320514301FB02F0EAF70B
S3150801640001F81199C1F804011198D0F8000107990A
S315080164100A889DF843305A4302FB03F1EAF758F913
S315080164201198D0F8040107990A889DF843305A4310
S3150801643002FB03F1EAF74CF9119800F16001027BBE
S31508016440D0F800310846114604F06CF8119800F1AD
S315080164506801027BD0F804310846114604F062F857
S315080164609DF8420000282FD0FFE743F6B230C2F26A
S31508016470004001889DF8432051439DF8422051432D
S3150801648005900846E9F7BEFF1199C1F80801119868
S31508016490D0F8080105990A889DF843E002FB0EF237
S315080164A09DF842E002FB0EF1EAF712F9119800F1A4
S315080164B07001027B90F80DE0D0F8083108461146C4
S315080164C0724604F02FF8FFE743F6B230C2F20040F5
S315080164D001889DF8412051439DF84320514304907A
S315080164E00846E9F78FFF1199C1F80C01049801884C
S315080164F09DF8432051439DF8412001FB02F0E9F73D
S3150801650081FF1199C1F810011198D0F80C0104996D
S315080165100A889DF841E002FB0EF29DF843E002FB72
S315080165200EF1EAF7D5F81198D0F8100104990A88FE
S315080165309DF843E002FB0EF29DF841E002FB0EF1E5
S31508016540EAF7C6F8119800F17801027B90F80EE097
S31508016550D0F80C310846714603F0E4FF119800F1B2
S315080165608001027B837BD0F810010390084611460F
S315080165701A46039B03F0D6FF049801889DF8432029
S31508016580514301FB02F0E9F73DFF1199C1F81401E6
S315080165901198D0F8140104990A889DF843305A4392
S315080165A002FB03F1EAF794F8119800F18801027BDE
S315080165B0D0F814310846114603F0B4FF049801884F
S315080165C09DF84120514301FB02F0E9F71BFF1199A0
S315080165D0C1F818011198D0F8180104990A889DF88C
S315080165E041305A4302FB03F1EAF772F8119800F1B8
S315080165F09001827BD0F818310846114603F092FFC4
S31508016600049801889DF8432051439DF8412001FBD8
S3150801661002F0E9F7F7FE1199C1F81C011198D0F8B3
S315080166201C0104990A889DF843305A439DF8413064
S3150801663002FB03F1EAF74CF8119800F19801027B85
S31508016640837BD0F81C010290084611461A46029B24
S3150801665003F068FF04980188119A127B514301FBE4
S3150801666002F0E9F7CFFE1199C1F8200104980188D3
S31508016670119A127B514301FB02F0E9F7C3FE119906
S31508016680C1F8240104980188119A127B514301FB30
S3150801669002F0E9F7B7FE1199C1F8280104980188B3
S315080166A0119A127B01FB02F0E9F7ACFE1199C1F8C8
S315080166B02C0104980188119A127B01FB02F0E9F773
S315080166C0A1FE1199C1F83001119800F1A001027BD0
S315080166D0D0F820310846114603F024FF119800F13D
S315080166E0A801027BD0F824310846114603F01AFFA7
S315080166F0119800F1B001027BD0F8283108461146FD
S3150801670003F010FF119800F1B801027BD0F82C3183
S315080167100120019008461146019A03F003FF1198DA
S3150801672000F1C001027BD0F8303108461146019AC2
S3150801673003F0F8FE1198002180F82810119880F8C6
S315080167402910119880F82A10119880F82B101198A1
S3150801675080F82C1012B0B0BD80B588B001460790FC
S31508016760079890F82A000028069140F08C80FFE7E8
S31508016770079800F17801803005900846059904F0DC
S3150801678055F9079981F8C8000798B0F87810A0F864
S31508016790A8100798B0F85A10A0F8AA10079800F19F
S315080167A0780100F1580E00F1A8020846714604F076
S315080167B027F8079981F8C8000798B0F8A810A0F833
S315080167C0B0100798B0F88210A0F8B210079800F137
S315080167D0A80100F18002B030049008461146049AD7
S315080167E004F00EF8079981F8C8000798B0F89010D8
S315080167F0A0F8A0100798B0F89210A0F8A210079870
S3150801680000F1B00100F19002A0300390084611464C
S31508016810039A03F031FE079981F8C800079800F139
S31508016820A001B03002900846029903F07FFE07994D
S3150801683081F8C8000798B0F85810A0F8A81007986A
S31508016840B0F88210A0F8AA10079800F1580100F1D3
S315080168508002A830019008461146019A03F0D0FF3C
S31508016860079981F8C800079800F1A80100F1B0025C
S315080168709830009008461146009A03F0C1FF07991F
S3150801688081F8C800FFE708B080BD000000000000DD
S3150801689080B586B013468C46864605900491ADF8B8
S315080168A00E200293CDF804C0CDF800E006B080BDF5
S315080168B080B588B0014607900798059100F0E0F881
S315080168C00798D0F8CC00002805D0FFE70798D0F83C
S315080168D0CC108847FFE7079800F06EFE0798D0F8B6
S315080168E0D000002805D0FFE70798D0F8D0108847D0
S315080168F0FFE7079800F010FE0798D0F8D4000028A3
S3150801690005D0FFE70798D0F8D4108847FFE707981E
S31508016910007C002805D1FFE70798C07B002820D115
S31508016920FFE70798FFF718FF0798D0F8D80000285F
S3150801693005D0FFE70798D0F8D8108847FFE70798EA
S3150801694000F086FD0798D0F8DC00002805D0FFE79F
S315080169500798D0F8DC108847FFE7079800F0DCF9BC
S3150801696028E00798D0F8E810D0F8EC2043F6B233BF
S31508016970C2F20043B3F800C0007B0CFB00F00490A0
S3150801698008461146049A0393E9F74EFE0798D0F88C
S31508016990F810D0F8FC20039BB3F800C0007B0CFB71
S315080169A000FC0CFB00F0029008461146029AE9F732
S315080169B03BFEFFE70798D0F8E000002805D0FFE77F
S315080169C00798D0F8E0108847FFE700208DF81B00EC
S315080169D0FFE79DF81B000799097B884230DAFFE734
S315080169E00798D0F8F8109DF81B20037B12FB0323A8
S315080169F001EB830191ED000A006A00EB820090ED3C
S31508016A00001AB4EEC10AF1EE10FA12DAFFE7079896
S31508016A10016A9DF81B2001EB820191ED000AD0F86D
S31508016A20F810007B12FB002001EB800080ED000AC4
S31508016A30FFE7FFE79DF81B0001308DF81B00C8E74B
S31508016A4007980168D0F8E82043F6B233C2F200434A
S31508016A501B88007B5843019008461146019AE9F7BD
S31508016A60E3FD0798D0F8E400002805D0FFE707986A
S31508016A70D0F8E4108847FFE70798006808B080BD9A
S31508016A8080B586B0014605900598C07B002804911B
S31508016A9004D0FFE7059800F063FE1FE00598D0F8DB
S31508016AA0F410426843F6B233C2F20043B3F800C0A9
S31508016AB0807B0CFB00F0039008461146039A02936B
S31508016AC0E9F7B2FD05984168029A1388807B584315
S31508016AD0019008460199E9F7FBFDFFE70598D0F80B
S31508016AE0F010826843F6B233C2F200431B88407B3A
S31508016AF05843009008461146009AE9F795FD06B0F5
S31508016B0080BD00000000000080B582B043F6A830C1
S31508016B10C2F200400168013101600068B0F5FA6F00
S31508016B2007D9FFE743F6B430C2F2004001210170EC
S31508016B30FFE743F6B430C2F200400078C0070028E8
S31508016B4023D0FFE743F2E070C2F20040019002F061
S31508016B5043FE019802F008FD43F6BC30C2F200403C
S31508016B6080ED000A019802F00BFD43F6B830C2F237
S31508016B70004080ED000A019802F0EAFC43F6C030B5
S31508016B80C2F2004080ED000AFFE702B080BD0000B6
S31508016B9080B590B00146B0EE423AB0EE614AB0EE29
S31508016BA0415AB0EE606AB0EE407A8DED0F0ACDED2E
S31508016BB00E0A8DED0D1ACDED0C1A8DED0B2A0A90E4
S31508016BC00A98012202709DED0F0A0A9880ED6C0A57
S31508016BD09DED0E0A0A9880ED6D0A9DED0D0A0A983B
S31508016BE080ED6E0A0A984CF67742C3F22B22C0F85A
S31508016BF0CC210A98002280F838210A98C0F8442145
S31508016C00C0F840210A98C0F84C21C0F848219DEDEA
S31508016C100C0AB7EE001AB4EEC10AF1EE10FA0991A0
S31508016C208DED083A8DED074A8DED065A8DED056A0B
S31508016C308DED047A04DDFFE74FF07E500C90FFE7F7
S31508016C409DED0C0A0A9880ED740A9DED0B0A0A98C7
S31508016C5080ED640A0A980430062100220323039270
S31508016C60FFF71EFA0A9800F5E07100F5E4730120B2
S31508016C70029008460299029A03F054FC0A98D0F841
S31508016C80EC004FF07E5101600A98D0F8EC000399A8
S31508016C9041600A98D0F8EC0081600A98D0F8EC00B7
S31508016CA0C1600A9847F6A922C0F60102C0F8D020A9
S31508016CB00A9848F2E912C0F60102C0F8D4200A98E7
S31508016CC047F62912C0F60102C0F8D8200A9847F6F5
S31508016CD00132C0F60102C0F8DC200A98029A80F84F
S31508016CE02E200A9880F82F200A98D0F804014BF232
S31508016CF01831C0F6010190231A460193E9F794FC6D
S31508016D000A98D0F8FC0040F22C01C2F20041019A1F
S31508016D10E9F78AFC10B080BD80B586B001460590BA
S31508016D20059890F82C000028049142D1FFE70598B0
S31508016D30B0F89810A0F8A8100598B0F87A10A0F83D
S31508016D40AA100598B0F8A810A0F8B0100598B0F8E0
S31508016D505A10A0F8B210059800F1980100F17802CE
S31508016D60A830039008461146039A03F049FD059990
S31508016D7081F8C800059800F1A80100F15802B03061
S31508016D80029008461146029A03F03AFD059981F8E0
S31508016D90C800059800F1580100F1B0025030019081
S31508016DA008461146019A03F0EBFD059981F8C800DA
S31508016DB0FFE706B080BD000080B598B011A902466C
S31508016DC0B0EE434AB0EE625AB0EE426AB0EE617A6C
S31508016DD0F0EE413AF0EE604AF0EE405A81ED060ACD
S31508016DE0C1ED050A81ED041AC1ED031A81ED022AE6
S31508016DF0C1ED012A81ED003A10901098007800281B
S31508016E000E910D928DED0C4A8DED0B5A8DED0A6A98
S31508016E108DED097ACDED083ACDED074ACDED065A45
S31508016E200ED1FFE71098B2EE040ADFEDDA0A9FEDFC
S31508016E30DA1AF7EE001A9FEDD92AFFF7A9FEFFE73E
S31508016E400E9890ED000A109981ED6F0A90ED060AE9
S31508016E50109991ED581A30EE410A81ED5B0A90EDD1
S31508016E60050A109991ED591A30EE410A81ED5C0A2D
S31508016E7090ED040A109991ED5A1A30EE410A81ED06
S31508016E805D0A109991ED5B0AB6EE001A20EE010A29
S31508016E9090ED002A20EE020A42F22C41C2F200418C
S31508016EA081ED000A109A92ED5C0A20EE010A90ED36
S31508016EB0002A20EE020A42F23042C2F2004282ED74
S31508016EC0000A109B93ED5D0A20EE010A90ED001A67
S31508016ED020EE010A42F23443C2F2004383ED000A6E
S31508016EE0DDF840C0DCF804014BF2183CC0F6010C91
S31508016EF04FF0900E05916146049272460393E9F7A5
S31508016F0093FB059890ED000AB1EE400A1099D1F865
S31508016F10041181ED010A049991ED000AB1EE400AC6
S31508016F20109AD2F8042182ED020A039A92ED000A18
S31508016F30B1EE400A109BD3F8043183ED030A90EDB4
S31508016F40000A109BD3F8043183ED060A92ED000A74
S31508016F50109BD3F8043183ED080A91ED000AB1EECE
S31508016F60400A109BD3F8043183ED090A91ED000A12
S31508016F70109BD3F8043183ED0C0A92ED000AB1EEA9
S31508016F80400A109BD3F8043183ED0D0A90ED000AEF
S31508016F90109BD3F8043183ED0F0A92ED000A109B7A
S31508016FA0D3F8043183ED120A91ED000A109BD3F848
S31508016FB0043183ED130A90ED000AB1EE400A109BE5
S31508016FC0D3F8043183ED140A109BD3F848C1D3F8DA
S31508016FD04C3143EA0C03002B11D1FFE70E9890EDD3
S31508016FE0030A109981ED5E0A90ED020A109981ED66
S31508016FF05F0A90ED010A109981ED600AFFE7109882
S3150801700090ED5E0A90ED641A90ED6F2A20EE010A62
S3150801701032EE011A80EE010A0E9991ED033A23EE3A
S31508017020022A82EE011A30EE010A80ED5E0A1098F4
S3150801703090ED5F0A90ED641A90ED6F2A20EE010A31
S3150801704032EE011A80EE010A91ED023A23EE022A86
S3150801705082EE011A30EE010A80ED5F0A109890ED72
S31508017060600A90ED641A90ED6F2A20EE010A32EE5D
S31508017070011A80EE010A91ED013A23EE022A82EE07
S31508017080011A30EE010A80ED600A109890ED5E0A49
S3150801709090ED5F1A90ED602A21EE011A00EE001AB2
S315080170A002EE021AB0EE410A01F0D6F942F2284080
S315080170B0C2F2004080ED000A00208DF83F00FFE78C
S315080170C09DF83F0002281BDCFFE710989DF83F104A
S315080170D000EB810292ED5E0A42F22842C2F20042B8
S315080170E092ED001A20EE010A806800EB810080ED1E
S315080170F0000AFFE79DF83F0001308DF83F00DFE702
S31508017100109890ED5B0A90ED5C1A90ED5D2A21EEE0
S31508017110011A00EE001A02EE021AB0EE410A01F057
S315080171209BF9B7EE001A81EE000A109880ED650A00
S3150801713042F22840C2F2004090ED000A81EE000AB0
S31508017140109880ED660A109890ED650A9FEDB91AB8
S31508017150B4EEC10AF1EE10FA22DAFFE7109890EDC3
S31508017160660A9FEDB51AB4EEC10AF1EE10FA17DDFB
S31508017170FFE7109890ED660A9FEDB01AB4EEC10AC2
S31508017180F1EE10FA0CDAFFE71098012180F83911AF
S315080171900BE000BF6F12833A8096184B000000007F
S315080171A01098002180F83911FFE7109890ED6C0AC4
S315080171B090ED6F1A20EE010AD0F8180180ED000A49
S315080171C0109890ED6C0A90ED6F1A20EE010AD0F82E
S315080171D0180180ED070A109890ED6C0A90ED6F1A68
S315080171E020EE010AD0F8180180ED0E0A109890EDEC
S315080171F06C0A90ED6F1A20EE010AD0F8180180ED9D
S31508017200150A109890ED6D0A90ED6F1A20EE010A95
S31508017210D0F8180180ED1C0A109890ED6D0A90EDD2
S315080172206F1A20EE010AD0F8180180ED230A10988A
S3150801723090ED6E0AD0F81C0180ED000A109890EDC9
S315080172406E0AD0F81C0180ED040A109890ED6E0ABA
S31508017250D0F81C0180ED080A10980430FFF728FBC6
S31508017260DDF840E0DEF8041091ED000A8EED540ACF
S315080172701099D1F804E09EED010A81ED550A10999D
S31508017280D1F804E09EED020A81ED560A1099D1F86B
S3150801729004E09EED030A81ED570A1099D1F804E03E
S315080172A09EED040A81ED580A1099D1F804E09EED85
S315080172B0050A81ED590A40F2AC11C2F2004191ED7D
S315080172C0000A109981ED5A0A109991ED540A91ED27
S315080172D0551A91ED562A91ED573A21EE022A00EEFA
S315080172E0032A32EE022A21EE011A00EE001A31EEC5
S315080172F0010AB7EE001A70EE410AB0EE420A029090
S315080173008DED011A03F050FD9FED4D1A20EE010A8D
S31508017310109880ED6A0A109890ED540A90ED552A56
S3150801732090ED563AD0ED570A23EE203A00EE023A8E
S3150801733033EE032A20EEA03A00EE003A33EE030AB2
S315080173409DED013A70EE430AB0EE420A8DED001A40
S3150801735003F02AFD9DED001A20EE010A109880ED32
S31508017360690A109890ED540A90ED552A90ED563A0F
S31508017370D0ED570A22EE202A00EE432AB8EE000A7B
S3150801738022EE000A03F07AFC9DED001A20EE010AAE
S31508017390109880ED680A109890ED6A0A90ED762AA1
S315080173A030EE420A9FED272AB4EEC20AF1EE10FA30
S315080173B007DDFFE71098B0F8D4110139A0F8D41108
S315080173C016E0109890ED6A0A90ED761A30EE410AA9
S315080173D09FED1D1AB4EEC10AF1EE10FA07DAFFE7BE
S315080173E01098B0F8D4110131A0F8D411FFE7FFE7DE
S315080173F01098B0F9D41100EE101AB8EEC00A90ED43
S315080174006A1A9FED122A00EE021A80ED6B1A10987D
S3150801741090ED6A0A80ED760A1098D0F84811D0F8EE
S315080174204C21013142F10002C0F84811C0F84C2143
S3150801743018B080BD9A99993ECDCC1441CDCC244142
S31508017440E12E654200003443000034C30000B44312
S3150801745080B588B001460790079890F82B00002858
S31508017460069157D1FFE70798B0F87810A0F8B81039
S3150801747007980121A0F8BA10079800F1780200F1DF
S315080174803803B8300590104604911946059A03F059
S31508017490B7F9079981F8C8000798B0F84810A0F815
S315080174A0C01007980499A0F8C210079800F148027D
S315080174B000F1B801C03003901046039A03F060FA50
S315080174C0079981F8C8000798B0F89810A0F8B8107D
S315080174D007980499A0F8BA10079800F1980200F1E4
S315080174E0C001B83002901046029A03F089F907994B
S315080174F081F8C800079800F1380100F1B802303068
S31508017500019008461146019A02F0B6FF079981F8DB
S31508017510C800FFE708B080BD80B586B00146059072
S31508017520059890F829000028049143D1FFE70598AA
S3150801753000F16001683003900846039903F076FA72
S31508017540059981F8C800059800F1600100F1500E0F
S3150801755000F158020846714603F052F9059981F877
S31508017560C8000598B0F85810A0F8A8100598B0F802
S315080175706A10A0F8AA10059800F1580100F16802EE
S31508017580A830029008461146029A03F039F905997E
S3150801759081F8C800059800F1A80100F18802583061
S315080175A0019008461146019A02F066FF059981F88D
S315080175B0C800FFE706B080BD80B588B001460790D0
S315080175C0079890F828000028069154D1FFE70798F4
S315080175D0407B01283EDBFFE70798017BA0F8B8103E
S315080175E007980121A0F8BA10079800F1600200F186
S315080175F03003B8300590104604911946059A03F0F0
S31508017600FFF8079981F8C8000798017BA0F8C01010
S3150801761007980499A0F8C210079800F1700200F1C2
S315080176204001C03003901046039A03F0E9F8079920
S3150801763081F8C800079800F1B80100F1C002383096
S31508017640029008461146029A02F016FF079981F838
S31508017650C8000FE0079800F1600100F130023830E8
S31508017660019008461146019A03F0CAF8079981F86C
S31508017670C800FFE7FFE708B080BD00000000000072
S3150801768083B0B0EE401A8DED020A9DED020AB5EE01
S31508017690C00AF1EE10FA8DED011A05DDFFE79DED41
S315080176A0020A8DED000A06E09DED020AB1EE400AD6
S315080176B08DED000AFFE79DED000A03B07047000053
S315080176C084B0B0EE401A8DED030A41F20400CEF201
S315080176D0000000680290039801908DED001AFFE7FB
S315080176E041F20400CEF2000000680299401A00EE49
S315080176F0100AB8EE400A9DED011A40F2B820C2F20E
S31508017700004090ED002AB8EE422A21EE021AB4EEA4
S31508017710C10AF1EE10FA01DAFFE7E1E704B07047B2
S3150801772081B041F20400CEF2000000680090009892
S3150801773040F2D021C2F200410968884208D2FFE727
S3150801774040F2D420C2F20040016801310160FFE72E
S31508017750009840F2D021C2F20041086001B070479A
S3150801776010B58AB001460990099800220274099851
S31508017770D0F8F430D0F804C043F6B23EC2F2004E57
S31508017780BEF80040807B6043079018460691614623
S31508017790079B05921A46CDF810E0E8F745FF0998C8
S315080177A04168049A1388807B5843039008460399D5
S315080177B0E8F78EFF0998D0F81811049A1388807B88
S315080177C043435843029008460299E8F781FF09980E
S315080177D0D0F80C11049A138890F80CC0807B03FB2F
S315080177E00CF35843019008460199E8F771FF05988B
S315080177F08DF82300FFE79DF823000999897B8842C4
S3150801780044DAFFE70998D0F8F4009DF8231000EB55
S31508017810810090ED000AB5EE400AF1EE10FA2ED07D
S31508017820FFE70998D0F8F4109DF8232001EB8202AE
S3150801783092ED000A007C01EB800080ED000A9DF8BC
S31508017840230009994A6A097C5054099881699DF867
S31508017850232001EB820191ED000AD0F80C11037B7C
S3150801786090F810C04069805C13FB0C0001EB8000A6
S3150801787000ED010A0998017C01310174FFE7FFE770
S315080178809DF8230001308DF82300B4E700208DF818
S315080178902200FFE79DF822000999097C88421ADA35
S315080178A0FFE70998C169426A9DF82230D25C01EB6B
S315080178B0820191ED000AD0F81811007C13FB003003
S315080178C001EB800080ED000AFFE79DF822000130F8
S315080178D08DF82200DEE70998017CA0F8781009984E
S315080178E0017BA0F87A100998017BA0F88010099805
S315080178F0017CA0F882100998017CA0F890100998DB
S31508017900017CA0F892100998017BA0F898100998B3
S31508017910017CA0F89A100998017CA0F848100AB0D1
S3150801792010BD00000000000070B586B00146059044
S315080179300598D0F8EC0090ED000A30EE000A42F204
S315080179403840C2F2004080ED000A059AD2F8EC20D0
S3150801795092ED010A30EE000A42F23C42C2F20042BE
S3150801796082ED000A059BD3F8EC3093ED020A30EE5E
S31508017970000A42F24043C2F2004383ED000ADDF8F1
S3150801798014C0DCF8ECC09CED030A30EE000A42F2A2
S31508017990444CC2F2004C8CED000ADDF814E0DEF826
S315080179A00C4143F6B235C2F200452D889EF80C60AB
S315080179B09EF80EE005FB0EFE0EFB06FE0490204621
S315080179C0039171460293CDF804C00092E8F780FE50
S315080179D0029890ED000AB1EE400A0599D1F80C110A
S315080179E081ED000A019991ED000A059AD2F80C2158
S315080179F082ED010A049A92ED000AB1EE400A059B4E
S31508017A00D3F80C3183ED020A009B93ED000ADDF8E9
S31508017A1014C0DCF80CC18CED030A93ED000ADDF8FD
S31508017A2014C0DCF80CC18CED060A92ED000ADDF8EB
S31508017A3014C0DCF80CC18CED070A91ED000ADDF8DB
S31508017A4014C0DCF80CC18CED080A90ED000ADDF8CB
S31508017A5014C0DCF80CC18CED090A92ED000ADDF8B8
S31508017A6014C0DCF80CC18CED0C0A93ED000AB1EEDA
S31508017A70400ADDF814C0DCF80CC18CED0D0A90ED56
S31508017A80000AB1EE400ADDF814C0DCF80CC18CED31
S31508017A900E0A91ED000ADDF814C0DCF80CC18CED74
S31508017AA00F0A06B070BD000080B584B00146039088
S31508017AB00398D0F8F80040F22C02C2F20042902353
S31508017AC002901046029A019111461A46E8F7ACFD52
S31508017AD00398D0F81C1140F22830C2F2004048221F
S31508017AE00092E8F7A1FD0398D0F80C1140F2E020C6
S31508017AF0C2F20040009AE8F797FD04B080BD000085
S31508017B0080B598B001461790179800F17802803031
S31508017B1014901046149A1391114602F087FF17998B
S31508017B2081F8C8001798B0F87810A0F8A810179827
S31508017B30B0F85A10A0F8AA10179800F1780100F1C8
S31508017B405802A830129008461146129A02F058FEB9
S31508017B50179981F8C8001798B0F8A810A0F8B010BE
S31508017B601798B0F88210A0F8B210179800F1A8017A
S31508017B7000F18002B030119008461146119A02F0C0
S31508017B803FFE179981F8C8001798B0F89010A0F829
S31508017B90A0101798B0F89210A0F8A210179800F143
S31508017BA0B00100F19002A030109008461146109AD3
S31508017BB002F062FC179981F8C800179800F1A00134
S31508017BC0B0300F9008460F9902F0B0FC179981F86A
S31508017BD0C8001798D0F8EC0090ED000A42F2484028
S31508017BE0C2F2004080ED000A1799D1F8EC1091ED28
S31508017BF0010A42F24C41C2F2004181ED000A179A8C
S31508017C00D2F8EC2092ED020A42F25042C2F2004248
S31508017C1082ED000ADDF85CE0DEF8ECE09EED030A91
S31508017C2042F2544EC2F2004E8EED000A179BB3F88B
S31508017C3078C0A3F8B8C0179B4FF0010CA3F8BAC0D7
S31508017C4091ED000A9EED001A20EE010A90ED001A48
S31508017C5092ED002A01EE420A30EE000A179BD3F88C
S31508017C602C3183ED000A90ED000A91ED001A92ED90
S31508017C70002A9EED003A22EE032A00EE012A32EE90
S31508017C80020A179BD3F82C3183ED010A90ED000AFD
S31508017C9020EE000A91ED001A01EE410A92ED001A52
S31508017CA001EE410A9EED001A01EE010A1798D0F875
S31508017CB02C0180ED020A00208DF85B00FFE79DF894
S31508017CC05B0002281EDCFFE71798D0F82C019DF807
S31508017CD05B1000EB810090ED000AB0EEC00A02F0DD
S31508017CE041FF9DF85B0040F2D831C2F2004101EB39
S31508017CF0800080ED610AFFE79DF85B0001308DF891
S31508017D005B00DCE71798B0F84810A0F8C010179880
S31508017D100121A0F8C210179800F1480200F1B80332
S31508017D20C0300E9010460D9119460E9A02F028FEA3
S31508017D30179981F8C8001798B0F8C010A0F8A810CC
S31508017D4017980D99A0F8AA10179800F1B00200F13A
S31508017D50C001A8300C9010460C9A02F051FD1799F3
S31508017D6081F8C80017980D99A0F8B8101798B0F8B7
S31508017D70C020A0F8BA20179800F1C00200F1B80196
S31508017D80104602F053FE179981F8C800179800F1BA
S31508017D90B801A83040F2D832C2F2004202F5E073C7
S31508017DA00B9008460B990A921A4602F029FD179973
S31508017DB081F8C8000A9890ED720A90ED731AB6EE2A
S31508017DC0002A21EE021AB4EEC10AF1EE10FA08DA17
S31508017DD0FFE740F2D830C2F20040012180F838119D
S31508017DE0FFE740F2D830C2F2004090ED720A90EDFA
S31508017DF0731AB4EEC10AF1EE10FA74DDFFE740F228
S31508017E00D830C2F2004090F8380100286BD0FFE75D
S31508017E1040F2D830C2F2004090F83901002810D05B
S31508017E20FFE740F2D830C2F20040D0F84011D0F84E
S31508017E304421013142F10002C0F84011C0F8442141
S31508017E4009E040F2D830C2F200400021C0F84411DE
S31508017E50C0F84011FFE740F2D830C2F20040D0F82E
S31508017E604011D0F84401333970F1000009910890A6
S31508017E700BD3FFE740F2D830C2F20040002180F868
S31508017E803811179880F82C102CE01798D0F8E810BC
S31508017E90D0F8EC2043F6B233C2F20043B3F800C07F
S31508017EA0007B0CFB00F0079008461146079A0693DB
S31508017EB0E8F7BAFB1798D0F8F810D0F8FC20069B1B
S31508017EC0B3F800C0007B0CFB00FC0CFB00F005902E
S31508017ED008461146059AE8F7A7FB1798012180F885
S31508017EE02C1074E143E040F2D830C2F2004090ED24
S31508017EF0720A90ED731A9FEDB72A21EE021AB4EEB3
S31508017F00C10AF1EE10FA1CDDFFE740F2D830C2F2E1
S31508017F10004090F83801002813D0FFE740F2D83026
S31508017F20C2F2004090ED720A90ED731A31EE400AE2
S31508017F309FEDA92A21EE021A80EE010A80ED670A51
S31508017F4008E040F2D830C2F200404FF07E51C0F846
S31508017F509C11FFE740F2D830C2F200400021C0F878
S31508017F604411C0F84011179880F82C10FFE71798AC
S31508017F70B0F85810A0F8A8101798B0F88210A0F811
S31508017F80AA10179800F1580100F18002A830049050
S31508017F9008461146049A02F033FC179981F8C8007D
S31508017FA0179800F1A80100F1B0029830039008462D
S31508017FB01146039A02F024FC179981F8C80000209B
S31508017FC08DF85A00FFE79DF85A001799B1F89820DD
S31508017FD0B1F89A10514388421ADAFFE740F2D830CD
S31508017FE0C2F2004090ED670A1798D0F81C019DF877
S31508017FF05A1000EB810090ED001A21EE000A80ED7F
S31508018000000AFFE79DF85A0001308DF85A00DAE7B1
S3150801801004208DF85900FFE79DF85900052835DC3D
S31508018020FFE700208DF85800FFE79DF85800022861
S3150801803025DCFFE79DF8590040F2D831C2F200412C
S3150801804001EB800191ED5D0A9FED661A80EE010A4A
S315080180501799D1F81C1100EB40009DF858201044DF
S3150801806001EB800090ED001A21EE000A80ED000A6E
S31508018070FFE79DF8580001308DF85800D5E7FFE76E
S315080180809DF8590001308DF85900C5E71798B0F8E1
S315080180909810A0F8B81017980121A0F8BA101798E7
S315080180A000F1980100F1C002B83002900846114665
S315080180B0029A02F0A5FB179981F8C80040F2D83058
S315080180C0C2F2004090F8380100286BD0FFE704207F
S315080180D08DF85700FFE79DF85700052861DCFFE793
S315080180E01798D0F8BC009DF8571000EB810090ED69
S315080180F0000A40F2D830C2F2004090ED6F1A9FEDA7
S31508018100372A21EE021AB4EEC10AF1EE10FA14DD8D
S31508018110FFE740F2D830C2F2004090ED6F0A9FEDBA
S315080181202F1A20EE010A1798D0F8BC009DF85710AF
S3150801813000EB810080ED000AFFE71798D0F8BC0034
S315080181409DF8571000EB810090ED000A40F2D830F7
S31508018150C2F2004090ED6F1A9FED212A21EE021A14
S31508018160B4EEC10AF1EE10FA14DAFFE740F2D8309C
S31508018170C2F2004090ED6F0A9FED191A20EE010A2E
S315080181801798D0F8BC009DF8571000EB810080EDD8
S31508018190000AFFE7FFE79DF8570001308DF8570001
S315080181A099E7FFE71798D0F8BC000021C160179836
S315080181B000F1380100F1B802303001900846114645
S315080181C0019A02F059F9179981F8C800FFE718B022
S315080181D080BD00BFCDCCCC3D6666663F0AD7233C41
S315080181E00AD723BCDA0FC93F80B584B0014603908C
S315080181F00398D0F8EC0090ED000A42F25840C2F21A
S31508018200004080ED000A039AD2F8EC2092ED010AAB
S3150801821042F25C42C2F2004282ED000A039BD3F8A5
S31508018220EC3093ED020A42F26043C2F2004383ED59
S31508018230000ADDF80CC0DCF8ECC09CED030A42F23A
S31508018240644CC2F2004C8CED000A90ED000A92EDE6
S31508018250001A21EE011A00EE001A93ED000A00EE4B
S31508018260001A9CED000A00EE001AB0EE410A0191CF
S3150801827000F0F2F842F26840C2F2004080ED000ACE
S3150801828000208DF80B00FFE79DF80B0003281ADC88
S31508018290FFE742F26840C2F2004090ED000A0398F7
S315080182A0D0F8EC009DF80B1000EB810090ED001A58
S315080182B021EE000A80ED000AFFE79DF80B00013068
S315080182C08DF80B00E0E742F25C40C2F2004090ED07
S315080182D0000A40F2D831C2F2004191ED6F1A20EE40
S315080182E0010AB0EE001A80EE010A039AD2F80021BB
S315080182F082ED040A42F26042C2F2004292ED000A9D
S3150801830091ED6F2A20EE020A80EE010A039BD3F84B
S31508018310003183ED050A42F25843C2F2004393ED58
S31508018320000A91ED6F2A20EE420A80EE010ADDF875
S315080183300CC0DCF800C18CED0A0A42F2644CC2F2A8
S31508018340004C9CED000A91ED6F2A20EE020A80EEA0
S31508018350010ADDF80CE0DEF800E18EED0B0A9CED72
S31508018360000A91ED6F2A20EE420A80EE010ADDF835
S315080183700CC0DCF800C18CED100A93ED000A91EDF2
S315080183806F2A20EE420A80EE010A039BD3F80031D8
S3150801839083ED110A92ED000A91ED6F2A20EE020A89
S315080183A080EE010A039AD2F8002182ED160A90EDB1
S315080183B0000A91ED6F2A20EE420A80EE010A03981F
S315080183C0D0F8000180ED170A91ED740A0398D0F8E8
S315080183D0F80090ED1C1A81EE000A80ED1C0A91ED59
S315080183E0740A0398D0F8F80090ED231A81EE000A72
S315080183F080ED230A0398D0F8F80090ED1C0A9FED4A
S31508018400151AB4EEC10AF1EE10FA09DDFFE7039871
S31508018410D0F8F80044F20001C4F21C610167FFE7D5
S315080184200398D0F8F80090ED230A9FED0A1AB4EEE6
S31508018430C10AF1EE10FA0ADDFFE70398D0F8F80051
S3150801844044F20001C4F21C61C0F88C10FFE704B0C5
S3150801845080BD00BF00401C4685B0B0EE401A8DEDC8
S31508018460040A9DED040AB6EE002A20EE020A8DEDF5
S31508018470030A0498029002980190019845F686210C
S31508018480C5F63771A1EB60000190019802909DED48
S31508018490020A9DED032A22EE002AB7EE083A02EEF9
S315080184A0403A20EE030A8DED020A9DED020A8DED92
S315080184B0001A05B07047000084B00146039003987E
S315080184C040F2BC02C2F2004213684DF6836CC4F254
S315080184D01B3CA3FB0C3C4FEA9C4CC0F808C0126835
S315080184E044F6D35CC1F2620CA2FB0C2C4FEA9C1C2D
S315080184F0C0F80CC002910192009304B070470000C5
S3150801850080B586B00A4603460590049105980390FE
S315080185100292019300F070F903990A7910430871E0
S315080185204879002805D0FFE70499039800F008FA6E
S3150801853022E0049843F6AC01C3F62231416204985D
S3150801854041F2B061C3F6CE1181620498C162049802
S3150801855041F23F61C4F21B110163049890ED0C0AC4
S315080185609FED071A81EE000A80ED080A049800219A
S31508018570C4F220218161FFE70398007906B080BD26
S31508018580C3F51C410000000080B588B00A460346C1
S3150801859007900691079842F26E41C2F200414FF0E8
S315080185A0120C4FF0060E059004916146DDF810C0D5
S315080185B0039262460293734600F08AFD0498017895
S315080185C0427841EA022142F26C42C2F2004211802B
S315080185D0B2F9001000EE101AB8EEC00A40F2000116
S315080185E0C2F2004191ED001A20EE010A069B83EDC5
S315080185F0000A837890F803C043EA0C231380B2F982
S31508018600003000EE103AB8EEC00A91ED001A20EEDD
S31508018610010A069B83ED010A037990F805C043EA2E
S315080186200C231380B2F9002000EE102AB8EEC00A16
S3150801863091ED001A20EE010A069981ED020A002140
S3150801864008230598049A00F0FFFC049801780F297D
S3150801865040F09580FFE70598417900294AD0FFE760
S3150801866042F26E40C2F200408178C27841EA0221A4
S3150801867042F26C42C2F200421180B2F9001000EED9
S31508018680101AB8EEC00A40F20401C2F2004191ED97
S31508018690001A069B93ED092A10EE012A83ED032A97
S315080186A0037990F805C043EA0C231380B2F9003028
S315080186B000EE103AB8EEC00A91ED001A069B93ED4A
S315080186C00A2A10EE012A83ED042A8379C07943EA3E
S315080186D000201080B2F9000000EE100AB8EEC00AB8
S315080186E091ED001A069890ED0B2A10EE012A80EDFD
S315080186F0052A43E042F26E40C2F200408178C27810
S3150801870041EA022142F26C42C2F200421180B2F9F8
S31508018710001000EE101AB8EEC00A40F20401C2F2C7
S31508018720004191ED001A20EE010A069B83ED030A2A
S31508018730037990F805C043EA0C231380B2F9003097
S3150801874000EE103AB8EEC00A91ED001A20EE010AC1
S31508018750069B83ED040A8379C07943EA00201080D9
S31508018760B2F9000000EE100AB8EEC00A91ED001A3F
S3150801877020EE010A069880ED050AFFE7FFE742F2B7
S315080187806E40C2F2004022210223059A019010464A
S31508018790019A00F09DFC019801784278C90041EAE6
S315080187A0521142F26C42C2F200421180B2F9001033
S315080187B0B1F5806F09DBFFE742F26C40C2F2004077
S315080187C00188A1F500610180FFE742F26C40C2F21F
S315080187D00040B0F9000000EE100AB8EEC00AB4EE87
S315080187E0001AB3EE072A00EE012A069880ED072A39
S315080187F008B080BD0000000080B58CB001460A9023
S315080188000A9800228DF827208DF826200DF12703D6
S3150801881008900791114606921A46059300F0A4FCA2
S315080188209620089904900846049900F0B9FD08981D
S315080188300699059A00F098FC0898049900F0B0FD8D
S315080188407E21B622089800F0C7FC5021089800F04E
S3150801885057FD08980699059A00F086FC0898049928
S3150801886000F09EFD08980699059A00F07DFC089887
S31508018870049900F095FD9DF827001E2804D0FFE70E
S31508018880FF208DF82F0056E000208DF82600FFE71F
S315080188909DF8260005284ADCFFE79DF8260000EB2F
S315080188A0400040F29211C2F200410A18085C52785F
S315080188B0089B03901846DDF80CC00291614600F04A
S315080188C08BFC9620089901900846019900F068FDED
S315080188D09DF8260000EB40000299095C0DF127027C
S315080188E0089800F041FC0898019900F059FD9DF897
S315080188F027009DF8261001EB4101029A1144497897
S3150801890088420DD0FFE79DF8260000EB400040F2B3
S315080189109211C2F20041084480788DF82F000AE0CE
S31508018920FFE79DF8260001308DF82600B0E7002004
S315080189308DF82F00FFE79DF82F000CB080BD0000D1
S3150801894080B596B008AA0B468446159014911598D9
S3150801895000211391129105920493CDF80CC002904F
S31508018960FDF7DEFA42F27840C2F2004080ED000AD5
S31508018970FFE7FDF7D5FA42F2784EC2F2004E9EEDB8
S31508018980001A30EE410AB2EE041AB4EEC10AF1EE4B
S3150801899010FA1ADDFFE7149843F6AC01C3F6223143
S315080189A04162149841F2B061C3F6CE1181621498FE
S315080189B0C162149841F23F61C4F21B110163149814
S315080189C00021C4F220218161FAE29FEDEA0AFEF74D
S315080189D077FEDDF850E00020CEF83000DDF850E0F3
S315080189E0CEF82400DDF850E0CEF82800DDF850E096
S315080189F0CEF82C00ADF81E00FFE7BDF81E0040F2C8
S31508018A00A411C2F200410988884280F2EB81FFE78E
S31508018A10122112A80623029A01901046019A00F023
S31508018A2057FB9DF848009DF8491040EA0120ADF82A
S31508018A304600BDF9460000EE100AB8EEC00A40F23B
S31508018A400000C2F2004090ED001A20EE010A1499C6
S31508018A5081ED000A9DF84A109DF84B2041EA022152
S31508018A60ADF84610BDF9461000EE101AB8EEC00A68
S31508018A7090ED001A20EE010A149981ED010A9DF87C
S31508018A804C109DF84D2041EA0221ADF84610BDF97A
S31508018A90461000EE101AB8EEC00A90ED001A20EE44
S31508018AA0010A149880ED020A149890ED000A90EDD7
S31508018AB0011A90ED022A21EE011A00EE001A02EEC1
S31508018AC0021AB0EE410A02F097FA059880ED020AF9
S31508018AD090ED020A149991ED0C1A31EE000A81ED16
S31508018AE00C0A002108230298019A00F0ADFA9DF8B4
S31508018AF048000F285FD1FFE79DF84A009DF84B1003
S31508018B0040EA0120ADF84600BDF9460000EE100A1C
S31508018B10B8EEC00A40F20400C2F2004090ED001A15
S31508018B2020EE010A149981ED030A149991ED030ABD
S31508018B3091ED091A31EE000A81ED090A9DF84C10EA
S31508018B409DF84D2041EA0221ADF84610BDF94610BF
S31508018B5000EE101AB8EEC00A90ED001A20EE010ACE
S31508018B60149981ED040A149991ED040A91ED0A1AF2
S31508018B7031EE000A81ED0A0A9DF84E109DF84F2044
S31508018B8041EA0221ADF84610BDF9461000EE101A69
S31508018B90B8EEC00A90ED001A20EE010A149880ED8D
S31508018BA0050A149890ED050A90ED0B1A31EE000AA4
S31508018BB080ED0B0AFFE7BDF81E0000282DD1FFE75F
S31508018BC00A9809900A98089000208DF81D00FFE779
S31508018BD09DF81D0002281FDCFFE714989DF81D105B
S31508018BE000EB810090ED030A0EA800EB810080EDF1
S31508018BF0000A14989DF81D1000EB810090ED030AF8
S31508018C000BA800EB810080ED000AFFE79DF81D0027
S31508018C1001308DF81D00DBE76AE0059890ED020A40
S31508018C2090ED011AB4EEC10AF1EE10FA03DDFFE781
S31508018C300A980990FFE7059890ED020A90ED001A47
S31508018C40B4EEC10AF1EE10FA03DAFFE70A980890C2
S31508018C50FFE700208DF81C00FFE79DF81C0002289D
S31508018C6045DCFFE714989DF81C1000EB810090ED98
S31508018C70030A0EA800EB810090ED001AB4EEC10AB2
S31508018C80F1EE10FA0DDDFFE714989DF81C1000EBC4
S31508018C90810090ED030A0EA800EB810080ED000A21
S31508018CA0FFE714989DF81C1000EB810090ED030A6C
S31508018CB00BA800EB810090ED001AB4EEC10AF1EEA3
S31508018CC010FA0DDAFFE714989DF81C1000EB8100E5
S31508018CD090ED030A0BA800EB810080ED000AFFE77F
S31508018CE0FFE79DF81C0001308DF81C00B5E7FFE78A
S31508018CF0059890ED010A90ED001A30EE410A42F20C
S31508018D008841C2F2004181ED000A00218DF81B104D
S31508018D10FFE79DF81B0002281DDCFFE79DF81B00F5
S31508018D200EA901EB800191ED000A0BA901EB800167
S31508018D3091ED001A30EE410A42F28C41C2F200412D
S31508018D4001EB800080ED000AFFE79DF81B0001306A
S31508018D508DF81B00DDE742F28840C2F2004090ED33
S31508018D60000AB6EE001AB4EEC10AF1EE10FA2DDCCD
S31508018D7002E000BF0AD7A33B42F28C40C2F2004090
S31508018D8090ED000A9FED941AB4EEC10AF1EE10FABD
S31508018D901CDCFFE742F28C40C2F2004090ED010A6A
S31508018DA09FED8D1AB4EEC10AF1EE10FA0EDCFFE75B
S31508018DB042F28C40C2F2004090ED020A9FED861AFB
S31508018DC0B4EEC10AF1EE10FA01DDFFE70AE09FED04
S31508018DD0830AFEF775FCFFE7BDF81E000130ADF802
S31508018DE01E000AE640F2A410C2F20040008800EE16
S31508018DF0100AB8EE400A149890ED0C1A81EE000A92
S31508018E0080ED0C0A00208DF81A00FFE79DF81A007C
S31508018E1002281BDCFFE740F2A410C2F200400088DA
S31508018E2000EE100AB8EE400A14989DF81A1000EBE5
S31508018E30810090ED091A81EE000A80ED090AFFE723
S31508018E409DF81A0001308DF81A00DFE7222112AACF
S31508018E500223029800F03CF99DF848009DF8491054
S31508018E60C00040EA5110ADF84600BDF94600B0F51C
S31508018E70806F07DBFFE7BDF84600A0F50060ADF897
S31508018E804600FFE7BDF9460000EE100AB8EEC00A33
S31508018E90B4EE001AB3EE072A00EE012A149880ED03
S31508018EA0062A42F27E40C2F2004001880131018061
S31508018EB0FFE742F28840C2F2004090ED000A012025
S31508018EC0B6EE001AB4EEC10AF1EE10FA009071DCA2
S31508018ED0FFE7149890ED0C0A9FED411A30EE010A4E
S31508018EE0B0EEC00A0120B6EE001AB4EEC10AF1EEE0
S31508018EF010FA00905EDCFFE742F28C40C2F20040B5
S31508018F0090ED000A01209FED341AB4EEC10AF1EE84
S31508018F1010FA00904EDCFFE742F28C40C2F20040A4
S31508018F2090ED010A01209FED2C1AB4EEC10AF1EE6B
S31508018F3010FA00903EDCFFE742F28C40C2F2004094
S31508018F4090ED020A01209FED241AB4EEC10AF1EE52
S31508018F5010FA00902EDCFFE7149890ED090AB0EE9E
S31508018F60C00A01209FED1F1AB4EEC10AF1EE10FAEC
S31508018F7000901FDCFFE7149890ED0A0AB0EEC00ACC
S31508018F8001209FED181AB4EEC10AF1EE10FA00900D
S31508018F9010DCFFE7149890ED0B0AB0EEC00A9FEDBE
S31508018FA0111A0020B4EEC10AF1EE10FAC8BF012069
S31508018FB00090FFE70098C00700287FF4DAACFFE7C6
S31508018FC0149890ED0C0A9FED081A81EE000A80EDBF
S31508018FD0080A16B080BD00BF9A99193E6F12033A66
S31508018FE0CDCC1CC10AD7233CC3F51C4100000000A7
S31508018FF010B588B00A46034607908DF81B100798E6
S315080190009DF81B10D0F800C08CF80A100168096891
S31508019010EC464FF0010ECCF800E040F6000CC5F620
S31508019020020C0824059008466146049222460393D9
S315080190307346F6F759FC05990A6892F88A20029050
S31508019040104608B010BD0000B0B58AB09C469646D9
S315080190500C46054609908DF8231007928DF81B30AA
S31508019060099840F60001C5F602010822059008464E
S315080190701146CDF810C0CDF80CE002940195EDF734
S31508019080D7FA9DF8230040F080010598FFF7B0FF55
S315080190900090FFE79DF81B0000280FD0FFE7552138
S315080190A00598FFF7A5FF07990870079801300790FB
S315080190B09DF81B0001388DF81B00EBE740F6000010
S315080190C0C5F602000821EDF7B3FA0AB0B0BD0000F3
S315080190D0B0B58CB09C4696460C4605460B908DF865
S315080190E02B1009928DF823300B9840F60001C5F62E
S315080190F002010122079008461146CDF818C0CDF89D
S3150801910014E004940395EDF793FA9DF82B0040F0CB
S3150801911080010798FFF76CFF9DF82B1041F080013D
S31508019120079A02901046FFF763FF0190FFE79DF843
S31508019130230000280FD0FFE755210798FFF758FFAE
S31508019140099908700998013009909DF8230001389A
S315080191508DF82300EBE740F60000C5F60200012171
S31508019160EDF766FA0CB0B0BD80B58CB013468C46E7
S3150801917086460B908DF82B1009920B9840F6000144
S31508019180C5F6020101220890084607911146069381
S31508019190CDF814C0CDF810E00392EDF749FA9DF821
S315080191A02B0040F080010898FFF722FF5521089A05
S315080191B0029010460191FFF71BFF08990090084697
S315080191C00199FFF715FF0999087007980399EDF7B3
S315080191D02FFA0CB080BD000080B58AB013468C46C4
S315080191E0864609908DF823108DF82220099840F6B5
S315080191F00001C5F6020101220790084606911146AB
S315080192000593CDF810C0CDF80CE00292EDF710FAEF
S315080192109DF823100798FFF7EBFE9DF82210079A91
S3150801922001901046FFF7E4FE069900900846029958
S31508019230EDF7FEF90AB080BD80B588B013468C46B5
S315080192408646069005910492069805990029039386
S31508019250CDF808C0CDF804E0009004D1FFE700205E
S315080192608DF81F0046E00598006843F20001C4F234
S315080192700101884207D1FFE740F2B850C2F2004027
S315080192800099086025E00598006843F60001C4F2D4
S315080192900001884207D1FFE740F2CC60C2F20040E4
S315080192A00099086014E00598006843F60041C4F285
S315080192B00001884207D1FFE740F2E070C2F20040A0
S315080192C00099086003E000208DF81F0012E0FFE70F
S315080192D0FFE7FFE70098FFF7EFF8FFE70499009823
S315080192E0FFF70EF9002801D0FFE7F7E701208DF80F
S315080192F01F00FFE79DF81F0008B080BD00000000B1
S3150801930089B00A4603460890ADF81E100898002150
S31508019310069105910491039102914EF21401CEF240
S31508019320000109680291BDF81E10C06848430690FD
S315080193304EF21800CEF200000068059001920093E3
S31508019340FFE74EF21800CEF2000000680490049878
S31508019350059988421ED0FFE704980599884207D2E5
S31508019360FFE705980499401A03990844039008E011
S3150801937002980499401A05990844039908440390E8
S31508019380FFE70498059003980699884201D3FFE7F9
S3150801939001E0FFE7D5E709B07047000000000000CB
S315080193A089B00A4603460890ADF81E1008980021B0
S315080193B0069105910491039102914EF21401CEF2A0
S315080193C0000109680291BDF81E108068484306909D
S315080193D04EF21800CEF20000006805900192009343
S315080193E0FFE74EF21800CEF20000006804900498D8
S315080193F0059988421ED0FFE704980599884207D245
S31508019400FFE705980499401A03990844039008E070
S3150801941002980499401A0599084403990844039047
S31508019420FFE70498059003980699884201D3FFE758
S3150801943001E0FFE7D5E709B070470000000000002A
S3150801944082B0014601900198002202714271826040
S31508019450C260009102B0704784B00A460346039081
S31508019460029102984FF07E510160029800214160F5
S31508019470029881600298C1600192009304B0704716
S3150801948082B00146019001984FF07E520260002297
S3150801949042600023C4F27A438360C260026142617A
S315080194A0009102B070470000B0B588B09C46964658
S315080194B00C460546079006918DF81720ADF814302D
S315080194C0BDF8140006990968C96A8842CDF810C022
S315080194D0CDF80CE00294019506D9FFE706980068D5
S315080194E0C06AADF81400FFE7BDF81400B0F1FF3FFC
S315080194F004DCFFE70020ADF81400FFE79DF817002C
S3150801950001460C28009121D80099DFE801F0071FD0
S315080195101F1F0D1F1F1F131F1F1F1900BDF8140042
S3150801952006990968486311E0BDF8140006990968A7
S3150801953088630BE0BDF8140006990968C86305E05D
S31508019540BDF81400069909680864FFE708B0B0BDBC
S3150801955082B001460190019890ED410A009102B04E
S31508019560704700000000000082B001460190019892
S3150801957090ED3F0A009102B070470000000000001C
S3150801958082B001460190019890ED400A009102B01F
S315080195907047000000000000B0B588B09C469646AA
S315080195A00C4605460790069105920493049890ED9A
S315080195B0000A90ED011A90ED022A90ED033AB6EEF3
S315080195C0004AB0EE445A02EE425A03EE435A06984E
S315080195D021EE026A00EE436A90ED007AD0ED010AA7
S315080195E0D0ED021A26EE206A05EE076A20EE020A77
S315080195F001EE030A00EE216A36EE060A059880EDA9
S31508019600000A049890ED000A90ED011A90ED022ADD
S3150801961090ED033A20EE035A01EE025A0698B0EE8F
S31508019620446A01EE416A03EE436A90ED007AD0ED91
S31508019630010AD0ED021A26EE206A05EE076A22EE25
S31508019640032A00EE412A02EE216A36EE060A059839
S3150801965080ED010A049890ED000A90ED011A90ED4B
S31508019660022A90ED033A21EE035A00EE425A069871
S3150801967020EE010A02EE030A90ED003A90ED016A26
S3150801968090ED027A20EE060A05EE030A01EE414A3A
S3150801969002EE424A04EE070A30EE000A059880ED0A
S315080196A0020ACDF80CC0CDF808E00194009508B07F
S315080196B0B0BD000000000000B0B588B09C469646D3
S315080196C00C4605460790069105920493049890ED79
S315080196D0000A90ED011A90ED022A90ED033AB6EED2
S315080196E0004AB0EE445A02EE425A03EE435A06982D
S315080196F020EE036A01EE026A90ED007AD0ED010AC6
S31508019700D0ED021A26EE206A05EE076A21EE031A43
S3150801971000EE421A01EE216A36EE060A059880ED38
S31508019720000A049890ED000A90ED011A90ED022ABC
S3150801973090ED033A21EE025A00EE435A0698B0EE2E
S31508019740446A01EE416A03EE436A90ED007AD0ED70
S31508019750010AD0ED021A26EE206A05EE076A20EE06
S31508019760010A02EE030A00EE216A36EE060A059898
S3150801977080ED010A049890ED000A90ED011A90ED2A
S31508019780022A90ED033A20EE025A01EE035A069890
S3150801979022EE033A00EE413A90ED000A90ED016A95
S315080197A090ED027A23EE063A05EE003A01EE414AB9
S315080197B002EE424A04EE073A33EE030A059880EDB3
S315080197C0020ACDF80CC0CDF808E00194009508B05E
S315080197D0B0BD00000000000080B588B001460790C2
S315080197E0079842F27C42C2F20042137801331370A1
S315080197F000F56F72059010460491FCF731FB059848
S3150801980080EDED0A90EDED0A90EDEE1A31EE000AC3
S3150801981080EDEE0A2830059901F53C71FEF7B4FE94
S315080198200598D0F8F01200F18C02C0F8A810D0F80B
S31508019830F412C0F8AC10D0F8F812C0F8B010D0F88D
S31508019840FC12C0F89C10D0F80013C0F8A010D0F88C
S315080198500413C0F8A41090ED270AD0ED280A90ED5C
S31508019860291AD0ED2A1A90ED2B2AD0ED2C2A90ED43
S31508019870ED3A00F588700392FDF79EFA0598D0F83F
S315080198806012D0F86422D0F86832D0F86CE2C0F8D9
S3150801989098E0C0F89430C0F89020C0F88C1000F514
S315080198A0567100F1D002039BFFF776FE059800F585
S315080198B0597100F1DC02039BFFF76EFE059800F56E
S315080198C05C7100F1E802039BFFF766FE059800F557
S315080198D0697143F6C432C2F20042039BFFF7ECFEFC
S315080198E000208DF81B00FFE79DF81B0002282CDCE1
S315080198F0FFE79DF81B00059901EB800243F6C43387
S31508019900C2F2004303EB800090ED000A92ED2A1A99
S3150801991092ED2D2A31EE400A91ED331A91EDED3A89
S3150801992020EE030A31EE033A80EE030A22EE011A0B
S3150801993081EE031A30EE010A82ED2D0AFFE79DF842
S315080199401B0001308DF81B00CEE7059800F18C034A
S3150801995000F1B40100F1C002FFF71EFE059800F000
S31508019960CBF842F27C40C2F20040007848F21F511F
S31508019970C5F2EB11A0FB01121209322302FB1300F7
S31508019980002802913AD1FFE7059800F1380190EDD8
S31508019990C30A0846019100F093FB9FED1B0A019843
S315080199A000F09EF9019800F0AFF9019800F07CFBF0
S315080199B0B5EEC00AF1EE10FA0ADCFFE743F2803190
S315080199C0C2F200410C2200230598FFF76DFD14E051
S315080199D00598383000F068FBBDEEC00A10EE100A93
S315080199E043F28031C2F200410C22DDF814E0009006
S315080199F07046009BFFF758FDFFE7FFE70120059931
S31508019A0081F8C40308B080BD0000204200000000B0
S31508019A1080B588B001460790079800F1280200F53D
S31508019A203C7343F2F82CC2F2004C0690104605919D
S31508019A3061461A46FFF700FC642104900846EBF7D5
S31508019A406FFA069800F55F71FFF706FD069800F5AF
S31508019A508870B2EE040A9FED201A9FED202AF7EED0
S31508019A60001A9FED1F3AF0EE410A8DED031AB0EE8A
S31508019A70421AB0EE432A8DED023AFDF789F844F20F
S31508019A809630C3F60B400699C1F8CC0001F13800AF
S31508019A909FED140ADFED140A9FED142ADFED142A4F
S31508019AA000219DED021ADDED021A9DED023ADDED6A
S31508019AB0023A9DED024ADDED034A9DED025A00F098
S31508019AC083FA43F28030C2F200400C21F2F72CFFF0
S31508019AD0019008B080BD00BF6F12833A8096184B7B
S31508019AE000000000000048430000964300007A4346
S31508019AF00000FA430000000080B586B001460590D3
S31508019B00059842F28042C2F200421368D2F804C0B4
S31508019B1001334CF1000C1360C2F804C0D0F8B82226
S31508019B20C0F80421D0F8B422C0F80021D0F8B02238
S31508019B30C0F8FC20D0F8BC22C0F8082190EDDF0A55
S31508019B4090EDE01A90EDE12A90EDE23A21EE022A33
S31508019B5000EE032A32EE022A21EE011A00EE001A5D
S31508019B6031EE010AB7EE001A70EE410AB0EE420A6A
S31508019B70039102908DED011A01F016F9029880ED14
S31508019B80E30A90EDDF0A90EDE01A90EDE12A90EDF7
S31508019B90E23A21EE031A00EE421AB8EE000A21EE65
S31508019BA0000A01F06BF8029880EDE40A90EDDF0AED
S31508019BB090EDE01A90EDE12A90EDE23A22EE032AC1
S31508019BC000EE012A32EE021A23EE032A00EE002ADB
S31508019BD032EE020A9DED012A70EE420AB0EE410A02
S31508019BE001F0E2F8029880EDE50A4FF000010491D0
S31508019BF0FFE70498022815DCFFE70498029901EBB0
S31508019C00800090EDE30A9FED081A20EE010A9FED08
S31508019C10071A80EE010A80EDE60AFFE7049801308B
S31508019C200490E6E706B080BD00003443DA0F4940E8
S31508019C3080B584B001460390039802900191FFF71D
S31508019C401FFC02982830FFF7FBFB0298383000F01A
S31508019C504BFA4FF07E500299C1F858034FF0000EA7
S31508019C60C1F85CE3C1F860E3C1F864E3C1F86803CD
S31508019C70C1F86CE3C1F870E3C1F874E3C1F878037D
S31508019C80C1F87CE3C1F880E3C1F884E3C1F888E34D
S31508019C90C1F88CE3C1F890E3C1F894E3C1F898E3FD
S31508019CA0C1F89CE3C1F8A0E3C1F8A4E3C1F8A8E3AD
S31508019CB04FF2C350C4F21C10C1F8AC030020C4F221
S31508019CC02020C1F8B00381F8C0E381F8C1E381F827
S31508019CD0C2E381F8C3E381F8C4E3084604B080BD52
S31508019CE084B0B0EE401A014603908DED020A03983E
S31508019CF09DED020A80ED110A8DED011A009104B05D
S31508019D00704700000000000080B58CB001460B903A
S31508019D100B9800220A9209920892079290ED110A6D
S31508019D2090ED121A30EE410A8DED060A9DED060AEE
S31508019D3003910290FDF7A4FC8DED050A9DED050A38
S31508019D40029890ED011AB4EEC10AF1EE10FA07DA9B
S31508019D50FFE70298816C4164002106910591FFE7AE
S31508019D60029890ED080A9DED061A20EE010A8DED7E
S31508019D700A0A90ED0E0AB5EE400AF1EE10FA0DD177
S31508019D80FFE7029890ED0F0AB5EE400AF1EE10FAD8
S31508019D9004D1FFE74FF07E50049044E09DED050A9B
S31508019DA0029890ED0E1AB4EEC10AF1EE10FA04DC2F
S31508019DB0FFE74FF07E50049026E0029890ED0E0AD8
S31508019DC09DED051AB4EEC10AF1EE10FA1BDAFFE7AA
S31508019DD09DED050A029890ED0F1AB4EEC10AF1EE4F
S31508019DE010FA10DAFFE7029890ED0E0A90ED0F1AB5
S31508019DF09DED052A31EE422A31EE400A82EE000A2D
S31508019E008DED040AFFE7FFE79DED050A029890ED3F
S31508019E100F1AB4EEC10AF1EE10FA03DBFFE70020D0
S31508019E200490FFE7FFE7029890ED0C0AB5EE400AA9
S31508019E30F1EE10FA12D0FFE702984C30029991ED33
S31508019E40090A91ED0C1AB1EE412A82EE002AC1EEF9
S31508019E50000AB0EE420AFCF72BF8FFE7029890EDEC
S31508019E60100AB5EE400AF1EE10FA18D1FFE79DED9A
S31508019E70040A029890ED001A90ED132A20EE010AC1
S31508019E809DED061A00EE012A80ED132A90ED090AC6
S31508019E9090ED131A20EE010A8DED090A28E09DEDD1
S31508019EA0050A029890ED101AB4EEC10AF1EE10FAFD
S31508019EB018DAFFE79DED040A029890ED001A90ED75
S31508019EC0132A20EE010A9DED061A00EE012A80EDFD
S31508019ED0132A90ED090A90ED131A20EE010A8DED69
S31508019EE0090A04E000200299C8640990FFE7FFE720
S31508019EF00298017A002912D1FFE7029890ED000A2B
S31508019F0090ED061A90ED0A2A9DED063A33EE411AAE
S31508019F1022EE011A81EE000A8DED080A11E0029877
S31508019F2090ED000A90ED051A90ED072A90ED0A3A90
S31508019F3032EE411A23EE011A81EE000A8DED080A66
S31508019F40FFE7029890ED040A90ED0B1A90ED112A9D
S31508019F5032EE400A20EE010A8DED070A9DED0A0A46
S31508019F609DED091A30EE010A9DED081A30EE010A37
S31508019F709DED071A30EE010A80ED070A90ED0D0AEC
S31508019F80B5EE400AF1EE10FA10D0FFE702981C3040
S31508019F90029991ED0D0AB1EE401A8DED010AB0EE66
S31508019FA0410ADDED010AFBF783FFFFE70298816CA1
S31508019FB0C160416C0161C1694161069981610CB059
S31508019FC080BD0000000000002DED0C8B9AB00EAA92
S31508019FD00B46B0EE456AB0EE647AF0EE445AF0EEFE
S31508019FE0636AF0EE437AB0EE628AB0EE429AB0EE58
S31508019FF061AAB0EE41BAB0EE60CAB0EE40DA844664
S3150801A000199082ED0A0AC2ED090A82ED081AC2ED13
S3150801A010071A82ED062AC2ED052A82ED043AC2ED37
S3150801A020033A82ED024AC2ED014A82ED005A8DF8E1
S3150801A0303710199892ED0A0A80ED080A17994162B4
S3150801A040169981621599C16214990163139941633D
S3150801A0500F9901600E994160129981631199C16343
S3150801A060109901649DF837100172CDF830C00B9331
S3150801A0708DED0A6A8DED097ACDED085ACDED076A9F
S3150801A080CDED067A8DED058A8DED049A8DED03AA3F
S3150801A0908DED02BA8DED01CA8DED00DA1AB0BDEC6F
S3150801A0A00C8B70470000000082B0014601900198B0
S3150801A0B090ED070A009102B0704700000000000009
S3150801A0C084B0B0EE401A014603908DED020A03985A
S3150801A0D09DED020A80ED120A8DED011A009104B078
S3150801A0E0704700000000000082B001460190019807
S3150801A0F00022C260026142618261C26102624262F9
S3150801A1008262C262026342638263C2630264426418
S3150801A1108264C264009102B070470000000000002A
S3150801A12082B00146ADF80600BDF906000028009187
S3150801A1300FDBFFE7BDF9060000F01F01012202FA55
S3150801A14001F140094EF20012CEF2000242F8201047
S3150801A150FFE702B0704700004EF60C50CEF2000041
S3150801A1600068C0F30220704784B00A460346ADF87A
S3150801A1700E000291BDF90E000028019200930ADB38
S3150801A180FFE702980001BDF90E104EF20042CEF229
S3150801A190000288540BE002980001BDF80E1001F088
S3150801A1A00F014EF61452CEF200028854FFE704B0AE
S3150801A1B0704700000000000084B001460390039830
S3150801A1C000F0070001904EF60C50CEF2000002682E
S3150801A1D00292029A4FF6FF031A400292029A019BD3
S3150801A1E042EA03220023C0F2FA531A430292029A60
S3150801A1F00260009104B0704780B582B042F2C03067
S3150801A200C2F20040002101609FED0C0A9FED0C1A75
S3150801A210F0EE410A01908DED001A00F0C5FD019896
S3150801A22080ED010A9FED070ADDED000A00F0BCFD8D
S3150801A230019880ED020A02B080BD00BF583934BECC
S3150801A2400BEFF2BD5839343E80B582B042F2CC30BC
S3150801A250C2F20040002101609FED0C0A9FED0C1A25
S3150801A260F0EE410A01908DED001A00F09DFD01986E
S3150801A27080ED010A9FED070ADDED000A00F094FD65
S3150801A280019880ED020A02B080BD00BF583934BE7C
S3150801A2900BEFF2BD5839343E80B582B042F2D83060
S3150801A2A0C2F20040002101609FED0C0A9FED0C1AD5
S3150801A2B0F0EE410A01908DED001A00F075FD019846
S3150801A2C080ED010A9FED070ADDED000A00F06CFD3D
S3150801A2D0019880ED020A02B080BD00BF583934BE2C
S3150801A2E00BEFF2BD5839343E80B582B042F2E43004
S3150801A2F0C2F20040002101609FED0C0A9FED0C1A85
S3150801A300F0EE410A01908DED001A00F04DFD01981D
S3150801A31080ED010A9FED070ADDED000A00F044FD14
S3150801A320019880ED020A02B080BD00BF583934BEDB
S3150801A3300BEFF2BD5839343E80B582B042F2F030A7
S3150801A340C2F20040002101609FED0C0A9FED0C1A34
S3150801A350F0EE410A01908DED001A00F025FD0198F5
S3150801A36080ED010A9FED070ADDED000A00F01CFDEC
S3150801A370019880ED020A02B080BD00BF583934BE8B
S3150801A3800BEFF2BD5839343E80B582B04BF24D60C1
S3150801A390C3F6216001909DED010A00F02DFE42F2FF
S3150801A3A0FC30C2F2004080ED000A02B080BD000018
S3150801A3B080B582B04BF24D60C3F6216001909DEDE8
S3150801A3C0010A00F019FE42F20040C2F2004080ED97
S3150801A3D0000A02B080BD000080B582B04BF24D6024
S3150801A3E0C3F6216001909DED010A00F005FE42F2D7
S3150801A3F00440C2F2004080ED000A02B080BD0000B0
S3150801A40080B582B04BF24D60C3F6216001909DED97
S3150801A410010A00F0F1FD42F20840C2F2004080ED67
S3150801A420000A02B080BD000080B582B04BF24D60D3
S3150801A430C3F6216001909DED010A00F0DDFD42F2AF
S3150801A4400C40C2F2004080ED000A02B080BD000057
S3150801A4504AF24000C4F20000006840F2D821C2F274
S3150801A460004108607047000080B543F2E070C2F20F
S3150801A4700040FFF7DDFB80BD2DE9F04703880F8813
S3150801A480BB424BD147884E88B74247D11688B3425B
S3150801A49044D15688B74241D107FB03F846680023E1
S3150801A4A04D68B3EB980F546827D04FEA9800C0F16E
S3150801A4B0000900BF3068296800F0F1FD2060706866
S3150801A4C0696800F0ECFD6060B068A96800F0E7FD16
S3150801A4D0A06006F1100AF06805F11007E96800F0B6
S3150801A4E0DEFD04F11001E06019F1010956460C463A
S3150801A4F03D46DFD13D460C46564618F003000BD0C3
S3150801A500474200BF56F8040B55F8041B00F0C7FD77
S3150801A51044F8040B0137F5D1002000E0FD2040B2D4
S3150801A520BDE8F08701804280436070472DE9F04F0E
S3150801A53093B00688B0F802B05E4540F059810A88A2
S3150801A540FD25964240F055814B889A4240F051814B
S3150801A550002E476800F032816FF00300009700EB88
S3150801A56086094C68002706964FF07E5803942046C4
S3150801A5700698801B09D0B9002046E6F7A9F80020FD
S3150801A5800130874204F10404FAD104F1040AC4F83B
S3150801A5900080751E10D0A9EB87015046E6F798F89A
S3150801A5A0012054460130864204F10404FAD1002DF3
S3150801A5B007F101072E46DBD1069E002E009F00F00B
S3150801A5C0FD800420CDF828B000EB8B00A6F1010A26
S3150801A5D0019007EB8B044FEA8B08381DCBF100017C
S3150801A5E000220C91CDE907B8B24280F006810990A4
S3150801A5F002FB0BF00497002507EB800157F8209022
S3150801A6000F914F46039901EB800110920E91029426
S3150801A610CDF814A005E000BFAAF1010A2768444451
S3150801A62035460021384600F05FFD38B938462946D7
S3150801A63000F04CFD00283E4607D007E087F00046AB
S3150801A6402846314600F057FD00B92E46BAF1000FEB
S3150801A650E2D10021304600F02BFD002840F0CD80E4
S3150801A66029F00040314600F023FD0028DDE90516F2
S3150801A670109C06D1E043801903D0002001308142A5
S3150801A680FCD10021484600F013FD00280A9F40F03E
S3150801A690B480ABEB040108460D9101290F994FF0DF
S3150801A6A07E5008600BD00124099D00BF28684946E1
S3150801A6B000F034FD45F8040B0134A742F6D10C9C91
S3150801A6C00E9D00BF2868494600F028FD45F8040B91
S3150801A6D00134F7D10D98002401380B90DDE903A761
S3150801A6E0109A00BF944205D10D980AEB8B0A07EB25
S3150801A6F0800741E0D7F800900F980168484600F0B6
S3150801A7005FFD0146484600F0AFFD47F8040B0B987C
S3150801A7100028CDE911641BD04FF001084FF0000B5A
S3150801A720DDE9096456F80B10484657F80B5000F056
S3150801A73047FD0146284600F097FD08F1010847F84C
S3150801A7400B0044450BF1040BECD15F44DDE907B876
S3150801A7500C9E0E9C54F8041B4846DAF8005000F08B
S3150801A7602FFD0146284600F07FFD4AF8040B013605
S3150801A770F0D1129CDDE9102607EB8207013E04F1B0
S3150801A7800104AFD10A9801320138049F0A9007F1F2
S3150801A7900407DDF814A0DDE901040999AAF1010A03
S3150801A7A00144069E044408467FF41EAF002148462C
S3150801A7B0002500F07DFC0028009F1AD00BFB06F54A
S3150801A7C00024002D4FF000060AD000BF386800218A
S3150801A7D000F06EFC20B10136AE4207F10407F5D34D
S3150801A7E0AE4208BF6FF00404204613B0BDE8F08FEF
S3150801A7F0FD2568B213B0BDE8F08FFB25F9E7000027
S3150801A8002DE9F04F93B047880B889F4240F0B280FC
S3150801A810068813889E4240F0AD804D8853889D4234
S3150801A82040F0A8800796BE08436806FB05F049680C
S3150801A83027F0030C01EB0010039102900020A0EB16
S3150801A84097010D9307F00304099103EB8C035168F3
S3150801A8500A932B464FEA8509019161420C960597A1
S3150801A8600B940891049500BF0690019901EB8008A5
S3150801A870DDE902BA0C98002811934BD0CDF838B00F
S3150801A8800024CDF84080DDF824B0DDF83480CDF819
S3150801A8903CA000BFDAF8001098E8C100D8F80C20EF
S3150801A8A0129200F08DFC0146204600F0F8FB0446A2
S3150801A8B05AF8091030460AEB090500F081FC0146F1
S3150801A8C0204600F0ECFB044655F80910384605EB1E
S3150801A8D0090600F075FC0146204600F0E0FB044637
S3150801A8E056F80910129806EB090500F069FC0146AD
S3150801A8F0204600F0D4FB1BF1010B08F110080446B1
S3150801A90005EB090AC6D1DDF838B05D460A9EDDE9D0
S3150801A9100FA802E000240D9E55460B9868B1089FC2
S3150801A92056F8040B296800F04BFC0146204600F056
S3150801A930B6FB013704464D44F2D148F8044B0AF1F7
S3150801A940040A119B0BF1040B013B93D105980D9950
S3150801A95001EB8001049B0D910799069A01391A4466
S3150801A96007910A9901EB800110460A917FF47CAFA1
S3150801A970002000E0FD2040B213B0BDE8F08F0000D2
S3150801A9802DE9F04703880F88BB424BD147884E888B
S3150801A990B74247D11688B34244D15688B74241D106
S3150801A9A007FB03F8466800234D68B3EB980F546814
S3150801A9B027D04FEA9800C0F1000900BF306829681E
S3150801A9C000F052FC20607068696800F04DFC606018
S3150801A9D0B068A96800F048FCA06006F1100AF068A2
S3150801A9E005F11007E96800F03FFC04F11001E06089
S3150801A9F019F1010956460C463D46DFD13D460C463E
S3150801AA00564618F003000BD0474200BF56F8040B10
S3150801AA1055F8041B00F028FC44F8040B0137F5D15E
S3150801AA20002000E0FD2040B2BDE8F0872DE9F04F97
S3150801AA3083B002884B889A424DD144880B889C4240
S3150801AA4049D10023D1F804804FEA940C416804F0F7
S3150801AA50030ECDF80080A3EB94040294140196002A
S3150801AA600194CEF1000B4046BCF1000F1ED04746BB
S3150801AA70029C00BF08683D4638603744486807EBC2
S3150801AA800609A85101F11000D1F808A0013447F8C8
S3150801AA9006A009EB0607C968374449F806100146B6
S3150801AAA0E8D101996C18014603E000BF009800EB54
S3150801AAB08304BEF1000F07D05D4600BF51F8040BB1
S3150801AAC0013520603444F9D10133013A08F104080B
S3150801AAD0CAD1002000E0FD2040B203B0BDE8F08FE6
S3150801AAE080B582B000200190EBF756FE0090F5F78D
S3150801AAF037F8F3F789FDF3F747FCF3F7C5FCF3F7E6
S3150801AB0003FDF3F741FDF3F747FEF3F77DFEF3F790
S3150801AB10CFFFF4F7F1F8F4F7A3F8F4F735F9F3F7FB
S3150801AB2077FFF3F72DFFF3F7E3FEF4F709F8F4F7E8
S3150801AB304FF8F3F715FEF5F703FFFFE7FEE74100C8
S3150801AB40080218BF04200A0E18BF40F001004FF092
S3150801AB507F4232EA010108BF40F00200012808BF1E
S3150801AB600520704710B510EE104A4FF01A402DED2A
S3150801AB70028B00EB4400B0F1C85F4AD84FF0FC40A5
S3150801AB80B0EB440F22D2B0EEC00AF7EE000A30EE5F
S3150801AB90C00AF6EE000A20EE208A18EE100A00F026
S3150801ABA05FFA00EE100A14F0004F1DBF9FED281A38
S3150801ABB0DFED280AB1EE400A9FED271A08BFF0EE2D
S3150801ABC0410AF8EE001A20EE210A05E020EE008A75
S3150801ABD09FED221ADFED220ADFED221A9FED222AC6
S3150801ABE070EEC00A20EE080A08EE212ADFED1F1AC8
S3150801ABF048EE021A9FED1E2A08EE212ADFED1D1ADC
S3150801AC0048EE021ABDEC028B40EE610A30EE810A6B
S3150801AC1010BD4FF0CC40B0EB440F82BF9FED160A32
S3150801AC20BDEC028B10BD4FF07F40B0EB440F05D24F
S3150801AC30BDEC028BBDE8104000F0FBB90120E5F739
S3150801AC40DAFDBDEC028BBDE8104000F0F9B9000051
S3150801AC500000494022AA7D3A000000000000C93FD1
S3150801AC6022AAFD3924FE1C3DC78AD83C1E67383DF9
S3150801AC701B93993DAFAA2A3EDB0FC93F10B54FF08A
S3150801AC800E402DED028BB0EE408A18EE104A00EB0D
S3150801AC904400B0F1506F4AD84FF0FC40B0EB440F76
S3150801ACA022D2B0EEC80AF7EE000A30EEC00AF6EE76
S3150801ACB0000A60EE208A18EE900A00F0D1F901EE3A
S3150801ACC0100A14F0004F1DBFDFED2D0A9FED2D0A66
S3150801ACD0B1EE411ADFED2C0A08BF9FED2C0AF8EEFA
S3150801ACE0001A21EE218A05E0DFED290A68EE088AB5
S3150801ACF0B0EE600A9FED271ADFED271A30EE080A33
S3150801AD0048EE811A9FED251A08EEA11ADFED241ADD
S3150801AD1048EE811A9FED231A08EEA11A68EE281A41
S3150801AD20BDEC028B01EE810A30EE200A10BD4FF010
S3150801AD30E440B0EB440F0CD918EE100AFFF7FFFEFA
S3150801AD40042808BF00F084F9B0EE480ABDEC028B6E
S3150801AD5010BD4FF07F40B0EB440F07D2B0EE480A62
S3150801AD60BDEC028BBDE8104000F063B90120E5F7A0
S3150801AD7042FDBDEC028BBDE8104000F061B9000050
S3150801AD800000C9BF22AAFDB90000C93F22AAFD39A0
S3150801AD900000000024FE1C3DC78AD83C1E67383DCA
S3150801ADA01B93993DAFAA2A3E10EE100A10B510EE74
S3150801ADB0901A4FF0684202EB40032DED028BB3F176
S3150801ADC0654F3CBF02EB4102B2F1654F7CD200BF31
S3150801ADD0C0F3C753C1F3C7529A1A1B2A09DD10F0EB
S3150801ADE0004F14BF9FED6E0A9FED6E0ABDEC028BF4
S3150801ADF010BD12F11A0F1BDA11F0004F09D010F02D
S3150801AE00004F0CBF9FED680A9FED680ABDEC028BE7
S3150801AE1010BD80EE208A18EE100AFFF790FE04286E
S3150801AE2008BF00F015F9B0EE480ABDEC028B10BD5B
S3150801AE304200B2EB410F37D910F0004F19BFDFEDD1
S3150801AE405C1A9FED5C1ADFED5C1A9FED5C1AB0EE99
S3150801AE50602A0A46F1EE400A80F00041B0EE420A45
S3150801AE6010460A1A5200B2F1807F34D2484010F0D7
S3150801AE70004FDFED532A9FED533A1DBFBEEE002A60
S3150801AE8071EEE21A31EE431AB6EE002A04BF71EEEC
S3150801AE90A21A31EE031AF0EE402A42EE602A40EE7B
S3150801AEA0020A82EEA02A18E011F0004F04BF9FEDB6
S3150801AEB0461AF0EE411AD4D010F0004F1CBFDFED50
S3150801AEC0431A9FED431A00E026E004BFDFED411A5D
S3150801AED09FED411AC5E780EE202A22EE020ADFED30
S3150801AEE03F0ADFED3F2ABDEC028B40EE202ADFED5B
S3150801AEF03D0A40EE220ADFED3C2A40EE202ADFED2C
S3150801AF003B0A40EE220A22EE000A00EE201A31EE32
S3150801AF10020A30EE210A10BD4FF07F42B2EB400F14
S3150801AF2028BFB2EB410F05D2BDEC028BBDE810403C
S3150801AF3000F082B840EA01035B0008BF41F0FF4117
S3150801AF400BD0B2EB400F08BFB2EB410F08D120F08E
S3150801AF50804000EE100A21F0804100EE901A37E792
S3150801AF60B2EB400F12BF5FEA410240F0FF4001F029
S3150801AF7000413FF42DAF4A0092EA40033FF528AF5E
S3150801AF80002AACBF9FED1A1A9FED1A1A20EE010A84
S3150801AF9060EE810A10EE100A10EE901A18E700000A
S3150801AFA0DB0FC9BFDB0FC93FDB0F4940DB0F49C0C8
S3150801AFB00000C9BF22AAFDB90000C93F22AAFD396E
S3150801AFC00060ED3EC30ACE3700000000000049C00C
S3150801AFD022AA7DBA0000494022AA7D3A2DAD65BD57
S3150801AFE08FB8D53D0FB511BE61C84C3EA8AAAABEF9
S3150801AFF00000804F0000802F10B52DED028BB1EEB9
S3150801B000C08A18EE100A20F00040C0F1FF40C00FB8
S3150801B0100AD010EE100A20F00040C0F1FF40C00F20
S3150801B02004BF0120E5F7E7FBB0EE480ABDEC028B49
S3150801B03010BD30EE000A704730EE200A7047000056
S3150801B040DFED020A80EEA00A70470000000000004A
S3150801B0509FED020A20EE000A70470000000000106A
S3150801B06010B500EE100A2DED028BB1EEC08A18EE6E
S3150801B070100A20F00040C0F1FF40C00F0AD010EEC0
S3150801B080100A20F00040C0F1FF40C00F04BF0120A4
S3150801B090E5F7B1FB18EE100ABDEC028B10BD00EE08
S3150801B0A0100A00EE901A30EE200A10EE100A7047C8
S3150801B0B010B500F03DF80CBF0120002010BD10B5F9
S3150801B0C000F036F814BF0120002010BD10B500F0BD
S3150801B0D047F88CBF0120002010BD10B500F040F8DC
S3150801B0E02CBF0120002010BD10B500F051F894BF07
S3150801B0F00120002010BD10B500F04AF834BF012028
S3150801B100002010BD401058BFC0F14040491058BF3B
S3150801B110C1F140418142EFF30080704700EE100A09
S3150801B12000EE901A80EE201A11EE100A7047000000
S3150801B13000EE100A00EE901AB4EE600AF1EE10FA6B
S3150801B14078BF704700F000B810B500F042F800BFAC
S3150801B150922449004FF000504FF08051FFF7D2BFBB
S3150801B16000EE100A00EE901AB4EE600AF1EE10FA3B
S3150801B17078BF704700F000B810B500F02AF800BF94
S3150801B180922449004FF080504FF00051FFF7BABFA3
S3150801B19000EE100A00EE901AB4EE600AF1EE10FA0B
S3150801B1A078BF7047AFF3008010B500F012F800BF02
S3150801B1B0922449004FF000504FF08051FFF7A2BF8B
S3150801B1C000EE100A00EE901A20EE200A10EE100A80
S3150801B1D070470EF1020E2EF0030E5EF8044B244260
S3150801B1E004D44FEA4102B2F17F4F11D84FEA400326
S3150801B1F0B3F17F4F0CD80ED14FEAD07C0CEB4C0C37
S3150801B2000CF1020CB2F17F4F08BF4CEBD17C04E084
S3150801B2104FF0080C01E04FEAD17C0CEB4C0324FA01
S3150801B22003F404F00704B4F1040C06D20EEB840C03
S3150801B230BDE810404CF0010C6047DFE80CF0070848
S3150801B24002024FF00040A0F5800010BD08464200FA
S3150801B25018BFD2F1807288BF00F0004010BD4FF0D0
S3150801B2604070E1EE100A704700EE100A00EE901ADF
S3150801B27030EE600A10EE100A704700000000010265
S3150801B2800304010203040607080900010203040571
S3150801B2900607080C10141820304000061016000680
S3150801B2A01016000000000000000000000000000069
S3150801B2B0000000000000000001000000020000007C
S3150801B2C00300000004000000000000000500000063
S3150801B2D00000000000000000000000000600000059
S3150801B2E00000000000000000000000000700000048
S3150801B2F00804020408010101010101030701000014
S3150801B300010002000400060008000A000C001000F3
S3150801B31020004000800000010000803F000000007E
S3150801B320000000000000000000000000000000000E
S3150801B330000000000000803F00000000000000003F
S3150801B34000000000000000000000000000000000EE
S3150801B3500000803F0000000000000000000000001F
S3150801B3600000000000000000000000000000803F0F
S3150801B37000000000000000000000000000000000BE
S3150801B38000000000000000000000803F00000000EF
S3150801B390000000000000000000000000000000009E
S3150801B3A0000000000000803F43444320496E746555
S3150801B3B072666163650043444320436F6E6669673D
S3150801B3C00053544D6963726F656C656374726F6E71
S3150801B3D06963730053544D3332205669727475612B
S3150801B3E06C20436F6D506F727400000020B4010821
S3150801B3F000000024B00100000803000818B5010880
S3150801B400B0010024281A01006403000805AAFFFFF9
S3150801B41021AAFFFF0DAAFFFF29AAFFFF35AAFFFFF1
S3150801B420100CE7416B3A58A08B3A8281011E5131C3
S3150801B4300108D1041AF9041E3932010891041EF9CA
S3150801B44030010879105108081250C347CDCCCC3DBC
S3150801B4500409531C110B1AC8421C112C90D0030461
S3150801B4601F09220108D91EAC4A25A81BF11FC01DB8
S3150801B4701D01085114C11F19210108A120D8190855
S3150801B4801A81081409024313020125C03209041B53
S3150801B49001020B13052416100105240110090104E4
S3150801B4A02402020524061701070582030815100957
S3150801B4B0040133020A2E0705010240072A810711F2
S3150801B4C0130A0632023340011A12231302021E40DE
S3150801B4D083044057591B02031513010B1408F90A73
S3150801B4E01B0889041A410C1AB10407180403090434
S3150801B4F01A03157D04017C160240AB0341100B05A6
S3150801B5005308065804077017012A106C0400D7233C
S30D0801B510BB0000000000000069
S705080002CD23
