:020000040800F2
:10000000D8E900202D020008D96C00088963000897
:10001000D56C0008590500086DBC00080000000000
:10002000000000000000000000000000E570000873
:100030005D09000800000000E1700008757100080B
:10004000470200084702000847020008470200086C
:10005000470200084702000861090008470200083B
:10006000470200086D0900087909000847020008E6
:100070003507000845070008470200085507000833
:10008000470200084702000847020008470200082C
:100090005D0500086D050008470200088509000895
:1000A000470200084702000847020008470200080C
:1000B00047020008470200084D7200084702000886
:1000C00047020008470200084702000847020008EC
:1000D00047020008598300084702000869830008A6
:1000E00047020008470200084702000847020008CC
:1000F00047020008470200084702000847020008BC
:1001000047020008470200085D7200084702000825
:10011000470200084702000847020008470200089B
:1001200047020008650700087507000885070008F2
:10013000470200084702000847020008470200087B
:100140007D0500088D05000847020008496D00087C
:1001500095070008A5070008B5070008798300087F
:10016000470200084702000847020008470200084B
:10017000470200084702000847020008000000008C
:10018000470200084702000800F002F800F03EF8BD
:100190000AA090E8000C82448344AAF10107DA45E2
:1001A00001D100F033F8AFF2090EBAE80F0013F0F6
:1001B000010F18BFFB1A43F00103184724E00000A9
:1001C00044E00000103A24BF78C878C1FAD852073A
:1001D00024BF30C830C144BF04680C6070470000C1
:1001E0000023002400250026103A28BF78C1FBD840
:1001F000520728BF30C148BF0B6070471FB50DF0D4
:10020000B1FF00F01BF91FBD10B510BD00F075F96E
:100210001146FFF7F3FF0DF005FE00F093F903B46C
:10022000FFF7F2FF03BC00F059F9000009488047CE
:1002300009480047FEE7FEE7FEE7FEE7FEE7FEE7C8
:10024000FEE7FEE7FEE7FEE704480549054A064BE0
:10025000704700003972000889010008D849002061
:10026000D8E90020D8990020D899002053EA020C40
:1002700000F069802DE9F04B4FF00006002B1FBF06
:10028000B3FA83F503FA05F424FA05F65E4012BFCB
:100290001643B2FA82F502FA05F4C5F120051EBF35
:1002A00022FA05FC44EA0C04203556EA044C4FEAD5
:1002B000144418BF641C4FF000084FF0000990422E
:1002C00071EB030C39D3002919BFB1FA81F701FA98
:1002D00007F6B0FA80F700FA07F6C7F120071EBF4D
:1002E00020FA07FC46EA0C062037B6FBF4FCA7EB25
:1002F0000507103F07F01F0BCBF120062CFA06F67E
:100300000CFA0BFB44BFB3460026202FA4BF5E4669
:100310004FF0000B5BEA060C08BF4FF0010B19EB26
:100320000B0948EB0608ABFB027C06FB02CC0BFB7F
:1003300003CCC01B71EB0C01C1E70B4602464146E2
:100340004846BDE8F08B13B5084318BF4FF0FF30A7
:100350000146AFF30080BDE81C407047032A40F21D
:10036000308010F0030C00F0158011F8013BBCF157
:10037000020F624498BF11F801CB00F8013B38BF6F
:1003800011F8013BA2F1040298BF00F801CB38BF7D
:1003900000F8013B11F0030300F06D80083AC0F053
:1003A000088051F8043B083A51F804CBA0E8081043
:1003B000F5E7121D5CBF51F8043B40F8043BAFF376
:1003C0000080D20724BF11F8013B11F801CB48BFD0
:1003D00011F8012B24BF00F8013B00F801CB48BF06
:1003E00000F8012B70474FF0000200B51346944609
:1003F0009646203922BFA0E80C50A0E80C50B1F17D
:100400002001BFF4F7AF090728BFA0E80C5048BF90
:100410000CC05DF804EB890028BF40F8042B08BF2E
:10042000704748BF20F8022B11F0804F18BF00F82A
:10043000012B7047704770477047000070B5064C3D
:100440007C44064D7D4404E0204601680844804712
:10045000241DAC42F8D170BDBCDD0000C0DD000041
:1004600010B500F041F8006810BD10B5044600F06A
:100470003BF8046010BD10B5203AC0F00B80B1E825
:100480001850A0E81850B1E81850A0E81850203AC9
:10049000BFF4F5AF5FEA027C24BFB1E81850A0E8D2
:1004A000185044BF18C918C0BDE810405FEA827CEC
:1004B00024BF51F8043B40F8043B08BF7047D20703
:1004C00028BF31F8023B48BF11F8012B28BF20F8A4
:1004D000023B48BF00F8012B70470000014918207B
:1004E000ABBEFEE72600020000487047F80000207F
:1004F00000487047F800002070477546FFF7F8FF86
:10050000AE4605006946534620F00700854618B000
:1005100020B5FFF799FEBDE820404FF000064FF0F0
:1005200000074FF000084FF0000BAC46ACE8C009E4
:10053000ACE8C009ACE8C009ACE8C00921F007018B
:100540008D46704710B50446AFF300802046BDE8E5
:100550001040FFF764BE0000FFE7FEE780B543F6FA
:100560000400C2F2000000F0F9FC80BD80B543F643
:100570000400C2F2000000F0F1FC80BD80B543F63B
:100580002C00C2F2000000F0E9FC80BD80B543F60B
:100590002C00C2F2000000F0E1FC80BD80B584B008
:1005A000039002910398006846F20041C4F20001F2
:1005B000884216D1FFE7039840F27011C2F20001A1
:1005C00008600298886203980023019319461A462E
:1005D0000BF024FD019B03980C211A460BF01EFD25
:1005E00018E00398006846F60001C4F20001884252
:1005F0000FD1FFE7039840F2B411C2F20001086086
:10060000029888620398702100231A460BF006FDB9
:10061000FFE7FFE7039801F0E3F80398022100F0F9
:10062000E9F90398102100F0E5F904B080BD00005D
:1006300080B58CB00B90ADF82A100992ADF822303D
:10064000BDF82A0002900020039004900590BDF8A8
:10065000220006900B98099A02A901AB00F0F4F968
:100660000CB080BD84B08DF80F000291ADF806206B
:100670009DF80F000146009123281DD80099DFE85E
:1006800001F012131415161B1B1B1B1B1B1B1B1B22
:100690001B1B1B1B1B1B1B1B1B1B1B1B1B1B1B1BAA
:1006A0001B1B1718191A08E007E006E005E004E034
:1006B00003E002E001E000E0FFE7002004B0704743
:1006C0000020704780B582B043F22850C2F200008B
:1006D000009042F2EC71C2F200010022019208F097
:1006E000F3F9009841F6EC71C2F2000108F0CEF97E
:1006F000019802B080BD000080B584B003900291E3
:10070000039943F22850C2F20000019008F0BEF9AC
:10071000019808F061F9002004B080BD83B0029018
:1007200001918DF8032000208DF802009DF9020050
:1007300003B0704780B543F69420C2F2000001F088
:1007400049F980BD80B543F65400C2F2000001F0C3
:1007500041F980BD80B543F6B400C2F2000001F05B
:1007600039F980BD80B543F6F420C2F2000001F0F3
:1007700031F980BD80B543F61410C2F2000001F0DB
:1007800029F980BD80B543F67410C2F2000001F073
:1007900021F980BD80B543F6D410C2F2000001F00B
:1007A00019F980BD80B543F65430C2F2000001F063
:1007B00011F980BD80B543F63420C2F2000001F08B
:1007C00009F980BD82B001900198007810384AF68E
:1007D000AB21CAF6AA21A0FB0110000900900099E4
:1007E0004EF29610C0F60000405C0199C865009872
:1007F000042807D3FFE701990868042262F309007F
:10080000886506E00199086840F2FF3290438865E8
:10081000FFE70198806D02B07047000086B0059038
:1008200000208DF813000598806A03900598806970
:1008300010BBFFE70398029003281BD80299DFE85A
:1008400001F0020D0218059890F82F00C00720B1A2
:10085000FFE701208DF81300FFE70CE00598C06A60
:10086000B0F1C07F04D1FFE701208DF81300FFE74E
:1008700001E000E0FFE745E005988069B0F5005F22
:1008800025D1FFE70398019003281ED80199DFE8DE
:1008900001F00206021101208DF8130016E0059800
:1008A00090F82F00C00720B1FFE701208DF813005A
:1008B000FFE70BE00598C06AB0F1C07F04D1FFE705
:1008C00001208DF81300FFE700E0FFE719E003982F
:1008D0000090032804D3FFE70098032804D00EE01B
:1008E00001208DF813000BE0059890F82F00C00749
:1008F00020B1FFE701208DF81300FFE700E0FFE7DC
:10090000FFE7FFE79DF8130006B0704784B003903F
:1009100002910192009303980168086820F48020F6
:100920000860009803990968486003988068402827
:1009300009D1FFE701980399096888600298039933
:100940000968C86008E002980399096888600198FE
:1009500003990968C860FFE704B07047704700005A
:1009600080B5012001F008FB80BD000080B50820A3
:1009700001F002FB80BD000080B5102001F0FCFA00
:1009800080BD000080B5202001F0F6FA80BD000097
:1009900072B6FFE7FEE7000080B584B047F610208E
:1009A000C1F6FF700068039047F61420C1F6FF708F
:1009B0000068029047F61820C1F6FF7000680190A9
:1009C0000199039808440390039888B1FFE70398BE
:1009D00040F2D801C2F2000100910231082205F074
:1009E000D5FC009902981231042205F0CFFCFFE7F4
:1009F00004B080BD84B002900191029890F820006C
:100A00008DF803009DF80300012805D0FFE79DF84D
:100A1000030002280AD1FFE7019A02980168486999
:100A20001043486100208DF80F0008E00299486AE1
:100A300040F48020486201208DF80F00FFE79DF808
:100A40000F0004B07047000088B006900591049232
:100A50000393069890F820008DF807000698006828
:100A6000806800900598806808B9FFE700E0FFE71C
:100A70009DF80700012806D0FFE79DF8070002282F
:100A800040F08080FFE79DF80300400700280CD469
:100A9000FFE79DF803000007002806D4FFE79DF854
:100AA0000300C006002864D5FFE70098C0F301608A
:100AB0000290029901208840039908600598806897
:100AC00068B9FFE705980168C06840EA4150069997
:100AD0000968029A01EB0211C1F880010EE0059944
:100AE0004A688868C96840EAC200084306990968EC
:100AF000029A01EB0211C1F88001FFE70598006935
:100B000006990968029A01EB0211C1F8840105985F
:100B1000007D01280CD1FFE706980068029900EBE0
:100B20000111D1F8840140F48070C1F88401FFE71D
:100B30000498406806990968029A01EB0211C1F80D
:100B40008C010498006806990968029A01EB021169
:100B5000C1F8880106980068029900EB0111D1F8EC
:100B6000800140F00100C1F8800100208DF81F00D5
:100B700011E00699486A40F40010486201208DF89F
:100B80001F0008E00699486A40F48020486201206E
:100B90008DF81F00FFE79DF81F0008B070470000A8
:100BA00086B004900391049890F820008DF803001B
:100BB0009DF80300012806D0FFE79DF803000228F6
:100BC00040F0B080FFE746F20040C4F20000019020
:100BD0000199D1F8000240F00100C1F8000201992A
:100BE000D1F8000220F47C50C1F800020398426A58
:100BF0000199D1F8000240EA0220C1F800020398EE
:100C0000406900F01F01012088400290029A01997A
:100C1000D1F81C029043C1F81C020398C069F0B9D6
:100C2000FFE7029A0199D1F80C029043C1F80C0237
:100C3000039A9088D168526940EA0140019901EB1A
:100C4000C201C1F84002039A10889168526940EAD3
:100C50000140019901EBC201C1F84402FFE703988A
:100C6000C06901281ED1FFE7029A0199D1F80C0250
:100C70001043C1F80C02039A90881168526940EA47
:100C80000140019901EBC201C1F84002039A908929
:100C90009168526940EA0140019901EBC201C1F833
:100CA0004402FFE70398806940B9FFE7029A01997F
:100CB000D1F804029043C1F8040207E0029A0199B6
:100CC000D1F804021043C1F80402FFE70398006959
:100CD00040B9FFE7029A0199D1F814029043C1F894
:100CE000140207E0029A0199D1F814021043C1F8E6
:100CF0001402FFE70398006A012808D1FFE7029A6F
:100D00000199D1F81C021043C1F81C02FFE70199B8
:100D1000D1F8000220F00100C1F8000200208DF897
:100D2000170008E00499486A40F4802048620120D6
:100D30008DF81700FFE79DF8170006B07047000018
:100D400081B0009001B0704786B004900391029288
:100D50000193049890F820008DF803009DF803009B
:100D6000012806D0FFE79DF80300022840F0E88044
:100D7000FFE7039880B9FFE704980068C068800720
:100D800048B9FFE70499486A40F40010486201201E
:100D90008DF81700DDE00FE0049800680069800717
:100DA00048B9FFE70499486A40F4001048620120FE
:100DB0008DF81700CDE0FFE704980068039900EB79
:100DC0000110D0F8B00100F0040002998860029888
:100DD000806858B9FFE704980068039900EB011098
:100DE000D0F8B001400D029908600AE0049800684C
:100DF000039900EB0110D0F8B001C00802994860D7
:100E0000FFE704980068039900EB0110D0F8B001E7
:100E100000F002000299C86004980068039900EB92
:100E20000110D0F8B40100F00F00082804D3FFE748
:100E30000299082008610BE004980068039900EB10
:100E40000110D0F8B40100F00F0002990861FFE72B
:100E500004980068039900EB0110D0F8B40180B247
:100E6000000A0299886104980068039900EB011058
:100E7000D0F8B401000C0299486104980068039905
:100E800000EB0110D0F8B8010199087004980068CF
:100E9000039900EB0110D0F8B801000A01994870DD
:100EA00004980068039900EB0110D0F8B801000C19
:100EB0000199887004980068039900EB0110D0F83C
:100EC000B801000E0199C87004980068039900EBFE
:100ED0000110D0F8BC0101990871049800680399C9
:100EE00000EB0110D0F8BC01000A01994871049888
:100EF0000068039900EB0110D0F8BC01000C0199C7
:100F0000887104980068039900EB0110D0F8BC01C7
:100F1000000E0199C871039838B9FFE70498016879
:100F2000C86840F02000C86006E0049801680869BD
:100F300040F020000861FFE700208DF8170008E06E
:100F40000499486A40F48020486201208DF8170017
:100F5000FFE79DF8170006B07047000080B58AB023
:100F60000990002008900998006840690790099846
:100F700000684068069009980068806805900998A4
:100F80000068C06804900998006800690390099897
:100F90000068806902909DF81C00C007002800F0DE
:100FA0009480FFE79DF81400C00758B3FFE7099845
:100FB0000168012088609DF814008007002804D58E
:100FC000FFE7099800F056FC1BE09DF8140040076D
:100FD000002805D5FFE7089840F4006008900FE06E
:100FE0009DF814000007002805D5FFE7089840F495
:100FF0008050089003E0099800F038FCFFE7FFE715
:10100000FFE7FFE79DF81500C00760B3FFE7099809
:1010100001684FF4807088609DF8150080070028F3
:1010200004D5FFE7099800F02DFC1BE09DF81500A2
:101030004007002805D5FFE7089840F400500890C5
:101040000FE09DF815000007002805D5FFE7089878
:1010500040F48040089003E0099800F00FFCFFE79F
:10106000FFE7FFE7FFE79DF81600C00760B3FFE763
:10107000099801684FF4803088609DF81600800759
:10108000002804D5FFE7099800F004FC1BE09DF858
:1010900016004007002805D5FFE7089840F40040F7
:1010A00008900FE09DF816000007002805D5FFE71F
:1010B000089840F48030089003E0099800F0E6FBBF
:1010C000FFE7FFE7FFE7FFE7FFE79DF81C000007EA
:1010D000002810D5FFE79DF81000C006002809D5AC
:1010E000FFE7089840F40070089009980168102004
:1010F000C860FFE7FFE79DF81C00400700280FD5F8
:10110000FFE79DF810000007002808D5FFE70998C1
:1011100001680820C860099800F0DEFAFFE7FFE7E1
:101120009DF81C00800700280BD5FFE70998006890
:10113000C068800720B1FFE7099800F0D1FAFFE707
:10114000FFE79DF81C004006002810D5FFE79DF83A
:101150000C00C006002809D5FFE7089840F480601D
:1011600008900998016810200861FFE7FFE79DF8E3
:101170001C00800600280FD5FFE79DF80C00000733
:10118000002808D5FFE70998016808200861099838
:1011900000F0E2FAFFE7FFE79DF81C00C006002818
:1011A0000BD5FFE7099800680069800720B1FFE7C9
:1011B000099800F0D5FAFFE7FFE79DF81E008007C9
:1011C00000280FD5FFE79DF81800C006002808D5B5
:1011D000FFE70998016810204860099800F0FCFAC0
:1011E000FFE7FFE79DF81E00C00778B1FFE79DF815
:1011F00018000007002808D5FFE7099801680820B3
:101200004860099800F04AFBFFE7FFE79DF81D00E2
:101210000006002840F18D80FFE79DF81800400788
:10122000002840F18180FFE79DF81D00C00750B104
:10123000FFE79DF80800C00728B1FFE7089840F0D5
:1012400001000890FFE79DF81D00800700280BD5DE
:10125000FFE79DF808008007002805D5FFE70898FC
:1012600040F002000890FFE79DF81D0040070028AD
:101270000BD5FFE79DF808004007002805D5FFE7DC
:10128000089840F004000890FFE79DF81D00000753
:10129000002848D5FFE79DF8080010F0700F42D0F5
:1012A000FFE7029800F0700001460191102814D069
:1012B000FFE70198202815D0FFE70198302816D0C5
:1012C000FFE70198402817D0FFE70198502818D071
:1012D000FFE70198602819D01DE0089840F0080049
:1012E000089019E0089840F01000089014E0089861
:1012F00040F0200008900FE0089840F0400008906F
:101300000AE0089840F08000089005E0089840F452
:101310008070089000E0FFE709980168886920F074
:1013200070008861FFE7FFE70998016804204860C2
:10133000FFE7089848B1FFE7089A0999486A1043FF
:1013400048620998FFF7FCFCFFE70AB080BD000087
:1013500080B584B00290029820B9FFE701208DF893
:101360000F00E0E0029890F8200020B9FFE7029813
:1013700000F0DEF8FFE702980168086840F001001D
:10138000086001F009F80190FFE7029800684068E2
:10139000C007A8B9FFE700F0FFFF0199401A0B282A
:1013A0000DD3FFE70299486A40F400304862029981
:1013B000052081F8200001208DF80F00B3E0E4E75C
:1013C00002980168086820F00200086000F0E4FF5D
:1013D0000190FFE70298006840688007002815D553
:1013E000FFE700F0D9FF0199401A0B280DD3FFE762
:1013F0000299486A40F4003048620299052081F859
:10140000200001208DF80F008DE0E3E70298007EB8
:10141000012807D1FFE702980168086840F08000C2
:10142000086006E002980168086820F08000086003
:10143000FFE70298407E012807D1FFE70298016884
:10144000086840F04000086006E0029801680868FB
:1014500020F040000860FFE70298807E012807D155
:10146000FFE702980168086840F02000086006E085
:1014700002980168086820F020000860FFE70298E1
:10148000C07E012807D1FFE702980168086820F0B4
:101490001000086006E002980168086840F010003B
:1014A0000860FFE70298007F012807D1FFE7029854
:1014B0000168086840F00800086006E002980168CA
:1014C000086820F008000860FFE70298407F0128C4
:1014D00007D1FFE702980168086840F0040008603F
:1014E00006E002980168086820F004000860FFE741
:1014F000029B19685A689868D3F80CC040EA0C003F
:10150000D3F810C040EA0C005B691843013A10435D
:10151000C861029900204862029A012182F82010D5
:101520008DF80F00FFE79DF80F0004B080BD0000AC
:1015300080B592B01190002010900F900E900D90F9
:101540000C901198006846F20041C4F200018842F4
:1015500052D1FFE740F2F020C2F2000001680131F1
:1015600001600068012812D1FFE7FFE700200B901F
:1015700043F64000C4F20200016841F000710160CE
:10158000006800F000700B900B98FFE7FFE7FFE7A3
:1015900000200A9043F63000C4F20200016841F0D6
:1015A00008010160006800F008000A900A98FFE74F
:1015B00003200C9002210D91002105910E910F90B6
:1015C0000920109040F60040C4F202000CA900F07F
:1015D000EFFC059A14200490114601F08FF904984D
:1015E00001F082F9059A15200690114601F086F95E
:1015F000069801F079F96DE01198006846F600014F
:10160000C4F20001884264D1FFE7FFE7002009909F
:1016100043F64000C4F20200016841F080610160BD
:10162000006800F0806009900998FFE740F2F02020
:10163000C2F200000168013101600068012812D186
:10164000FFE7FFE70020089043F64000C4F20200E5
:10165000016841F000710160006800F000700890BE
:101660000898FFE7FFE7FFE70020079043F6300008
:10167000C4F20200016841F002010160006800F05C
:10168000020007900798FFE760200C9002200D9061
:10169000002002900E9003200F900920109040F23D
:1016A0000040C4F202000CA900F082FC029A402023
:1016B0000190114601F022F9019801F015F9029A02
:1016C00041200390114601F019F9039801F00CF93B
:1016D000FFE7FFE712B080BD81B0009001B0704716
:1016E00080B586B005900598006846F20041C4F2C6
:1016F0000001884212D1FFE7059840F27011C2F252
:10170000000103910A1D049201F120030021FFF75B
:101710001BFB03990498896A88471BE005980068B9
:1017200046F60001C4F20001884212D1FFE7059895
:1017300040F2B411C2F2000101910A1D029201F1BE
:1017400020030021FFF700FB01990298896A88476E
:10175000FFE7FFE706B080BD81B0009001B07047A1
:1017600080B586B005900598006846F20041C4F245
:101770000001884212D1FFE7059840F27011C2F2D1
:10178000000103910A1D049201F120030121FFF7DA
:10179000DBFA03990498896A88471BE0059800687A
:1017A00046F60001C4F20001884212D1FFE7059815
:1017B00040F2B411C2F2000101910A1D029201F13E
:1017C00020030121FFF7C0FA01990298896A88472E
:1017D000FFE7FFE706B080BD81B0009001B0704721
:1017E00080B584B00290029890F8200001282FD193
:1017F000FFE70299022081F820000298016808683A
:1018000020F00100086000F0C7FD0190FFE702989A
:1018100000684068C007A8B1FFE700F0BDFD01996E
:10182000401A0B280DD3FFE70299486A40F40030B4
:1018300048620299052081F8200001208DF80F00F0
:101840000FE0E4E70299002048628DF80F0008E0FD
:101850000299486A40F40020486201208DF80F0088
:10186000FFE79DF80F0004B080BD000081B000903C
:1018700001B0704781B0009001B0704781B0009016
:1018800001B0704781B0009001B0704781B0009006
:1018900001B0704781B0009001B0704781B00090F6
:1018A00001B0704780B584B002900298806D0190BD
:1018B00000F072FD0090029890F8350002280DD0DB
:1018C000FFE7029980204865FFE70299002081F830
:1018D0003400FFE701208DF80F0055E00298016801
:1018E000086820F01600086002980168486920F036
:1018F000800048610298006C20B9FFE70298806C74
:1019000038B1FFE702980168086820F00800086015
:10191000FFE702980168086820F001000860FFE70F
:10192000029800680068C007C8B1FFE700F034FD06
:101930000099401A062811D3FFE702992020486534
:101940000299032081F83500FFE70299002081F811
:101950003400FFE703208DF80F0015E0E0E7029860
:10196000C16D3F208840019988600299012081F86B
:101970003500FFE70299002081F83400FFE7FFE718
:1019800000208DF80F00FFE79DF80F0004B080BD28
:1019900082B00090009890F83500022807D0FFE749
:1019A00000998020486501208DF807000EE000991D
:1019B000052081F8350000980168086820F00100D2
:1019C0000860FFE700208DF80700FFE79DF807009B
:1019D00002B0704780B586B005900020039040F2B9
:1019E0002000C2F20000006848F2B511C1F64E3185
:1019F000A0FB0110800A02900598806D019001986B
:101A00000068049004980599C96DC8400007002833
:101A10001AD5FFE70598006800684007002812D52E
:101A2000FFE705980168086820F004000860059841
:101A3000C16D08208840019988600599486D40F083
:101A400001004865FFE7FFE704980599C96DC840A4
:101A5000C007A0B1FFE705980068406900060028AC
:101A60000CD5FFE70598C16D012088400199886079
:101A70000599486D40F002004865FFE7FFE70498CC
:101A80000599C96DC8404007002814D5FFE705989F
:101A900000680068800700280CD5FFE70598C16D35
:101AA00004208840019988600599486D40F0040041
:101AB0004865FFE7FFE704980599C96DC840C0066F
:101AC000002847D5FFE70598006800680007002850
:101AD0003FD5FFE70598C16D1020884001998860C7
:101AE000059800680068400300281AD5FFE70598AC
:101AF000006800680003002809D4FFE70598006C1F
:101B000020B1FFE70598016C8847FFE708E00598DA
:101B1000806C20B1FFE70598816C8847FFE7FFE7FD
:101B200016E0059800680068C005002807D4FFE7A4
:101B300005980168086820F008000860FFE705982C
:101B4000006C20B1FFE70598016C8847FFE7FFE7CD
:101B5000FFE7FFE704980599C96DC8408006002893
:101B600040F18D80FFE7059800680068C0060028F6
:101B700040F18480FFE70598C16D202088400199DD
:101B80008860059890F83500052834D1FFE705985E
:101B90000168086820F01600086005980168486927
:101BA00020F0800048610598006C20B9FFE7059897
:101BB000806C38B1FFE705980168086820F00800DC
:101BC0000860FFE70598C16D3F2088400199886053
:101BD0000599012081F83500FFE70599002081F87B
:101BE0003400FFE70598006D20B1FFE70598016D0F
:101BF0008847FFE77BE005980068006840030028FD
:101C00001AD5FFE70598006800680003002809D48A
:101C1000FFE70598406C20B1FFE70598416C8847C5
:101C2000FFE708E00598C06B20B1FFE70598C16B9E
:101C30008847FFE7FFE720E0059800680068C005D7
:101C4000002811D4FFE705980168086820F010000B
:101C500008600599012081F83500FFE7059900200B
:101C600081F83400FFE7FFE70598C06B20B1FFE77C
:101C70000598C16B8847FFE7FFE7FFE7FFE7059897
:101C8000406DA0B3FFE70598406DC00730B3FFE794
:101C90000599052081F8350005980168086820F04D
:101CA00001000860FFE70398013003900299884221
:101CB00001D9FFE707E0FFE7059800680068C00763
:101CC0000028F0D1FFE70599012081F83500FFE7F2
:101CD0000599002081F83400FFE7FFE70598C06C04
:101CE00020B1FFE70598C16C8847FFE7FFE706B022
:101CF00080BD000080B586B004900020039000F005
:101D00004BFB0290049820B9FFE701208DF81700E3
:101D1000A3E00498406A08B1FFE7FFE704990220B6
:101D200081F83500FFE70499002081F83400FFE7CF
:101D300004980168086820F001000860FFE7049833
:101D400000680068C00790B1FFE700F025FB02992A
:101D5000401A06280AD3FFE7049920204865049911
:101D6000032081F835008DF8170076E0E7E7049846
:101D7000006800680390039848F23F01CFF2100119
:101D800008400390049900914868D1F808C0CB68D6
:101D90000A6940EA0C00184310434A6910438A69F3
:101DA0001043CA691043096A01430398084303902A
:101DB0000498406A042808D1FFE70499C86A096BAF
:101DC0000143039808430390FFE7039804990968C7
:101DD00008600498006840690390039820F00700A9
:101DE00003900498416A0398084303900498406A5A
:101DF00004281AD1FFE70498816A039808430390E6
:101E00000498C06A80B1FFE70498FEF707FD50B15F
:101E1000FFE70499402048650499012081F83500C6
:101E20008DF8170019E0FFE7FFE7039804990968A8
:101E300048610498FEF7C6FC01900498C16D3F20EC
:101E4000884001998860049900204865049A01211E
:101E500082F835108DF81700FFE79DF8170006B0DF
:101E600080BD000080B588B0069005910492039370
:101E700000208DF80B000698806D0190FFE7069812
:101E800090F83400012804D1FFE702208DF81F00EC
:101E900045E00699012081F83400FFE7FFE7069846
:101EA00090F8350001282BD1FFE70699022081F830
:101EB000350006990020486506980599049A039B09
:101EC000FEF724FD0698C16D3F2088400199886087
:101ED00006980168086840F0160008600698006CD3
:101EE00038B1FFE706980168086840F0080008600C
:101EF000FFE706980168086840F00100086009E003
:101F0000FFE70699002081F83400FFE702208DF8F2
:101F10000B00FFE79DF80B008DF81F00FFE79DF811
:101F20001F0008B080BD000080B584B0039000F0B1
:101F300033FA0290039801900198013048B1FFE70D
:101F400040F2F200C2F200000178019808440190CA
:101F5000FFE7FFE700F020FA0299401A0199884252
:101F600001D2FFE7F6E704B080BD000081B0ADF814
:101F7000020001B07047000080B582B0ADF80600E5
:101F800043F61440C4F201000068BDF80610084290
:101F90000CD0FFE7BDF8060043F61441C4F201017E
:101FA0000860BDF80600FFF7E1FFFFE702B080BD63
:101FB0008EB00D900C9100200A90099008900B9023
:101FC000FFE70B980F2800F2CC81FFE70B99012067
:101FD00088400A900C9800680A990840099009986E
:101FE0000A99884240F0B881FFE70C98406800F0F9
:101FF0000300012807D0FFE70C98406800F00300B9
:1020000002282FD1FFE70D98806808900B984100B7
:10201000032000FA01F10898884308900C98C068E2
:102020000B99490000FA01F10898084308900898B4
:102030000D9988600D98406808900B99012000FA6E
:1020400001F10898884308900C984068C0F300108C
:102050000B9900FA01F108980843089008980D9927
:102060004860FFE70C98406800F00300032818D090
:10207000FFE70D98C06808900B984100032000FA14
:1020800001F10898884308900C9880680B994900E2
:1020900000FA01F108980843089008980D99C86063
:1020A000FFE70C98406800F00300022826D1FFE704
:1020B0000D980B996FF0030202EA51010844006A7F
:1020C00008900B9800F0070081000F2000FA01F142
:1020D0000898884308900C9800690B9901F0070153
:1020E000890000FA01F108980843089008980D99B2
:1020F0000B9B02EA530211440862FFE70D98006847
:1021000008900B984100032000FA01F108988843D9
:1021100008900C98406800F003000B99490000FA01
:1021200001F108980843089008980D9908600C98E8
:1021300080798007002800F00E81FFE7FFE700208C
:10214000079043F64400C4F20200016841F4804164
:102150000160006800F4804007900798FFE70B9843
:1021600020F0030043F60801C4F201014058089032
:102170000B9800F0030081000F2000FA01F108988D
:10218000884308900D980021C4F20201884203D1CF
:10219000FFE7002006905EE00D9840F20041C4F297
:1021A0000201884203D1FFE70120059050E00D981D
:1021B00040F60001C4F20201884203D1FFE7022089
:1021C000049042E00D9840F60041C4F202018842BA
:1021D00003D1FFE70320039034E00D9841F20001A2
:1021E000C4F20201884203D1FFE70420029026E0F6
:1021F0000D9841F20041C4F20201884203D1FFE789
:102200000520019018E00D9841F60001C4F202018A
:10221000884203D1FFE7062000900AE00D9941F6BD
:102220000042C4F202020820914208BF0720009039
:10223000FFE700980190FFE701980290FFE70298FE
:102240000390FFE703980490FFE704980590FFE7E9
:1022500005980690FFE70698C0B20B9901F00301BC
:10226000890000FA01F108980843089008980B9932
:1022700021F0030143F60802C4F20102885043F63C
:102280000840C4F201000068089009990898884342
:1022900008900C988079C006002805D5FFE70999B9
:1022A000089808430890FFE7089843F60841C4F2ED
:1022B0000101086043F60C40C4F201000068089078
:1022C00009990898884308900C988079800600281E
:1022D00005D5FFE70999089808430890FFE7089893
:1022E00043F60C41C4F20101086043F60440C4F215
:1022F00001000068089009990898884308900C9894
:1023000080798007002805D5FFE7099908980843D8
:102310000890FFE7089843F60441C4F20101086001
:1023200043F60040C4F2010000680890099908983B
:10233000884308900C988079C00728B1FFE7099975
:10234000089808430890FFE7089843F60041C4F254
:1023500001010860FFE7FFE7FFE70B9801300B90F2
:102360002FE60EB07047000082B00190ADF8021069
:102370008DF801209DF8010028B1FFE7BDF80200AB
:102380000199886105E0BDF80200000401998861A7
:10239000FFE702B07047000044F6CC10C2F2000024
:1023A0000068704780B58EB00C900C9820B9FFE79C
:1023B00001208DF8370043E10C9890F83D0040B9BA
:1023C000FFE70C99002081F83C000C9800F03CF9E4
:1023D000FFE70C99242081F83D000C9801680868FB
:1023E00020F0010008600C980168086840F4004083
:1023F00008600C980168086820F40040086001F04B
:102400004BFD0A900C98406848F2A061C0F20101AF
:1024100088420BD8FFE70A9948F28042C0F21E02B8
:102420000020914238BF012009900AE00A9940F645
:102430000012C0F23D020020914238BF01200990F5
:10244000FFE70998012804D1FFE701208DF8370044
:10245000F6E00A984DF68361C4F21B31A0FB01102F
:10246000800C0B900C980068406820F03F000B999E
:1024700008430C99096848600C980068006A20F0CD
:102480003F0008900C98406848F2A061C0F201013A
:10249000884204D8FFE70B98013007900EE00B98B4
:1024A0004FF49671484344F6D351C1F26201A0FB48
:1024B0000101012000EB91100790FFE708980799B0
:1024C00008430C99096808620C980068C0694CF6CA
:1024D000FF71884306900C98406848F2A061C0F2F2
:1024E000010188421FD8FFE70A9801380C99496812
:1024F0004900B0FBF1F001306FF31F30032803D81F
:10250000FFE7042005900BE00A9801380C99496810
:102510004900B0FBF1F001306FF31F300590FFE789
:10252000059804904CE00C98806868B9FFE70A9819
:1025300001380C99496801EB4101B0FBF1F0013021
:102540006FF31F3003900DE00A9801380C99496829
:1025500019225143B0FBF1F00130042161F31F3027
:102560000390FFE70398000518B9FFE701200290E8
:1025700023E00C98806868B9FFE70A9801380C9945
:10258000496801EB4101B0FBF1F001306FF31F30FE
:1025900001900DE00A9801380C99496819225143BD
:1025A000B0FBF1F00130042161F31F300190FFE72F
:1025B000019840F400400290FFE702980490FFE782
:1025C0000698049908430C990968C8610C9800683A
:1025D000006820F0C0000C9B1968DA691B6A1A4376
:1025E000104308600C980068806848F2FF31884307
:1025F0000C9A1168D36812691A43104388600C98CA
:102600000068C06820F0FF000C9B19685A699B693C
:102610001A431043C8600C980168086840F0010034
:1026200008600C99002008640C9A202182F83D1063
:102630000C9908630C9981F83E008DF83700FFE78C
:102640009DF837000EB080BD80B590B00F9000208F
:102650000E900D900C900B900A900F98006845F624
:102660000041C4F20001884240F0B380FFE7FFE779
:102670000020099043F63000C4F20200016841F0E6
:1026800004010160006800F0040009900998FFE768
:10269000FFE70020089043F63000C4F20200016812
:1026A00041F001010160006800F001000890089805
:1026B000FFE74FF400700A90122002900B90012067
:1026C00003900C90032004900D90042005900E9030
:1026D00040F60000C4F202000AA90691FFF768FC68
:1026E000DDF808C0039B049A059806994FF4807E94
:1026F000CDF828E0CDF82CC00C930D920E90002060
:10270000C4F20200FFF754FCFFE70020079043F6F5
:102710004000C4F20200016841F400010160006859
:1027200000F4000007900798FFE743F65400C2F258
:102730000000019046F24001C4F2020101604FF036
:10274000C061416000218160C1604FF4806202611C
:1027500041618161C16101624162FFF7CBFA18B149
:10276000FFE7FEF715F9FFE7FFE70F9843F654017F
:10277000C2F2000181630F988863FFE743F6B4005B
:10278000C2F20000009046F27001C4F20201016042
:102790004FF0C0614160402181600021C1604FF471
:1027A0008062026141618161C16101624162FFF742
:1027B000A1FA18B1FFE7FEF7EBF8FFE7FFE70F9884
:1027C00043F6B401C2F2000141630F988863FFE74A
:1027D000FFE710B080BD000040F2F200C2F200003E
:1027E000027844F6CC11C2F2000108681044086077
:1027F0007047000080B543F60041C4F2020108684A
:1028000040F400700860086840F480600860086860
:1028100040F480700860032000F08AF80F2000F078
:1028200005F800F03BF8002080BD000080B582B0C4
:10283000009040F22000C2F20000006840F2F20175
:10284000C2F200010A784FF47A71B1FBF2F1B0FBE9
:10285000F1F002F06DF820B1FFE701208DF80700DC
:1028600018E000980F280DD8FFE700994FF0FF30CF
:10287000002200F043F8009840F2F401C2F2000197
:10288000086003E001208DF8070003E000208DF8C8
:102890000700FFE79DF8070002B080BD82B0FFE7A8
:1028A0000020019043F64400C4F20200016841F4A4
:1028B00080410160006800F4804001900198FFE7CA
:1028C000FFE70020009043F64000C4F202000168D8
:1028D00041F080510160006800F080500090009845
:1028E000FFE702B07047000080B582B08DF80700A6
:1028F0009DF907000BF0AEF902B080BD80B586B03F
:102900008DF8170004910392002002900BF0BAF9A1
:1029100002909DF91700019002980499039A04F01F
:10292000DDF9014601980BF0B5F906B080BD000055
:1029300080B582B0019001980BF0CEF902B080BD55
:1029400082B001908DF8031002B0704782B0019000
:10295000ADF80210BDF80200019909684862002034
:1029600002B0704784B003908DF80B10ADF80820CA
:1029700003980068406A00909DF80B0048B9FFE793
:10298000BDF80810009840EA014003990968886280
:1029900033E003980068816A009800EB11400090D2
:1029A00000208DF80700FFE79DF807009DF80B1049
:1029B0000139884213D2FFE7039800689DF8071099
:1029C00000EB8100D0F80411009800EB114000905A
:1029D000FFE79DF8070001308DF80700E4E7BDF838
:1029E0000810009840EA0140039909689DF80B20FF
:1029F00001EB8201C1F80001FFE7002004B070473D
:102A000080B582B001900198D0F8E00406F0D6FFBE
:102A100002B080BD80B582B001908DF80310019A9C
:102A2000D2F8E0049DF8031001EBC10302EB83022E
:102A3000126A06F017FE02B080BD000080B582B0B9
:102A400001908DF80310019AD2F8E0049DF803106C
:102A500001EBC10302EB8302D2F8602206F0D0FE44
:102A600002B080BD80B582B001900198D0F8E0043A
:102A700006F0AAFF02B080BD80B584B003908DF847
:102A80000B109DF80B00000600280CD5FFE70398FB
:102A90009DF80B1001F00F0101EBC10100EB81006B
:102AA000143001900CE003989DF80B1001F00F0119
:102AB00001EBC10100EB810000F515700190FFE70B
:102AC00003980068019908F009FD8DF80A009DF847
:102AD0000A0004B080BD000080B584B002908DF87B
:102AE00007109DF80700000600280FD5FFE70298A1
:102AF0009DF8071001F00F0101EBC10100EB81000F
:102B0000143000900099012048700FE002989DF861
:102B1000071001F00F0101EBC10100EB810000F58E
:102B200015700090009900204870FFE79DF807009D
:102B300000F00F0000990870FFE7029890F89404E5
:102B4000012804D1FFE702208DF80F0014E002995C
:102B5000012081F89404FFE7FFE7029800680099DC
:102B600007F0ACFFFFE70299002081F89404FFE72B
:102B700000208DF80F00FFE79DF80F0004B080BD26
:102B800080B584B002908DF807109DF8070000F022
:102B90000F0002990979884204D9FFE701208DF8D6
:102BA0000F004DE09DF80700000600280FD5FFE755
:102BB00002989DF8071001F00F0101EBC10100EB35
:102BC0008100143000900099012048700FE00298B5
:102BD0009DF8071001F00F0101EBC10100EB81002E
:102BE00000F515700090009900204870FFE70099EB
:102BF000002088709DF8070000F00F000099087011
:102C0000FFE7029890F89404012804D1FFE702201E
:102C10008DF80F0014E00299012081F89404FFE779
:102C2000FFE702980068009908F0B8F9FFE70299F9
:102C3000002081F89404FFE700208DF80F00FFE7E3
:102C40009DF80F0004B080BD82B001908DF8031094
:102C500001989DF8031001F00F0101EBC10100EB99
:102C60008100D0F8680202B07047000080B586B0DD
:102C700004908DF80F10ADF80C208DF80B3000206B
:102C80008DF80A009DF80F00000600280FD5FFE719
:102C900004989DF80F1001F00F0101EBC10100EB4A
:102CA0008100143001900199012048700FE00498D0
:102CB0009DF80F1001F00F0101EBC10100EB810045
:102CC00000F515700190019900204870FFE79DF80C
:102CD0000F0000F00F0001990870BDF80C006FF3B1
:102CE000DF20019988609DF80B0001990871019817
:102CF000407820B1FFE7019908784883FFE79DF805
:102D00000B00022804D1FFE7019900204871FFE77A
:102D1000FFE7049890F89404012804D1FFE702200B
:102D20008DF8170015E00499012081F89404FFE75D
:102D3000FFE704980068019907F08AFDFFE704990E
:102D4000002081F89404FFE79DF80A008DF8170031
:102D5000FFE79DF8170006B080BD000080B586B083
:102D600005908DF813100392029305989DF81310A7
:102D700001F00F0101EBC10100EB810000F51570BE
:102D8000019003980199C86002980199086101991E
:102D900000204861019948709DF8130000F00F0071
:102DA0000199087005988079012804D1FFE70398FC
:102DB0000199C861FFE7059A10680199927908F0B6
:102DC00091F9002006B080BD80B584B002908DF8E6
:102DD00007109DF8070000F00F000299097988425A
:102DE00004D9FFE701208DF80F0058E09DF8070097
:102DF000000600280FD5FFE702989DF8071001F0A4
:102E00000F0101EBC10100EB81001430009000992B
:102E1000012048700DE002989DF8071001EBC101F8
:102E200000EB810000F515700090009900204870BB
:102E3000FFE70099012088709DF8070000F00F005F
:102E400000990870FFE7029890F89404012804D1D3
:102E5000FFE702208DF80F0021E00299012081F8A0
:102E60009404FFE7FFE702980068009908F0E6F88D
:102E70009DF80700000740B9FFE7029A10689179B2
:102E800002F29C4208F03AF8FFE7FFE702990020BF
:102E900081F89404FFE700208DF80F00FFE79DF80C
:102EA0000F0004B080BD000080B586B005908DF89D
:102EB00013100392029305989DF8131001F00F016F
:102EC00001EBC10100EB81001430019003980199DE
:102ED000C860029801990861019900204861019930
:102EE000012048709DF8130000F00F000199087050
:102EF00005988079012804D1FFE703980199C861FA
:102F0000FFE7059A10680199927908F0EBF8002024
:102F100006B080BD80B58CB00B900B9800680A900D
:102F20000A9809900B98006808F00EFC002840F001
:102F30000C84FFE70B98006808F072FC10B9FFE7FB
:102F400000F003BC0998D0F80808C0F30D200B99D5
:102F5000C1F8D4040B98006808F062FC80070028D0
:102F600007D5FFE70B980168486900F00200486147
:102F7000FFE70B98006808F053FCC006002862D5F4
:102F8000FFE70B980168886920F0100088610A98B3
:102F9000006A02900B98029901F00F0101EBC10148
:102FA00000EB810000F515700890029800F4F01114
:102FB0000220B0EB514F23D1FFE7BDF8080047F6E0
:102FC000F07108421BD0FFE70A980899C968029A75
:102FD000C2F30A1208F032FC029847F6F07100EAD8
:102FE0000103089AD06800EB1310D060029800EA41
:102FF00001020899486900EB12104861FFE71BE0E5
:10300000029800F4F0110620B0EB514F12D1FFE707
:103010000A980B9901F29C41082208F00FFC0298D3
:1030200047F6F07100EA01020899486900EB1210B6
:10303000486100E0FFE7FFE70B980168886940F00E
:1030400010008861FFE70B98006808F0E9FB0003B7
:10305000002840F1A680FFE7002004900B9800684C
:1030600008F08CFB0690FFE70698002800F0988097
:10307000FFE79DF81800C007002800F08A80FFE7EE
:103080000B9800689DF8101008F0B2FB05909DF8B1
:103090001400C00760B1FFE70998049900EB4111E3
:1030A0000120C1F8080B0B98049903F09BFEFFE781
:1030B0009DF81400000700280CD5FFE70998049933
:1030C00000EB41110820C1F8080B0B98049903F09C
:1030D00043FEFFE79DF81400C006002808D5FFE76F
:1030E0000998049900EB41111020C1F8080BFFE783
:1030F0009DF81400800700282DD5FFE70A98406945
:103100000006002808D5FFE70999D1F8040840F423
:103110008060C1F80408FFE70B98049901EBC10136
:1031200000EB810000F5157008900898C078012820
:1031300009D1FFE708990020C8700B989DF810107E
:1031400000F014FBFFE70998049900EB41110220FD
:10315000C1F8080BFFE79DF814008006002808D589
:10316000FFE70998049900EB41112020C1F8080BF2
:10317000FFE79DF815008006002809D5FFE70998AC
:10318000049900EB41114FF40050C1F8080BFFE720
:10319000FFE704980130049006984008069063E722
:1031A000FFE70B98006808F03BFB4003002840F164
:1031B000C680FFE70B98006808F0CEFA0690002062
:1031C0000490FFE70698002800F0B880FFE79DF81C
:1031D0001800C007002800F0AA80FFE70B980068DD
:1031E0009DF8101008F0DCFA05909DF81400C00757
:1031F00000283ED0FFE7049800F00F01012000FAFC
:1032000001F10391039B099AD2F834189943C2F84B
:1032100034180999049A01EB4211C1F808090B9876
:10322000807901281FD1FFE70B98049901EBC101B8
:1032300000EB8101CA69086A10440862049888B9E1
:10324000FFE70B98049901EBC10100EB8100406A94
:1032500040B9FFE70B99086801F29C42012107F091
:103260004DFEFFE7FFE70B989DF81010FFF7D2FB2C
:10327000FFE79DF814000007002808D5FFE709982C
:10328000049900EB41110820C1F80809FFE79DF8F7
:103290001400C006002808D5FFE70998049900EB40
:1032A00041111020C1F80809FFE79DF814004006FD
:1032B000002808D5FFE70998049900EB4111402048
:1032C000C1F80809FFE79DF814008007002822D5FF
:1032D000FFE70A98049908F0D3F90B98049901EBD9
:1032E000C10100EB8100143008900898C0780128D3
:1032F00009D1FFE708990020C8700B989DF81010BD
:1033000000F026FAFFE70998049900EB411102202A
:10331000C1F80809FFE79DF814000006002805D54C
:10332000FFE70B98049903F041FEFFE7FFE70498DD
:103330000130049006984008069043E7FFE70B9899
:10334000006808F06DFAC00F00B3FFE70999D1F8E3
:10335000040820F00100C1F804080B9890F8CC0490
:10336000012808D1FFE70B98002180F8CC140B98B6
:10337000FFF7E6FA03E00B9800F0AAFBFFE70B98D3
:103380000168486900F000404861FFE70B98006859
:1033900008F046FA0005002811D5FFE70998D0F893
:1033A0000808C00720B1FFE70B9800F01DFCFFE7FD
:1033B0000B980168486900F400604861FFE70B98CA
:1033C000006808F02DFAC004002840F18680FFE76D
:1033D0000999D1F8040820F00100C1F804080B98FD
:1033E0000068102108F04CF900200790FFE70798CB
:1033F0000B990979884231D2FFE70998079900EBC8
:1034000041114FF67F30C1F808090999079A01EB7D
:103410004212D2F8001921F40011C2F800190999DA
:10342000079A01EB4211C1F8080B0998079900EBC4
:103430004111D1F8000B20F40010C1F8000B0998DD
:10344000079900EB4111D1F8000B40F00060C1F882
:10345000000BFFE7079801300790C8E70999D1F8FA
:103460001C0840F00110C1F81C080B98C07B78B113
:10347000FFE70999D1F8840840F00B00C1F88408EF
:103480000999D1F8440840F00B00C1F844080FE056
:103490000999D1F8140842F22B021043C1F814081C
:1034A0000999D1F8100840F00B00C1F81008FFE7A7
:1034B0000999D1F8000820F4FE60C1F800080B9AC1
:1034C0001068917902F29C4207F018FD0B98016890
:1034D000486900F480504861FFE70B98006808F0E5
:1034E0009FF9800400281FD5FFE70B98006807F0BC
:1034F0001FFA0B98006808F001F90B99C8710B9836
:103500000068019000F0C2FC014601980B9AD27944
:1035100008F08CFA0B9800F0B1FA0B980168486932
:1035200000F400504861FFE70B98006808F078F954
:10353000000700280AD5FFE70B9800F0D3FA0B9894
:103540000168486900F008004861FFE70B980068CF
:1035500008F066F90006002825D5FFE70A99886972
:1035600020F08000886101200490FFE704980B9907
:103570000979884216D2FFE70B98049901EBC10143
:1035800000EB810090F85702012806D1FFE70B9865
:103590009DF81010FFF770FAFFE7FFE7049801307D
:1035A0000490E3E7FFE70B98006808F039F9C002E0
:1035B00000283CD5FFE701200490FFE704980B9911
:1035C000097988422CD2FFE70998049900EB411051
:1035D000D0F8000902900B98049901EBC10100EBAF
:1035E0008100007E012816D1FFE79DF80B00000640
:1035F000002810D5FFE70B98049901EBC10100EBFF
:1036000081010120C8750B989DF8101041F08001D0
:10361000FFF732FAFFE7FFE7049801300490CDE7A7
:103620000B980168486900F480104861FFE70B9827
:10363000006808F0F5F88002002856D5FFE7012061
:103640000490FFE704980B990979884246D2FFE776
:103650000998049900EB4110D0F8000B02900B98E8
:10366000049901EBC10100EB810090F85802012898
:103670002FD1FFE79DF80B000006002829D5FFE7B2
:10368000029800F480310B98D0F8D40400F00100C7
:10369000B0EB114F1DD1FFE70B98049901EBC1016D
:1036A00000EB8101012081F857020A99886940F0F6
:1036B000800088610A9840690006002808D4FFE766
:1036C0000999D1F8040840F40070C1F8040805E035
:1036D000FFE7FFE7049801300490B3E70B98016817
:1036E000486900F400104861FFE70B98006808F093
:1036F00097F8400000280AD5FFE70B98FFF780F9FC
:103700000B980168486900F080404861FFE70B981A
:10371000006808F085F84007002815D5FFE70B98EA
:103720000068406802909DF808004007002804D512
:10373000FFE70B98FFF796F9FFE7029A0B980168ED
:10374000486810434860FFE7FFE70CB080BD000009
:1037500080B582B001908DF803100198D0F8E00494
:103760009DF8031006F0CCF902B080BD80B582B0A0
:1037700001908DF803100198D0F8E0049DF8031033
:1037800006F0F6F902B080BD80B58EB00C900C98B2
:1037900020B9FFE701208DF8370012E10C9800688E
:1037A0000B900C9890F8950440B9FFE70C99002015
:1037B00081F894040C9800F009F9FFE70C990320B4
:1037C00081F895040B98B0F1A04F04D1FFE70C9954
:1037D00000208871FFE70C98006807F085FB0C9BC0
:1037E0001868197C8DF8241059689A68DB6808936A
:1037F000079206910699079A089BDDF824C0EE46C9
:10380000CEF800C007F0AAF840B1FFE70C990220FB
:1038100081F8950401208DF83700D2E00C980068FB
:10382000002108F065F840B1FFE70C99022081F80B
:10383000950401208DF83700C3E000208DF82B009F
:10384000FFE79DF82B000C990979884241DAFFE7E0
:103850000C989DF82B1001EBC10100EB81010120B8
:1038600048759DF82B000C9900EBC00201EB82011A
:1038700008759DF82B000C9900EBC00201EB82014A
:10388000C8850C989DF82B1001EBC10100EB81015C
:10389000002008760C999DF82B2002EBC20201EB68
:1038A0008201C8610C999DF82B2002EBC20201EB4A
:1038B000820108620C999DF82B2002EBC20201EBF9
:1038C00082014862FFE79DF82B0001308DF82B0044
:1038D000B7E700208DF82B00FFE79DF82B000C992F
:1038E000097988423EDAFFE70C989DF82B1001EB2E
:1038F000C10100EB8101002081F855029DF82B10D9
:103900000C9A01EBC10302EB830282F854120C996A
:103910009DF82B2002EBC20201EB820181F85802D4
:103920000C999DF82B2002EBC20201EB8201C1F839
:103930005C020C999DF82B2002EBC20201EB820184
:10394000C1F860020C999DF82B2002EBC20201EB3A
:103950008201C1F86402FFE79DF82B0001308DF869
:103960002B00BAE70C9B1868197C8DF81410596865
:103970009A68DB680493039202910299039A049B6C
:10398000DDF814C0EE46CEF800C007F05FF940B194
:10399000FFE70C99022081F8950401208DF837008B
:1039A0000FE00C990020019048740C99012081F8D7
:1039B00095040C98006807F033F901988DF83700EA
:1039C000FFE79DF837000EB080BD000080B58AB0DB
:1039D000099000200890079006900590049009989F
:1039E0000068B0F1A04F47D1FFE7FFE70020039048
:1039F00043F63000C4F20200016841F001010160A9
:103A0000006800F0010003900398FFE74FF4C050F6
:103A100004900220059000200690032007900A20C1
:103A200008900020C4F2020004A9FEF7C1FAFFE7E3
:103A300043F63401C4F20201086840F080000860D7
:103A4000FFE70020029043F64400C4F20200016840
:103A500041F480410160006800F4804002900298C7
:103A6000FFE7FFE74320019000221146FEF746FFE3
:103A70000198FEF739FFFFE70AB080BD80B582B03C
:103A8000019001208DF803000198C07920B9FFE76B
:103A900000208DF803000CE00198C079022804D1C1
:103AA000FFE701208DF8030002E0FCF771FFFFE75C
:103AB000FFE70198D0F8E0049DF8031006F05AF9EA
:103AC0000198D0F8E00406F0D3F802B080BD000001
:103AD00080B582B001900198D0F8E00406F018F9A2
:103AE00002B080BD80B582B001900198D0F8E004AA
:103AF00006F020F902B080BD80B584B002908DF848
:103B00000710FFE7029890F89404012804D1FFE71A
:103B100002208DF80F0019E00299012081F8940429
:103B2000FFE7FFE79DF807000299487402980068D4
:103B30009DF8071007F04CFFFFE70299002081F87D
:103B40009404FFE700208DF80F00FFE79DF80F00B9
:103B500004B080BD80B582B001900199D1F8E00435
:103B600001F29C4106F030F902B080BD80B584B00E
:103B70000290029800680190FFE7029890F8940480
:103B8000012804D1FFE702208DF80F0028E00299F8
:103B9000012081F89404FFE7FFE70198C068400620
:103BA00000280BD5FFE70298407B012806D1FFE7EC
:103BB0000199886B40F480308863FFE702980068C1
:103BC00007F01AFD0298006807F014F8FFE7029961
:103BD000002081F89404FFE700208DF80F00FFE734
:103BE0009DF80F0004B080BD80B582B001900198AF
:103BF000D0F8E00406F06AF901980168D1F8000EE7
:103C000040F00100C1F8000E0198C07A48B1FFE70A
:103C10004EF61051CEF20001086840F00600086030
:103C2000FFE702B080BD000080B584B00290019132
:103C3000029820B9FFE701208DF80F0021E10198DB
:103C400043F60041C4F20201096801F0070188420D
:103C500012D9FFE7019943F60040C4F20200017057
:103C6000006800F007000199884204D0FFE70120B6
:103C70008DF80F0005E1FFE7029800788007002823
:103C80002AD5FFE7029800784007002809D5FFE70A
:103C900043F60801C4F20201086840F4E0500860ED
:103CA000FFE7029800780007002809D5FFE743F6F0
:103CB0000801C4F20201086840F460400860FFE7B0
:103CC00043F60801C4F20201086820F0F000029AED
:103CD000926810430860FFE702980078C007002848
:103CE0006ED0FFE702984068012811D1FFE743F644
:103CF0000000C4F20200006800F400310020B0EBC4
:103D0000514F04D1FFE701208DF80F00B9E02CE0FE
:103D100002984068022805D0FFE70298406803280F
:103D200011D1FFE743F60000C4F20200006800F082
:103D300000710020B0EB516F04D1FFE701208DF836
:103D40000F009EE010E043F60000C4F2020000689D
:103D500000F002010020B0EB510F04D1FFE7012079
:103D60008DF80F008DE0FFE7FFE743F60801C4F28E
:103D70000201086820F00300029A526810430860AC
:103D8000FEF70AFB0090FFE743F60800C4F20200CA
:103D9000006800F00C0002994968B0EB810F0ED06A
:103DA000FFE7FEF7F9FA0099401A41F2893188429B
:103DB00004D3FFE703208DF80F0062E0E4E7FFE79C
:103DC000019843F60041C4F20201096801F00701BD
:103DD000884212D2FFE7019943F60040C4F2020084
:103DE0000170006800F007000199884204D0FFE7E5
:103DF00001208DF80F0044E0FFE7029800784007AB
:103E000000280CD5FFE743F60801C4F20201086858
:103E100020F4E050029AD26810430860FFE702984D
:103E20000078000700280DD5FFE743F60801C4F22B
:103E30000201086820F46040029A126940EAC20058
:103E40000860FFE700F04CF843F60801C4F20201F5
:103E50000968C9B20A094EF27E11C0F60001895CF8
:103E6000C84040F22001C2F20001086040F2F400B4
:103E7000C2F200000068FEF7D9FC00208DF80F00A8
:103E8000FFE79DF80F0004B080BD000040F2200065
:103E9000C2F200000068704780B5FFF7F7FF43F6F5
:103EA0000801C4F202010968C1F382224EF28E11A8
:103EB000C0F60001895CC84080BD000080B5FFF7F6
:103EC000E5FF43F60801C4F20201096889B24A0B12
:103ED0004EF28E11C0F60001895CC84080BD000022
:103EE00080B586B00020059004900390029043F6C0
:103EF0000800C4F20200006800F00C0001460191C5
:103F000040B1FFE7019804280AD0FFE7019808288C
:103F10000CD04FE042F20040C0F2F40002904FE0BB
:103F200041F60030C0F2B700029049E043F60400C9
:103F3000C4F20200016801F03F01059100684002EF
:103F4000002813D5FFE743F60400C4F2020000681E
:103F5000C0F3881041F60031C0F2B701A0FB0101A7
:103F6000059A0023FCF782F9049012E043F604005E
:103F7000C4F202000068C0F3881042F20041C0F2AF
:103F8000F401A0FB0101059A0023FCF76FF90490EE
:103F9000FFE743F60400C4F20200006800F4403179
:103FA000022000EBD130039004980399B0FBF1F0AC
:103FB000029005E042F20040C0F2F4000290FFE7F8
:103FC000029806B080BD000080B586B004900498C9
:103FD00020B9FFE701208DF8170050E3049800781E
:103FE000C007002800F0A580FFE743F60800C4F2F0
:103FF0000200006800F00C00042813D0FFE743F62D
:104000000800C4F20200006800F00C0008281ED16D
:10401000FFE743F60400C4F20200006840020028F3
:1040200015D5FFE743F60000C4F20200006800F473
:1040300000310020B0EB514F08D0FFE704984068F2
:1040400020B9FFE701208DF8170018E370E0FFE7C3
:1040500004984068B0F5803F09D1FFE743F60001BE
:10406000C4F20201086840F48030086020E004983F
:104070004068B0F5A02F0DD1FFE743F60001C4F270
:104080000201086840F480200860086840F480302D
:1040900008600CE043F60001C4F20201086820F455
:1040A00080300860086820F480200860FFE7FFE7A0
:1040B000FFE704984068E8B1FFE7FEF76DF9039069
:1040C000FFE743F60000C4F20200006800F400318C
:1040D0000020B0EB514F0CD1FFE7FEF75DF90399DB
:1040E000401A652804D3FFE703208DF81700C6E2C5
:1040F000E7E71CE0FEF750F90390FFE743F6000006
:10410000C4F20200006800F400310020B0EB514F0F
:104110000CD0FFE7FEF740F90399401A652804D355
:10412000FFE703208DF81700A9E2E7E7FFE7FFE7C5
:10413000FFE7049800788007002840F19680FFE7A9
:1041400043F60800C4F20200006810F00C0F13D010
:10415000FFE743F60800C4F20200006800F00C001C
:1041600008282CD1FFE743F60400C4F202000068DF
:104170004002002823D4FFE743F60000C4F2020007
:10418000006800F002010020B0EB510F09D0FFE7FA
:104190000498C068012804D0FFE701208DF81700BB
:1041A0006DE243F60001C4F20201086820F0F80055
:1041B000049A126940EAC2000860FFE754E00498DC
:1041C000C06870B3FFE70021C4F2472101200860F6
:1041D000FEF7E2F80390FFE743F60000C4F20200A6
:1041E000006800F002010020B0EB510F0CD1FFE796
:1041F000FEF7D2F80399401A032804D3FFE70320FF
:104200008DF817003BE2E7E743F60001C4F2020134
:10421000086820F0F800049A126940EAC2000860B9
:1042200021E00021C4F2472100200860FEF7B4F825
:104230000390FFE743F60000C4F20200006800F0BC
:1042400002010020B0EB510F0CD0FFE7FEF7A4F8FD
:104250000399401A032804D3FFE703208DF81700C1
:104260000DE2E7E7FFE7FFE7FFE7049800780007C4
:1042700000284BD5FFE70498406918B3FFE740F6E4
:104280008061C4F2472101200860FEF785F80390A1
:10429000FFE743F67400C4F20200006800F0020178
:1042A0000020B0EB510F0CD1FFE7FEF775F8039932
:1042B000401A032804D3FFE703208DF81700DEE13E
:1042C000E7E722E040F68061C4F247210020086061
:1042D000FEF762F80390FFE743F67400C4F20200B1
:1042E000006800F002010020B0EB510F0CD0FFE796
:1042F000FEF752F80399401A032804D3FFE703207E
:104300008DF81700BBE1E7E7FFE7FFE704980078C7
:104310004007002840F1CE80FFE700208DF807001D
:1043200043F64000C4F202000068C000002815D423
:10433000FFE7FFE70020009043F64000C4F20200D0
:10434000016841F080510160006800F080500090E9
:104350000098FFE701208DF80700FFE747F2000013
:10436000C4F200000068C005002822D4FFE747F22D
:104370000001C4F20001086840F480700860FEF794
:104380000BF80390FFE747F20000C4F2000000685A
:10439000C00500280CD4FFE7FDF7FEFF0399401A83
:1043A000032804D3FFE703208DF8170067E1EAE74D
:1043B000FFE7FFE704988068012809D1FFE743F68B
:1043C0007001C4F20201086840F0010008601FE0BB
:1043D0000498806805280DD1FFE743F67001C4F208
:1043E0000201086840F004000860086840F001001D
:1043F00008600CE043F67001C4F20201086820F086
:1044000001000860086820F004000860FFE7FFE78B
:10441000FFE704988068F8B1FFE7FDF7BDFF039060
:10442000FFE743F67000C4F20200006800F00201EA
:104430000020B0EB510F0ED1FFE7FDF7ADFF039960
:10444000401A41F28931884204D3FFE703208DF8F6
:10445000170014E1E5E71EE0FDF79EFF0390FFE77C
:1044600043F67000C4F20200006800F00201002070
:10447000B0EB510F0ED0FFE7FDF78EFF0399401A06
:1044800041F28931884204D3FFE703208DF81700F9
:10449000F5E0E5E7FFE79DF80700012809D1FFE710
:1044A00043F64001C4F20201086820F08050086021
:1044B000FFE7FFE704988069002800F0DC80FFE751
:1044C00043F60800C4F20200006800F00C0008285F
:1044D00000F08580FFE70498806902285CD1FFE73F
:1044E0006021C4F2472100200860FDF755FF0390CA
:1044F000FFE743F60000C4F20200006800F000711C
:104500000020B0EB516F0CD0FFE7FDF745FF03999A
:10451000401A032804D3FFE703208DF81700AEE00C
:10452000E7E70499C869D1F820C04B6A8A6A40EA73
:104530000C0040EA8310D2034FF6FF739A43A2F5B2
:1045400080321043C96A40EA016043F60401C4F2B4
:10455000020108606021C4F2472101200860FDF7D4
:104560001BFF0390FFE743F60000C4F2020000685F
:1045700000F000710020B0EB516F0CD1FFE7FDF7A8
:104580000BFF0399401A032804D3FFE703208DF89B
:10459000170074E0E7E721E06021C4F24721002022
:1045A0000860FDF7F9FE0390FFE743F60000C4F250
:1045B0000200006800F000710020B0EB516F0CD0D9
:1045C000FFE7FDF7E9FE0399401A032804D3FFE74C
:1045D00003208DF8170052E0E7E7FFE74AE0049870
:1045E0008069012804D1FFE701208DF8170046E01B
:1045F00043F60400C4F20200006802900498806947
:10460000012831D0FFE7029800F480000499C969BD
:10461000884229D1FFE7029800F03F000499096A17
:10462000884221D1FFE7029847F6C07108400499FB
:10463000496AB0EB811F17D1FFE7029800F44030C0
:104640000499896AC9034FF6FF729143A1F580313D
:10465000884209D1FFE7029800F070600499C96AA6
:10466000B0EB016F04D0FFE701208DF8170006E0E2
:10467000FFE7FFE7FFE700208DF81700FFE79DF851
:10468000170006B080BD000080B584B0029002988B
:1046900020B9FFE701208DF80F0071E00298406A11
:1046A00060B9FFE702984068B0F5827F01D1FFE76B
:1046B00003E002990020C861FFE705E002990020AD
:1046C000086102994861FFE7029900208862029818
:1046D00090F8510040B9FFE70299002081F850009E
:1046E000029800F051F8FFE70299022081F851008A
:1046F00002980168086820F040000860029A019260
:1047000011685068D2F808C0D36800F482700CF4C5
:10471000044C604403F400631844136903F002037B
:104720001844536903F001031844936903F40073B8
:104730001844D36903F038031844136A03F0800364
:104740001843926A02F4005210430860029A508B98
:1047500000F004001168526A02F010021044486030
:1047600002980168C86920F40060C86102990020BD
:104770004865029A012182F851108DF80F00FFE779
:104780009DF80F0004B080BD80B590B00F90002060
:104790000E900D900C900B900A900F98006843F2C9
:1047A0000001C4F20101884240F0C080FFE7FFE74A
:1047B0000020099043F64400C4F20200016841F46D
:1047C00080510160006800F4805009900998FFE76B
:1047D000FFE70020089043F63000C4F202000168B1
:1047E00041F002010160006800F0020008900898A2
:1047F000FFE7FFE70020079043F63000C4F2020015
:10480000016841F001010160006800F001000790BB
:104810000798FFE718200A90022001900B900120D2
:1048200002900C90032005900D90052003900E90AF
:1048300040F20040C4F202000AA90491FDF7B8FB5F
:10484000DDF804C0029B03980499059A4FF0800E8E
:10485000CDF828E0CDF82CC00C930D920E900020DE
:10486000C4F20200FDF7A4FB059A43F61410C2F24D
:104870000000069046F24041C4F2020101604FF090
:10488000C061416000218160C1604FF480630361B9
:1048900041618161C1614FF440330362042343628B
:1048A0008262C1620163FDF725FA18B1FFE7FCF7E8
:1048B0006FF8FFE7FFE70F9843F61411C2F200010B
:1048C000C1640F988863FFE743F67410C2F20000DA
:1048D000009046F25841C4F2020101604FF0C061FD
:1048E0004160402181600021C1604FF4806202611B
:1048F00041618161C1614FF400320262042242626F
:1049000003228262C1620163FDF7F4F918B1FFE787
:10491000FCF73EF8FFE7FFE70F9843F67411C2F289
:10492000000181640F988863FFE7FFE710B080BD46
:1049300080B582B00190019802F0F2FB02B080BD18
:1049400081B0009001B0704781B0009001B0704715
:1049500084B00290019100200090FFE7029890F847
:104960003C00012804D1FFE702208DF80F0044E04D
:104970000299012081F83C00FFE7FFE7009820F052
:10498000FF000199C96808430090009820F4407026
:104990000199896808430090009820F4806001998B
:1049A000496808430090009820F400600199096864
:1049B00008430090009820F4805001990969084349
:1049C0000090009820F40050019949690843009034
:1049D000009820F480400199C9690843009000982C
:1049E000029909684864FFE70299002081F83C00B9
:1049F000FFE700208DF80F00FFE79DF80F0004B0DF
:104A00007047000085B003900291FFE7039890F88B
:104A10003C00012804D1FFE702208DF813007EE05E
:104A20000399012081F83C00FFE7FFE7039902208A
:104A300081F83D0003980068406801900398006881
:104A400080680090019820F0700001900298016841
:104A500001980843019001980399096848600398F8
:104A600000680021C4F2010188423CD0FFE70398AE
:104A70000068B0F1804F36D0FFE70398006840F23D
:104A80000041C4F2000188422DD0FFE7039800687E
:104A900040F60001C4F20001884224D0FFE70398E9
:104AA000006840F60041C4F2000188421BD0FFE7D5
:104AB0000398006840F20041C4F20101884212D01C
:104AC000FFE70398006844F20001C4F20101884244
:104AD00009D0FFE70398006841F60001C4F2000125
:104AE00088420ED1FFE7009820F0800000900298E5
:104AF000416800980843009000980399096888600D
:104B0000FFE70399012081F83D00FFE703990020AA
:104B100081F83C00FFE700208DF81300FFE79DF8C7
:104B2000130005B07047000080B582B00090009877
:104B300020B9FFE701208DF807003FE0009890F8CA
:104B40003D0040B9FFE70099002081F83C00009843
:104B500000F038F8FFE70099022081F83D00009945
:104B600051F8040B02F082FB0099012081F8460005
:104B7000FFE70099012081F83E00009981F83F008D
:104B8000009981F84000009981F84100FFE7FFE7B4
:104B90000099012081F84200009981F843000099B2
:104BA00081F84400009981F84500FFE70099012051
:104BB00081F83D0000208DF80700FFE79DF8070011
:104BC00002B080BD80B588B00790079800680021CA
:104BD000C4F20101884212D1FFE7FFE700200690EE
:104BE00043F64400C4F20200016841F00101016093
:104BF000006800F0010006900698FFE781E0079842
:104C0000006840F20041C4F20001884212D1FFE77F
:104C1000FFE70020059043F64000C4F2020001685F
:104C200041F002010160006800F002000590059863
:104C3000FFE765E00798006840F60001C4F2000154
:104C400088421BD1FFE7FFE70020049043F64000B5
:104C5000C4F20200016841F004010160006800F044
:104C6000040004900498FFE71E2001900121002217
:104C7000FDF744FE0198FDF737FE40E00798006815
:104C800040F60041C4F2000188421BD1FFE7FFE774
:104C90000020039043F64000C4F20200016841F096
:104CA00008010160006800F0080003900398FFE726
:104CB0003220009001210022FDF720FE0098FDF730
:104CC00013FE1BE00798006844F20041C4F20101A2
:104CD000884212D1FFE7FFE70020029043F644002C
:104CE000C4F20200016841F400310160006800F480
:104CF000003002900298FFE7FFE7FFE7FFE7FFE7DA
:104D0000FFE708B080BD000083B00190019890F8E3
:104D10003D00012804D0FFE701208DF80B006AE078
:104D20000199022081F83D0001980168C86840F0AF
:104D30000100C860019800680021C4F201018842A6
:104D40003CD0FFE701980068B0F1804F36D0FFE714
:104D50000198006840F20041C4F2000188422DD061
:104D6000FFE70198006840F60001C4F200018842A4
:104D700024D0FFE70198006840F60041C4F200012A
:104D800088421BD0FFE70198006840F20041C4F25E
:104D90000101884212D0FFE70198006844F2000147
:104DA000C4F20101884209D0FFE70198006841F68A
:104DB0000001C4F20001884212D1FFE701980068A7
:104DC000806800F0070000900098062807D0FFE7F1
:104DD00001980168086840F001000860FFE706E0FC
:104DE00001980168086840F001000860FFE70020B2
:104DF0008DF80B00FFE79DF80B0003B07047000033
:104E000080B586B00490039100208DF80B00FFE779
:104E1000049890F83C00012804D1FFE702208DF8A7
:104E20001700ABE00499012081F83C00FFE7FFE7A1
:104E30000499022081F83D00049800688068019080
:104E4000019820F077000190019820F47F400190B4
:104E50000198049909688860039800680090002808
:104E600072D0FFE7009810286ED0FFE70098202846
:104E70006AD0FFE70098302866D0FFE70098402806
:104E800055D0FFE70098502837D0FFE700986028FA
:104E900040D0FFE7009870280BD0FFE70098B0F5EE
:104EA000805F05D0FFE70098B0F5005F16D052E0B4
:104EB00055E004980068039B5A689968DB6802F023
:104EC000B7FA0498006880680190019840F0770074
:104ED0000190019804990968886040E0049800688E
:104EE000039B5A689968DB6802F0A2FA049801688B
:104EF000886840F48040886031E004980068039A34
:104F00005168D26802F08AFD04980068502102F0CE
:104F1000A9FA24E004980068039A5168D26802F064
:104F2000A5FD04980068602102F09CFA17E004983F
:104F30000068039A5168D26802F070FD0498006816
:104F4000402102F08FFA0AE004980068039909688A
:104F500002F088FA03E001208DF80B00FFE70499C6
:104F6000012081F83D00FFE70499002081F83C0012
:104F7000FFE79DF80B008DF81700FFE79DF817007D
:104F800006B080BD81B0009001B0704780B584B09C
:104F9000039003980068C068029003980068006955
:104FA00001909DF804008007002824D5FFE79DF8B4
:104FB0000800800700281DD5FFE7039801686FF0FF
:104FC000020008610399012008770398006880694E
:104FD000800720B1FFE70398FFF7D4FF06E00398AE
:104FE00000F044F9039800F039FAFFE70399002034
:104FF0000877FFE7FFE79DF804004007002825D564
:10500000FFE79DF80800400700281ED5FFE703983A
:1050100001686FF004000861039902200877039883
:105020000068806910F4407F04D0FFE70398FFF721
:10503000A9FF06E0039800F019F9039800F00EFAB2
:10504000FFE7039900200877FFE7FFE79DF80400DA
:105050000007002824D5FFE79DF808000007002876
:105060001DD5FFE7039801686FF0080008610399F8
:105070000420087703980068C069800720B1FFE723
:105080000398FFF77FFF06E0039800F0EFF803981E
:1050900000F0E4F9FFE7039900200877FFE7FFE756
:1050A0009DF80400C006002825D5FFE79DF80800FC
:1050B000C00600281ED5FFE7039801686FF01000B6
:1050C000086103990820087703980068C06910F404
:1050D000407F04D0FFE70398FFF754FF06E00398F2
:1050E00000F0C4F8039800F0B9F9FFE70399002035
:1050F0000877FFE7FFE79DF80400C00778B1FFE7F6
:105100009DF80800C00748B1FFE7039801686FF0F9
:1051100001000861039800F0A5F9FFE7FFE79DF89B
:1051200004000006002810D5FFE79DF808000006DF
:10513000002809D5FFE7039801686FF08000086137
:105140000398FFF7FDFBFFE7FFE79DF8040040062B
:10515000002810D5FFE79DF808004006002809D573
:10516000FFE7039801686FF040000861039800F0C2
:1051700067FAFFE7FFE79DF804008006002810D5D6
:10518000FFE79DF808008006002809D5FFE703988F
:1051900001686FF0200008610398FFF7D5FBFFE777
:1051A000FFE704B080BD000080B588B00790002004
:1051B00006900590049003900290079800680021E3
:1051C000C4F20101884223D1FFE7FFE700200190EC
:1051D00043F63000C4F20200016841F010010160A2
:1051E000006800F0100001900198FFE74FF40050B4
:1051F0000290022003900020049005900120069068
:1052000041F20000C4F2020002A9FCF7D1FE2BE03B
:105210000798006844F20041C4F20101884222D19B
:10522000FFE7FFE70020009043F63000C4F20200E1
:10523000016841F020010160006800F0200000904A
:105240000098FFE740200290022003900021049183
:1052500005900320069041F20040C4F2020002A92A
:10526000FCF7A6FEFFE7FFE708B080BD81B0009025
:1052700001B0704780B586B004900391029200207F
:105280008DF80700FFE7049890F83C00012804D14E
:10529000FFE702208DF8170089E00499012081F8CA
:1052A0003C00FFE7FFE7029800900C2800F27080B6
:1052B0000099DFE801F0076D6D6D206D6D6D3A6D41
:1052C0006D6D530004980068039902F0EBF904989F
:1052D0000168886940F0080088610498016888695D
:1052E00020F00400886103980269049801688869C5
:1052F0001043886150E004980068039902F048FA6E
:1053000004980168886940F4006088610498016825
:10531000886920F4806088610398026904980168B4
:10532000886940EA0220886136E0049800680399A1
:1053300002F0A8FA04980168C86940F00800C86142
:1053400004980168C86920F00400C86103980269E4
:1053500004980168C8691043C8611DE0049800689A
:10536000039902F009FB04980168C86940F40060E1
:10537000C86104980168C86920F48060C861039816
:10538000026904980168C86940EA0220C86103E024
:1053900001208DF80700FFE7FFE70499002081F85E
:1053A0003C00FFE79DF807008DF81700FFE79DF828
:1053B000170006B080BD000080B582B00090009854
:1053C00020B9FFE701208DF807003FE0009890F832
:1053D0003D0040B9FFE70099002081F83C000098AB
:1053E00000F038F8FFE70099022081F83D000099AD
:1053F00051F8040B01F03AFF0099012081F84600B2
:10540000FFE70099012081F83E00009981F83F00F4
:10541000009981F84000009981F84100FFE7FFE71B
:105420000099012081F84200009981F84300009919
:1054300081F84400009981F84500FFE700990120B8
:1054400081F83D0000208DF80700FFE79DF8070078
:1054500002B080BD81B0009001B0704781B0009073
:1054600001B0704780B582B00190019800680021BA
:10547000C4F20101884207D1FFE740F22030C2F2B6
:10548000000040688047D9E001980068B0F1804F83
:1054900007D1FFE740F22830C2F2000040688047A1
:1054A000CBE00198006840F20041C4F2000188425C
:1054B00007D1FFE740F23030C2F200004068804779
:1054C000BAE00198006840F60001C4F20001884289
:1054D00007D1FFE740F23830C2F200004068804751
:1054E000A9E00198006840F60041C4F2000188423A
:1054F00007D1FFE740F24030C2F200004068804729
:1055000098E00198006841F20001C4F2000188426D
:1055100007D1FFE740F24830C2F200004068804700
:1055200087E00198006841F20041C4F2000188421E
:1055300007D1FFE740F25030C2F2000040688047D8
:1055400076E00198006840F20041C4F2010188420F
:1055500007D1FFE740F25830C2F2000040688047B0
:1055600065E00198006844F20001C4F2010188423C
:1055700007D1FFE740F26030C2F200004068804788
:1055800054E00198006844F20041C4F201018842ED
:1055900007D1FFE740F2F820C2F2000040688047E0
:1055A00043E00198006844F60001C4F2010188421A
:1055B00007D1FFE740F20030C2F2000040688047A8
:1055C00032E00198006841F60001C4F2000188420F
:1055D00007D1FFE740F20830C2F200004068804780
:1055E00021E00198006841F60041C4F200018842C0
:1055F00007D1FFE740F21030C2F200004068804758
:1056000010E00198006842F20001C4F200018842F3
:1056100007D1FFE740F21830C2F20000406880472F
:10562000FFE7FFE7FFE7FFE7FFE7FFE7FFE7FFE74A
:10563000FFE7FFE7FFE7FFE7FFE7FFE702B080BD17
:1056400081B0009001B0704780B586B0049003919E
:10565000ADF80A20049890F84200202848D1FFE7CE
:10566000039820B1FFE7BDF80A0020B9FFE7012049
:105670008DF8170040E00499012008630499002088
:10568000486304980399BDF80A2002F083FD8DF861
:1056900009000498006B012821D1FFE7FFE70020F3
:1056A00001900498006800680190049800684068C0
:1056B00001900198FFE7FFE7FFE70498006850E8D2
:1056C000030F40F010000090FFE700990498026873
:1056D00042E803100028F0D1FFE7FFE703E00120D4
:1056E0008DF80900FFE79DF809008DF8170003E029
:1056F00002208DF81700FFE79DF8170006B080BD67
:1057000080B58EB00D90ADF832100D98006841F262
:105710000001C4F20101884219D1FFE7BDF832103F
:1057200040F26830C2F200000A90A0F80814D0F8E5
:105730000C24BDF8321000F501700B9090470A9AC6
:105740000B990D98B2F80424FFF77EFFAEE00D9898
:10575000006844F20041C4F20001884219D1FFE719
:10576000BDF8321040F27870C2F200000890A0F844
:105770000814D0F80C24BDF8321000F5017009901F
:105780009047089A09990D98B2F80424FFF75CFF36
:105790008BE00D98006844F60001C4F200018842D5
:1057A00019D1FFE7BDF8321040F68830C2F2000090
:1057B0000690A0F80814D0F80C24BDF8321000F5BB
:1057C000017007909047069A07990D98B2F8042443
:1057D000FFF73AFF68E00D98006844F60041C4F214
:1057E0000001884219D1FFE7BDF8321040F69870E9
:1057F000C2F200000490A0F80814D0F80C24BDF800
:10580000321000F5017005909047049A05990D98A3
:10581000B2F80424FFF718FF45E00D98006845F240
:105820000001C4F20001884219D1FFE7BDF832102F
:1058300041F2A830C2F200000290A0F80814D0F89B
:105840000C24BDF8321000F5017003909047029AC5
:1058500003990D98B2F80424FFF7F6FE22E00D98A4
:10586000006841F20041C4F20101884219D1FFE70A
:10587000BDF8321041F2B870C2F200000090A0F8FA
:105880000814D0F80C24BDF8321000F50170019016
:105890009047009A01990D98B2F80424FFF7D4FEBE
:1058A000FFE7FFE7FFE7FFE7FFE7FFE70EB080BD99
:1058B00080B584B00390002002900398006840698E
:1058C000C0B2C0090290039890F84100212823D16A
:1058D000FFE7029800B3FFE7FFE7FFE703980068E0
:1058E00050E8050F20F080000190FFE70199039830
:1058F000026842E805100028F0D1FFE7FFE70398AF
:10590000806B28B1FFE70398806BFBF7CBFFFFE7C5
:10591000039802F0D1FAFFE7039800684069C0F3EA
:1059200080100290039890F84200222823D1FFE7CC
:10593000029800B3FFE7FFE7FFE70398006850E82D
:10594000050F20F040000090FFE7009903980268DF
:1059500042E805100028F0D1FFE7FFE70398C06B8D
:1059600028B1FFE70398C06BFBF79CFFFFE70398A4
:1059700002F044FAFFE7002004B080BD81B000903F
:1059800001B0704780B592B011901198006800681E
:10599000109011980068C0680F90119800684069D5
:1059A0000E9000200D900C90109800F00F000D90BC
:1059B0000D9888B9FFE79DF84000800600280AD5B9
:1059C000FFE79DF83C008006002804D5FFE711980A
:1059D00002F08EFA02E2FFE70D98002800F0C28084
:1059E000FFE79DF83800C00738B9FFE7BDF83C0075
:1059F00010F4907F00F0B680FFE79DF84000C007EC
:105A000058B1FFE79DF83D00C00730B1FFE711999D
:105A1000486C40F001004864FFE79DF840004007F3
:105A200000280BD5FFE79DF83800C00730B1FFE72D
:105A30001199486C40F002004864FFE79DF840006F
:105A4000800700280BD5FFE79DF83800C00730B16C
:105A5000FFE71199486C40F004004864FFE79DF8A7
:105A600040000007002811D5FFE79DF83C008006A4
:105A7000002805D4FFE79DF83800C00730B1FFE7E4
:105A80001199486C40F008004864FFE71198406C99
:105A9000002866D0FFE79DF84000800600280AD560
:105AA000FFE79DF83C008006002804D5FFE7119829
:105AB00002F01EFAFFE7119800684069C0F38010F9
:105AC0000C901198406C0007002804D4FFE70C9854
:105AD00000283ED0FFE7119802F090F91198006875
:105AE0004069400600282FD5FFE7FFE7FFE7119840
:105AF000006850E8050F20F040000B90FFE70B997D
:105B00001198026842E805100028F0D1FFE7FFE78E
:105B10001198C06B98B1FFE71198C16B47F6A93097
:105B2000C0F6000008651198C06BFBF731FF28B183
:105B3000FFE71198C06B016D8847FFE703E01198FC
:105B4000FFF71CFFFFE703E01198FFF717FFFFE7E0
:105B500006E01198FFF712FF119900204864FFE753
:105B6000FFE73BE11198006B012840F01781FFE748
:105B70009DF84000C006002840F11081FFE79DF825
:105B80003C00C006002840F10981FFE7FFE7002044
:105B90000A901198006800680A901198006840689F
:105BA0000A900A98FFE711980068406940060028AB
:105BB00040F19A80FFE71198C06B00684068ADF82B
:105BC0002600BDF82600002875D0FFE7BDF82600A6
:105BD0001199898D88426EDAFFE7BDF82600119988
:105BE000C8851198C06BC069B0F5807F58D0FFE7B9
:105BF000FFE7FFE71198006850E8030F20F480707A
:105C00000890FFE708991198026842E803100028FD
:105C1000F0D1FFE7FFE7FFE7FFE71198006850E8E2
:105C2000050F20F001000790FFE70799119802681F
:105C300042E805100028F0D1FFE7FFE7FFE7FFE7A4
:105C40001198006850E8050F20F040000690FFE72B
:105C500006991198026842E805100028F0D1FFE784
:105C6000FFE71199202081F8420011990020086374
:105C7000FFE7FFE71198006850E8030F20F01000DD
:105C80000590FFE705991198026842E80310002883
:105C9000F0D1FFE7FFE71198C06BFBF703FEFFE7CA
:105CA0001199022048631198818DC28D891A89B299
:105CB000FFF726FD17E0BDF826001199898D88426F
:105CC00010D1FFE71198C06BC069B0F5807F08D193
:105CD000FFE71199022048631198818DFFF710FDAD
:105CE000FFE7FFE7FFE779E01199888DC98D401A3A
:105CF000ADF812001198C08D00284ED0FFE7BDF816
:105D00001200002849D0FFE7FFE7FFE7119800687D
:105D100050E8030F20F490700390FFE70399119867
:105D2000026842E803100028F0D1FFE7FFE7FFE731
:105D3000FFE71198006850E8050F20F0010002907D
:105D4000FFE702991198026842E805100028F0D197
:105D5000FFE7FFE71199202081F842001199002008
:105D60000863FFE7FFE71198006850E8030F20F091
:105D700010000190FFE701991198026842E80310B2
:105D80000028F0D1FFE7FFE711990220486311983E
:105D9000BDF81210FFF7B4FCFFE71FE09DF84000CC
:105DA000000600280AD5FFE79DF83C000006002801
:105DB00004D5FFE7119802F085FA0FE09DF8400046
:105DC000400600280AD5FFE79DF83C004006002861
:105DD00004D5FFE7119802F05BF8FFE712B080BD31
:105DE00080B582B00090009820B9FFE701208DF8BF
:105DF000070040E00098806908B1FFE700E0FFE796
:105E0000009890F8410040B9FFE70099002081F820
:105E10004000009800F034F8FFE70099242081F852
:105E2000410000980168C86820F40050C8600098DC
:105E300002F012F900980168086920F490400861A6
:105E400000980168486920F02A00486100980168BC
:105E5000C86840F40050C860009900204864009A67
:105E6000202182F84110009A82F84210009948637C
:105E70008DF80700FFE79DF8070002B080BD000025
:105E800080B59EB01D9000201C901B901A90199018
:105E900018901D98006841F20001C4F20101884287
:105EA00040F0C480FFE7FFE70020179043F644006E
:105EB000C4F20200016841F010010160006800F0C6
:105EC000100017901798FFE7FFE70020169043F6A1
:105ED0003000C4F20200016841F002010160006874
:105EE00000F0020016901698FFE7FFE700201590DB
:105EF00043F63000C4F20200016841F00101016084
:105F0000006800F0010015901598FFE780201890B8
:105F100002200B90199000200F901A9003200E90F1
:105F20001B9007200C901C9040F20040C4F202002D
:105F300018A90D91FCF73CF8DDF82CC00C980D99D0
:105F40000E9A0F9B4FF4007ECDF860E0CDF864C050
:105F50001A931B921C900020C4F20200FCF728F850
:105F60000E9A0F9943F6D410C2F20000109046F238
:105F70008843C4F2020303604FF000634360816012
:105F8000C1604FF48063036141618161C1614FF47D
:105F900040330362042343628262C1620163FBF700
:105FA000A9FE18B1FFE7FAF7F3FCFFE7FFE71D983A
:105FB00043F6D411C2F20001C1631D988863FFE764
:105FC00043F63420C2F200000A9046F2B841C4F20F
:105FD000020101604FF000614160402181600021B9
:105FE000C1604FF48062026141618161C1614FF41F
:105FF000803202624162FBF77DFE18B1FFE7FAF7DB
:10600000C7FCFFE7FFE71D9843F63421C2F2000109
:1060100081631D988863FFE72520099005210022F0
:10602000FCF76CFC0998FCF75FFC1CE11D9800680C
:1060300044F60001C4F2000188426AD1FFE7FFE79D
:106040000020149043F64000C4F20200016841F4BD
:1060500080210160006800F4802014901498FFE70C
:10606000FFE70020139043F63000C4F202000168FD
:1060700041F004010160006800F0040013901398DF
:10608000FFE74FF44060189002201990002007901D
:106090001A9003201B9007201C9040F60000C4F2C9
:1060A000020018A9FBF784FF079943F69420C2F277
:1060B0000000089046F22802C4F2020202604FF08B
:1060C000006242608160C1604FF4806202614161A0
:1060D0008161C1614FF4403202624162FBF70AFE06
:1060E00018B1FFE7FAF754FCFFE7FFE71D9843F606
:1060F0009421C2F20001C1631D988863FFE7272045
:10610000069005210022FCF7F9FB0698FCF7ECFB52
:10611000A8E01D98006841F20041C4F201018842E4
:1061200040F09F80FFE7FFE70020129043F6440015
:10613000C4F20200016841F020010160006800F033
:10614000200012901298FFE7FFE70020119043F61D
:106150003000C4F20200016841F0400101600068B3
:1061600000F0400011901198FFE74FF48440189020
:1061700002201990002004901A90032003901B9095
:1061800008201C9041F60000C4F2020018A9FBF799
:106190000FFF039A049943F6F420C2F20000059021
:1061A00046F22843C4F2020303604FF020634360C9
:1061B0008160C1604FF480630361416181614FF48C
:1061C0008073C3614FF4003303620423436282622D
:1061D000C1620163FBF78EFD18B1FFE7FAF7D8FB48
:1061E000FFE7FFE71D9843F6F421C2F20001C16307
:1061F0001D988863FFE743F65430C2F20000029016
:1062000046F2A041C4F2020101604FF020614160FA
:10621000402181600021C1604FF4806202614161D0
:106220008161C1614FF4803202624162FBF762FD1D
:1062300018B1FFE7FAF7ACFBFFE7FFE71D9843F65D
:106240005431C2F2000181631D988863FFE7472043
:10625000019005210022FCF751FB0198FCF744FB5B
:10626000FFE7FFE7FFE71EB080BD000081B00090B0
:1062700001B0704781B0009001B0704780B586B022
:1062800004900391ADF80A20049890F8410020286A
:106290006AD1FFE7039820B1FFE7BDF80A0020B9F3
:1062A000FFE701208DF8170062E003980499086267
:1062B000BDF80A0004998884BDF80A000499C884CE
:1062C000049900204864049A212182F8411004991D
:1062D0008A6B47F66951C0F60001D16304998A6B55
:1062E00047F6E551C0F60001116404998A6B47F640
:1062F000C531C0F60001D1640499896B086503A813
:10630000019004980268806B019909680432BDF815
:106310000A30FBF7A7FD58B1FFE704991020486445
:106320000499202081F8410001208DF817001FE01A
:10633000049801686FF040000860FFE7FFE70498E9
:10634000006850E8050F40F080000090FFE70099DA
:106350000498026842E805100028F0D1FFE7FFE743
:1063600000208DF8170003E002208DF81700FFE7EA
:106370009DF8170006B080BD81B0009001B0704755
:1063800081B0009001B07047FFE7FEE783B0029054
:1063900001918DF8032000208DF802008DF8020095
:1063A000FFE79DF802009DF80310884229DAFFE715
:1063B0000298000F092809D8FFE70298000F303033
:1063C00001999DF8022001F8120009E00299372096
:1063D00000EB117001999DF8022001F81200FFE70F
:1063E00002980001029001989DF8021000EB410113
:1063F00000204870FFE79DF8020001308DF8020090
:10640000CFE703B07047000080B582B043F60400C8
:10641000C2F20000019046F20041C4F200010160A6
:106420000321416000218160C1604FF4C0220261FC
:106430004FF4A00242610176012242768276C17653
:1064400001774177FAF784FF18B1FFE7FAF7A0FA6E
:10645000FFE702B080BD000080B582B043F62C009B
:10646000C2F20000019046F60001C4F20001016092
:106470000321416000218160C1604FF480220261EC
:106480004FF4E00242610176012242768276C176C3
:1064900001774177FAF75CFF18B1FFE7FAF778FA6E
:1064A000FFE702B080BD000080B58EB0FFE700209E
:1064B0000D9043F63000C4F20200016841F400116F
:1064C0000160006800F400100D900D98FFE7FFE7F1
:1064D00000200C9043F63000C4F20200016841F441
:1064E00080010160006800F480000C900C98FFE7C8
:1064F0000C2001900521059100220A92FCF7FEF97B
:106500000198FCF7F1F90A9A0D2002901146FCF768
:10651000F5F90298FCF7E8F90A9A0F200390114662
:10652000FCF7ECF90398FCF7DFF905990A9A392092
:106530000490FCF7E3F90498FCF7D6F905990A9A58
:106540003A200690FCF7DAF90698FCF7CDF90A9A9A
:106550003B2007901146FCF7D1F90798FCF7C4F9E6
:106560000A9A442008901146FCF7C8F90898FCF7ED
:10657000BBF90A9A452009901146FCF7BFF9099822
:10658000FCF7B2F90A9A46200B901146FCF7B6F9CF
:106590000B98FCF7A9F90EB080BD000080B59CB047
:1065A00000201B901A90199018901790FFE7002078
:1065B000169043F63000C4F20200016841F0020177
:1065C0000160006800F0020016901698FFE7FFE7F0
:1065D0000020159043F63000C4F20200016841F03B
:1065E00040010160006800F0400015901598FFE739
:1065F000FFE70020149043F63000C4F20200016867
:1066000041F001010160006800F00100149014984D
:10661000FFE7FFE70020139043F63000C4F20200CA
:10662000016841F008010160006800F00800139063
:106630001398FFE7FFE70020129043F63000C4F202
:106640000200016841F004010160006800F00400EC
:1066500012901298FFE7FFE70020119043F63000F8
:10666000C4F20200016841F080010160006800F09E
:10667000800011901198FFE7FFE70020109043F68B
:106680003000C4F20200016841F02001016000689E
:1066900000F0200010901098FFE7FFE700200F9017
:1066A00043F63000C4F20200016841F010010160BD
:1066B000006800F010000F900F98FFE741F600000F
:1066C000C4F2020002904021019101220C92FBF7DA
:1066D0004BFE0C9A0020C4F202000490102103919A
:1066E000FBF742FE0C9A40F20040C4F20200069012
:1066F0001146FBF739FE019A02980C9917921891EE
:1067000019911A9117A90791FBF752FC0298079962
:106710000C9A09230A9317934FF4041305931893C3
:106720001992FBF745FC039B049807990C9A179361
:1067300018921992022208921A92FBF739FC059AD4
:1067400007990C98302317931892199040F600007F
:10675000C4F20200FBF72CFC06980799089A0C9BE0
:106760001793189319931A92FBF722FC08990620A5
:10677000099000220D92FCF7C1F80998FCF7B4F8D3
:106780000A980C990D9AFCF7B9F80A98FCF7ACF83E
:106790000C990D9A0A200B90FCF7B0F80B98FCF7B7
:1067A000A3F80C990D9A17200E90FCF7A7F80E98F5
:1067B000FCF79AF81CB080BD80B582B043F6B430C7
:1067C000C2F20000019045F60041C4F200010160F0
:1067D00041F68021C0F20601416000218160C16064
:1067E0004FF48042026141618161C1610162FBF746
:1067F000D9FD18B1FFE7FAF7CBF8FFE702B080BD8B
:1068000080B582B044F2EC00C2F20000019043F285
:106810000001C4F2010101604FF482714160002166
:106820008160C16002220261012242614FF4007264
:1068300082613822C2610162416281620A21C162C1
:10684000FDF722FF18B1FFE7FAF7A2F8FFE702B061
:1068500080BD000080B588B00021009107910691AD
:106860000591049103910291019144F28C10C2F2BE
:10687000000044F20042C4F2010202604160816003
:1068800041F28732C26001618161FEF74DF918B1B2
:10689000FFE7FAF77DF8FFE744F28C10C2F2000040
:1068A000FEF78AFD18B1FFE7FAF772F8FFE76020FC
:1068B0000190002202920392059244F28C10C2F2DF
:1068C000000001A9FEF7D6FC18B1FFE7FAF760F85F
:1068D000FFE744F28C10C2F20000FEF765FC08B03E
:1068E00080BD000080B598B00021019117911691EC
:1068F0001591149113911291119110910F910E9184
:106900000D910C910B910A910991089107910691B3
:1069100005910491039144F24410C2F200000290E8
:106920000022C4F201020260A7224260816041F2AB
:106930008732C260016141618161FEF7F5F818B1EB
:10694000FFE7FAF725F8FFE74FF48050149044F280
:106950004410C2F2000014A9FEF752FA18B1FFE782
:10696000FAF716F8FFE744F24410C2F20000FEF70F
:1069700023FD18B1FFE7FAF70BF8FFE700201290AC
:10698000139044F24410C2F2000012A9FEF73AF844
:1069900018B1FFE7F9F7FCFFFFE760200B9000203C
:1069A0000C900D900E900F901090119044F24410A6
:1069B000C2F200000BA90822FEF75CFC18B1FFE749
:1069C000F9F7E6FFFFE7002003900490059006909A
:1069D00007904FF4005108910A9044F24410C2F21B
:1069E000000003A9FDF7B4FF18B1FFE7F9F7D0FFE6
:1069F000FFE744F24410C2F20000FEF7D5FB18B0E6
:106A000080BD000080B588B00021019107910691FA
:106A1000059104910391029144F2D410C2F2000056
:106A200040F20042C4F200020260532242608160E0
:106A300040F2E732C26001618161FEF775F818B17A
:106A4000FFE7F9F7A5FFFFE74FF48050049044F209
:106A5000D410C2F2000004A9FEF7D2F918B1FFE782
:106A6000F9F796FFFFE700200290039044F2D4105C
:106A7000C2F2000002A9FDF7C5FF18B1FFE7F9F760
:106A800087FFFFE708B080BD80B588B00021019185
:106A900007910691059104910391029144F21C2003
:106AA000C2F2000040F60002C4F20002026053226B
:106AB0004260816040F2E732C26001618161FEF7AD
:106AC00033F818B1FFE7F9F763FFFFE74FF48050A1
:106AD000049044F21C20C2F2000004A9FEF790F9D1
:106AE00018B1FFE7F9F754FFFFE700200290039089
:106AF00044F21C20C2F2000002A9FDF783FF18B186
:106B0000FFE7F9F745FFFFE708B080BD80B588B023
:106B10000021019107910691059104910391029141
:106B200044F26420C2F2000040F60042C4F20002C7
:106B3000026053224260816040F2E732C26001612C
:106B40008161FDF7F1FF18B1FFE7F9F721FFFFE7DA
:106B50004FF48050049044F26420C2F2000004A973
:106B6000FEF74EF918B1FFE7F9F712FFFFE7002033
:106B70000290039044F26420C2F2000002A9FDF7E3
:106B800041FF18B1FFE7F9F703FFFFE708B080BD49
:106B900080B582B044F2AC20C2F20000019041F214
:106BA0000001C4F2010101604FF4E13141600021B4
:106BB0008160C16001610C2242618161C161FFF7A6
:106BC0000FF918B1FFE7F9F7E3FEFFE702B080BD68
:106BD00080B582B044F2F420C2F20000019044F685
:106BE0000001C4F20001016048F2A061C0F201019D
:106BF00041604FF4805181600021C1604FF4806298
:106C000002610C2242618161C161FFF7E9F818B1AC
:106C1000FFE7F9F7BDFEFFE702B080BD80B582B0A7
:106C200044F23C30C2F20000019041F20041C4F253
:106C3000010101604FF4E131416000218160C160D8
:106C400001610C2242618161C161FFF7C9F818B18D
:106C5000FFE7F9F79DFEFFE702B080BD80B543F284
:106C60002850C2F2000040F20401C2F200010022EA
:106C700002F086FC18B1FFE7F9F78AFEFFE743F25E
:106C80002850C2F2000040F22401C2F2000103F0D9
:106C900087F918B1FFE7F9F77BFEFFE743F22850C9
:106CA000C2F2000040F2C001C2F2000101F0D4FEC5
:106CB00018B1FFE7F9F76CFEFFE743F22850C2F284
:106CC000000003F0F7FA18B1FFE7F9F761FEFFE7FC
:106CD00080BD0000FFE7FEE7FFE7FEE788B0079012
:106CE00006910592079800F0070004900498C0F1FF
:106CF0000700052803D3FFE70420019004E004986F
:106D0000C0F107000190FFE7019803900498043058
:106D1000062803D8FFE70020009003E0049803381A
:106D20000090FFE70098029006980399012202FA6A
:106D300001F101390840029B984005999A40013AB7
:106D40001140084308B0704780B543F60840C2F2CE
:106D50000000FCF7DFF880BD80B586B00590049197
:106D6000059800680390039802900398006C0190C6
:106D70000298049900EB4110D0F8080B009001989C
:106D800043F20B01C4F6547188420FD3FFE79DF81C
:106D900001000006002809D5FFE70298049900EBDE
:106DA00041114FF40040C1F8080BFFE70598FCF7CC
:106DB000D1FE019843F20B01C4F6547188420DD301
:106DC000FFE705988079012808D1FFE70599086851
:106DD00001F29C42012104F091F8FFE7002006B087
:106DE00080BD000080B588B00790069107980068C4
:106DF0000490049803900498006C029003980699FC
:106E000000EB4110D0F8080B019007988079012819
:106E100040F08180FFE79DF804000007002818D5A6
:106E2000FFE7029843F20B01C4F6547188420FD376
:106E3000FFE79DF805000006002809D5FFE7039845
:106E4000069900EB41114FF40040C1F8080BFFE731
:106E500060E09DF804008006002808D5FFE703984D
:106E6000069900EB41112020C1F8080B51E09DF874
:106E7000040010F0280F4AD1FFE7029843F20B01FB
:106E8000C4F6547188420FD3FFE79DF80500000651
:106E9000002809D5FFE70398069900EB41114FF44C
:106EA0000040C1F8080B31E00798069901EBC101D9
:106EB00000EB810000F5157005900598006A0399B4
:106EC000069A01EB4211D1F8101B6FF3DF41401A13
:106ED00005994861069898B9FFE70598006940B997
:106EE000FFE70799086801F29C42012104F006F8C7
:106EF00005E00599C8684A691044C860FFE7FFE7E4
:106F000007989DF81810FBF799FDFFE700E0FFE7F1
:106F1000FFE7FFE747E0029843F20A11C4F6547115
:106F2000884224D1FFE79DF805000006002809D516
:106F3000FFE70398069900EB41114FF40040C1F8B8
:106F4000080B13E09DF804008006002808D5FFE731
:106F50000398069900EB41112020C1F8080BFFE7C8
:106F600007989DF81810FBF769FDFFE71AE00698EF
:106F700090B9FFE70798069901EBC10100EB81008A
:106F8000D0F8640240B9FFE70799086801F29C4213
:106F9000002103F0B3FFFFE707989DF81810FBF7F7
:106FA0004DFDFFE7FFE7002008B080BD80B58CB045
:106FB0000A9009910A9800680890089807900A9822
:106FC000099901EBC10100EB81001430069006988D
:106FD00001694069884204D9FFE701208DF82F003C
:106FE00079E0069908694969401A0590059806995B
:106FF0008968884204D9FFE7069880680590FFE712
:107000000598033080080490FFE70798099900EB82
:107010004110D0F8180981B2049A002091420290E0
:107020000FD3FFE706980269416900209142029060
:1070300007D2FFE706980069002818BF01200290D8
:10704000FFE70298C00770B3FFE70699086949692E
:10705000401A0590059806998968884204D9FFE787
:10706000069880680590FFE7059803308008049033
:1070700008980699C9689DF82420BDF81430DDF8F9
:1070800028C09CF806C0EE46CEF800C004F0ACFD67
:10709000059A0699C8681044C860059A0699486917
:1070A00010444861B1E706990869496988420ED8D9
:1070B000FFE7099800F00F01012088400390039A30
:1070C0000799D1F834089043C1F83408FFE700204D
:1070D0008DF82F00FFE79DF82F000CB080BD000059
:1070E000704700007047000084B003900398009040
:1070F00000980078ADF808000098013000900098E2
:107100000078ADF80600BDF80610BDF8080040EAAA
:107110000120ADF80A00BDF80A0004B07047000075
:1071200080B582B0009000980138B0F1807F03D321
:10713000FFE70120019019E0009801384EF2140198
:10714000CEF2000108604FF0FF300F2106F0A2FDE3
:107150004EF21801CEF20001002008604EF210023B
:10716000CEF20002072111600190FFE7019802B002
:1071700080BD000080B5FBF72FFB80BD80B594B0CB
:1071800008A83021F9F72FF9002007900690059004
:1071900004900390FFE70020029043F64000C4F201
:1071A0000200016841F080510160006800F08050E9
:1071B00002900298FFE7FFE70020019047F20000ED
:1071C000C4F20000016841F480410160006800F4ED
:1071D000804001900198FFE7012008904FF4803033
:1071E000099002200E904FF480010F91062110911A
:1071F000A821119112900720139008A8FCF7E4FE33
:1072000018B1FFE7F9F7C4FBFFE70F200390022056
:107210000490002005904FF4A05006904FF4805049
:10722000079003A80521FCF7FFFC18B1FFE7F9F769
:10723000AFFBFFE714B080BD4EF68851CEF20001DF
:10724000086840F4700008607047000080B544F2A0
:107250001C20C2F20000FDF799FE80BD80B544F20B
:107260006420C2F20000FDF791FE80BD83B0029061
:10727000019102980068009002980021C4F2010177
:10728000884225D0FFE70298B0F1804F20D0FFE779
:10729000029840F20041C4F20001884218D0FFE792
:1072A000029840F60001C4F20001884210D0FFE7C6
:1072B000029840F60041C4F20001884208D0FFE77E
:1072C000029840F20041C4F2010188420AD1FFE76E
:1072D000009820F0700000900198416800980843E1
:1072E0000090FFE702980021C4F20101884255D0C6
:1072F000FFE70298B0F1804F50D0FFE7029840F2CC
:107300000041C4F20001884248D0FFE7029840F6ED
:107310000001C4F20001884240D0FFE7029840F625
:107320000041C4F20001884238D0FFE7029840F2E1
:107330000041C4F20101884230D0FFE7029844F2D4
:107340000001C4F20101884228D0FFE7029844F20C
:107350000041C4F20101884220D0FFE7029844F6C0
:107360000001C4F20101884218D0FFE7029841F6FB
:107370000001C4F20001884210D0FFE7029841F6F4
:107380000041C4F20001884208D0FFE7029842F2AF
:107390000001C4F2000188420AD1FFE7009820F4FE
:1073A000407000900198C168009808430090FFE782
:1073B000009820F0800001994969084300900198E5
:1073C00080680299C86201980068029988620298F0
:1073D0000021C4F20101884208D0FFE7029840F280
:1073E0000041C4F20101884205D1FFE7019800691C
:1073F00002990863FFE70299086840F004000860FA
:1074000002990120486100980299086003B0704712
:1074100080B543F60400C2F2000040F26012C2F2EE
:1074200000024FF400710823F9F702F980BD000053
:1074300085B00490039102920193049880680090B3
:10744000009820F47F40009003980299019A41EA45
:107450000221014300980843009000980499886035
:1074600005B0704783B00290019102988068009047
:10747000009820F07000009001980099084340F0B7
:107480000700009000980299886003B070470000E0
:1074900082B001900091019800680021C4F20101BE
:1074A000884209D1FFE7019840F22031C2F2000181
:1074B000086000984860F3E001980068B0F1804FE0
:1074C00009D1FFE7019840F22831C2F200010860BB
:1074D00000984860E3E00198006840F20041C4F27F
:1074E0000001884209D1FFE7019840F23031C2F231
:1074F0000001086000984860D0E00198006840F6FC
:107500000001C4F20001884209D1FFE7019840F26E
:107510003831C2F20001086000984860BDE001986F
:10752000006840F60041C4F20001884209D1FFE73B
:10753000019840F24031C2F20001086000984860B2
:10754000AAE00198006841F20001C4F200018842FB
:1075500009D1FFE7019840F24831C2F2000108600A
:107560000098486097E00198006841F20041C4F239
:107570000001884209D1FFE7019840F25031C2F280
:10758000000108600098486084E00198006840F2BB
:107590000041C4F20101884209D1FFE7019840F29D
:1075A0005831C2F2000108600098486071E001980B
:1075B000006844F20001C4F20101884209D1FFE7EA
:1075C000019840F26031C2F2000108600098486002
:1075D0005EE00198006844F20041C4F20101884273
:1075E00009D1FFE7019840F2F821C2F200010860DA
:1075F000009848604BE00198006844F60001C4F22E
:107600000101884209D1FFE7019840F20031C2F23E
:10761000000108600098486038E00198006841F671
:107620000001C4F20001884209D1FFE7019840F24D
:107630000831C2F2000108600098486025E0019816
:10764000006841F60041C4F20001884209D1FFE719
:10765000019840F21031C2F20001086000984860C1
:1076600012E00198006842F20001C4F20001884271
:1076700009D1FFE7019840F21831C2F20001086019
:1076800000984860FFE7FFE7FFE7FFE7FFE7FFE756
:10769000FFE7FFE7FFE7FFE7FFE7FFE7FFE7FFE7BA
:1076A00002B0704785B0049003910498006A01907D
:1076B0000499086A20F0010008620498406800906C
:1076C000049880690290029820F07000029002985D
:1076D00020F003000290039801680298084302908A
:1076E000019820F0020001900398816801980843F6
:1076F000019004980021C4F20101884208D0FFE7FC
:10770000049840F20041C4F2010188420ED1FFE723
:10771000019820F0080001900398C168019808437F
:107720000190019820F004000190FFE704980021E7
:10773000C4F20101884208D0FFE7049840F20041FA
:10774000C4F20101884213D1FFE7009820F4807051
:107750000090009820F40070009003984169009810
:107760000843009003988169009808430090FFE760
:1077700000980499486002980499886103984068C9
:107780000499486301980499086205B070470000A5
:1077900085B0049003910498006A01900499086AE6
:1077A00020F01000086204984068009004988069F6
:1077B0000290029820F4E0400290029820F4407079
:1077C000029003980168029840EA01200290019813
:1077D00020F02000019003988168019840EA011090
:1077E000019004980021C4F20101884208D0FFE70B
:1077F000049840F20041C4F2010188420FD1FFE732
:10780000019820F0800001900398C168019840EA37
:1078100001100190019820F040000190FFE70498CA
:107820000021C4F20101884208D0FFE7049840F229
:107830000041C4F20101884215D1FFE7009820F40D
:1078400080600090009820F40060009003984169E7
:10785000009840EA8100009003988169009840EA0E
:1078600081000090FFE7009804994860029804990D
:1078700088610398406804998863019804990862B4
:1078800005B0704785B0049003910498006A019098
:107890000499086A20F48070086204984068009097
:1078A0000498C0690290029820F07000029002983B
:1078B00020F00300029003980168029808430290A8
:1078C000019820F40070019003988168019840EAC3
:1078D0000120019004980021C4F20101884208D0DF
:1078E000FFE7049840F20041C4F2010188420FD141
:1078F000FFE7019820F4006001900398C1680198A7
:1079000040EA01200190019820F480600190FFE797
:1079100004980021C4F20101884208D0FFE70498CE
:1079200040F20041C4F20101884215D1FFE70098FE
:1079300020F480500090009820F4005000900398AC
:107940004169009840EA011000900398816900980D
:1079500040EA01100090FFE70098049948600298FF
:107960000499C861039840680499C8630198049910
:10797000086205B07047000085B004900391049838
:10798000006A01900499086A20F480500862049803
:10799000406800900498C0690290029820F4E0408A
:1079A0000290029820F440700290039801680298B7
:1079B00040EA01200290019820F4005001900398C1
:1079C0008168019840EA0130019004980021C4F2D6
:1079D0000101884208D0FFE7049840F20041C4F258
:1079E000010188420BD1FFE7009820F4804000900D
:1079F00003984169009840EA81100090FFE70098E1
:107A00000499486002980499C861039840680499F1
:107A1000086401980499086205B0704785B0049025
:107A2000039102920498006A00900499086A20F079
:107A300001000862049880690190019820F0F0002C
:107A400001900299019840EA01100190009820F0FD
:107A50000A00009003990098084300900198049947
:107A6000886100980499086205B0704785B0049059
:107A7000039102920498006A00900499086A20F029
:107A800010000862049880690190019820F4704009
:107A900001900299019840EA01300190009820F08D
:107AA000A00000900399009840EA0110009001980E
:107AB0000499886100980499086205B07047000035
:107AC00080B588B043F60400C2F200004CF2C10158
:107AD000C0F60001F8F762FD44F2F420C2F20000A3
:107AE00004904BF69D61C0F60001122204F058FB91
:107AF00044F2AC20C2F2000005904BF6DD61C0F606
:107B00000001282204F04CFB44F26420C2F2000081
:107B100006904BF6F961C0F60001FFF7B9FC43F29D
:107B20000400C2F200000790F1EE000AB2EE001A63
:107B3000F6EE001AB0EE600A05F014FC0798012179
:107B4000019105F0F9FB40F29420C2F2000002908E
:107B500005210022039205F077FEDDF804C0029BA8
:107B600003980499059A83F858C083F8590040F2A5
:107B7000E010C2F2000004F0F7FE0698FDF7C4F82A
:107B8000079805F0A9FB079844F6D011C2F200014E
:107B900081ED000A05F0AAFB44F6D410C2F2000001
:107BA00080ED000A08B080BD80B582B001900198D8
:107BB000806B009000990020C8850098FDF7DEFEDC
:107BC00002B080BD80B584B003900020029003987D
:107BD000806B0190019800684069C0B2C0090290B2
:107BE000019890F8410021280AD1FFE7029838B1A6
:107BF000FFE701990020C884019800F05DF9FFE7D4
:107C0000019800684069C0F380100290019890F8D4
:107C1000420022280AD1FFE7029838B1FFE7019914
:107C20000020C885019800F0E9F8FFE70199486C49
:107C300040F0100048640198FDF7A0FE04B080BD3C
:107C400080B586B005900598806B04900598006813
:107C50000068C00500285AD4FFE704990020C885B1
:107C6000FFE7FFE70498006850E8030F20F48070F6
:107C70000390FFE703990498026842E80310002884
:107C8000F0D1FFE7FFE7FFE7FFE70498006850E85F
:107C9000050F20F001000290FFE7029904980268A6
:107CA00042E805100028F0D1FFE7FFE7FFE7FFE714
:107CB0000498006850E8050F20F040000190FFE7AD
:107CC00001990498026842E805100028F0D1FFE706
:107CD000FFE70499202081F842000498006B0128F6
:107CE00014D1FFE7FFE7FFE70498006850E8030FAF
:107CF00020F010000090FFE700990498026842E825
:107D000003100028F0D1FFE7FFE7FFE7FFE7049942
:107D1000002048630498006B012805D1FFE7049810
:107D2000818DFDF7EDFC03E00498FEF79FFAFFE775
:107D300006B080BD80B582B001900198806B009044
:107D40000099012048630098006B012806D1FFE7E5
:107D50000098818D4908FDF7D3FC03E00098FEF7F9
:107D600089FAFFE702B080BD80B584B00390039824
:107D7000806B0290039800680068C00500282AD430
:107D8000FFE702990020C884FFE7FFE70298006838
:107D900050E8050F20F080000190FFE7019902985C
:107DA000026842E805100028F0D1FFE7FFE7FFE78F
:107DB000FFE70298006850E8030F40F04000009091
:107DC000FFE700990298026842E803100028F0D10A
:107DD000FFE7FFE703E00298FEF7CEFAFFE704B003
:107DE00080BD000080B582B001900198806B00904A
:107DF0000098FEF7C5FA02B080BD000084B0039081
:107E0000FFE7FFE70398006850E8030F20F4907045
:107E10000290FFE702990398026842E803100028E5
:107E2000F0D1FFE7FFE7FFE7FFE70398006850E8BE
:107E3000050F20F001000190FFE701990398026807
:107E400042E805100028F0D1FFE7FFE70398006B38
:107E5000012814D1FFE7FFE7FFE70398006850E827
:107E6000030F20F010000090FFE7009903980268CC
:107E700042E803100028F0D1FFE7FFE7FFE703998E
:107E8000202081F8420003990020086304B0704765
:107E900080B582B0019001980168C86820F0400068
:107EA000C8600199202081F841000198FEF764FA2A
:107EB000002002B080BD000082B00190FFE7FFE724
:107EC0000198006850E8030F20F0C0000090FFE721
:107ED00000990198026842E803100028F0D1FFE7FA
:107EE000FFE70199202081F8410002B070470000AF
:107EF00080B586B00490002003900290049890F81A
:107F00004200222840F0A080FFE704988068B0F586
:107F1000805F13D1FFE70498006978B9FFE7049800
:107F2000806A02900498006840686FF35F200299AD
:107F300008800499886A0230886223E00498806A85
:107F4000039004988068B0F5805F08D0FFE704983C
:107F5000806850B9FFE70498006930B9FFE70498DA
:107F6000006840680399087007E00498006840685A
:107F700000F07F0003990870FFE70499886A0130D8
:107F80008862FFE70499C88D0138C885000400287D
:107F900056D1FFE704980168C86820F02000C86047
:107FA00004980168C86820F48070C860049801686B
:107FB000486920F0010048610499202081F84200BE
:107FC0000499002048630498006B012830D1FFE732
:107FD000049900200863FFE7FFE70498006850E871
:107FE000030F20F010000190FFE701990498026848
:107FF00042E803100028F0D1FFE7FFE7049800688B
:108000000068C00600280ED5FFE7FFE700200090BB
:108010000498006800680090049800684068009028
:108020000098FFE7FFE70498818DFDF769FB03E007
:108030000498FEF71BF9FFE700208DF8170007E012
:1080400000208DF8170003E002208DF81700FFE7ED
:108050009DF8170006B080BD80B586B005900598E4
:108060000068006920F44050059A1168D2681043F6
:108070000861059988680B694A69C9691843104302
:108080000843049005980068C06849F20C61884371
:108090000499084305990968C86005980068406913
:1080A00020F44070059A1168926910434861059860
:1080B000006841F20001C4F20101884209D0FFE7E3
:1080C0000598006841F20041C4F20101884204D1E0
:1080D000FFE7FBF7F3FE039003E0FBF7DDFE039001
:1080E000FFE70598C069B0F5004F29D1FFE7039875
:1080F0001921A0FB0101059A1368029353685A00E5
:10810000DB0FF8F7B3F80299864648F21F53C5F221
:10811000EB13AEFB0320420910014FF0640C02FB8D
:108120001CEC322202EBCC02A2FB0332F82303EA5E
:10813000521300EB4300C2F342121044886026E061
:1081400003981921A0FB0101059A13680193536854
:108150009A009B0FF8F78AF80199844648F21F525B
:10816000C5F2EB12ACFB02304309642003FB10CCD8
:10817000322000EB0C10A0FB0202F02000EA5210AB
:1081800000EB0310C2F3431210448860FFE706B00F
:1081900080BD000080B58AB008900791ADF81A2024
:1081A000079808998862BDF81A0008998885089987
:1081B00000204864089A222182F842100899CA6B6C
:1081C00047F64141C0F60001D1630899CA6B47F6F2
:1081D0003551C0F6000111640899CA6B47F6C531E4
:1081E000C0F60001D1640899C96B086507A805901D
:1081F00008980168C06B0431059A1268BDF81A30FE
:10820000F9F730FE58B1FFE7089910204864089943
:10821000202081F8420001208DF827004EE0FFE782
:10822000002004900898006800680490089800688E
:10823000406804900498FFE708980069A0B1FFE740
:10824000FFE7FFE70898006850E8030F40F48070EC
:108250000390FFE703990898026842E8031000289A
:10826000F0D1FFE7FFE7FFE7FFE7FFE708980068C7
:1082700050E8050F40F001000290FFE702990898CE
:10828000026842E805100028F0D1FFE7FFE7FFE7AA
:10829000FFE70898006850E8050F40F040000190A3
:1082A000FFE701990898026842E805100028F0D11C
:1082B000FFE7FFE700208DF82700FFE79DF8270084
:1082C0000AB080BD83B00190019890F84100212848
:1082D0003AD1FFE701988068B0F5805F13D1FFE7DE
:1082E0000198006978B9FFE70198006A009000984A
:1082F00000886FF35F200199096848600199086A56
:108300000230086208E0019A106A411C116200788C
:10831000019909684860FFE70199C88C0138C88451
:10832000000468B9FFE701980168C86820F0800080
:10833000C86001980168C86840F04000C860FFE765
:1083400000208DF80B0003E002208DF80B00FFE702
:108350009DF80B0003B0704780B544F2AC20C2F228
:108360000000FDF70FFB80BD80B544F2F420C2F29F
:108370000000FDF707FB80BD80B544F23C30C2F23F
:108380000000FDF7FFFA80BD80B586B004908DF83F
:108390000F100498D0F8C80201900498D0F8D412B5
:1083A00000EB8100D0F8C00220B9FFE703208DF870
:1083B00017005FE00498D0F8D41200EB8100D0F8E9
:1083C000C002029004989DF80F1001F00F0101EB1C
:1083D000810100EB8100406940B3FFE704989DF8FC
:1083E0000F1001F00F0101EB810200EB82004269E6
:1083F000019801EBC10100EB8100C169B2FBF1F012
:1084000000FB112090B9FFE704989DF80F1001F0D0
:108410000F0101EB810100EB81000023436104980F
:108420009DF80F101A4601F067FD1FE00299002029
:10843000C1F814020498D0F8D41200EB8100D0F8EF
:10844000C402006988B1FFE70498D0F8D41200EBA9
:108450008100D0F8C40203690299D1F8080201F53D
:1084600004719DF80F209847FFE7FFE700208DF883
:108470001700FFE79DF8170006B080BD80B584B0F7
:1084800002908DF807100298D0F8D41200EB81000A
:10849000D0F8C00200900298D0F8D41200EB81000E
:1084A000D0F8C00220B9FFE703208DF80F0019E0D3
:1084B00002989DF8071001F0A7FA0099C1F80C0284
:1084C0000298D0F8D41200EB8100D0F8C402C26840
:1084D0000099D1F8040201F50371904700208DF84E
:1084E0000F00FFE79DF80F0004B080BD80B586B097
:1084F00005908DF81310059840F20101C2F20001B9
:108500000091097801F090F800990598097801F038
:108510000F0101EB810100EB81010020039081F844
:108520002300059840F20201C2F20001019109788E
:1085300001F07AF8019A03980599127802F00F0277
:1085400002EB820201EB820181F86301059840F29F
:108550000001C2F200010291097801F065F8029A67
:1085600003980599137803F00F0303EB830301EBE2
:10857000830181F823000599127802F00F0202EBC3
:10858000820201EB8201C8610598D0F8D41200EB99
:108590008100D0F8C002F0B1FFE70598D0F8D412FE
:1085A00000EB8100D0F8C402406880470598D0F8FD
:1085B000D41200EB8100D0F8C00202F03DF905981A
:1085C000D0F8D41200EB81010020C1F8C002059957
:1085D000C1F8BC02FFE7002006B080BD80B584B0C2
:1085E00002900298D0F8D41200EB8100D0F8C002BB
:1085F0000190019820B9FFE703208DF80F0025E0D6
:108600000298D0F8D41200EB8100D0F8C402C8B1AF
:10861000FFE7019890F80002FF2813D0FFE70298C7
:10862000D0F8D41200EB8100D0F8C402836801991D
:1086300091F8000291F8012298470199FF2081F8F2
:108640000002FFE700208DF80F00FFE79DF80F0004
:1086500004B080BD81B0009000990A20088040F2EB
:10866000A000C2F2000001B07047000080B586B0E3
:10867000059040F25C00C2F200000190822100F0FF
:108680005BFE014601980491012100F055FE014670
:1086900001980391812100F04FFE0290049820B1CF
:1086A000FFE7049910208871FFE7039820B1FFE7E6
:1086B000039940208880FFE7029820B1FFE70299E4
:1086C00040208880FFE705994320088040F25C0045
:1086D000C2F2000006B080BD80B586B0059040F2C1
:1086E0005C00C2F200000190822100F025FE0146EC
:1086F00001980491012100F01FFE014601980391A9
:10870000812100F019FE0290049820B1FFE704993E
:1087100010208871FFE7039828B1FFE703994FF411
:1087200000708880FFE7029828B1FFE702994FF4B4
:1087300000708880FFE705994320088040F25C00C4
:10874000C2F2000006B080BD80B586B0059040F250
:108750005C00C2F200000190822100F0EDFD0146B4
:1087600001980491012100F0E7FD01460198039171
:10877000812100F0E1FD0290049820B1FFE7049907
:1087800010208871FFE7039820B1FFE7039940208C
:108790008880FFE7029820B1FFE702994020888097
:1087A000FFE705994320088040F25C00C2F2000018
:1087B00006B080BD80B590B00E908DF837104FF4A4
:1087C000077002F03DF80C900C9860B9FFE70E9826
:1087D000D0F8D41200EB81010020C1F8C0020220C1
:1087E0008DF83F00F3E00C984FF40771F7F7FBFDAD
:1087F0000C980E99D1F8D42201EB8201C1F8C00285
:108800000E99D1F8D40201EB8000D0F8C002C1F873
:10881000BC020E98007C002841D1FFE70E9840F280
:108820000101C2F2000107910978022208924FF477
:108830000073099301F0D4F90799089A099B0E98DF
:10884000097801F00F0101EB810100EB81010120AA
:108850000B9081F823000E9840F20201C2F2000151
:108860000A91097801F0BCF90A9A0B980E991278CE
:1088700002F00F0202EB820201EB820181F8630138
:108880000E9840F20001C2F20001097801F00F01D8
:1088900001EB810100EB81011020C8613FE00E98DF
:1088A00040F20101C2F20001029109780222039212
:1088B0004023049301F094F90299039A049B0E98C3
:1088C000097801F00F0101EB810100EB810101202A
:1088D000069081F823000E9840F20201C2F20001D6
:1088E0000591097801F07CF9059A06980E9912789D
:1088F00002F00F0202EB820201EB820181F86301B8
:108900000E9840F20001C2F20001097801F00F0157
:1089100001EB810100EB81011020C861FFE70E9897
:1089200040F20001C2F200010091097803220823FD
:1089300001F056F900990E98097801F00F0101EB4A
:10894000810100EB8101012081F823000C990020B6
:108950000190C1F804020E98D0F8D41200EB810007
:10896000D0F8C4020068804701980C99C1F814023D
:108970000C99C1F818020C98D0F8040220B9FFE74E
:1089800002208DF83F0022E00E98007C70B9FFE7CE
:108990000E9840F20201C2F2000109780C9AD2F856
:1089A00004224FF4007301F041F90CE00E9840F2FC
:1089B0000201C2F2000109780C9AD2F80422402385
:1089C00001F034F9FFE700208DF83F00FFE79DF844
:1089D0003F0010B080BD000080B584B002900298C6
:1089E000D0F8D41200EB8100D0F8C00201900298B8
:1089F000D0F8D41200EB8100D0F8C00220B9FFE714
:108A000003208DF80F0022E00298007C70B9FFE788
:108A1000029840F20201C2F200010978019AD2F8EC
:108A200004224FF4007301F001F90CE0029840F2C7
:108A30000201C2F200010978019AD2F8042240230F
:108A400001F0F4F8FFE700208DF80F00FFE79DF834
:108A50000F0004B080BD000083B001900091009829
:108A600020B9FFE703208DF80B000BE00098019977
:108A7000D1F8D42201EB8201C1F8C40200208DF8A4
:108A80000B00FFE79DF80B0003B0704784B0029025
:108A900001910298D0F8D41200EB8100D0F8C00206
:108AA0000090009820B9FFE703208DF80F0007E041
:108AB00001980099C1F8040200208DF80F00FFE72B
:108AC0009DF80F0004B0704785B0039002910192A9
:108AD0000398D0F8D41200EB8100D0F8C0020090C7
:108AE000009820B9FFE703208DF813000BE00298EF
:108AF0000099C1F8080201980099C1F810020020FD
:108B00008DF81300FFE79DF8130005B070470000D3
:108B100080B58AB0089007910898D0F8D41200EB7D
:108B20008100D0F8C002069000208DF81500ADF845
:108B300012008DF81100069820B9FFE703208DF888
:108B40002700C7E00798007800F060000146039115
:108B500000285ED0FFE70398202840F0AE80FFE7B2
:108B60000798C088002846D0FFE7079800780006DD
:108B7000002823D5FFE70898D0F8D41200EB810035
:108B8000D0F8C4028368079A50780699D28898472B
:108B90000798C088082803D3FFE70720029003E066
:108BA0000798C0880290FFE70298ADF81600089871
:108BB0000699BDF8162000F03BF91BE007984078B5
:108BC000069981F800020798C0883F2804D8FFE77B
:108BD0000798C088019002E040200190FFE70198CB
:108BE000069981F801020898069991F8012200F08F
:108BF000EDF8FFE70CE00898D0F8D41200EB810004
:108C0000D0F8C40283680799487800229847FFE7A4
:108C10005BE007984078014600910B2844D8009902
:108C2000DFE801F0064142424242424242421C32E7
:108C3000089890F89C02032807D1FFE708980DF1E7
:108C40001201022200F0F4F807E00898079900F0FA
:108C5000AFF803208DF81100FFE72DE0089890F899
:108C60009C02032807D1FFE708980DF115010122A6
:108C700000F0DEF807E00898079900F099F8032063
:108C80008DF81100FFE717E0089890F89C02032880
:108C900008D0FFE70898079900F08AF803208DF8BC
:108CA0001100FFE708E007E00898079900F080F856
:108CB00003208DF81100FFE707E00898079900F0FE
:108CC00077F803208DF81100FFE79DF811008DF86B
:108CD0002700FFE79DF827000AB080BD80B582B06D
:108CE00001908DF8031000208DF802000198D0F853
:108CF000B8124A689DF80310904720B1FFE703209F
:108D00008DF80200FFE79DF8020002B080BD000070
:108D100080B582B001900091019890F89C020138D2
:108D200002280ED8FFE700984088012808D1FFE705
:108D300001990020C1F8A402019800F095F8FFE71E
:108D400004E00198009900F033F8FFE702B080BD1D
:108D500082B001908DF80310002002B0704700002F
:108D600082B001908DF80310002002B0704700001F
:108D700080B584B00390029101920398029A019BFE
:108D80000021009100F052FF009804B080BD000067
:108D900080B584B00390029101920398029A019BDE
:108DA0000021009101F0A8F8009804B080BD0000F7
:108DB00080B582B0019000910198802101F04EF8B9
:108DC0000198002101F04AF802B080BD80B584B05E
:108DD00003900291019203990320C1F89402019833
:108DE0000399C1F8540102980399C1F864010198EC
:108DF0000399C1F858010398029A019B0021009140
:108E000000F014FF009804B080BD000080B582B06F
:108E1000019001990520C1F8940201980023009364
:108E200019461A4600F002FF009802B080BD00000B
:108E300080B584B003900291019203990220C1F899
:108E40009402019803994861029803994862019835
:108E5000039988610398029A019B0021009101F017
:108E60004BF8009804B080BD80B582B001900199A4
:108E70000420C1F8940201980023009319461A4671
:108E800001F03AF8009802B080BD000080B582B0D1
:108E90008DF8070000919DF8070060B9FFE7009A80
:108EA0004EF2AC10C0F6000041F6CC31C2F2000127
:108EB00000F0DEFA0BE0009A4EF2AC10C0F60000B3
:108EC00041F6CC31C2F2000100F0D2FAFFE741F6E0
:108ED000CC30C2F2000002B080BD000082B08DF83C
:108EE0000700009100991220088040F2AC00C2F205
:108EF000000002B07047000080B582B08DF8070016
:108F000000919DF8070060B9FFE7009A4EF29E10AD
:108F1000C0F6000041F6CC31C2F2000100F0A8FA20
:108F20000BE0009A4EF29E10C0F6000041F6CC31E4
:108F3000C2F2000100F09CFAFFE741F6CC30C2F229
:108F4000000002B080BD000082B08DF807000091E3
:108F500000990420088040F2D400C2F2000002B060
:108F60007047000080B584B08DF80F000291029A1E
:108F70004EF2B710C0F6000041F6CC31C2F200014B
:108F8000019100F075FA019804B080BD80B582B0FF
:108F90008DF8070000919DF8070060B9FFE7009A7F
:108FA0004EF2CA10C0F6000041F6CC31C2F2000108
:108FB00000F05EFA0BE0009A4EF2CA10C0F6000014
:108FC00041F6CC31C2F2000100F052FAFFE741F65F
:108FD000CC30C2F2000002B080BD000080B582B08B
:108FE0008DF80700009100991A200880F7F7D4FC4B
:108FF00040F2D800C2F2000002B080BD80B584B05B
:10900000039002910298C088012805D0FFE70398D9
:109010000299FFF7CDFE21E0039890F89C12481EBC
:109020000191022804D3FFE7019803280AD00FE03A
:10903000039900208860039800F108010122FFF7DE
:10904000F7FE0AE00398011D0122FFF7F1FE04E09C
:1090500003980299FFF7ACFEFFE7FFE704B080BD7D
:1090600080B588B0079006910020ADF816000490F6
:109070008DF80F000698C078013801460291062845
:1090800000F21E810299DFE811F0070011002E00A6
:109090001B011B01E80000010798D0F8B4120A6810
:1090A000007C0DF116019047049013E10798007CB5
:1090B00060B9FFE70798D0F8B802816A0DF1160091
:1090C000884704900499022048700BE00798D0F874
:1090D000B802C16A0DF11600884704900499022075
:1090E0004870FFE7F6E00698807801460191052870
:1090F00000F2A8800199DFE801F0031E39546F8A5D
:109100000798D0F8B402406850B1FFE70798D0F84C
:10911000B4124A68007C0DF116019047049009E0F2
:1091200007980699FFF744FE9DF80F0001308DF86F
:109130000F00FFE790E00798D0F8B402806850B1C4
:10914000FFE70798D0F8B4128A68007C0DF1160189
:109150009047049009E007980699FFF729FE9DF8CB
:109160000F0001308DF80F00FFE775E00798D0F889
:10917000B402C06850B1FFE70798D0F8B412CA68CB
:10918000007C0DF116019047049009E007980699BC
:10919000FFF70EFE9DF80F0001308DF80F00FFE77E
:1091A0005AE00798D0F8B402006950B1FFE7079879
:1091B000D0F8B4120A69007C0DF1160190470490B2
:1091C00009E007980699FFF7F3FD9DF80F000130BD
:1091D0008DF80F00FFE73FE00798D0F8B402406930
:1091E00050B1FFE70798D0F8B4124A69007C0DF13E
:1091F00016019047049009E007980699FFF7D8FDFB
:109200009DF80F0001308DF80F00FFE724E007986C
:10921000D0F8B402806950B1FFE70798D0F8B412D3
:109220008A69007C0DF116019047049009E00798C7
:109230000699FFF7BDFD9DF80F0001308DF80F0076
:10924000FFE709E007980699FFF7B2FD9DF80F00C8
:1092500001308DF80F00FFE73CE00798007C48B92B
:10926000FFE70798D0F8B802416B0DF11600884768
:10927000049009E007980699FFF79AFD9DF80F0002
:1092800001308DF80F00FFE724E00798007C60B9FB
:10929000FFE70798D0F8B802016B0DF11600884778
:1092A000049004990720487009E007980699FFF791
:1092B0007FFD9DF80F0001308DF80F00FFE709E0FA
:1092C00007980699FFF774FD9DF80F0001308DF89F
:1092D0000F00FFE79DF80F0008B1FFE72AE00698AE
:1092E000C08818B3FFE7BDF81600C8B1FFE7BDF8A6
:1092F00016000699C988884204DAFFE7BDF816000F
:10930000009003E00698C0880090FFE70098ADF851
:10931000160007980499BDF81620FFF789FD04E0B0
:1093200007980699FFF744FDFFE703E00798FFF76A
:109330009BFDFFE708B080BD80B586B005908DF835
:10934000131005980390059802900020019002994F
:1093500048880978884227DDFFE702980078ADF851
:109360000200FFE7BDF802000299498888421ADA34
:10937000FFE703980DF1020100F034F80390039821
:10938000407805280ED1FFE7039801900198807876
:109390009DF81310884201D1FFE704E000200190FE
:1093A000FFE7FFE7DEE7FFE7019806B080BD0000BA
:1093B00083B0029000208DF8070002980090FFE72C
:1093C0000098007848B1FFE79DF8070001308DF85C
:1093D0000700009801300090F2E79DF8070003B005
:1093E0007047000083B002900191029800900098AD
:1093F0000278019908881044088002980099097839
:1094000008440090009803B07047000080B582B017
:1094100001900091019890F89C02013802281FD811
:10942000FFE70098C088022805D0FFE7019800995F
:10943000FFF7BEFC19E001990120C8600198D0F83F
:10944000A40230B1FFE70199C86840F00200C8608B
:10945000FFE7019800F10C010222FFF7E9FC04E0AC
:1094600001980099FFF7A4FCFFE702B080BD00005F
:1094700080B586B005900491039200208DF80B0012
:10948000059808B9FFE74FE0059801900198FFF7AC
:109490008FFF0146022000EB4100B0F5007F04D9A8
:1094A000FFE74FF40070009008E00198FFF780FF9D
:1094B0000146022000EB41000090FFE7009803996D
:1094C00008800398007804999DF80B2088549DF833
:1094D0000B0001308DF80B0004999DF80B20032040
:1094E00088549DF80B0001308DF80B00FFE70198C0
:1094F0000078C8B1FFE70198007804999DF80B2027
:1095000088540198013001909DF80B0001308DF8CE
:109510000B0004999DF80B20002088549DF80B0047
:1095200001308DF80B00E2E706B080BD82B08DF807
:10953000070000208DF806009DF807000146009105
:10954000032814D80099DFE801F002060A0E002073
:109550008DF806000FE003208DF806000BE00120D7
:109560008DF8060007E003208DF8060003E00320D5
:109570008DF80600FFE79DF8060002B07047000076
:1095800080B584B0029001918DF80320029820B933
:10959000FFE703208DF80F0023E002990020C1F8B7
:1095A000B8020299C1F8C4020299C1F8D002019828
:1095B00028B1FFE701980299C1F8B402FFE70299C8
:1095C000012081F89C029DF803000299087002981E
:1095D00000F028FA8DF802009DF802008DF80F00C7
:1095E000FFE79DF80F0004B080BD000080B582B099
:1095F00001908DF8031000208DF802008DF8010015
:109600000198D0F8C8029DF80310F9F7B9FA8DF85F
:1096100002009DF80200FFF789FF8DF801009DF818
:10962000010002B080BD000080B582B001908DF8CD
:10963000031000208DF802008DF801000198D0F889
:10964000C8029DF80310F9F747FA8DF802009DF85B
:109650000200FFF76BFF8DF801009DF8010002B0DA
:1096600080BD000080B588B006908DF81710049278
:109670009DF81700002879D1FFE706981430039071
:109680000698D0F89402022862D1FFE7039948684F
:109690008989884217D9FFE703998A894868801A1F
:1096A000486003998A8908691044086106980399FB
:1096B0004A680969FFF76CFB0698002319461A46A9
:1096C00000F0B4FA43E003998889496888421ED1C2
:1096D000FFE7039908688989884218D3FFE7039850
:1096E00000680699D1F89812884210D2FFE70698D0
:1096F000002201921146FFF74BFB019B0698C0F830
:109700009832069819461A4600F090FA1EE006981C
:1097100090F89C02032811D1FFE70698D0F8B80210
:10972000C06850B1FFE706990020C1F8D40206983E
:10973000D0F8B812C9688847FFE7FFE7069880218C
:1097400000F08CFB0698FFF761FBFFE7FFE7FFE700
:10975000069890F8A00240B1FFE7069800F05AFC86
:109760000699002081F8A002FFE740E006989DF8E6
:10977000171041F08001FFF7EBFA8DF80A009DF811
:109780000A00FF2832D0FFE79DF80A0070BBFFE710
:10979000069890F89C02032827D1FFE706989DF8C9
:1097A0000A1000EB8100D0F8B8024069E0B1FFE791
:1097B0009DF80A000699C1F8D40206989DF80A108F
:1097C00000EB8101D1F8B8124A699DF81710904753
:1097D0008DF80B009DF80B0028B1FFE79DF80B00FA
:1097E0008DF81F0007E0FFE7FFE7FFE7FFE7002036
:1097F0008DF81F00FFE79DF81F0008B080BD000036
:1098000080B58AB008908DF81F10069200208DF860
:1098100013009DF81F00002840F08780FFE708989C
:1098200000F5AA7005900898D0F8940203287BD11F
:10983000FFE7059948688989884222D9FFE7059999
:109840008A894868801A486005998A89086910449D
:10985000086108980290059948680A690392898905
:10986000884204D9FFE705984068019003E0059815
:1098700080890190FFE703990298019AFFF778FA2F
:1098800051E0089890F8AA0200F01F0001460091EC
:1098900040B1FFE70098012808D0FFE700980228B0
:1098A0000CD013E000208DF8120013E0089890F817
:1098B000AE12FFF755FA8DF812000BE0089890F8F9
:1098C000AE12FFF745FA8DF8120003E000208DF884
:1098D0001200FFE79DF8120008BBFFE7089890F818
:1098E0009C0203281AD1FFE708989DF8121000EB9C
:1098F0008100D0F8B802006978B1FFE79DF8120046
:109900000899C1F8D40208989DF8121000EB810163
:10991000D1F8B81209698847FFE7FFE7FFE7089821
:10992000FFF7A2FAFFE7FFE740E008989DF81F1055
:1099300001F07F01FFF70CFA8DF812009DF812007C
:10994000FF2832D0FFE79DF8120070BBFFE70898B0
:1099500090F89C0203281ED1FFE708989DF812108A
:1099600000EB8100D0F8B802806998B1FFE79DF85C
:1099700012000899C1F8D40208989DF8121000EB63
:109980008101D1F8B8128A699DF81F1090478DF8AF
:109990001300FFE7FFE79DF8130028B1FFE79DF8EC
:1099A00013008DF8270005E0FFE7FFE700208DF8A2
:1099B0002700FFE79DF827000AB080BD81B0009026
:1099C000002001B07047000080B582B001900020F7
:1099D0008DF803000199012081F89C020198D0F8CC
:1099E000B80268B1FFE70198D0F8B8124A68017967
:1099F000904720B1FFE703208DF80300FFE7FFE762
:109A00009DF8030002B080BD80B582B001908DF852
:109A100003100198D0F8C8029DF80310F9F714F963
:109A200002B080BD80B584B0039003980078A8BBD5
:109A3000FFE7039943F60840C2F200000290C0F825
:109A4000E0140399C1F8C8024FF0A041016004215D
:109A500001710222C2710021817142728172C17250
:109A600001738173C173F9F78FFE18B1FFE7F6F741
:109A70008FFFFFE743F60840C2F20000019080210B
:109A80000091F8F763FF019800214022F8F76AFF80
:109A9000009A01980121F8F765FFFFE7002004B064
:109AA00080BD000084B002908DF807100298D0F8B5
:109AB000C80200909DF80700000600280DD5FFE7BA
:109AC00000989DF8071001F07F0101EBC10100EB48
:109AD0008100807D8DF80F000DE000989DF8071043
:109AE00001F07F0101EBC10100EB810090F856020B
:109AF0008DF80F00FFE79DF80F0004B070470000DD
:109B000080B584B002908DF807100298D0F8D41276
:109B100000EB8100D0F8B80220B9FFE703208DF8F0
:109B20000F0020E0029890F89C02032817D1FFE76D
:109B30000298D0F8D41200EB8100D0F8B802006A85
:109B400060B1FFE70298D0F8D41200EB8101D1F8A0
:109B5000B8120A6A9DF807109047FFE7FFE7002058
:109B60008DF80F00FFE79DF80F0004B080BD0000E6
:109B700080B584B002908DF807100298D0F8D41206
:109B800000EB8100D0F8B80220B9FFE703208DF880
:109B90000F0020E0029890F89C02032817D1FFE7FD
:109BA0000298D0F8D41200EB8100D0F8B802406AD5
:109BB00060B1FFE70298D0F8D41200EB8101D1F830
:109BC000B8124A6A9DF807109047FFE7FFE70020A8
:109BD0008DF80F00FFE79DF80F0004B080BD000076
:109BE00080B584B003908DF80B108DF80A20ADF885
:109BF000083000208DF807008DF806000398D0F893
:109C0000C8029DF80B10BDF808209DF80A30F9F73E
:109C10002DF88DF807009DF80700FFF787FC8DF8F9
:109C200006009DF8060004B080BD000080B586B037
:109C300005908DF813100392029300208DF8070011
:109C40008DF806000598D0F8C8029DF81310039A05
:109C5000029BF9F783F88DF807009DF80700FFF7DE
:109C600065FC8DF806009DF8060006B080BD00007A
:109C700080B586B0059000208DF81300059A01216B
:109C800082F89C120599C1F89402059948600599DB
:109C9000C1F8A402059981F8A0020598D0F8B8028D
:109CA000A0B1FFE70598D0F8B802406868B1FFE7B7
:109CB0000598D0F8B8124A680179904720B1FFE7BB
:109CC00003208DF81300FFE7FFE7FFE70598002268
:109CD0000192402303931146FFF782FF019A039BF1
:109CE00005990120029081F863010598A0F8603180
:109CF00005988021FFF774FF02990398059A82F86E
:109D00002310059908849DF8130006B080BD00005B
:109D100081B00090009890F89C02042807D1FFE7DA
:109D2000009890F89D02009981F89C02FFE70020BE
:109D300001B0704780B582B00190019890F89C0204
:109D4000032813D1FFE70198D0F8B80268B1FFE704
:109D50000198D0F8B802C06930B1FFE70198D0F897
:109D6000B812C9698847FFE7FFE7FFE7002002B0A4
:109D700080BD000082B001908DF803109DF80300B3
:109D800001990874002002B07047000080B582B0CD
:109D900001908DF8031000208DF802008DF801006D
:109DA0000198D0F8C8029DF80310F9F7A5FE8DF8C8
:109DB00002009DF80200FFF7B9FB8DF801009DF845
:109DC000010002B080BD000080B584B00390029114
:109DD000039800F2AA20029900F0B0F8039901203C
:109DE000C1F894020399B1F8B002C1F8980203983F
:109DF00090F8AA0200F01F000146009140B1FFE771
:109E0000009801280CD0FFE70098022810D017E036
:109E1000039800F2AA2100F055FA8DF8070019E026
:109E2000039800F2AA2100F08DFC8DF8070011E0E4
:109E3000039800F2AA2100F0ABFA8DF8070009E0C0
:109E4000039890F8AA1201F0800100F007F88DF84D
:109E50000700FFE79DF8070004B080BD80B582B021
:109E600001908DF8031000208DF802008DF801009C
:109E70000198D0F8C8029DF80310F8F7A5FF8DF8F7
:109E800002009DF80200FFF751FB8DF801009DF8DC
:109E9000010002B080BD000080B582B001900020BA
:109EA0008DF803008DF802000198D0F8C802F9F788
:109EB0005DFE8DF803009DF80300FFF737FB8DF87A
:109EC00002009DF8020002B080BD000081B0009049
:109ED000009890F89C02042807D0FFE7009890F8BB
:109EE0009C02009981F89D02FFE70099042081F807
:109EF0009C02002001B0704780B586B005908DF8B7
:109F000013100392029300208DF807008DF80600CD
:109F10000598D0F8C8029DF81310039A029BF8F731
:109F2000C3FF8DF807009DF80700FFF7FFFA8DF8D3
:109F300006009DF8060006B080BD000080B584B024
:109F4000039002910298019001980078039908709B
:109F500001980130019001980078039948700198A8
:109F6000013001900198FDF7BFF8039948800198EE
:109F7000013001900198013001900198FDF7B4F88B
:109F80000399888001980130019001980130019077
:109F90000198FDF7A9F80399C88004B080BD0000BE
:109FA00080B584B0029001910020ADF802000198C4
:109FB00020B9FFE703208DF80F0026E001980299F1
:109FC000C1F8B8020298D0F8D41200EB8100D0F8A2
:109FD000B802C06A78B1FFE70298D0F8D41200EB5B
:109FE0008100D0F8B802C16A0DF1020088470299D9
:109FF000C1F8D002FFE70299D1F8D8020130C1F8C8
:10A00000D80200208DF80F00FFE79DF80F0004B084
:10A0100080BD000081B00090002001B070470000BA
:10A0200080B584B00390029102988088B8BBFFE7A6
:10A030000298C08898BBFFE7029840887F282ED8F6
:10A04000FFE70298807800F07F008DF80700039802
:10A0500090F89C02032805D1FFE703980299FEF7C8
:10A06000A7FE1BE09DF80700039981F89E02039864
:10A070009DF80710FFF78AFE0398FEF7F5FE9DF89E
:10A08000070028B1FFE70399022081F89C0204E051
:10A090000399012081F89C02FFE7FFE704E00398A1
:10A0A0000299FEF785FEFFE704B080BD80B582B05F
:10A0B00001908DF8031000208DF802000198D0F86F
:10A0C000B80250B1FFE70198D0F8B8120A689DF8BD
:10A0D000031090478DF80200FFE79DF8020002B0E0
:10A0E00080BD000080B586B00490039100208DF8FB
:10A0F0000B000398817841F6C830C2F2000001706D
:10A100000078022808D3FFE704980399FEF750FE71
:10A1100003208DF81700A0E0049890F89C020146F7
:10A120000191022804D0FFE7019803282FD07FE097
:10A1300041F6C830C2F20000007818B3FFE741F6DC
:10A14000C831C2F200010878049A50600498097876
:10A15000FFF7ACFF8DF80B009DF80B0048B1FFE74F
:10A1600004980399FEF724FE0499022081F89C02CA
:10A1700007E00498FEF778FE0499032081F89C021A
:10A18000FFE703E00498FEF76FFEFFE760E041F6AB
:10A19000C830C2F20000007898B9FFE704990220A5
:10A1A00081F89C0241F6C831C2F200010878049A95
:10A1B000506004980978FEF791FD0498FEF754FE6C
:10A1C00035E041F6C830C2F20000007804994968D1
:10A1D000884227D0FFE704980179FEF77FFD41F61A
:10A1E000C831C2F200010878049A506004980978D6
:10A1F000FFF75CFF8DF80B009DF80B0068B1FFE7DF
:10A2000004980399FEF7D4FD04980179FEF766FDE2
:10A210000499022081F89C0203E00498FEF724FED2
:10A22000FFE703E00498FEF71FFEFFE7FFE70FE0FC
:10A2300004980399FEF7BCFD049841F6C831C2F2B8
:10A2400000010978FEF74AFD03208DF80B00FFE7B7
:10A250009DF80B008DF81700FFE79DF8170006B07A
:10A2600080BD000080B582B00190009100984088C8
:10A27000012808D1FFE701990120C1F8A402019843
:10A28000FEF7F2FD13E000984088022809D1FFE7AD
:10A2900000984079019981F8A0020198FEF7E4FD49
:10A2A00004E001980099FEF783FDFFE7FFE702B0A5
:10A2B00080BD000080B582B001900198FFF7ECFDF1
:10A2C00002B080BD80B586B00590049100208DF865
:10A2D0000F000498007800F0600001460291A8B1D8
:10A2E000FFE70298202804D0FFE70298402846D1D3
:10A2F000FFE70598D0F8D41200EB8101D1F8B8122D
:10A300008A68049990478DF80F003DE004984078E2
:10A310000146019109282CD80199DFE801F01B259D
:10A320002A202A0A052A160F05980499FEF798FE96
:10A3300024E005980499FFF773FE1FE0059804993F
:10A34000FFF7D0FE8DF80F0018E005980499FEF78E
:10A3500055FE13E005980499FFF758F80EE00598AC
:10A360000499FFF77FFF09E005980499FEF7D0FCF8
:10A3700004E005980499FEF71BFDFFE704E005984B
:10A380000499FEF715FDFFE79DF80F0006B080BDAC
:10A3900080B58CB00B900A9100208DF821000A98AE
:10A3A00080888DF823000A98007800F0600001464C
:10A3B0000791B8B3FFE70798202805D0FFE7079873
:10A3C000402840F0B581FFE70B989DF82310FEF779
:10A3D000BFFC8DF822009DF82200FF2821D0FFE766
:10A3E0009DF82200E8B9FFE79DF822000B99C1F81B
:10A3F000D4020B989DF8221000EB8100D0F8B8022F
:10A40000806868B1FFE70B989DF8221000EB81018E
:10A41000D1F8B8128A680A9990478DF82100FFE7B1
:10A42000FFE78AE10A98407801460691002800F08B
:10A43000BD80FFE7069801284CD0FFE70698032867
:10A4400040F07081FFE70B9890F89C02014605915F
:10A45000022804D0FFE70598032819D034E09DF8BE
:10A46000230078B1FFE79DF8230080280AD0FFE79A
:10A470000B989DF82310FFF7F1FC0B988021FFF754
:10A48000EDFC04E00B980A99FEF792FCFFE720E050
:10A490000A984088A0B9FFE79DF8230078B1FFE74C
:10A4A0009DF8230080280AD0FFE70A98C08830B9B9
:10A4B000FFE70B989DF82310FFF7D0FCFFE7FFE7BD
:10A4C0000B98FEF7D1FC04E00B980A99FEF770FC9C
:10A4D000FFE72CE10B9890F89C02014604910228BA
:10A4E00004D0FFE70498032819D059E09DF8230011
:10A4F00078B1FFE79DF8230080280AD0FFE70B988A
:10A500009DF82310FFF7AAFC0B988021FFF7A6FC0B
:10A5100004E00B980A99FEF74BFCFFE745E00A9828
:10A520004088E0BBFFE79DF82300400630B1FFE71D
:10A530000B989DF82310FFF759F8FFE70B98FEF7EB
:10A5400093FC0B989DF82310FEF702FC8DF8220077
:10A550009DF82200FF2821D0FFE79DF82200E8B9EE
:10A56000FFE79DF822000B99C1F8D4020B989DF8E3
:10A57000221000EB8100D0F8B802806868B1FFE7D4
:10A580000B989DF8221000EB8101D1F8B8128A686F
:10A590000A9990478DF82100FFE7FFE7FFE704E005
:10A5A0000B980A99FEF704FCFFE7C0E00B9890F8BF
:10A5B0009C0201460391022804D0FFE70398032878
:10A5C00039D0A9E09DF8230050B1FFE79DF82300A2
:10A5D000802805D0FFE70B980A99FEF7E9FBA0E079
:10A5E0009DF82300000600280CD5FFE70B989DF886
:10A5F000231001F07F0101EB810100EB8100143099
:10A6000002900CE00B989DF8231001F07F0101EB04
:10A61000810100EB810000F5AA700290FFE702982B
:10A6200009900999002088730B9809990E3102222C
:10A63000FEF7FEFB75E09DF823000006002813D509
:10A64000FFE70B989DF8231001F00F0101EB81014A
:10A6500000EB810090F8230028B9FFE70B980A99D6
:10A66000FEF7A6FB5DE012E00B989DF8231001F0C9
:10A670000F0101EB810100EB810090F8630128B923
:10A68000FFE70B980A99FEF793FB4AE0FFE79DF876
:10A690002300000600280CD5FFE70B989DF8231037
:10A6A00001F07F0101EB810100EB8100143001908A
:10A6B0000CE00B989DF8231001F07F0101EB810164
:10A6C00000EB810000F5AA700190FFE70198099066
:10A6D0009DF8230028B1FFE79DF82300802804D1CE
:10A6E000FFE70999002088730FE00B989DF823106D
:10A6F000FFF7D8F920B1FFE709990120887303E03B
:10A70000099900208873FFE7FFE70B9809990E313C
:10A710000222FEF78DFB04E00B980A99FEF748FB36
:10A72000FFE704E00B980A99FEF742FBFFE704E01D
:10A730000B980A99FEF73CFBFFE79DF821000CB04F
:10A7400080BD000080B584B00390029100208DF898
:10A7500007000298007800F060000146009140B1C7
:10A76000FFE70098202804D0FFE7009840285AD13E
:10A77000FFE7039890F89C02013802284DD8FFE7C4
:10A7800002980079012842D8FFE7039802990979D5
:10A79000FEF7E6FA8DF806009DF80600FF2825D0A2
:10A7A000FFE79DF8060008BBFFE703989DF8061039
:10A7B00000EB8100D0F8B802806890B1FFE79DF807
:10A7C00006000399C1F8D40203989DF8061000EB27
:10A7D0008101D1F8B8128A68029990478DF8070074
:10A7E00003E003208DF80700FFE703E003208DF866
:10A7F0000700FFE70298C08840B9FFE79DF807000F
:10A8000020B9FFE70398FEF72FFBFFE704E003986A
:10A810000299FEF7CDFAFFE704E003980299FEF7EC
:10A82000C7FAFFE704E003980299FEF7C1FAFFE7D1
:10A830009DF8070004B080BD81B0009001B0704762
:10A8400081B0009041F6CC50C2F2000001B07047D8
:10A8500084B00390029103980190029800780090D0
:10A8600002984078012830D1FFE70298007800F084
:10A870000F01012000FA01F20199D1F81C081043E0
:10A88000C1F81C080198009900EB4110D0F80009AC
:10A890000004002818D4FFE7029988686FF3DF20CE
:10A8A000097940EA8140009A40EA8250019901EB1F
:10A8B0004211D1F80029104348F20002C1F200020F
:10A8C0001043C1F80009FFE72EE00298007800F07D
:10A8D0000F01012000FA01F20199D1F81C0840EAA9
:10A8E0000240C1F81C080198009900EB4110D0F813
:10A8F000000B0004002816D4FFE7029988686FF364
:10A90000DF20097940EA81400199009A01EB421168
:10A91000D1F8002B104348F20002C1F200021043AC
:10A92000C1F8000BFFE7FFE7002004B0704700000C
:10A9300082B00190019800900099D1F8000940F28E
:10A94000FF729043C1F800090099D1F8040840F45F
:10A950008070C1F80408002002B0704780B58AB04A
:10A96000DDF830C0CDF814C00493039202919DF835
:10A9700014108DF824100299039A049B08930792EF
:10A98000069101909DF81D00012823D1FFE7019950
:10A99000886B20F4803088630199C8684FF6BF72D5
:10A9A000CFF6BD721040C8600199C86820F440100D
:10A9B000C8609DF82400012806D1FFE70199C86806
:10A9C00040F48010C860FFE7019800F033F88DF87C
:10A9D00003001AE00199C86840F04000C86001987F
:10A9E00000F028F88DF803009DF8210030B9FFE74A
:10A9F0000199886B40F48030886305E00199886B89
:10AA000020F480308863FFE7FFE79DF81A000128F3
:10AA10000BD1FFE70199886840F006008860019932
:10AA2000886840F020008860FFE79DF803000AB0C6
:10AA300080BD000083B0019000200090FFE70098E7
:10AA4000013000900098B0F1706F04D9FFE7032047
:10AA50008DF80B002DE0FFE701980069C00F00287A
:10AA6000EDD0FFE70A200090FFE7009820B1FFE754
:10AA7000009801380090F8E70199086940F001005A
:10AA80000861FFE70098013000900098B0F1706F06
:10AA900004D9FFE703208DF80B000AE0FFE70198D7
:10AAA0000069C0070028EDD1FFE700208DF80B00FA
:10AAB000FFE79DF80B0003B07047000084B00390DF
:10AAC00002910398019002980078009002984078D3
:10AAD000012845D1FFE70198009900EB4110D0F81B
:10AAE0000009C00FA8B1FFE70198009900EB4111E0
:10AAF000D1F8000940F00060C1F800090198009900
:10AB000000EB4111D1F8000940F08040C1F8000984
:10AB1000FFE70298007800F00F01012000FA01F32E
:10AB2000019AD2F83C189943C2F83C180299097866
:10AB300001F00F0100FA01F20199D1F81C089043CD
:10AB4000C1F81C080198009900EB4111D1F80009E7
:10AB500047F60002CEF633421040C1F8000946E045
:10AB60000198009900EB4110D0F8000BC00FA8B17C
:10AB7000FFE70198009900EB4111D1F8000B40F07C
:10AB80000060C1F8000B0198009900EB4111D1F869
:10AB9000000B40F08040C1F8000BFFE702980078FE
:10ABA00000F00F01012000FA01F3019AD2F83C18DD
:10ABB00021EA0341C2F83C180299097801F00F011B
:10ABC00000FA01F20199D1F81C0820EA0240C1F80C
:10ABD0001C080198009900EB4111D1F8000B47F6D1
:10ABE0000002CEF6F3721040C1F8000BFFE7002020
:10ABF00004B0704782B00190019800900099D1F89C
:10AC0000000E20F00300C1F8000E0099D1F80408EE
:10AC100020F00200C1F80408002002B070470000D4
:10AC200082B00190019800900099D1F8000E20F0B8
:10AC30000300C1F8000E0099D1F8040840F00200AA
:10AC4000C1F80408002002B07047000080B58CB045
:10AC5000DDF838C0CDF81CC00693059204919DF82C
:10AC60001C108DF82C100499059A069B0A930992E2
:10AC70000891039000208DF80B000399019100903A
:10AC8000FFE700980E280CD8FFE70398009900EB27
:10AC900081010020C1F80401FFE700980130009015
:10ACA000EFE79DF82A00B8B9FFE70199D1F8040849
:10ACB00040F00200C1F804080399886B40F40010CA
:10ACC00088630399886B20F4002088630399886B5C
:10ACD00020F4802088630AE00399886B20F4001038
:10ACE00088630399886B40F400208863FFE701992B
:10ACF0000020C1F8000E9DF8250001280FD1FFE7C4
:10AD00009DF8230028B9FFE70398002100F07CFE9E
:10AD100004E00398012100F077FEFFE704E00398C8
:10AD2000032100F071FEFFE70398102100F0A8FC5A
:10AD300020B1FFE701208DF80B00FFE7039800F03A
:10AD400065FC20B1FFE701208DF80B00FFE70199BA
:10AD50000020C1F810080199C1F814080199C1F840
:10AD60001C080090FFE700989DF8201088423BD215
:10AD7000FFE70198009900EB4110D0F80009C00FDF
:10AD8000B0B1FFE7009848B9FFE70198009900EBE0
:10AD900041114FF00060C1F8000908E001980099E6
:10ADA00000EB41114FF09040C1F80009FFE707E0C8
:10ADB0000198009900EB41110020C1F80009FFE75C
:10ADC0000198009900EB41110020C1F81009019889
:10ADD000009900EB41114FF67F30C1F80809FFE7F9
:10ADE000009801300090BEE700200090FFE7009837
:10ADF0009DF8201088423BD2FFE70198009900EBB4
:10AE00004110D0F8000BC00FB0B1FFE7009848B96F
:10AE1000FFE70198009900EB41114FF00060C1F885
:10AE2000000B08E00198009900EB41114FF09040B1
:10AE3000C1F8000BFFE707E00198009900EB411112
:10AE40000020C1F8000BFFE70198009900EB4111C9
:10AE50000020C1F8100B0198009900EB41114FF64A
:10AE60007F30C1F8080BFFE7009801300090BEE783
:10AE70000199D1F8100820F48070C1F810080399E6
:10AE80000020886103996FF0804048619DF822009E
:10AE900030B9FFE70399886940F010008861FFE747
:10AEA0000399886943F60002C8F23C0210438861A6
:10AEB0009DF8260030B1FFE70399886940F008004B
:10AEC0008861FFE79DF82A00012808D1FFE7039970
:10AED00088690422C4F2000210438861FFE79DF8EC
:10AEE0000B000CB080BD000081B000900099886814
:10AEF00020F001008860002001B0704786B0049007
:10AF00008DF80F100292049801900498006C009044
:10AF1000009843F20B01C4F6547188420BD3FFE74B
:10AF20000198D0F8000BC00F20B1FFE700208DF88A
:10AF300017002EE0FFE701990020C1F8100B0199DE
:10AF4000D1F8100B40F40020C1F8100B0199D1F892
:10AF5000100B40F01800C1F8100B0199D1F8100B3C
:10AF600040F0C040C1F8100B9DF80F0001280CD133
:10AF7000FFE702980199C1F8140B0199D1F8000B71
:10AF800040F08020C1F8000BFFE700208DF817008B
:10AF9000FFE79DF8170006B07047000084B00390EB
:10AFA00002910398019002980078009002984078EE
:10AFB000012820D1FFE70198009900EB4111D1F859
:10AFC000000920F40010C1F8000902980079032854
:10AFD00005D0FFE70298007902280BD1FFE701981E
:10AFE000009900EB4111D1F8000940F08050C1F800
:10AFF0000009FFE71FE00198009900EB4111D1F82B
:10B00000000B20F40010C1F8000B0298007903280F
:10B0100005D0FFE70298007902280BD1FFE70198DD
:10B02000009900EB4111D1F8000B40F08050C1F8BD
:10B03000000BFFE7FFE7002004B0704784B00390E7
:10B04000029103980190029800780090029840784D
:10B05000012822D1FFE70198009900EB4110D0F8B8
:10B060000009C00F70B9FFE7009858B1FFE70198D9
:10B07000009900EB4111D1F8000920F08040C1F89F
:10B080000009FFE70198009900EB4111D1F8000990
:10B0900040F40010C1F8000921E00198009900EB8C
:10B0A0004110D0F8000BC00F70B9FFE7009858B1FD
:10B0B000FFE70198009900EB4111D1F8000B20F057
:10B0C0008040C1F8000BFFE70198009900EB4111A7
:10B0D000D1F8000B40F40010C1F8000BFFE700208E
:10B0E00004B0704780B588B0079006918DF817209E
:10B0F00007980490069800780390069840780128F5
:10B1000040F02481FFE706980069F8B9FFE704984A
:10B11000039900EB4111D1F810096FF3DC40C1F83D
:10B1200010090498039900EB4111D1F8100940F47B
:10B130000020C1F810090498039900EB4111D1F8DF
:10B1400010096FF31200C1F8100971E00498039917
:10B1500000EB4111D1F810096FF31200C1F810098A
:10B160000498039900EB4111D1F810096FF3DC400A
:10B17000C1F810090398A8B9FFE70698816800692B
:10B18000884204D9FFE7069988680861FFE70498B8
:10B19000039900EB4111D1F8100940F40020C1F8E7
:10B1A000100937E006988168006908440138B0FB4F
:10B1B000F1F0ADF80A00BDF80A100020C1F6F870F1
:10B1C00000EAC1420498039900EB4111D1F810093B
:10B1D0001043C1F8100906980079012819D1FFE73A
:10B1E0000498039900EB4111D1F8100920F0C040F8
:10B1F000C1F81009BDF80A0000F003020498039991
:10B2000000EB4111D1F8100940EA4270C1F8100971
:10B21000FFE7FFE7069802696FF3DF42049803999E
:10B2200000EB4111D1F810091043C1F81009FFE7F4
:10B230009DF8170001283BD1FFE70698C06948B187
:10B24000FFE70698C0690499039A01EB4211C1F81F
:10B250001409FFE70698007901281ED1FFE704983A
:10B26000D0F80808C00500280BD4FFE7049803991C
:10B2700000EB4111D1F8000940F00050C1F800097D
:10B280000AE00498039900EB4111D1F8000940F05D
:10B290008050C1F80009FFE7FFE70498039900EB2D
:10B2A0004111D1F8000940F00440C1F800094CE018
:10B2B0000498039900EB4111D1F8000940F00440D3
:10B2C000C1F8000906980079012813D0FFE7069815
:10B2D000006970B1FFE70698007800F00F010120C7
:10B2E00000FA01F20499D1F834081043C1F8340887
:10B2F000FFE729E00498D0F80808C00500280BD41F
:10B30000FFE70498039900EB4111D1F8000940F0E0
:10B310000050C1F800090AE00498039900EB4111BC
:10B32000D1F8000940F08050C1F80009FFE7079804
:10B33000069BD9681A781B8A9DF817C0EE46CEF88E
:10B3400000C000F051FCFFE7FFE7C4E00498039958
:10B3500000EB4111D1F8100B6FF31200C1F8100B84
:10B360000498039900EB4111D1F8100B6FF3DC4006
:10B37000C1F8100B039818BBFFE70698006920B1CD
:10B38000FFE7069988680861FFE706998868086200
:10B390000698026A6FF3DF420498039900EB4111AB
:10B3A000D1F8100B1043C1F8100B0498039900EB6F
:10B3B0004111D1F8100B40F40020C1F8100B49E006
:10B3C00006980069C0B9FFE7069882686FF3DF420C
:10B3D0000498039900EB4111D1F8100B1043C1F808
:10B3E000100B0498039900EB4111D1F8100B40F4B5
:10B3F0000020C1F8100B2CE0069881680069084411
:10B400000138B0FBF1F0ADF80A0006998868BDF884
:10B410000A2050430862BDF80A100020C1F6F870F7
:10B4200000EAC1420498039900EB4111D1F8100BD6
:10B430001043C1F8100B0698026A6FF3DF420498BC
:10B44000039900EB4111D1F8100B1043C1F8100B18
:10B45000FFE7FFE79DF8170001280ED1FFE70698E8
:10B46000C06848B1FFE70698C0680499039A01EBE9
:10B470004211C1F8140BFFE7FFE706980079012895
:10B480001ED1FFE70498D0F80808C00500280BD4A7
:10B49000FFE70498039900EB4111D1F8000B40F04D
:10B4A0000050C1F8000B0AE00498039900EB411129
:10B4B000D1F8000B40F08050C1F8000BFFE7FFE728
:10B4C0000498039900EB4111D1F8000B40F00440BF
:10B4D000C1F8000BFFE7002008B080BD85B00490E4
:10B4E0000391002002908DF80700049800900398C3
:10B4F000407801283ED1FFE700980399097800EBD6
:10B500004110D0F80009C00F98B3FFE700980399E5
:10B51000097800EB4111D1F8000940F00060C1F852
:10B52000000900980399097800EB4111D1F800094E
:10B5300040F08040C1F80009FFE702980130029016
:10B54000029842F21171884204D3FFE701208DF87E
:10B5500007000DE0FFE700980399097800EB411020
:10B56000D0F8000900F00040B0F1004FE5D0FFE74F
:10B57000FFE73DE000980399097800EB4110D0F80F
:10B58000000BC00F98B3FFE700980399097800EB10
:10B590004111D1F8000B40F00060C1F8000B009899
:10B5A0000399097800EB4111D1F8000B40F080407D
:10B5B000C1F8000BFFE7029801300290029842F2B6
:10B5C0001171884204D3FFE701208DF807000DE0D8
:10B5D000FFE700980399097800EB4110D0F8000BC1
:10B5E00000F00040B0F1004FE5D0FFE7FFE7FFE7D4
:10B5F0009DF8070005B0704781B0009000998868F9
:10B6000040F001008860002001B0704783B00190D5
:10B6100000200090FFE70098013000900098B0F102
:10B62000706F04D9FFE703208DF80B0024E0FFE7DB
:10B6300001980069C00F0028EDD0FFE700200090BE
:10B64000019910200861FFE70098013000900098F0
:10B65000B0F1706F04D9FFE703208DF80B000BE009
:10B66000FFE70198006900F010001028ECD0FFE718
:10B6700000208DF80B00FFE79DF80B0003B070472A
:10B6800084B00290019100200090FFE70098013003
:10B6900000900098B0F1706F04D9FFE703208DF897
:10B6A0000F0026E0FFE702980069C00F0028EDD0E8
:10B6B000FFE7002000900198800120300299086186
:10B6C000FFE70098013000900098B0F1706F04D946
:10B6D000FFE703208DF80F000BE0FFE702980069F9
:10B6E00000F020002028ECD0FFE700208DF80F00AC
:10B6F000FFE79DF80F0004B07047000084B003908E
:10B70000039802900298D0F8080800F00600009014
:10B71000009820B9FFE700208DF8070010E000989E
:10B72000022804D0FFE70098062804D1FFE7022092
:10B730008DF8070003E00F208DF80700FFE7FFE713
:10B740009DF8070004B0704781B0009000984069F0
:10B7500000F0010001B0704783B0029002980190A0
:10B760000198D0F8180800900198D0F81C1800989B
:10B7700008400090BDF8000003B0704783B002900D
:10B78000029801900198D0F8180800900198D0F81C
:10B790001C18009808400090BDF8020003B07047E4
:10B7A00086B005908DF81310059803900398D0F893
:10B7B000100801900398D0F83408009000989DF884
:10B7C000131001F00F01C84000F00101019840EA98
:10B7D000C110019003989DF8131000EB4110D0F8B0
:10B7E0000809019908400290029806B070470000CD
:10B7F00084B003908DF80B100398019001989DF888
:10B800000B1000EB4110D0F8080B00900198D0F815
:10B810001418009808400090009804B07047000089
:10B8200082B0019001984069009001988169009868
:10B8300008400090009802B07047000089B008905E
:10B840000791ADF81A200898059007980490BDF864
:10B850001A0080080190BDF81A0000F00300ADF84E
:10B86000020000200290FFE702980199884217D257
:10B87000FFE705984FF480514058049908600498F8
:10B880000130049004980130049004980130049031
:10B89000049801300490FFE7029801300290E3E73A
:10B8A000BDF8020008B3FFE70020029005984FF4AE
:10B8B000805140580390FFE703989DF80810C90095
:10B8C000C840049908700298013002900498013031
:10B8D0000490BDF802000138ADF80200FFE7BDF8A2
:10B8E00002000028E8D1FFE7FFE7049809B070479D
:10B8F00080B586B004908DF80F1000200290049956
:10B90000C86820F0C040C8609DF80F00012823D10E
:10B91000FFE70499C86840F00050C860FFE70A20BC
:10B92000F6F702FB02980A300290FFE70498FFF74F
:10B930000BFF014600200129019007D0FFE7029983
:10B940000020C82938BF01200190FFE70198C007F7
:10B950000028E4D1FFE72AE09DF80F0010BBFFE7C5
:10B960000499C86840F08040C860FFE70A20F6F7F5
:10B97000DBFA02980A300290FFE70498FFF7E4FE32
:10B9800001460020009039B1FFE702990020C82944
:10B9900038BF01200090FFE70098C0070028E5D1DC
:10B9A000FFE703E001208DF817000CE0FFE70298A5
:10B9B000C82804D1FFE701208DF8170003E000201C
:10B9C0008DF81700FFE79DF8170006B080BD000056
:10B9D00083B002908DF80710029800900099D1F87A
:10B9E000000820F4FE60C1F800089DF8070000F090
:10B9F0007F020099D1F8000840EA0210C1F800085F
:10BA0000002003B07047000083B002908DF807104B
:10BA1000029800909DF807200099D1F80008104383
:10BA2000C1F80008002003B07047000084B0039004
:10BA300002918DF807209DF80700022840F0B88099
:10BA4000FFE702984AF6C041C0F2D80188420BD302
:10BA5000FFE702984EF2BF11C0F2E401884203D81A
:10BA6000FFE70F200090A2E002984EF2C011C0F252
:10BA7000E40188420BD3FFE7029842F2FF31C0F2A3
:10BA8000F401884203D8FFE70E2000908EE0029870
:10BA900042F20041C0F2F40188420BD3FFE7029862
:10BAA00047F27F31C0F20611884203D8FFE70D202C
:10BAB00000907AE0029847F28031C0F20611884285
:10BAC0000BD3FFE7029844F69F11C0F21A11884287
:10BAD00003D8FFE70C20009066E0029844F6A0111E
:10BAE000C0F21A1188420BD3FFE7029842F6FF41D9
:10BAF000C0F23111884203D8FFE70B20009052E0DA
:10BB0000029842F60051C0F2311188420BD3FFE790
:10BB100002984AF23F41C0F24C11884203D8FFE735
:10BB20000A2000903EE002984AF24041C0F24C11D7
:10BB300088420BD3FFE7029843F2FF51C0F26E1127
:10BB4000884203D8FFE7092000902AE0029843F2D8
:10BB50000061C0F26E1188420BD3FFE702984AF6EB
:10BB60001F31C0F2A611884203D8FFE708200090D9
:10BB700016E002984AF62031C0F2A61188420BD393
:10BB8000FFE7029844F2FF71C0F2E811884203D83F
:10BB9000FFE70720009002E006200090FFE7FFE7A4
:10BBA000FFE7FFE7FFE7FFE7FFE7FFE7FFE70AE061
:10BBB0009DF8070018B9FFE70920009002E009206E
:10BBC0000090FFE7FFE70399C86820F47050C86051
:10BBD000009800F00F020399C86840EA8220C8600C
:10BBE000002004B07047000080B588B084460A98F1
:10BBF000CDF81CC006918DF81720ADF814308DF8E3
:10BC0000130007980390069802909DF8130048BB14
:10BC1000FFE7BDF814000330800801900020009079
:10BC2000FFE70098019988421BD2FFE7029800685D
:10BC300003999DF8172001EB02314FF48052885090
:10BC4000029801300290029801300290029801306F
:10BC50000290029801300290FFE7009801300090B6
:10BC6000DFE7FFE7002008B080BD0000FFE7FEE748
:10BC700080B502F04FF880BD80B502F071F802F097
:10BC800095F802F09BF802F0B5F802F0BBF802F06C
:10BC9000C1F880BD83B002908DED010ACDED000AA0
:10BCA000029890ED000A9DED011AB4EE410AF1EE02
:10BCB00010FA04DAFFE70198029908600FE0029891
:10BCC00090ED000A9DED001AB4EE410AF1EE10FA73
:10BCD00004DDFFE7009802990860FFE7FFE703B083
:10BCE0007047000080B584B003900291ADF8062043
:10BCF00003980299BDF80620FAF7C0FA04B080BD97
:10BD000085B004908DF80F10049843F60401C2F238
:10BD1000000188425BD1FFE79DF80F000138014622
:10BD200001910A2852D80199DFE801F0060C131A94
:10BD300021272E353C42490040F26010C2F200003B
:10BD4000029043E040F26010C2F200000230029024
:10BD50003CE040F26010C2F200000430029035E096
:10BD600040F26010C2F20000063002902EE040F275
:10BD70005810C2F20000029028E040F25810C2F2BF
:10BD800000000230029021E040F25810C2F20000A0
:10BD9000043002901AE040F25810C2F2000006305F
:10BDA000029013E040F26810C2F2000002900DE031
:10BDB00040F26810C2F200000230029006E040F249
:10BDC0006810C2F2000004300290FFE763E00498BC
:10BDD00043F62C01C2F2000188425BD1FFE79DF8D7
:10BDE0000F000138014600910A2852D80099DFE877
:10BDF00001F0060C131A21272E353C42490040F26F
:10BE0000A410C2F20000029043E040F2A410C2F27B
:10BE10000000023002903CE040F2A410C2F20000A8
:10BE20000430029035E040F2A410C2F20000063067
:10BE300002902EE040F29C10C2F20000029028E036
:10BE400040F29C10C2F200000230029021E040F269
:10BE50009C10C2F20000043002901AE040F29C10E4
:10BE6000C2F200000630029013E040F2AC10C2F2C1
:10BE7000000002900DE040F2AC10C2F2000002306F
:10BE8000029006E040F2AC10C2F2000004300290D2
:10BE9000FFE7FFE7FFE7029805B0704780B582B083
:10BEA0000190ADF80210019940F2E010C2F20000DA
:10BEB00000F0F8FC40F29420C2F2000090F8590023
:10BEC000C00740B9FFE740F29421C2F2000101200F
:10BED00081F85900FFE702B080BD000080B582B054
:10BEE0000190ADF80210019940F2E010C2F200009A
:10BEF00000F0EEFC02B080BD80B588B040F2942026
:10BF0000C2F2000090F85900C007002845D0FFE7B2
:10BF100040F2E010C2F2000000F0F8FA01283CD133
:10BF2000FFE740F2E010C2F20000059000F0FAF9DD
:10BF30008DED030A43F20400C2F20000069001F006
:10BF4000CBF90698B0EE401A9DED030A20EE010AE7
:10BF500001F0D6F9059800F0EDF906988DED040A88
:10BF600001F0C4F90698B0EE401A9DED040A20EEE7
:10BF7000010A01F0CFF9059800F0E4F906988DED7B
:10BF8000070A01F05BF80698B0EE401A9DED070A2B
:10BF900020EE410A01F05CF815E043F20400C2F221
:10BFA000000001909FED130A8DED020A01F0A8F93F
:10BFB00001989DED020A01F0ADF901989DED020A8C
:10BFC00001F046F8FFE743F20400C2F2000000214E
:10BFD00001F0BEF940F29420C2F20000009001F09E
:10BFE00003FB009801F0D8FAFBF712FA00F0AEF864
:10BFF00008B080BD0000000084B003900291039857
:10C00000019002980090019840780099087001987A
:10C0100000780099487004B07047000080B58EB079
:10C020000D908DF833100B920A939DF83300C008E1
:10C030000590002006909DF833008007002818D551
:10C04000FFE7012007900B98C0F34F3000900B984A
:10C05000C0009DF8331001F0030140EA4100019057
:10C060000A98C0F34F3002900A98C000063003903F
:10C0700011E00020079000900B9949019DF83320B2
:10C0800002F0020241EA0211019102900A98400175
:10C0900010300390FFE79DF83300C0F38000049058
:10C0A0000E200990012008900D986946F4F778FD5C
:10C0B00018B1FFE7F4F76CFCFFE70EB080BD00009D
:10C0C00080B582B0019001980068A0F2012001467D
:10C0D0000091062837D80099DFE801F0040F1B27EC
:10C0E00035333400019800F11C0143F20400C2F220
:10C0F00000008C3000F064FE25E0019800F11C0186
:10C1000043F20400C2F2000000F5CC7000F058FECB
:10C1100019E0019800F11C0143F20400C2F2000092
:10C1200000F5297000F04CFE0DE0019800F11C01B3
:10C1300043F20400C2F2000000F56C7000F040FE13
:10C1400001E000E0FFE702B080BD000080B540F2F2
:10C150006830C2F20000011D44F2AC20C2F20000BF
:10C160001322FFF7BFFD80BD82B08DED010A9DED6A
:10C17000010AB5EE400AF1EE10FA05DDFFE79DED8C
:10C18000010A8DED000A06E09DED010AB1EE400ABC
:10C190008DED000AFFE79DED000A02B07047000038
:10C1A00080B584B003900291ADF806200398006832
:10C1B00041F20001C4F20101884215D1FFE7039862
:10C1C00040F26831C2F2000108600298C1F80C0424
:10C1D000BDF80600A1F804040398B1F8042401F5A1
:10C1E0000171F9F731FA9AE00398006844F20041CE
:10C1F000C4F20001884215D1FFE7039840F278713C
:10C20000C2F2000108600298C1F80C04BDF80600F3
:10C21000A1F804040398B1F8042401F50171F9F7B9
:10C2200013FA7BE00398006844F60001C4F20001B1
:10C23000884215D1FFE7039840F68831C2F2000129
:10C2400008600298C1F80C04BDF80600A1F80404C7
:10C250000398B1F8042401F50171F9F7F5F95CE0F0
:10C260000398006844F60041C4F20001884215D1E9
:10C27000FFE7039840F69871C2F200010860029847
:10C28000C1F80C04BDF80600A1F804040398B1F845
:10C29000042401F50171F9F7D7F93DE0039800682E
:10C2A00045F20001C4F20001884215D1FFE703986E
:10C2B00041F2A831C2F2000108600298C1F80C04F2
:10C2C000BDF80600A1F804040398B1F8042401F5B0
:10C2D0000171F9F7B9F91EE00398006841F20041D5
:10C2E000C4F20101884215D1FFE7039841F2B87109
:10C2F000C2F2000108600298C1F80C04BDF8060003
:10C30000A1F804040398B1F8042401F50171F9F7C8
:10C310009BF9FFE7FFE7FFE7FFE7FFE7FFE704B071
:10C3200080BD000081B00090009890ED200A01B01F
:10C330007047000081B00090009890ED210A01B094
:10C340007047000081B00090009890ED1E0A01B087
:10C350007047000087B0069005918DF813208DF886
:10C3600012309DF8120001460391012808D0FFE722
:10C370000398022820D0FFE70398032838D053E021
:10C380009DF8130001460291012808D0FFE70298AA
:10C39000022808D0FFE70298032808D00BE005998F
:10C3A0000020087007E005990420087003E0059953
:10C3B00001200870FFE737E09DF813000146019166
:10C3C000012808D0FFE70198022808D0FFE701986C
:10C3D000032808D00BE005990220087007E00599B2
:10C3E0000620087003E0059905200870FFE71BE0B0
:10C3F0009DF8130001460091012808D0FFE700983E
:10C40000022808D0FFE70098032808D00BE0059920
:10C410000220087007E005990420087003E00599E0
:10C4200003200870FFE7FFE707B0704710B59EB024
:10C4300007902698059025980190249802902398BB
:10C44000039022980690DDF884C02098CDF860C053
:10C45000179016931592149119A814A912220492F8
:10C46000F3F77CFFDDF804C0029B0399049ADDF822
:10C4700014E00698CDF838E0CDF834C00C930B9159
:10C480000A900FA80AA9F3F769FF0798099009987D
:10C49000089019986FF3DF200F996FF3DF2188421E
:10C4A0002CD1FFE71998C0F3CA200F99C1F3CA2114
:10C4B000884223D1FFE7BDF868101998800D40EA43
:10C4C00081206FF3DF20BDF840200F99890D41EAEC
:10C4D00082216FF3DF21884210D1FFE7BDF86800A9
:10C4E000C0F34A00BDF84010C1F34A01884205D1AB
:10C4F000FFE70899002081F8750004E00899012001
:10C5000081F87500FFE71EB010BD000081B00090FB
:10C51000009890F8740001B07047000081B000905E
:10C52000009890F8760001B0704700002DE9F043C4
:10C53000A7B0269026980F900168D1F80422D1F870
:10C540000832D1F80CC2D1F810E2C0F81CE0C0F8F3
:10C5500018C043610261B1F814120184016801F549
:10C5600001712591259909686FF3DF2100EE101AFA
:10C57000B8EEC00A90ED022A90ED031A30EE420A9E
:10C5800080EE010A80ED1E0A25990968C1F3CA21CF
:10C5900000EE101AB8EEC00A90ED022A90ED031AD0
:10C5A00030EE420A80EE010A80ED1F0A25998A8842
:10C5B0000968890D41EA82216FF3DF2100EE101A2C
:10C5C000B8EEC00A90ED022A90ED031A30EE420A4E
:10C5D00080EE010A80ED200A25998988C1F34A017D
:10C5E00000EE101AB8EEC00A90ED022A90ED031A80
:10C5F00030EE420A80EE010A80ED210A00F1880146
:10C60000259A9288920BC38C9B0BFFF7A3FE0F9881
:10C6100000F18901259A9288C38CC3F30133C2F3D8
:10C620000132FFF797FE0F98FFF778FF002855D1EA
:10C63000FFE70F982599B1F9061000EE101AB8EE31
:10C64000C00A9FED521A80EE010A80ED230A259957
:10C65000B1F9081000EE101AB8EEC00A80EE010A17
:10C6600080ED240A2599B1F90A1000EE101AB8EEEF
:10C67000C00A80EE010A80ED250A00F19801259A92
:10C68000127B90F82E3000F041FA0F9800F19901DA
:10C69000259A527B90F82F3000F038FA0020249031
:10C6A000FFE724980F2818DCFFE70F98DDF890C00B
:10C6B00000EB0C019A31259AD28922FA0CF202F091
:10C6C0000102038E23FA0CF303F0010300F01EFABB
:10C6D000FFE7249801302490E3E7FFE70F982599BE
:10C6E000098A6FF3DF2100EE101AB8EEC00A90ED50
:10C6F000022A90ED031A30EE420A80EE010A80ED24
:10C700002B0A00F122011FA8089012220A92F3F7C7
:10C7100025FE0A9A0F9800F110011AA80990F3F764
:10C720001DFE08990A9A15A8F3F718FE09990A9AA6
:10C7300015980C9016980D9017980E9018980B90CD
:10C74000199C10A8F3F70AFEDDF82CC00C990D9A7D
:10C750000E9B0F98109D119E129FDDF84C80DDF806
:10C760005090EE46CEF81890CEF81480CEF81070A7
:10C77000CEF80C60CEF80850CEF80440CEF800C0D9
:10C78000FFF754FE27B0BDE8F08300BF000000476C
:10C7900080B586B0059004910598019034300499D5
:10C7A0001522F3F7DBFD0198049903910399B1F980
:10C7B0000A1000EE101AB8EEC00A9FED391A80EE8A
:10C7C000010A80ED230A0399B1F90C1000EE101A4A
:10C7D000B8EEC00A80EE010A80ED240A0399B1F98F
:10C7E0000E1000EE101AB8EEC00A80EE010A80EDBD
:10C7F000250A00F19801039A127C90F8593003F051
:10C80000030302F0030200F081F9019800F199019D
:10C81000039A127CC2F3810290F85930C3F381036A
:10C8200000F074F90198B0F84510C1F3401140F2DE
:10C83000F422C2F200021170B0F85A00C0F34010A6
:10C8400040F2F521C2F20001087000200290FFE7DB
:10C8500002980F281ADCFFE70198DDF808C000EB0A
:10C860000C019A31039AB2F8112022FA0CF202F06C
:10C870000102B0F85A3023FA0CF303F0010300F080
:10C8800045F9FFE7029801300290E1E7019903982A
:10C89000D0F80600C0F3013081F8B00006B080BDCA
:10C8A0000000004780B584B0039002910398019086
:10C8B000016E01310166FFF739FE019901F1220095
:10C8C000096801F501711222F3F748FD04B080BD3B
:10C8D00080B584B00390029103980090029800788C
:10C8E000A52826D1FFE702988079ADF80600BDF8AB
:10C8F00006100298407940EA0120ADF8060002983F
:10C900008078ADF80400BDF804100298407840EA41
:10C910000120ADF80400BDF8060040F20231884263
:10C9200006D1FFE7BDF804001E2801D1FFE7FFE7AD
:10C93000FFE702980078A92813D1FFE70298407812
:10C9400053280ED1FFE70098816E0131816602996C
:10C95000FFF71EFF0098493002991522F3F7FEFCFD
:10C96000FFE704B080BD000084B003900291019203
:10C97000039800900298006841F20001C4F201019E
:10C98000884207D1FFE7009940F26830C2F2000008
:10C99000086054E00298006844F20041C4F20001CB
:10C9A000884207D1FFE7009940F27870C2F2000098
:10C9B000086043E00298006844F60001C4F20001F8
:10C9C000884207D1FFE7009940F68830C2F20000A4
:10C9D000086032E00298006844F60041C4F20001A9
:10C9E000884207D1FFE7009940F69870C2F2000034
:10C9F000086021E00298006845F20001C4F20001DD
:10CA0000884207D1FFE7009941F2A830C2F2000046
:10CA1000086010E00298006841F20041C4F2010190
:10CA2000884207D1FFE7009941F2B870C2F20000D6
:10CA30000860FFE7FFE7FFE7FFE7FFE7FFE7019891
:10CA4000006841F20001C4F20101884207D1FFE70A
:10CA5000009940F26830C2F20000486054E001984A
:10CA6000006844F20041C4F20001884207D1FFE7A8
:10CA7000009940F27870C2F20000486043E00198EB
:10CA8000006844F60001C4F20001884207D1FFE7C4
:10CA9000009940F68830C2F20000486032E0019808
:10CAA000006844F60041C4F20001884207D1FFE764
:10CAB000009940F69870C2F20000486021E00198A9
:10CAC000006845F20001C4F20001884207D1FFE787
:10CAD000009941F2A830C2F20000486010E00198CD
:10CAE000006841F20041C4F20101884207D1FFE72A
:10CAF000009941F2B870C2F200004860FFE7FFE71A
:10CB0000FFE7FFE7FFE7FFE704B0704786B0059057
:10CB100004918DF80F208DF80E309DF80E0001461F
:10CB2000029120B1FFE70298012813D025E09DF87B
:10CB30000F000146019120B1FFE70198012804D0C0
:10CB400007E004990020087003E0049902200870AF
:10CB5000FFE712E09DF80F000146009120B1FFE7CA
:10CB60000098012804D007E004990320087003E02E
:10CB7000049901200870FFE7FFE706B07047000046
:10CB800081B0009000984FF0894181600021C4F28B
:10CB90002541C1600021016641668166C166A0F839
:10CBA0007010A0F8721080F8741080F8751080F87A
:10CBB000761080F8771001B07047000083B00290C3
:10CBC0008DED010ACDED000A029901988860009868
:10CBD000C86088680860C868486003B07047000093
:10CBE00081B000900098002101614161816101B034
:10CBF0007047000081B00090009800214161816180
:10CC00000177016301B0704780B586B00590059843
:10CC10000090D0F8A00020300190019804A9FFF7FF
:10CC2000EBF9019802300DF10E01FFF7E5F90198DB
:10CC3000043003A9FFF7E0F9019806300DF10A016D
:10CC4000FFF7DAF9009890F8B40001282CD1FFE73B
:10CC50000099BDF81000D1F8E020801AADF812005C
:10CC6000BDF91200B1F8B6104A42C1EBD271B0EB77
:10CC7000610F07DAFFE70099D1F8E8000130C1F849
:10CC8000E80010E00099BDF91200B1F8B610B0EB61
:10CC9000510F07DDFFE70099D1F8E8000138C1F82E
:10CCA000E800FFE7FFE7FFE70098D0F8E810B0F8EA
:10CCB000B620BDF8103001FB0231C0F8E41090ED51
:10CCC0002B1A90ED390AB8EEC00AB0F8B61002EE91
:10CCD000101AB8EE422A80EE020A30EE000A9FEDEA
:10CCE000302A20EE020A80EE010A80ED330A90ED30
:10CCF0002B1A90ED390AB8EEC00AB0F8B61002EE61
:10CD0000101AB8EE422A80EE020A9FED262A20EE83
:10CD1000020A80EE010A80ED320ABDF90E1000EE23
:10CD2000101AB8EEC00A9FED201A20EE010A90ED0D
:10CD30002B1A80EE010A80ED340ABDF90E1000EEC8
:10CD4000101AB8EEC00AB1EE081A20EE010A90EDF2
:10CD50002B1A80EE010A80ED350ABDF90C1000EEA9
:10CD6000101AB8EEC00A80ED360ABDF90A1000EEBE
:10CD7000101AB8EEC00A9FED0D1A30EE010A80EDD0
:10CD8000370ABDF81010C0F8E01090F8B40028B9C8
:10CD9000FFE70099012081F8B400FFE706B080BDED
:10CDA000DB0F49400000B4435077D63D33938843AE
:10CDB00081B000900098B0F8B80001B07047000052
:10CDC00080B582B0019000910198D0F8BC1001317B
:10CDD000C0F8BC10FFF718FF02B080BD82B0019010
:10CDE0008DED000A01990098C1F8000102B070476A
:10CDF00082B001908DF8031001999DF8030081F82D
:10CE0000F00002B07047000080B586B0059005982C
:10CE1000039090F8F0000146049103286AD8049921
:10CE2000DFE801F00214263E039890ED2C1A90EDF5
:10CE3000410A80EE010AB0F8B81001EE101AB8EEFF
:10CE4000C11A20EE010A80ED420A58E0039890EDE5
:10CE50002C1A90ED410A80EE010AB0F8B81001EEEC
:10CE6000101AB8EEC11A20EE010A80ED420A46E01F
:10CE7000039901F15000029091ED400A00F01CFD71
:10CE80000298039991ED340A00F0C2FE029800F076
:10CE900027FD029800F0B4FE039880ED420A2EE0D0
:10CEA000039890ED3F0A00F007FD039890ED330AD8
:10CEB00000F0AEFE039800F013FD039800F0A0FE12
:10CEC000039981ED400A01F15000019091ED400A73
:10CED00000F0F2FC0198039991ED340A00F098FEFD
:10CEE000019800F0FDFC019800F08AFE039880EDA7
:10CEF000420A04E003990020C1F80801FFE7039803
:10CF000000F04CF806B080BD80B586B00590049165
:10CF10008DF80F208DF80E308DED020ACDED010A4F
:10CF2000059800900498006846F20041C4F20001A0
:10CF3000884208D1FFE7009940F27010C2F2000069
:10CF4000C1F8A00011E00498006846F60001C4F2A0
:10CF50000001884208D1FFE7009940F2B410C2F204
:10CF60000000C1F8A000FFE7FFE700999DF80F005F
:10CF700081F8A4009DF80E0081F8F0000298C1F835
:10CF8000AC000198C1F8B00004989DF80F10FEF7AE
:10CF9000B7FE0099C1F8A80006B080BD81B000902E
:10CFA000009991ED420ABDEEC00A10EE100A000A87
:10CFB000D1F8A820107091ED420ABDEEC00A10EE23
:10CFC000100AD1F8A810487001B0704782B00190E3
:10CFD0008DED000A01990098C1F8080102B0704770
:10CFE00080B582B001900198009000F01BFE00987F
:10CFF000503000F017FE0098002180F8B4104FF474
:10D000000052A0F8B6204FF48042A0F8B820C0F833
:10D01000BC10C0F8C01080F8C410032280F8F020C3
:10D02000C0F8F410C0F8F810C0F8FC10C0F80011F7
:10D03000C0F80411C0F8081102B080BD81B00090A2
:10D04000009800F2C44090ED000A01B07047000063
:10D0500082B001908DED000A01990098C1F8140585
:10D0600002B0704780B592B011901198049090F87A
:10D0700008050146059128B1FFE705980138032806
:10D0800037D320E100201090FFE7109803282FDC11
:10D09000FFE7049800F18C02019210984FF486711A
:10D0A000029100FB01200221FFF7A2FE019A0299E2
:10D0B000109800FB01209FED870A8DED030A00F018
:10D0C00005FC019A02999DED030A109800FB0120CE
:10D0D000FFF784FE019A02999DED030A109800FB68
:10D0E0000120FFF773FFFFE7109801301090CCE7A5
:10D0F000E9E000200F90FFE70F9803280FDCFFE71F
:10D10000049A0F984FF4867100FB01208C300221A5
:10D11000FFF76EFEFFE70F9801300F90ECE70498E1
:10D1200000F2BC4090ED000AB5EE400AF1EE10FAB4
:10D130000CD0FFE7049901F20C5001F2BC41D1ED93
:10D14000000AB1EE600AFEF7A5FDFFE7049800F5BE
:10D15000986090ED000AB5EE400AF1EE10FA0CD09E
:10D16000FFE7049901F5A26001F59861D1ED000A8D
:10D17000B1EE600AFEF78EFDFFE7049800F2C440AE
:10D1800090ED000AB5EE400AF1EE10FA0CD0FFE780
:10D19000049901F2145001F2C441D1ED000AB1EE3C
:10D1A000600AFEF777FDFFE7049800F5A26393EDB0
:10D1B000000A00F20C5292ED001A30EE411A00F211
:10D1C000145191ED000A9FED412A20EE020A30EE43
:10D1D000010A8DED0E0A93ED000A92ED001A30EE71
:10D1E000010A91ED001A21EE021A30EE410A8DED8E
:10D1F0000D0A93ED000A92ED001A30EE011A91ED3E
:10D20000000A20EE020A30EE010A8DED0C0A93EDC1
:10D21000000A92ED001A30EE410A91ED001A21EE5B
:10D22000021A30EE410A8DED0B0A9DED0E0A9FEDBC
:10D23000281A20EE010A8DED0A0A9DED0D0A20EE56
:10D24000010A8DED090A9DED0C0A20EE010A8DED13
:10D25000080A9DED0B0A20EE010A8DED070A8C30BD
:10D260009DED090AFFF7BAFD049800F5CC709DED1D
:10D270000A0AB1EE400AFFF7B1FD049800F52970E3
:10D280009DED080AB1EE400AFFF7A8FD049800F5ED
:10D290006C709DED070AFFF7A1FD00200690FFE7E7
:10D2A000069803280EDCFFE7049A06984FF486716F
:10D2B00000FB01208C30FFF7A7FDFFE70698013047
:10D2C0000690EDE7FFE712B080BD00BF9A99993E46
:10D2D000632776410000000081B00090009800F2C2
:10D2E000BC4090ED000A01B07047000081B0009092
:10D2F000009800F5986090ED000A01B070470000BA
:10D3000082B001908DED000A01990098C1F80C05DA
:10D3100002B0704782B001908DED000A019900982B
:10D32000C1F8100502B0704781B00090009890F8E5
:10D33000080501B07047000082B001908DF803101D
:10D3400001999DF8030081F8080502B070470000BC
:10D3500080B582B001908DF803100198FFF782FE2E
:10D3600002B080BD80B592B011908DED100ACDED68
:10D370000F0A8DED0E1ACDED0D1A11980B90109924
:10D38000C0F8BC140F99C0F8C0140E99C0F8C414AA
:10D390000D99C0F8C8149FED4C0A8DED090ADFED18
:10D3A0004B0ACDED0A0AFFF709FC9DED090ADDEDF8
:10D3B0000A0A0B981C30FFF701FC0B983830DFEDA0
:10D3C000440AB0EE600AFFF7F9FB00200C90FFE77B
:10D3D0000C9803283EDCFFE70B9800F18C020592C5
:10D3E0000C984FF48671069100FB012000F150016A
:10D3F0000891FFF7DDFC059A069900EE100AB8EED9
:10D40000400A8DED070A0C9800FB0120FFF7D0FCC5
:10D410009DED072A0146089800EE101AF8EE402A02
:10D420009FED2E0AB2EE041ADFED2D4A9FED2D5A24
:10D430000021F0EE450AF0EE451AB0EE453AF0EE66
:10D44000453AB0EE454A00F0A1FBFFE70C980130E9
:10D450000C90BDE70B988C3043F60401C2F200013A
:10D4600001910122022302939FED1A0A8DED030A16
:10D47000DFED190ACDED040AFFF746FD0B9801997F
:10D48000029B9DED030ADDED040A00F5CC701A46FF
:10D49000FFF73AFD0B980199029B9DED030ADDED24
:10D4A000040A00F529700322FFF72EFD0B9801995D
:10D4B000029B9DED030ADDED040A00F56C70042269
:10D4C000FFF722FD12B080BD6F12833B6F12033C49
:10D4D000CDCC4C3D91ED5E41000080460080BB44C8
:10D4E0006F12833A0000000080B586B00490049863
:10D4F00001900590FFF774FB01981C30FFF770FB5B
:10D5000001983830FFF76CFB01985430FFF772FB3D
:10D51000019901F18C0001F2BC4102910390FFE7F7
:10D5200003980090FFF75CFD0098029A00F5867161
:10D53000084691420390F3D1FFE701994FF07C50E8
:10D54000C1F8C8044FF08140C1F8CC0446F2000095
:10D55000C4F2EA60C1F8D0044FF08D40C1F8D404A1
:10D560000020C1F8F404C1F8F804C1F8FC04C1F8C3
:10D570000005C1F8040581F80805C1F80C05C1F8DB
:10D580001005C1F81405C1F81805C1F81C05C1F84B
:10D590002005059806B080BD80B582B00190019845
:10D5A000009090F85900C007E0B1FFE740F2E010AA
:10D5B000C2F20000FEF7AAFF012813D1FFE743F2F1
:10D5C0000400C2F20000FFF7AFFE50B9FFE7009879
:10D5D00090F8581043F20400C2F20000FFF7ACFECE
:10D5E000FFE7FFE702B080BD80B584B003900398E9
:10D5F000019090F8511000EBC10251680131516067
:10D6000090F8510001460291042800F2F780029937
:10D61000DFE801F003449BCCD60044F2F420C2F2D0
:10D620000000406C58B1FFE7019890F8511000EBF2
:10D63000C10200215160042100F0ECF8DEE040F26C
:10D64000E010C2F20000FEF761FF01280ED1FFE7F3
:10D65000019890F8511000EBC102002151600121A6
:10D6600080F85910022100F0D5F8C7E0019890F831
:10D67000511000EBC1004068B0F57A7F0DD9FFE78B
:10D68000019890F8511000EBC1020021516080F820
:10D690005910012100F0BEF8B0E0AFE0019890F819
:10D6A0005900C007B8B1FFE7019890F8581043F24D
:10D6B0000400C2F20000FFF73FFE0198012180F84C
:10D6C000591090F8511000EBC10200215160022165
:10D6D00000F0A0F892E043F20400C2F20000002142
:10D6E000FFF72AFE40F2E010C2F20000FEF70EFF44
:10D6F000012817D1FFE70198012180F8591090F80F
:10D70000581043F20400C2F20000FFF715FE019822
:10D7100090F8511000EBC10200215160022100F08D
:10D7200079F86BE044F2F420C2F20000406C58B18A
:10D73000FFE7019890F8511000EBC1020021516001
:10D74000042100F067F859E058E040F2E010C2F21E
:10D750000000FEF7DBFEB0B9FFE743F20400C2F2BF
:10D760000000FFF7E1FD0146019880F85810002104
:10D7700080F8591090F8512000EBC202516003214B
:10D7800000F048F83AE043F20400C2F20000FFF76C
:10D79000CBFD50B9FFE7019890F8581043F2040010
:10D7A000C2F20000FFF7C8FDFFE727E0019890F8FC
:10D7B000511000EBC1020021516000F02BF81DE078
:10D7C00044F2F420C2F200000090F8F771F80098DB
:10D7D00040F68831C2F20001B1F8042401F501716C
:10D7E000F7F732FF019890F8511000EBC1020021C9
:10D7F000516080F8591000F00DF8FFE704B080BDCB
:10D8000080B582B001900198009000F04DF800982A
:10D8100002B080BD82B001908DF80310019991F89B
:10D820005120002001F8320091F8512001EBC20292
:10D8300050609DF80320012001F832009DF803009C
:10D8400081F8510002B0704784B003908DF80B103E
:10D850008DF80A20039900919DF80B0081F8500083
:10D860009DF80A0081F8510000200190FFE700991F
:10D87000019891F8501088420EDAFFE70099019A5A
:10D88000002001F83200019A01EBC2014860FFE775
:10D89000019801300190EAE700999DF80A200120E3
:10D8A00001F8320004B0704781B000900098002168
:10D8B00080F8511001B0704782B001908DED000AE0
:10D8C00001990098486402B07047000082B001904E
:10D8D0008DED000A01990098C86402B070470000FD
:10D8E00080B58AB0099009980190002108910791AC
:10D8F0000691059190ED110A90ED121A30EE410A51
:10D900008DED040A9DED040AFEF72EFC01988DEDC5
:10D91000030A9DED030A90ED011AB4EE410AF1EEFF
:10D9200010FA07DAFFE70199886C48640020049038
:10D930000390FFE7019890ED080A9DED041A20EE90
:10D94000010A8DED080A90ED0E0AB5EE400AF1EEDF
:10D9500010FA0DD1FFE7019890ED0F0AB5EE400ADD
:10D96000F1EE10FA04D1FFE74FF07E50029044E050
:10D9700001989DED030A90ED0E1AB4EE410AF1EE06
:10D9800010FA04DCFFE74FF07E50029026E0019889
:10D9900090ED0E0A9DED031AB4EE410AF1EE10FA75
:10D9A0001BDAFFE701989DED030A90ED0F1AB4EE24
:10D9B000410AF1EE10FA10DAFFE7019890ED0E2A15
:10D9C00090ED0F1A9DED030A31EE400A31EE421A36
:10D9D00080EE010A8DED020AFFE7FFE701989DED59
:10D9E000030A90ED0F1AB4EE410AF1EE10FA03DBD0
:10D9F000FFE700200290FFE7FFE7019890ED0C0A97
:10DA0000B5EE400AF1EE10FA10D0FFE7019901F1EE
:10DA10004C0091ED092A91ED0C1AB1EE410A80EE0D
:10DA2000020AC1EE020AFEF735F9FFE7019890ED10
:10DA3000100AB5EE400AF1EE10FA1AD1FFE701988C
:10DA40009DED020A90ED002A90ED131A20EE020AD5
:10DA50009DED042A20EE020A30EE010A80ED130A41
:10DA600090ED090A90ED131A20EE010A8DED070AD8
:10DA70002AE001989DED030A90ED101AB4EE410AD8
:10DA8000F1EE10FA1ADAFFE701989DED020A90ED27
:10DA9000002A90ED131A20EE020A9DED042A20EED2
:10DAA000020A30EE010A80ED130A90ED090A90EDAA
:10DAB000131A20EE010A8DED070A04E001990020F7
:10DAC000C8640790FFE7FFE70198007A90B9FFE785
:10DAD000019890ED001A90ED063A90ED0A0A9DED3E
:10DAE000042A32EE432A20EE020A80EE010A8DED6E
:10DAF000060A11E0019890ED001A90ED053A90EDBC
:10DB0000072A90ED0A0A32EE432A20EE020A80EE3E
:10DB1000010A8DED060AFFE7019890ED042A90EDC9
:10DB20000B1A90ED110A30EE420A20EE010A8DED3B
:10DB3000050A9DED080A9DED071A30EE010A9DEDDC
:10DB4000061A30EE010A9DED051A30EE010A80ED4D
:10DB5000070A90ED0D0AB5EE400AF1EE10FA0AD070
:10DB6000FFE7019901F11C00D1ED0D0AB1EE600A49
:10DB7000FEF790F8FFE70199886CC860486C08616F
:10DB8000C8694861049888610AB080BD8EB002AA55
:10DB90000092024600980D9280ED0A0AC0ED090A33
:10DBA00080ED081AC0ED071A80ED062AC0ED052A9F
:10DBB00080ED043AC0ED033A80ED024AC0ED014A1F
:10DBC00080ED005A8DF807100D990C9808620B989B
:10DBD00048620A9888620998C8620898086307989A
:10DBE000486303980860029848600698886305981F
:10DBF000C863049808649DF8070008720EB0704767
:10DC000081B00090009890ED070A01B070470000C5
:10DC100082B001908DED000A01990098886402B0ED
:10DC20007047000081B0009000980021C160016140
:10DC300041618161C161016241628162C1620163CE
:10DC400041638163C163016441648164C16401B063
:10DC50007047000081B08DF803009DF90300002893
:10DC60000ED4FFE79DF9031001F01F020120904040
:10DC70004A094EF20011CEF2000141F82200FFE7FE
:10DC800001B070474EF60C50CEF200000068C0F3B1
:10DC90000220704782B08DF8070000919DF90700BF
:10DCA00000280AD4FFE7009800019DF907104EF202
:10DCB0000042CEF2000288540BE0009800019DF86B
:10DCC000071001F00F014EF61452CEF200028854F4
:10DCD000FFE702B07047000083B00290029800F0A6
:10DCE000070000904EF60C51CEF20001086801903A
:10DCF00001984FF6FF02104001900198009A40EA07
:10DD000002200022C0F2FA521043019001980860EC
:10DD100003B0704780B582B042F6EC71C2F20001E8
:10DD20000191002008609FED0B0ADFED0B0ACDED9D
:10DD3000000A00F0B5F8DDED000A019880ED010A57
:10DD40009FED060A00F0ACF8019880ED020A02B0DF
:10DD500080BD00BF583934BE0BEFF2BD5839343E98
:10DD600080B582B042F6F871C2F200010191002044
:10DD700008609FED0B0ADFED0B0ACDED000A00F005
:10DD80008FF8DDED000A019880ED010A9FED060A8B
:10DD900000F086F8019880ED020A02B080BD00BF55
:10DDA000583934BE0BEFF2BD5839343E80B544F2D9
:10DDB0008430C2F20000FFF713F980BD80B582B055
:10DDC00044F29040C2F200000190FFE701980090F9
:10DDD000FFF706F9009800F58671084644F2904274
:10DDE000C2F2000202F23C5291420190EED1FFE7F2
:10DDF00002B080BD80B540F2E010C2F20000FEF734
:10DE0000BFFE80BD80B543F20400C2F20000FFF700
:10DE10006BFB80BD80B540F29420C2F20000FFF79A
:10DE2000EFFC80BD80B582B000200190F4F7E2FCE9
:10DE3000F9F7A4F9F8F7B2FBF8F736FBF8F7E4FACC
:10DE4000F8F750FDF8F7DEFDF8F71EFEF8F75EFE76
:10DE5000F8F700FDF8F700FBF8F7AEFCF8F7D0FC98
:10DE6000F8F796FEF8F7B4FEF8F7D8FEF8F7F6FEE6
:10DE7000F9F726FEFFE7FEE74100080218BF04207D
:10DE80000A0E18BF40F001004FF07F4232EA010154
:10DE900008BF40F00200012808BF052070470000BD
:10DEA00070B54FF068422DED048BF0EE408A18EE0D
:10DEB000900AB0EE608A18EE101A02EB4003B3F13C
:10DEC000654F3CBF02EB4102B2F1654F7DD200BF0E
:10DED000C0F3C753C1F3C7529A1A1B2A09DD10F0C9
:10DEE000004F14BF9FED830A9FED830ABDEC048BA6
:10DEF00070BD12F11A0F36DA11F0004F09D010F090
:10DF0000004F0CBF9FED7D0A9FED7D0ABDEC048B99
:10DF100070BD88EE889A19EE100AFFF7ADFF04284D
:10DF200008BF00F017F918EE900AFFF7A5FF0546A5
:10DF300018EE100AFFF7A0FF044619EE100AFFF7CB
:10DF40009BFF042D18BF052D08D1042C18BF052CEC
:10DF500004D1002804BF0220F2F787FAB0EE490A84
:10DF6000BDEC048B70BD4200B2EB410F3AD910F00A
:10DF7000004F19BFDFED630A9FED630ADFED630A0F
:10DF80009FED630AB0EE481A0A46B1EE688A80F047
:10DF90000041F0EE418A10460A1A5200B2F1807F29
:10DFA00034D2484010F0004FDFED5A1A9FED5A2A44
:10DFB0001DBFBEEE001A70EEE10A30EE420AB6EE68
:10DFC000001A08BF70EEA10A00E040E008BF30EE82
:10DFD000020AB0EE682A01EE482A08EE818AC2EEF3
:10DFE000081A15E011F0004F04BF9FED4C0AF0EE47
:10DFF000400AD1D010F0004F19BFDFED490A9FED64
:10E00000490ADFED490A9FED490AC5E7C8EE881ABB
:10E0100021EEA11A9FED462ADFED462A41EE022AA3
:10E020009FED452A01EE222ADFED442A41EE022A25
:10E030009FED432ABDEC048B01EE222A21EE811ACA
:10E0400001EE020A30EE210A30EE200A70BD4FF0D8
:10E050007F42B2EB400F28BFB2EB410F09D2F0EE86
:10E06000480AB0EE680ABDEC048BBDE8704000F0D1
:10E070006DB840EA01035B0008BF41F0FF410BD0DF
:10E08000B2EB400F08BFB2EB410F08D120F0804047
:10E0900008EE900A21F0804108EE101A18E7B2EB62
:10E0A000400F12BF5FEA410340F0FF4001F0004122
:10E0B0003FF40EAFB2EB410F12BF5FEA400200F037
:10E0C000004041F0FF413FF403AF4A0092EA4003B1
:10E0D0003FF5FEAE002AACBF9FED1A0A9FED1A0A6B
:10E0E00068EE808A28EE008A18EE900A18EE101A60
:10E0F000EEE60000DB0FC9BFDB0FC93FDB0F494075
:10E10000DB0F49C00000C9BF22AAFDB90000C93F0A
:10E1100022AAFD390060ED3EC30ACE3700000000A0
:10E12000000049C022AA7DBA0000494022AA7D3AD7
:10E130002DAD65BD8FB8D53D0FB511BE61C84C3E44
:10E14000A8AAAABE0000804F0000802F30EE200A4F
:10E15000704700009FED020A20EE000A70470000A1
:10E1600000000010F1EE100A4FF6FF71C0F2C0314E
:10E1700020EA010040F04070E1EE100A7047000014
:10E180000000000000000102030406070809000067
:10E190000000010203040006101600061016434496
:10E1A0004320496E74657266616365004344432091
:10E1B000436F6E6669670053544D6963726F656C97
:10E1C000656374726F6E6963730053544D3332200C
:10E1D0005669727475616C20436F6D506F72740074
:10E1E00008E2000800000020F8000000C401000858
:10E1F00000E30008F8000020E0E80000E00100086B
:10E2000071DAFFFF75DAFFFF82810100DD8E000801
:10E21000498F0008658F00088D8F0008DD8F00088A
:10E220008D8E0008F98E00080024F400B5870008E0
:10E23000ED840008118B000800000000DD85000857
:10E24000898300087D8400080000000000000000B1
:10E2500000000000D98600086D8600084987000884
:10E260005586000809024300020100C0320904007B
:10E270000001020201000524001001052401000133
:10E280000424020205240600010705820308001089
:10E2900009040100020A0000000705010240000015
:10E2A00007058102400000000A060002000000404D
:10E2B00001000000120100020202004083044057E6
:10E2C0000002010203010000C5060008C1060008A3
:10E2D00065060008F90600081D0700080403090484
:10E2E0001A03000000000000000000000000000011
:10E2F000000000000000000000000100100000000D
:040000050800018965
:00000001FF
